unix,date,open,high,low,close,volume_base,bb_bbm,bb_bbh,bb_bbl,kch_high,kch_low,kch_mid,kch_mid_squeeze,kch_tr_squeeze,kch_high_squeeze,kch_low_squeeze,squeeze,rsi,roc,tsi,mfi,vwap,atr,adx,obv,sma_volume,pocket_pivot,cmf,aroon_up,aroon,aroon_down,sma,ema20,ema50,macd_diff,macd,macd_signal
1458014400,2016-03-15,41.02,41.47,40.82,41.03,2048313.0,40.028,41.66107807529217,38.39492192470783,40.69633333333333,39.218333333333334,39.95733333333333,40.028,0.6499999999999986,41.14775,38.908249999999995,0,65.0839010579266,6.212787988609884,30.114340039279476,57.01399247755407,40.24324687161845,0.7579284610321698,25.66151952539974,34436065.0,2201152.54,0,0.18071883197203673,84.0,68.0,16.0,40.028,40.11308504197091,39.030862537137935,0.05492399926352631,0.6567220872168704,0.6017980879533441
1458100800,2016-03-16,40.85,41.63,40.53,41.5,1484705.0,40.183,41.75593483653963,38.61006516346037,40.869,39.325,40.097,40.183,1.1000000000000014,41.35225,39.01375,0,67.81921633041406,8.072916666666671,31.686590676277525,57.46448770222165,40.28022250189565,0.782362142387015,24.940580722571575,35920770.0,2195565.5,0,0.20918554040469198,100.0,88.0,12.0,40.183,40.24517218083082,39.12769145725017,0.06842608663996308,0.6873306962532979,0.6189046096133348
1458187200,2016-03-17,41.6,42.0,41.45,41.82,2866330.0,40.321,41.958582364340785,38.68341763565921,40.995666666666665,39.483666666666664,40.23966666666667,40.321,0.5499999999999972,41.466249999999995,39.17575,0,69.52995355761242,7.066052227342544,33.68253384621449,65.24205987985917,40.46403896507576,0.765764846502228,24.750513717328925,38787100.0,2229842.86,0,0.2943070268568604,100.0,92.0,8.0,40.321,40.39515578265646,39.23327218441683,0.08808114213249185,0.7290060372789497,0.6409248951464579
1458273600,2016-03-18,41.81,41.99,41.34,41.35,4506881.0,40.428000000000004,42.04069463941565,38.81530536058436,41.12233333333334,39.61033333333333,40.36633333333333,40.428000000000004,0.6499999999999986,41.57325,39.28275000000001,0,64.24939338097067,5.457791379750065,33.2513679727023,59.80283379501049,40.70183241312126,0.7574959288949259,24.357259038507085,34280219.0,2293027.74,-1,0.14269968100738897,96.0,92.0,4.0,40.428000000000004,40.486093327165364,39.316281118361275,0.05994569919417114,0.7158570191391718,0.6559113199450006
1458532800,2016-03-21,41.29,41.81,41.03,41.47,1870868.0,40.517,42.153253036666385,38.88074696333362,41.224333333333334,39.69533333333334,40.459833333333336,40.517,0.7800000000000011,41.675000000000004,39.359,0,64.96450865180887,4.484756865709249,33.167426725943606,60.19222968653351,40.84917224276873,0.7591033625452884,23.3954868535464,36151087.0,2283021.68,0,0.16581898715476895,92.0,84.0,8.0,40.517,40.57979872457819,39.400740682347106,0.04084679738383934,0.7069698166747997,0.6661230192909604
1458619200,2016-03-22,41.47,41.7,41.26,41.56,2399098.0,40.5925,42.2743070638453,38.9106929361547,41.29216666666667,39.78916666666667,40.54066666666667,40.5925,0.44000000000000483,41.731,39.454,0,65.50917911632565,3.7702871410736707,33.301739886895675,66.71222944366542,41.017457142210006,0.7363102652206254,22.502412681797193,38550185.0,2302381.58,0,0.13380666732505395,88.0,84.0,4.0,40.5925,40.673151226999316,39.4854175183335,0.026405392449740495,0.6991297598531361,0.6727243674033956
1458705600,2016-03-23,41.57,42.0,41.31,41.89,1465676.0,40.6705,42.43884923021442,38.90215076978557,41.36816666666667,39.86416666666666,40.61616666666667,40.6705,0.6899999999999977,41.80975,39.53124999999999,0,67.4615838314672,3.868088271758002,34.166255260250544,66.93645048011523,41.12604151689925,0.7330023891334376,22.13703065214607,40015861.0,2308155.16,0,0.12466974670005956,100.0,96.0,4.0,40.6705,40.789041586332715,39.57971487055571,0.030896314722481444,0.7113447608064973,0.6804484460840159
1458792000,2016-03-24,41.75,42.15,41.68,41.81,1649929.0,40.729,42.56553913652826,38.89246086347174,41.43166666666667,39.92866666666667,40.680166666666665,40.729,0.46999999999999886,41.866749999999996,39.59125,0,66.5009745713368,2.87893700787402,34.49994711917798,66.7497010021211,41.24430185193271,0.7142165041953349,22.020588476917872,38365932.0,2306733.74,0,0.05238143824092534,96.0,92.0,4.0,40.729,40.886275720967696,39.667177032494706,0.020782570225729713,0.7064266588661781,0.6856440886404483
1459137600,2016-03-28,42.01,42.24,41.67,41.77,760197.0,40.853500000000004,42.61636443040864,39.09063556959137,41.509166666666665,40.07216666666666,40.79066666666667,40.853500000000004,0.5700000000000003,41.931250000000006,39.77575,0,66.00629724413199,6.339103869653773,34.58342330979269,64.4428693925602,41.342214060713495,0.7039153253242396,22.047715359956566,37605735.0,2274978.36,0,-0.024873992293029844,92.0,64.0,28.000000000000004,40.853500000000004,40.97043993801839,39.74964067827923,0.004550421607248167,0.6913321156495087,0.6867816940422605
1459224000,2016-03-29,41.94,42.37,41.72,42.32,1739738.0,41.0065,42.72007258381429,39.29292741618571,41.65050000000001,40.2145,40.9325,41.0065,0.6499999999999986,42.0835,39.929500000000004,0,69.31047398362685,7.79419256240449,35.96175668923047,63.72444542443224,41.42964442304536,0.7000642306582224,22.270946606329375,39345473.0,2223514.5,0,-0.0068027232314791086,100.0,76.0,24.0,41.0065,41.098969467730925,39.85043908305259,0.022976342192503774,0.7155021217828903,0.6925257795903865
1459310400,2016-03-30,42.41,42.52,42.13,42.22,1344698.0,41.157,42.736482193631815,39.57751780636818,41.783,40.385000000000005,41.083999999999996,41.157,0.39000000000000057,42.2055,40.10849999999999,0,68.04465238435407,7.676613108900786,36.582067209111344,63.119988316228735,41.49467357437928,0.6779167856112066,22.705440442541597,38000775.0,2180423.42,0,-0.04865406016132489,96.0,76.0,20.0,41.157,41.20573428032798,39.943363040579946,0.020625502698843112,0.7183076579639405,0.6976821552650974
1459396800,2016-03-31,42.0,42.31,41.96,42.18,2727260.0,41.301500000000004,42.68837093847986,39.914629061520145,41.900166666666664,40.594166666666666,41.247166666666665,41.301500000000004,0.3500000000000014,42.281000000000006,40.322,0,67.52540155995577,7.355561211504201,36.88632795320339,61.87717430624113,41.60268334599881,0.6544941580675491,22.656681089720365,35273515.0,2177169.62,0,-0.0016641235761343175,92.0,76.0,16.0,41.301500000000004,41.29852149172532,40.03107429389054,0.009157477527589997,0.7091290021745849,0.6999715246469949
1459483200,2016-04-01,41.86,42.62,41.86,42.52,1717267.0,41.4525,42.66908333047927,40.23591666952073,42.0535,40.7485,41.400999999999996,41.4525,0.759999999999998,42.43125,40.47375,0,69.60097529206142,7.645569620253173,37.96545609860797,61.88433881356611,41.68788959509771,0.6620302896341526,23.10327520522861,36990782.0,2140618.72,0,0.06755863990932488,100.0,88.0,12.0,41.4525,41.41485277822767,40.12867922354189,0.016805990339403,0.7209790125712487,0.7041730222318457
1459742400,2016-04-04,42.7,42.73,42.14,42.36,1379761.0,41.5625,42.68601012456498,40.43898987543502,42.15416666666667,40.903166666666664,41.528666666666666,41.5625,0.5899999999999963,42.50075,40.62425,0,67.4650279529634,5.478087649402398,37.98242451621391,67.48296542679924,41.77107668611264,0.6568852689459985,23.68373733767526,35611021.0,2119556.9,0,0.009827961156274344,96.0,88.0,8.0,41.5625,41.50486679934885,40.216181999089265,0.004088294969628037,0.7092833909438809,0.7051950959742529
1459828800,2016-04-05,42.31,42.41,41.24,41.27,2523925.0,41.597500000000004,42.63551493245523,40.55948506754478,42.23916666666666,40.94016666666667,41.58966666666667,41.597500000000004,1.1699999999999946,42.57175,40.623250000000006,0,55.29609292883061,1.7254128666502413,32.1784775556259,59.21434600890983,41.80730118647858,0.6935363211641411,22.128829249307753,33087096.0,2131292.24,0,-0.049053736707382424,92.0,88.0,4.0,41.597500000000004,41.482498532744195,40.257508195203414,-0.08008760792468961,0.605085586068391,0.6851731939930806
1459915200,2016-04-06,41.2,41.34,40.88,41.13,2252175.0,41.6045,42.627817643745104,40.5811823562549,42.2325,40.9705,41.6015,41.6045,0.46000000000000085,42.551,40.658,0,53.97970968808837,0.3415467187118823,26.985987910841473,52.675166134890105,41.78389804300489,0.6768551553667025,21.050421263059985,30834921.0,2135566.12,0,-0.07988143923688124,88.0,84.0,4.0,41.6045,41.44892724391141,40.291723560097395,-0.1438301745107713,0.5053854758546166,0.6492156503653879
1460001600,2016-04-07,41.04,41.45,40.88,41.07,1864958.0,41.602,42.63027233746708,40.57372766253291,42.236333333333334,40.97233333333334,41.60433333333334,41.602,0.5700000000000003,42.55,40.653999999999996,0,53.40614979233408,-0.12159533073929271,22.603875525307323,50.94756814110325,41.743645422623324,0.669222644269081,19.834413811033993,28969963.0,2140412.82,0,-0.13987025475817147,84.0,80.0,4.0,41.602,41.41283893496747,40.32224420479946,-0.18599079992133893,0.4167271504637142,0.6027179503850532
1460088000,2016-04-08,41.26,41.64,41.18,41.25,1892882.0,41.622,42.60557714491545,40.63842285508455,42.23833333333333,41.013333333333335,41.62583333333333,41.622,0.5700000000000003,42.549,40.695,0,54.91880956581211,0.9791921664626647,19.644944093916305,63.47532354145201,41.74736440565539,0.6621353125355752,18.49884889302978,30862845.0,2141855.54,0,-0.034908780208535425,80.0,76.0,4.0,41.622,41.397330464970565,40.3586267850034,-0.1966740030922982,0.3568754465196804,0.5535494496119786
1460347200,2016-04-11,41.26,41.53,40.93,40.95,1803681.0,41.625,42.59995640928199,40.65004359071801,42.254666666666665,41.01566666666667,41.63516666666667,41.625,0.6000000000000014,42.5625,40.6875,0,51.959420262548186,0.14673514306677005,15.882350277424736,63.67351826041657,41.726980233527016,0.6576970759258913,17.57097953748936,29059164.0,2138713.4,0,-0.1103610509739589,76.0,72.0,4.0,41.625,41.3547275635448,40.38181789147386,-0.21725195545545867,0.2819845052926553,0.49923646074811395
1460433600,2016-04-12,40.98,41.07,40.8,40.98,1843897.0,41.6225,42.60378232430836,40.64121767569164,42.24583333333334,41.02883333333334,41.63733333333333,41.6225,0.2700000000000031,42.5435,40.7015,0,52.230382731810344,-0.12186205215696871,12.951664064621923,55.57903413463552,41.69076633900563,0.6300044276454707,16.948915553718315,30903061.0,2107101.88,0,-0.12313998804768092,72.0,60.0,12.0,41.6225,41.31903922415958,40.40527601337685,-0.22139802444095752,0.22248893019691707,0.4438869546378746
1460520000,2016-04-13,41.1,41.11,40.45,40.54,1932356.0,41.598,42.65850176803248,40.53749823196752,42.226000000000006,41.008,41.617000000000004,41.598,0.6599999999999966,42.51975,40.676249999999996,0,48.046580012339646,-1.1942481111381964,8.62356981768293,48.88148188104734,41.613035668010504,0.6321469685279368,16.97863548853367,28970705.0,2087976.78,0,-0.2153928612771667,68.0,-32.0,100.0,41.598,41.244845012334864,40.410559306969915,-0.2445172545889186,0.1382403864017263,0.3827576409906449
1460606400,2016-04-14,40.48,40.65,40.38,40.56,1764367.0,41.551,42.70399436251875,40.398005637481255,42.15,41.015,41.582499999999996,41.551,0.269999999999996,42.4105,40.691500000000005,0,48.244940203526504,-2.26506024096385,5.210371988165387,42.25618200805118,41.52099630231596,0.6062793279187982,17.122505526135125,30735072.0,2085301.32,0,-0.16255044454449336,64.0,-32.0,96.0,41.551,41.17962167782678,40.41641972630443,-0.2484031166951508,0.07225374512170646,0.32065686181685726
1460692800,2016-04-15,40.53,41.19,40.45,41.01,2041372.0,41.5105,42.67964455906873,40.341355440931274,42.115833333333335,40.96183333333333,41.53883333333333,41.5105,0.7399999999999949,42.38425,40.63675,0,52.53689768481985,-1.936872309899575,4.181039382960326,44.935373465776046,41.46192604297463,0.6158308044960267,16.060756449931567,32776444.0,2085710.08,0,-0.09732132190361903,60.0,-32.0,92.0,41.5105,41.16346723231946,40.43969738409642,-0.21202241662105603,0.055628841040537225,0.26765125766159326
1460952000,2016-04-18,40.95,41.31,40.85,41.3,1678730.0,41.507999999999996,42.678719436927565,40.337280563072426,42.086,40.95100000000001,41.5185,41.507999999999996,0.46000000000000085,42.36749999999999,40.6485,0,55.06474966817268,-0.12091898428054236,4.484018034957297,44.72560517430621,41.39871780345859,0.6047000327463106,14.99010157263301,34455174.0,2049747.38,0,-0.09254989476855871,56.00000000000001,-31.999999999999993,88.0,41.507999999999996,41.17647035305094,40.473434741582835,-0.1620381361150429,0.06510358751778966,0.22714172363283255
1461038400,2016-04-19,41.38,41.45,41.0,41.24,1553686.0,41.4965,42.672990968941114,40.32000903105888,42.05916666666666,40.957166666666666,41.50816666666667,41.4965,0.45000000000000284,42.33125,40.66175,0,54.43337029274031,-0.5546177959970988,4.470932437330974,45.08199387074652,41.3445725368416,0.5936500304072886,14.273641908063807,32901488.0,2015315.86,0,-0.061152390138080735,52.0,-32.0,84.0,41.4965,41.18252079561751,40.503496124265865,-0.12811451816571037,0.06699857592569458,0.19511309409140495
1461124800,2016-04-20,41.32,41.45,40.17,40.23,1787576.0,41.43,42.7286300473961,40.1313699526039,42.05666666666667,40.87066666666667,41.46366666666667,41.43,1.2800000000000011,42.32775,40.53225,0,45.2415642348371,-3.2001924927815333,0.2458998361788452,46.86130794306781,41.21023115840926,0.6426750282353394,14.40370614714936,31113912.0,1983404.64,0,-0.1525140535738223,48.0,-52.0,100.0,41.43,41.09180452936823,40.49277078605936,-0.16637052619417503,-0.012850063651313803,0.15352046254286122
1461211200,2016-04-21,40.14,40.21,39.41,39.78,3003574.0,41.3245,42.788774222951425,39.860225777048576,41.9655,40.7685,41.367,41.3245,0.8200000000000003,42.232,40.417,0,41.92154611657173,-5.037001671043207,-4.708631694783914,38.40909154738665,40.98461854336807,0.6553410976471009,15.514201124646819,28110338.0,1980787.4,-1,-0.19988973082043524,44.0,-56.0,100.0,41.3245,40.966870764666496,40.464818990527625,-0.21174479845750227,-0.11116053552901661,0.10058426292848566
1461297600,2016-04-22,39.91,40.14,39.89,40.06,1815324.0,41.237,42.781708386719,39.69229161328101,41.862,40.687,41.2745,41.237,0.35999999999999943,42.136250000000004,40.33775,0,44.58504043321819,-4.1856015307342735,-7.344701899819045,39.17773439572503,40.851339465004045,0.6342453049580222,16.54537503232303,29925662.0,1974816.4,0,-0.16057320479089324,40.0,-56.0,96.0,41.237,40.880502120412544,40.44894373599713,-0.21213256269592196,-0.16458144044141676,0.04755112225450518
1461556800,2016-04-25,39.9,40.19,39.81,40.13,1381681.0,41.155,42.75108896995123,39.55891103004877,41.760000000000005,40.604,41.182,41.155,0.37999999999999545,42.04,40.27,0,45.245840755473345,-3.926262868087145,-9.094279531891123,46.07916657007267,40.73460905744368,0.6160849260324489,17.60177267768734,31307343.0,1956690.0,0,-0.0419825398445035,36.0,-56.0,92.0,41.155,40.8090257279923,40.43643613850705,-0.19722154437700512,-0.1989758082167512,-0.001754263839746098
1461643200,2016-04-26,40.18,40.35,39.88,40.03,1490326.0,41.0405,42.614265865686505,39.4667341343135,41.6485,40.5105,41.0795,41.0405,0.46999999999999886,41.912,40.169000000000004,0,44.448798031527915,-5.411153119092626,-10.82064225866089,53.201835131952585,40.66397870898363,0.6056502884587024,18.19971916870087,29817017.0,1937608.84,0,-0.07164400748009088,32.0,-56.0,88.0,41.0405,40.734832801516845,40.42049746640873,-0.18390270081294238,-0.23163263985592408,-0.0477299390429817
1461729600,2016-04-27,40.1,40.69,39.87,40.53,1761811.0,40.956,42.44665623132901,39.465343768671,41.57366666666667,40.39266666666666,40.98316666666667,40.956,0.8200000000000003,41.859750000000005,40.05225,0,49.16221596420691,-4.002842254855513,-10.07951562896636,52.951257078665854,40.60941800679834,0.6209609821402237,17.986103967091413,31578828.0,1935618.8,0,-0.0060729400638189785,28.000000000000004,-56.0,84.0,40.956,40.715324915658094,40.42479168341231,-0.1335702475822009,-0.21469274852073283,-0.08112250093853193
1461816000,2016-04-28,40.07,40.73,39.98,40.53,1666138.0,40.8735,42.26328091798671,39.48371908201329,41.50683333333333,40.285833333333336,40.89633333333334,40.8735,0.75,41.807249999999996,39.939750000000004,0,49.16221596420691,-3.9118065433854876,-9.493107613663968,52.45343720427831,40.54120290494014,0.6301780548444934,17.699613493121742,33244966.0,1940175.56,0,0.07592435603432583,24.0,-56.0,80.0,40.8735,40.697674923690656,40.428917499749076,-0.0942812895500724,-0.19897411287612243,-0.10469282332605004
1461902400,2016-04-29,40.4,40.9,40.05,40.81,1658499.0,40.788,41.95456075709754,39.621439242902454,41.424,40.194,40.809000000000005,40.788,0.8500000000000014,41.7285,39.8475,0,51.70486651345754,-4.0216368767638775,-7.847478657868728,59.353270442280035,40.50185494758985,0.645879622355601,17.05317359794152,34903465.0,1935369.84,0,0.19419954568630907,20.0,-56.0,76.0,40.788,40.70837255000583,40.443861911523626,-0.045889940463363366,-0.16205524890525425,-0.11616530844189088
1462161600,2016-05-02,41.05,41.45,40.85,41.26,1433535.0,40.733,41.68120040075924,39.784799599240756,41.36333333333333,40.132333333333335,40.74783333333333,40.733,0.6400000000000006,41.677249999999994,39.78875,0,55.47242486354325,-2.596789423984895,-4.683276169288304,66.15690924662789,40.508077399652976,0.645459649330201,16.303855995340744,36337000.0,1901759.7,0,0.1938266541532607,16.0,-56.0,72.0,40.733,40.76090849762432,40.47586732675799,0.01662345181758669,-0.09538599366990752,-0.11200944548749421
1462248000,2016-05-03,41.27,41.39,40.94,41.19,1214235.0,40.729,41.66874251792711,39.78925748207289,41.304,40.144999999999996,40.72449999999999,40.729,0.45000000000000284,41.61925,39.83875,0,54.77277097858345,-0.19384540828690427,-2.425608221131622,68.08567858260213,40.526093847664086,0.6314982458066154,15.608061078640022,35122765.0,1898222.72,0,0.2630801249336721,12.0,-56.0,68.0,40.729,40.801774354993434,40.50387252963023,0.05148813846695341,-0.047649272403802456,-0.09913741087075587
1462334400,2016-05-04,41.21,41.98,41.09,41.58,1801276.0,40.7515,41.748380634780304,39.754619365219696,41.347166666666666,40.14516666666667,40.74616666666667,40.7515,0.8899999999999935,41.674,39.829,0,57.88776590002143,1.094091903719902,0.9163132613240418,75.44514369410587,40.60174699415504,0.6499626568204281,15.952059911608476,36924041.0,1900478.36,0,0.24596529834192013,8.0,-56.0,64.0,40.7515,40.8758910830893,40.54607360689963,0.09643426105913233,0.02140541545315955,-0.07502884560597278
1462420800,2016-05-05,41.09,42.13,40.23,41.5,2364987.0,40.773,41.81400144092119,39.73199855907882,41.42133333333333,40.08633333333333,40.75383333333333,40.773,1.9000000000000057,41.79525,39.750750000000004,0,57.039494537241914,1.04699293888483,3.2730849243859237,66.03211261662383,40.644207178755565,0.7392510384761122,14.978503479163606,34559054.0,1912178.2,0,0.2325063620673635,4.0,-56.0,60.0,40.773,40.93533002755698,40.58348248506043,0.11512898719226028,0.06888238838435257,-0.04624659880790771
1462507200,2016-05-06,41.51,41.52,40.84,41.33,2097303.0,40.777,41.82588702918855,39.72811297081145,41.426,40.069,40.7475,40.777,0.6799999999999997,41.8075,39.746500000000005,0,55.22918846697341,0.1939393939393898,4.484785503519903,58.11560766264883,40.65914527000073,0.7350188214421041,14.074486791893369,32461751.0,1929680.36,0,0.20143231444633805,4.0,-52.00000000000001,56.00000000000001,40.777,40.972917643980125,40.61275768172472,0.1103838461698583,0.09173320890441516,-0.01865063726544314
1462766400,2016-05-09,41.37,41.71,41.16,41.63,1849050.0,40.811,41.92233973203516,39.69966026796484,41.44166666666667,40.089666666666666,40.76566666666666,40.811,0.5500000000000043,41.83775,39.78425,0,57.72172930472294,1.6605616605616598,6.600866898531857,58.6309282463532,40.68551625241384,0.721803191339097,13.240684799652064,34310801.0,1932419.92,0,0.2467652007170029,100.0,48.0,52.0,40.811,41.03549691598202,40.652649537343365,0.12093851353394457,0.13252250465198756,0.011583991118042999
1462852800,2016-05-10,41.79,41.84,41.45,41.6,1339594.0,40.842,42.003905331771904,39.680094668228094,41.48166666666667,40.117666666666665,40.79966666666667,40.842,0.39000000000000057,41.87775,39.80625,0,57.38543047623909,1.5129331381161655,8.188307944331468,65.10723077690295,40.74132201858884,0.6981029633863044,12.695769718307263,32971207.0,1917423.36,0,0.30390155215887693,96.0,48.0,48.0,40.842,41.08925911445993,40.68980053587892,0.11919403888863485,0.16057653972883656,0.041382500840201716
1462939200,2016-05-11,41.65,41.82,41.2,41.47,2133090.0,40.8885,42.07256545427184,39.70443454572816,41.5195,40.159499999999994,40.8395,40.8885,0.6199999999999974,41.92125,39.85575,0,55.89985342456571,2.2940305870744937,8.91106846112526,67.16321615869651,40.9262087755318,0.6925241802872825,11.869237845355823,30838117.0,1916435.12,0,0.31283950438136937,92.0,48.0,44.0,40.8885,41.12552015117803,40.72039659329543,0.10317871484246416,0.17035589439328191,0.06717717955081776
1463025600,2016-05-12,41.43,41.99,41.34,41.67,2744225.0,40.944,42.16476041875545,39.723239581244556,41.59533333333333,40.19733333333333,40.89633333333333,40.944,0.6499999999999986,42.005250000000004,39.88275,0,57.674291362730635,2.736686390532543,10.268405696947514,68.4993839158944,41.07294157304272,0.6894867388381908,11.263453920222327,33582342.0,1933862.32,0,0.27667076182076683,100.0,60.0,40.0,40.944,41.17737537487536,40.75763594257796,0.09988291251248715,0.1920308201914267,0.09214790767893954
1463112000,2016-05-13,41.67,41.75,41.27,41.5,1436217.0,40.9685,42.213012354297845,39.72398764570215,41.6135,40.2415,40.927499999999995,40.9685,0.4799999999999969,42.01025,39.92675,0,55.67010482396041,1.1948305291392392,10.582039633708884,62.83440315274399,41.15479391739121,0.6745234003497484,10.557643316930173,32146125.0,1935847.28,0,0.23584323484179492,96.0,60.0,36.0,40.9685,41.208101529649134,40.7867482585553,0.08089204240594315,0.1932629606863685,0.11237091828042535
1463371200,2016-05-16,41.42,41.54,41.18,41.49,1487389.0,40.978,42.235324142773045,39.72067585722696,41.620999999999995,40.259,40.940000000000005,40.978,0.35999999999999943,42.01225,39.94375,0,55.5505762012999,0.46004842615013275,10.792977052519202,56.923684368719414,41.233294946307964,0.6520574431819092,9.894274746983431,30658736.0,1927288.42,0,0.3004348065838005,92.0,60.0,32.0,40.978,41.234949003015885,40.8143267582198,0.06308579755635221,0.1912281652258656,0.1281423676695134
1463457600,2016-05-17,41.37,41.41,40.22,40.36,2878923.0,40.934000000000005,42.21297458927063,39.65502541072938,41.629666666666665,40.193666666666665,40.91166666666667,40.934000000000005,1.2700000000000031,42.02975000000001,39.83825,0,44.2496393185242,-2.1338506304558744,5.571575888460774,47.885824876302905,41.229151299848716,0.6961961972403444,10.908008653721328,27779813.0,1927962.06,0,0.1620897290664509,88.0,60.0,28.000000000000004,40.934000000000005,41.15162052653818,40.79651002260334,-0.0246640831231065,0.09731226376563029,0.12197634688873679
1463544000,2016-05-18,40.16,40.52,39.46,39.62,2672062.0,40.9035,42.27399297699768,39.53300702300232,41.58116666666667,40.16716666666666,40.87416666666667,40.9035,1.0600000000000023,41.98275,39.82425,0,38.80748282389989,-1.5162813820531928,-1.600658176940773,40.16686965464921,41.144999853869045,0.7221821831517486,12.74183327863388,25107751.0,1933925.34,0,0.05858759182741681,84.0,-16.0,100.0,40.9035,41.00575190496312,40.75037237465811,-0.12670818263894174,-0.036408881409940363,0.09029930122900136
1463630400,2016-05-19,39.54,40.0,39.25,39.98,2011582.0,40.9135,42.253638425685935,39.57336157431406,41.575833333333335,40.16683333333333,40.87133333333334,40.9135,0.75,41.9875,39.8395,0,42.43309500808734,0.5027652086475509,-5.445387999867311,33.75004233521824,41.076051092187875,0.7241691700694809,14.656179458164766,27119333.0,1937092.94,0,0.07957270182600153,80.0,-16.0,96.0,40.9135,40.90806124734759,40.72016169329898,-0.1618740775017945,-0.11204329564824178,0.04983078185355273
1463716800,2016-05-20,40.12,40.12,39.37,39.7,2900536.0,40.8955,42.289594329663515,39.50140567033648,41.585833333333326,40.12683333333333,40.85633333333333,40.8955,0.75,41.99875,39.792249999999996,0,40.4699705110634,-0.898652021967048,-9.3724053699039,27.163070517937555,40.93561641937663,0.7260142293502323,16.15538989121037,24218797.0,1950270.74,0,0.04533796290243334,76.0,-16.0,92.0,40.8955,40.793007795219246,40.68015535238529,-0.19375291609360526,-0.19236036326345385,0.0013925528301514181
1463976000,2016-05-23,39.7,39.77,39.14,39.16,1891619.0,40.846999999999994,42.402404770469715,39.29159522953027,41.564,40.08,40.822,40.846999999999994,0.6300000000000026,41.968999999999994,39.724999999999994,0,36.995386441762754,-2.417144281086484,-14.198457684581815,26.61354138046552,40.82498983833783,0.7191560701109302,17.798082607040293,22327178.0,1952705.78,0,-0.02008867971876328,72.0,-28.0,100.0,40.846999999999994,40.63748324329361,40.62054141699764,-0.23805134060394617,-0.2961716229247813,-0.05812028232083512
1464062400,2016-05-24,39.19,39.57,39.01,39.53,1847080.0,40.822,42.44378420266076,39.20021579733925,41.53266666666667,40.03966666666666,40.78616666666667,40.822,0.5600000000000023,41.950750000000006,39.69325,0,40.6693385060159,-1.2490632025980515,-16.239250094330608,26.48439139472464,40.69032091589917,0.7077877793887211,19.463015337109066,24174258.0,1955607.64,0,0.027189808220828855,68.0,-28.0,96.0,40.822,40.532008648694216,40.577775086919296,-0.22919528311601933,-0.34461438621585927,-0.11541910309983995
1464148800,2016-05-25,39.41,39.61,39.18,39.26,1575315.0,40.758500000000005,42.514908551561966,39.002091448438044,41.4625,40.008500000000005,40.735499999999995,40.758500000000005,0.4299999999999997,41.858000000000004,39.659000000000006,0,38.925778589509285,-3.1334813718233483,-18.61545092390802,27.290794978982447,40.56830804790122,0.6879457951466695,20.902898014349937,22598943.0,1946147.68,0,-0.03393506586819314,64.0,-28.0,92.0,40.758500000000005,40.410864967866196,40.5260976325303,-0.22780819768411714,-0.4001793502049864,-0.17237115252086926
1464235200,2016-05-26,39.35,39.97,39.29,39.95,2944174.0,40.7295,42.518885089912175,38.94011491008783,41.42516666666667,39.97816666666667,40.70166666666667,40.7295,0.7100000000000009,41.826,39.633,0,45.240979348887805,-1.4310387367382142,-17.48966536721532,36.3348312737047,40.43918805727667,0.6895210954933361,21.316403490041807,25543117.0,1975337.06,0,0.029154505902827404,60.0,-28.0,88.0,40.7295,40.366973066164654,40.50350556850951,-0.16939105432095228,-0.38410997042205963,-0.21471891610110735
1464321600,2016-05-27,39.98,40.15,39.85,40.1,1411791.0,40.694,42.50364526910663,38.88435473089338,41.37,39.977999999999994,40.67399999999999,40.694,0.29999999999999716,41.74925,39.63875,0,46.50672650494842,-1.739769664297968,-16.01937918320849,35.24522845971616,40.35260913876305,0.6616981601009547,21.27056989777547,26954908.0,1946246.28,0,0.016952299410814345,56.00000000000001,-27.999999999999993,84.0,40.694,40.34154705986325,40.48768182072482,-0.11236636067157946,-0.3551768669405817,-0.24281050626900225
1464667200,2016-05-31,40.0,40.32,39.85,40.27,2612283.0,40.6445,42.44363840490386,38.84536159509614,41.3115,39.932500000000005,40.622,40.6445,0.46999999999999886,41.687,39.602000000000004,0,47.94225139442968,-2.3994183228308166,-14.196981144012758,37.82974734712698,40.27897776006768,0.6480054343794579,20.830810087901604,29567191.0,1908354.32,0,0.09368962120244712,52.0,-28.0,80.0,40.6445,40.334733054161994,40.479145278735615,-0.05767129725483072,-0.31489962783754066,-0.25722833058270994
1464753600,2016-06-01,40.21,40.48,40.14,40.47,2507493.0,40.6085,42.391276205809355,38.825723794190644,41.265499999999996,39.8975,40.581500000000005,40.6085,0.3399999999999963,41.64275,39.57425,0,49.61663957981917,-1.7479970866715198,-11.975596460409626,45.58543206323904,40.201815216234884,0.6260050462094963,20.055558337642196,32074684.0,1921086.82,0,0.17778066962224567,48.0,-28.0,76.0,40.6085,40.34761562043228,40.478786640353825,-0.005257632072388052,-0.26380037067319506,-0.258542738600807
1464840000,2016-06-02,40.46,40.49,39.99,40.35,1978696.0,40.547000000000004,42.275514969562025,38.818485030437984,41.18233333333334,39.85333333333334,40.517833333333336,40.547000000000004,0.5,41.55200000000001,39.542,0,48.62878764097032,-2.958152958152951,-10.581622047229533,37.43027940548899,40.07342015197399,0.6170046857659608,19.612882351187917,30095988.0,1912678.78,0,0.2097653665060097,44.0,-28.0,72.0,40.547000000000004,40.34784270420063,40.47373618386936,0.022568816741833697,-0.2303317176735149,-0.2529005344153486
1464926400,2016-06-03,40.77,41.26,40.77,40.94,1402341.0,40.519,42.20241201136263,38.835587988637364,41.097,39.909000000000006,40.503,40.519,0.9099999999999966,41.449749999999995,39.58825,0,53.42766531321574,-1.3493975903614512,-7.2125965354778945,42.26157756324865,40.047754064534566,0.6379329224969633,18.787257372884817,31498329.0,1911412.08,0,0.19773600963434568,40.0,-28.0,68.0,40.519,40.40423863713391,40.492021039403895,0.07878486865410739,-0.1544194485977144,-0.23320431725182178
1465185600,2016-06-06,40.94,41.07,40.51,40.69,1566160.0,40.487,42.13140992456261,38.84259007543739,41.06733333333334,39.891333333333336,40.47933333333334,40.487,0.5600000000000023,41.408750000000005,39.56525,0,51.29057996921498,-1.5485119767723219,-5.371239148196571,42.18294595151021,40.017754015459026,0.6323662851757518,17.515797225084732,29932169.0,1909736.7,0,0.14312868824878258,36.0,-28.0,64.0,40.487,40.43145400502592,40.49978492021158,0.09606163119732677,-0.11312727825516333,-0.2091889094524901
1465272000,2016-06-07,40.73,40.97,40.53,40.6,1226579.0,40.435500000000005,41.99586502139724,38.875134978602766,41.02183333333333,39.85683333333334,40.43933333333333,40.435500000000005,0.4399999999999977,41.349000000000004,39.522000000000006,0,50.524738916848364,-2.474177276002885,-4.205272701330271,44.66444517993905,39.981963245786446,0.6186258362346264,16.335155659270367,28705590.0,1919064.34,0,0.19923557957049165,32.0,-28.0,60.0,40.435500000000005,40.447506004547265,40.50371492334054,0.09801820742446576,-0.08666615017190793,-0.1846843575963737
1465358400,2016-06-08,40.62,41.07,40.5,41.06,1645653.0,40.4085,41.90469885042062,38.91230114957937,40.99316666666667,39.81016666666667,40.401666666666664,40.4085,0.5700000000000003,41.335499999999996,39.4815,0,54.203683906864214,-1.2980769230769211,-1.6048850545572904,52.358858278823384,40.04665680485126,0.6151525622178674,15.439332091578795,30351243.0,1917182.64,0,0.3321438901965656,28.000000000000004,-28.000000000000004,56.00000000000001,40.4085,40.505838766018954,40.52553002438601,0.1251461324890492,-0.028251691985062166,-0.15339782447411138
1465444800,2016-06-09,41.08,41.53,41.02,41.46,1329031.0,40.408,41.90278560335588,38.91321439664412,40.97966666666666,39.80766666666667,40.39366666666667,40.408,0.509999999999998,41.326750000000004,39.48925,0,57.12210031007258,-0.024113817217260695,1.8596606868462868,58.67494577307409,40.13327123531196,0.6076416649165911,15.453688893708675,31680274.0,1916869.3,0,0.30556316289354085,24.0,-28.0,52.0,40.408,40.59671126449334,40.56217590578264,0.16251458751676695,0.04974540992184728,-0.11276917759491965
1465531200,2016-06-10,41.43,41.69,41.19,41.32,1073677.0,40.390499999999996,41.83305987744009,38.9479401225599,40.95883333333334,39.801833333333335,40.38033333333333,40.390499999999996,0.5,41.297999999999995,39.483,0,55.81175183707246,-0.8399328053755734,4.104997627663389,67.219293610336,40.23441353496968,0.599952974565406,15.73270306335938,30606597.0,1883797.64,0,0.3211925352817032,20.0,-28.0,48.0,40.390499999999996,40.665595905970164,40.59189449771273,0.1695107500925242,0.09911926002073557,-0.07039149007178862
1465790400,2016-06-13,41.45,41.68,41.3,41.49,1523032.0,40.39,41.831027411259065,38.948972588740936,40.953,39.806,40.37949999999999,40.39,0.38000000000000256,41.29,39.49,0,57.07049127200298,-0.02409638554216388,6.47628751900615,74.33002935357837,40.37938844877611,0.5842420478107344,15.991787649463607,32129629.0,1879912.94,0,0.397882881781539,16.0,-28.0,44.0,40.39,40.744110581592054,40.62711432133184,0.1765005242611695,0.15023416525467326,-0.026266359006496244
1465876800,2016-06-14,41.49,41.76,41.18,41.76,1084593.0,40.403499999999994,41.88984148162526,38.91715851837473,40.972166666666666,39.80316666666667,40.38766666666667,40.403499999999994,0.5799999999999983,41.31999999999999,39.486999999999995,0,59.022002366171016,0.6507592190889274,9.27835066266329,73.59672528707691,40.51138287460114,0.5839390443956819,15.917465879877787,33214222.0,1874009.58,0,0.3897073702186405,100.0,60.0,40.0,40.403499999999994,40.840861954773764,40.67154121069138,0.18909936477261696,0.21010784695927498,0.021008482186658003
1465963200,2016-06-15,41.77,41.81,41.1,41.2,1529211.0,40.445499999999996,41.97149442987187,38.91950557012812,40.98350000000001,39.8625,40.423,40.445499999999996,0.7100000000000009,41.31999999999999,39.571,0,53.693139301765875,2.0812685827552118,9.342165610089525,73.4998736227392,40.64323050726209,0.592943398367419,15.636345569371764,31685011.0,1854115.3,0,0.3858756065833888,96.0,60.0,36.0,40.445499999999996,40.87506557812864,40.692265084781916,0.15115375069200412,0.20995067055166317,0.05879691985965904
1466049600,2016-06-16,41.19,41.56,41.09,41.39,1268425.0,40.534,42.063528031779725,39.00447196822027,41.028,39.966,40.497,40.534,0.46999999999999886,41.36425,39.70375,0,55.13966160780238,4.467440686521966,10.003401135504074,65.80775787030687,40.803948198693696,0.5841617270554604,15.347586373684747,32953436.0,1834440.3,0,0.3058395726434293,92.0,60.0,32.0,40.534,40.9241069516402,40.71962723831988,0.13103576136431389,0.2225916215650514,0.09155586020073753
1466136000,2016-06-17,41.38,41.47,41.07,41.47,2242228.0,40.60850000000001,42.16769562595589,39.04930437404412,41.09016666666666,40.063166666666675,40.57666666666667,40.60850000000001,0.3999999999999986,41.41250000000001,39.804500000000004,0,55.75227087593467,3.7268634317158633,10.790839529609416,57.26620122262048,40.903229745746906,0.5710073179800703,15.020398249902149,35195664.0,1841985.7,1,0.3513846243508502,88.0,60.0,28.000000000000004,40.60850000000001,40.976096765769704,40.74905362113086,0.11582780007133045,0.2363406102899006,0.12051281021857016
1466395200,2016-06-20,41.44,41.58,41.05,41.42,1689808.0,40.6945,42.23337588843283,39.155624111567164,41.16016666666667,40.155166666666666,40.657666666666664,40.6945,0.5300000000000011,41.482,39.907,0,55.255843591020444,4.332493702770777,11.229226492450413,55.61409115129685,41.02700379093715,0.5680782238386368,14.984519406648056,33505856.0,1837924.22,0,0.303222593951366,84.0,60.0,24.0,40.6945,41.01837326426783,40.775365243831615,0.09593428440617871,0.24043066572629357,0.14449638132011486
1466481600,2016-06-21,41.41,41.8,41.21,41.57,1287822.0,40.815000000000005,42.22653108361096,39.40346891638905,41.266666666666666,40.26566666666667,40.76616666666666,40.815000000000005,0.5899999999999963,41.599500000000006,40.0305,0,56.47956883919715,6.1542390194075685,12.083805822205816,53.14370834171473,41.13769585855008,0.5696440649930196,15.45814268835583,34793678.0,1827607.04,0,0.22136989268713433,80.0,60.0,20.0,40.815000000000005,41.070909143861364,40.80652739113234,0.0866916841223275,0.25286098647302424,0.16616930235069674
1466568000,2016-06-22,41.77,41.77,41.32,41.32,1266358.0,40.9045,42.20108744402369,39.607912555976306,41.366166666666665,40.37616666666667,40.87116666666667,40.9045,0.45000000000000284,41.680749999999996,40.12825,0,53.89367586323149,4.528206425499618,11.725985455690276,54.88306881719352,41.243210617826534,0.5610980603506612,15.897935735655905,33527320.0,1816056.26,0,0.12306832257977023,76.0,60.0,16.0,40.9045,41.09463208254124,40.826663571872245,0.058884730225405746,0.23977521513245392,0.18089048490704818
1466654400,2016-06-23,41.34,41.41,40.92,41.13,1870630.0,40.998,42.05415529161193,39.94184470838807,41.45933333333333,40.46333333333333,40.961333333333336,40.998,0.4899999999999949,41.778749999999995,40.21725,0,51.989424941439616,4.763117677024973,10.615649772922449,46.86069140687055,41.25228495690016,0.5560196274684708,15.012083230104947,31656690.0,1814821.74,0,0.1281366433693016,72.0,60.0,12.0,40.998,41.09800045563255,40.838559118073334,0.024594535224910452,0.21163365393818623,0.18703911871327578
1466740800,2016-06-24,40.91,42.05,40.73,41.71,2642502.0,41.086,42.06896286806769,40.103037131932304,41.57933333333334,40.519333333333336,41.04933333333334,41.086,1.3200000000000003,41.912499999999994,40.2595,0,56.884613644528166,4.405506883604501,11.71994527429831,56.70512316934624,41.317876574984716,0.6105896540778658,15.597614311019436,34299192.0,1832384.44,1,0.20667319858336847,68.0,60.0,8.0,41.086,41.15628612652469,40.87273327030575,0.037121864204599064,0.23344144896902463,0.19631958476442557
1467000000,2016-06-27,41.64,42.88,41.64,42.71,3089968.0,41.2165,42.326063427659655,40.10693657234035,41.74516666666666,40.591166666666666,41.168166666666664,41.2165,1.240000000000002,42.1135,40.319500000000005,0,63.61713613188542,6.508728179551121,15.898446635867892,65.41084869669302,41.49340695555217,0.6555475359294469,17.3588428527274,37389160.0,1853356.36,1,0.3210985947883242,100.0,96.0,4.0,41.2165,41.304258876379485,40.94478294598004,0.10505561748927236,0.32763910662601603,0.22258348913674367
1467086400,2016-06-28,42.69,42.71,41.94,42.52,1776245.0,41.329,42.48708289858707,40.17091710141293,41.87233333333334,40.68833333333333,41.28033333333333,41.329,0.7700000000000031,42.2485,40.4095,0,61.69052531361956,5.587285820710205,18.256912482420837,58.04780573505912,41.603551467961616,0.6637227119344866,18.99426935574193,35612915.0,1855306.66,0,0.2902545618653626,96.0,88.0,8.0,41.329,41.42004374529573,41.00655616378474,0.1279733815792682,0.38255021611082896,0.25457683453156077
1467172800,2016-06-29,42.65,42.85,42.46,42.7,1444335.0,41.4405,42.67329317000047,40.20770682999953,41.99016666666667,40.80116666666667,41.39566666666666,41.4405,0.39000000000000057,42.36375,40.51725,0,62.81357659789089,5.51025450951323,20.62091750856599,58.33093214383164,41.68321098867926,0.6441710896534519,20.69047481767722,37057250.0,1853119.64,0,0.2623272411794246,92.0,88.0,4.0,41.4405,41.54194434098186,41.072965725989256,0.14479546707282342,0.43557116837259,0.2907757012997666
1467259200,2016-06-30,42.76,43.7,42.68,43.66,3170894.0,41.606,43.074882568485236,40.13711743151477,42.169666666666664,40.92866666666667,41.549166666666665,41.606,1.0200000000000031,42.56825,40.643750000000004,0,68.06872281759955,8.203221809169753,25.14145409453869,61.903810957083685,41.89872160299769,0.6710160118210627,23.14035429834081,40228144.0,1880786.0,1,0.3738701042297952,100.0,96.0,4.0,41.606,41.74366392755501,41.17441805046027,0.20636281741550855,0.5487292230691523,0.34236640565364374
1467345600,2016-07-01,43.79,43.79,43.09,43.52,2025909.0,41.735,43.388789587583545,40.08121041241645,42.304,41.042,41.672999999999995,41.735,0.6999999999999957,42.6815,40.7885,0,66.623414575769,6.301905227161714,27.938171531149337,62.75774861260883,42.0426838774959,0.6730862966909866,25.491792403143755,38202235.0,1861232.7,0,0.38429319674347867,96.0,92.0,4.0,41.735,41.912838791597395,41.26640165632457,0.22207839786239453,0.6199644029816369,0.3978860051192424
1467691200,2016-07-05,43.6,44.05,43.59,43.92,1587496.0,41.896499999999996,43.73147438674214,40.06152561325785,42.453833333333336,41.20183333333333,41.82783333333333,41.896499999999996,0.529999999999994,42.84074999999999,40.95225,0,68.62686736640363,7.938068321454914,31.07212508945585,63.563487491677115,42.16876988864512,0.6628658469273443,27.89172232329151,39789731.0,1856676.14,0,0.3624412243230081,100.0,96.0,4.0,41.896499999999996,42.103997001921456,41.3704643364687,0.2421865174101563,0.7006191518819378,0.4584326344717815
1467777600,2016-07-06,43.95,44.06,43.5,43.91,1544718.0,42.062,43.993896477557655,40.13010352244234,42.616,41.352,41.984,42.062,0.5600000000000023,43.015249999999995,41.10875,0,68.51863371588438,8.152709359605899,33.460572124579905,63.31607181188735,42.30915247258325,0.6555182864325342,29.835402144606928,38245013.0,1859936.88,0,0.4297097687610555,96.0,88.0,8.0,42.062,42.275997287452746,41.47005397033267,0.23727646028721838,0.7550282098308045,0.5177517495435862
1467864000,2016-07-07,43.87,43.9,43.06,43.26,2036802.0,42.172000000000004,44.11366526466322,40.23033473533679,42.756,41.465,42.1105,42.172000000000004,0.8499999999999943,43.14625,41.197750000000006,0,61.84499847038681,5.35801266439356,32.373842547615894,61.3770238278645,42.43403669558913,0.6694098374016385,30.348677154471506,36208211.0,1870866.4,0,0.36655272489959023,92.0,88.0,4.0,42.172000000000004,42.369711831504866,41.54024793228041,0.17555878212519838,0.7372002272000842,0.5616414450748858
1467950400,2016-07-08,43.01,43.44,42.63,43.42,2222888.0,42.269999999999996,44.25538661222434,40.28461338777565,42.86233333333334,41.541333333333334,42.20183333333333,42.269999999999996,0.8099999999999952,43.266749999999995,41.27325,0,62.78421130704547,4.727448142788231,31.895133907505603,61.20706552196094,42.581622868747864,0.6794519918729497,29.755683276432016,38431099.0,1880087.94,0,0.3621406095296619,88.0,76.0,12.0,42.269999999999996,42.46973927612345,41.613963699641964,0.1327627040312147,0.7275948251139042,0.5948321210826895
1468209600,2016-07-11,43.25,43.32,42.81,43.25,1867769.0,42.3665,44.34541156952494,40.38758843047506,42.94916666666667,41.62716666666667,42.28816666666667,42.3665,0.6099999999999994,43.3715,41.36150000000001,0,61.10202730761606,4.670861568247822,30.758171178711734,54.77714560026556,42.69296815415319,0.6744911353105961,29.205046103966772,36563330.0,1884120.56,0,0.3844531456357484,84.0,76.0,8.0,42.3665,42.54404982125455,41.67812198593052,0.08270733730097346,0.6982162927089064,0.6155089554079329
1468296000,2016-07-12,42.99,43.04,42.17,42.19,2263739.0,42.401500000000006,44.341544071664266,40.461455928335745,43.022499999999994,41.6515,42.337,42.401500000000006,1.0799999999999983,43.459,41.34400000000001,0,51.963883402445035,1.6871535309713082,25.292473467725333,48.53467515243934,42.72732054985193,0.703456054216982,27.31020216861668,34299591.0,1896225.36,0,0.2866195446487335,80.0,76.0,4.0,42.401500000000006,42.51033079065888,41.69819563354109,-0.026260253423521673,0.5826836386285308,0.6089438920520525
1468382400,2016-07-13,42.34,42.57,42.26,42.5,2290895.0,42.438500000000005,44.35629326310206,40.52070673689795,43.05283333333333,41.70883333333333,42.380833333333335,42.438500000000005,0.38000000000000256,43.481,41.39600000000001,0,54.07812311538798,1.7720306513410011,21.894202393950554,46.83338301241327,42.758882127543046,0.6803520503443405,25.550704228648733,36590486.0,1913372.56,0,0.36133107872183207,76.0,72.0,4.0,42.438500000000005,42.50934690583422,41.72963894202967,-0.07895057180232268,0.5102556772991491,0.5892062491014718
1468468800,2016-07-14,42.22,42.33,41.94,42.1,2469707.0,42.4835,44.32360081245557,40.64339918754443,43.0745,41.7625,42.4185,42.4835,0.5600000000000023,43.51475,41.45225,0,51.027654014513345,2.184466019417472,17.732090164141137,45.86096014269289,42.805993079135604,0.6717554753197449,24.1525014981263,34120779.0,1938482.0,0,0.34843383417862944,72.0,28.0,44.0,42.4835,42.470361486230956,41.74416290508733,-0.1387358695781068,0.4157864121288384,0.5545222817069452
1468555200,2016-07-15,42.14,42.37,42.05,42.18,1708972.0,42.523,44.30035871449734,40.745641285502664,43.10966666666667,41.812666666666665,42.46116666666667,42.523,0.3200000000000003,43.543,41.50300000000001,0,51.60239907118584,1.9086735926552287,14.71205047817549,44.25476340831317,42.88817086778816,0.6466300842254774,22.769257844492788,35829751.0,1936635.92,0,0.3051674842488539,68.0,28.0,40.0,42.523,42.44270801135182,41.76125455586822,-0.16888543314476645,0.34341549027598717,0.5123009234207536
1468814400,2016-07-18,42.23,42.54,42.12,42.37,1417837.0,42.568,44.28084091497127,40.855159085028724,43.161,41.862,42.5115,42.568,0.4200000000000017,43.589499999999994,41.5465,0,52.981922904538244,2.170243549553891,12.844754699324218,40.94005288413086,42.913506380420884,0.6304422210665148,21.16646004868596,37247588.0,1917692.92,0,0.2526174021991268,64.0,28.0,36.0,42.568,42.43578343884212,41.78512692622633,-0.17147453562267911,0.29795775389240475,0.46943228951508387
1468900800,2016-07-19,42.42,42.51,42.09,42.34,1424726.0,42.614,44.24867917341587,40.97932082658412,43.20366666666666,41.91566666666667,42.55966666666667,42.614,0.4199999999999946,43.62725,41.60075,0,52.73210444509147,2.2211492032834417,11.237728255372296,41.46118355174603,42.91622844971569,0.6154106338474776,19.69689010085241,35822862.0,1904241.38,0,0.23298328980102237,60.0,28.0,32.0,42.614,42.426661206571445,41.80688665460962,-0.17030261088231147,0.25655402591219456,0.42685663679450603
1468987200,2016-07-20,42.39,42.4,42.11,42.2,880704.0,42.6455,44.221729361482524,41.06927063851747,43.22416666666667,41.966166666666666,42.595166666666664,42.6455,0.28999999999999915,43.63625,41.65475,0,51.53836210544317,1.515515997113309,9.419386911060123,37.001391595124424,42.90720470998661,0.5921670171440863,18.332289435006974,34942158.0,1884874.46,0,0.21306538786375215,56.00000000000001,28.000000000000004,28.000000000000004,42.6455,42.40507442499321,41.822302864232775,-0.1734665702972124,0.21002342392299056,0.38348999422020297
1469073600,2016-07-21,42.14,42.37,41.92,42.29,1844122.0,42.694,44.159938607172755,41.22806139282725,43.260333333333335,42.00233333333333,42.63133333333333,42.694,0.44999999999999574,43.68475,41.703250000000004,0,52.26953822471885,2.347531461761856,8.20024613993649,26.46554578411913,42.801290416511186,0.5820122302052226,17.514397851087633,36786280.0,1894965.02,0,0.15635246062476904,52.0,28.0,24.0,42.694,42.394114955946236,41.84064392838051,-0.16410888983941518,0.17835388192093404,0.3424627717603492
1469160000,2016-07-22,42.31,43.03,42.31,42.92,1349398.0,42.783500000000004,44.06331678376226,41.50368321623775,43.35183333333333,42.07083333333334,42.711333333333336,42.783500000000004,0.740000000000002,43.793000000000006,41.774,0,57.04496729775369,4.352054461463649,9.160958906771565,24.368249333535786,42.74457753816812,0.5932970709048497,17.23290743308727,38135678.0,1879291.18,0,0.1796281118982046,48.0,28.0,20.0,42.783500000000004,42.44419924585612,41.882971617463625,-0.11255785734901735,0.20176545007407753,0.3143233074230949
1469419200,2016-07-25,42.85,43.0,42.59,42.91,742219.0,42.8435,44.02513065295361,41.66186934704639,43.37316666666666,42.183166666666665,42.77816666666667,42.8435,0.4099999999999966,43.784749999999995,41.90225,0,56.949765631535215,2.8770079117717473,9.90100712172952,21.582484834848273,42.674172192788355,0.5802044229830745,16.971523473515504,37393459.0,1839251.06,0,0.17455784636946017,44.0,28.0,16.0,42.8435,42.48856122244125,41.923247240308186,-0.0778500022511367,0.2170108046091741,0.2948608068603108
1469505600,2016-07-26,42.91,42.95,42.4,42.5,1109181.0,42.833,44.022892432112904,41.64310756788709,43.349000000000004,42.227999999999994,42.7885,42.833,0.5500000000000043,43.7225,41.9435,0,53.12350797994408,-0.49168812924373884,8.941172608683763,22.02045908289638,42.59634760747042,0.5780469641985695,16.24158278824981,36284278.0,1832710.34,0,0.1175512489221834,40.0,28.0,12.0,42.833,42.48965062982779,41.94586499559021,-0.08086819717706029,0.19377556038898547,0.27464375756604575
1469592000,2016-07-27,42.37,42.52,41.72,42.07,1335157.0,42.810500000000005,44.039588686791795,41.581411313208214,43.336166666666664,42.21216666666667,42.77416666666666,42.810500000000005,0.8000000000000043,43.70225000000001,41.91875,0,49.455283071573966,-1.0583254938852371,6.542633156328254,22.748127732092968,42.495650642286314,0.5939007524701007,16.032477101645124,34949121.0,1829665.7,0,0.16040323353600713,36.0,28.0,8.0,42.810500000000005,42.44968390317753,41.95073303497883,-0.10846616891454286,0.1390610464228672,0.24752721533741007
1469678400,2016-07-28,41.97,42.46,41.97,42.26,1437850.0,42.7885,44.04025516775429,41.53674483224571,43.31916666666667,42.18516666666667,42.75216666666667,42.7885,0.490000000000002,43.68775,41.88925,0,51.028098347495224,-1.0304449648712057,5.24531442669252,30.067370121656666,42.41137070567332,0.5864792701508079,15.8383075355122,36386971.0,1800844.24,0,0.08258385211927158,32.0,28.0,4.0,42.7885,42.43161876954157,41.962861151254174,-0.11020936937978557,0.10976550361267812,0.21997487299246368
1469764800,2016-07-29,42.39,42.78,42.29,42.63,1612320.0,42.737,43.92418322090551,41.54981677909449,43.25366666666666,42.172666666666665,42.713166666666666,42.737,0.5200000000000031,43.59875,41.87525,0,53.964524612743425,-2.359138799816752,5.4400345129802945,37.85616818120513,42.36176914223336,0.5817307508543219,14.904919307022046,37999291.0,1779649.4,0,0.05020059119813699,28.000000000000004,24.000000000000004,4.0,42.737,42.45051222006143,41.98902345904813,-0.08391754971978921,0.11507793584272719,0.1989954855625164
1470024000,2016-08-01,42.73,43.21,42.7,43.03,2358660.0,42.7125,43.85335713391274,41.57164286608726,43.219833333333334,42.15783333333333,42.688833333333335,42.7125,0.5799999999999983,43.56525,41.85975,0,56.90510223605542,-1.1259191176470633,6.924991796478004,48.51577657758349,42.41730320521674,0.5816071257932988,14.51347596294985,40357951.0,1786590.96,1,0.17979071683653822,24.0,-64.0,88.0,42.7125,42.50570153243653,42.02984606849722,-0.03932638822051612,0.14983750028687126,0.18916388850738738
1470110400,2016-08-02,42.85,43.01,42.36,42.63,1433952.0,42.648,43.645328431360305,41.6506715686397,43.17,42.089,42.6295,42.648,0.6700000000000017,43.511250000000004,41.78475,0,53.31996127602325,-2.9371584699453535,6.596746484622538,50.467073636844646,42.43140714340321,0.587920902522349,13.520918617862733,38923999.0,1757259.28,0,0.11612642919902155,20.0,-64.0,84.0,42.648,42.51753948172829,42.05338151679145,-0.036567594403220466,0.1434543955033618,0.18002198990658227
1470196800,2016-08-03,42.74,42.85,41.79,41.97,1655725.0,42.551,43.4056554861461,41.6963445138539,43.114,41.983000000000004,42.5485,42.551,1.0600000000000023,43.451750000000004,41.65025,1,48.060910532246815,-4.4181279890685445,3.9100202534785113,52.466275433579064,42.45027513984375,0.6216408380564671,13.608277195749235,37268274.0,1752541.4,0,0.08877166690284002,16.0,-84.0,100.0,42.551,42.465392864420835,42.050111653387866,-0.07668238640001504,0.08416900690656348,0.16085139330657852
1470283200,2016-08-04,41.99,42.27,41.87,42.0,1448348.0,42.488,43.30942802484432,41.66657197515568,43.024,41.937,42.4805,42.488,0.4000000000000057,43.355,41.621,1,48.30487179161016,-2.9126213592232966,1.9171306324927042,44.68328218907943,42.44245215920301,0.6058093496238628,13.689395875215272,38716622.0,1744566.76,0,0.08062443988104662,12.0,-84.0,96.0,42.488,42.42106973447599,42.048146490509914,-0.09735766499863349,0.03915431205828668,0.13651197705692017
1470369600,2016-08-05,41.72,42.03,41.16,41.36,2252179.0,42.385000000000005,43.229428801024504,41.540571198975506,42.94466666666666,41.85166666666667,42.39816666666667,42.385000000000005,0.8700000000000045,43.25650000000001,41.5135,1,43.69591643992215,-4.744357438968223,-1.8625620251075903,36.204522133740475,42.34934499893167,0.6246801103650158,14.80215119430268,36464443.0,1758104.04,0,0.006214044689969289,8.0,-92.0,100.0,42.385000000000005,42.32001547404971,42.021160353627174,-0.14730073788268844,-0.04761394529644036,0.09968679258624806
1470628800,2016-08-08,41.47,41.68,41.13,41.38,1545471.0,42.2915,43.1461642615669,41.436835738433096,42.860166666666665,41.76316666666667,42.31166666666667,42.2915,0.5499999999999972,43.158500000000004,41.424499999999995,1,43.8720803451769,-4.323699421965312,-4.749816551006212,36.05400169091793,42.281693933454015,0.6193458167675144,15.874287673968983,38009914.0,1730129.98,0,-0.013429775413925014,4.0,-92.0,96.0,42.2915,42.23049019080688,41.99601681034768,-0.17051481250869122,-0.11345672304961596,0.057058089459075256
1470715200,2016-08-09,41.39,41.74,41.29,41.43,860419.0,42.253499999999995,43.18680113039667,41.320198869603324,42.79016666666667,41.73516666666667,42.26266666666667,42.253499999999995,0.45000000000000284,43.073249999999994,41.433749999999996,0,44.33044507040034,-1.8013747333491303,-6.878342428477184,40.14107210144372,42.2509862450487,0.6072496869984064,16.71872326222671,38870333.0,1719102.54,0,-0.013013261868895313,4.0,-88.0,92.0,42.253499999999995,42.15425302977766,41.97382007268699,-0.1734555810381202,-0.159761386838575,0.013694194199545207
1470801600,2016-08-10,41.53,41.63,41.42,41.51,779179.0,42.20399999999999,43.18362033461934,41.224379665380646,42.739,41.694,42.216499999999996,42.20399999999999,0.21000000000000085,43.010999999999996,41.39699999999999,0,45.08573517241145,-2.329411764705887,-8.307666088371759,46.15630868525921,42.22773078421759,0.5788747093556632,17.502842022751743,39649512.0,1682440.46,0,-0.0789570380178678,8.0,-80.0,88.0,42.20399999999999,42.09289559837026,41.955631050228675,-0.16122540384955125,-0.18783756061239387,-0.026612156762842606
1470888000,2016-08-11,41.53,41.67,41.38,41.66,1104808.0,42.182,43.18934502530153,41.17465497469848,42.70633333333333,41.67133333333334,42.188833333333335,42.182,0.28999999999999915,42.96875,41.395250000000004,0,46.517865182345254,-1.0451306413301777,-8.899074110799791,45.392591108908015,42.15475090588273,0.5582408015445444,18.23095230038213,40754320.0,1654386.76,0,-0.0752864621284246,4.0,-80.0,84.0,42.182,42.05166744614452,41.9440376757099,-0.1352927961174787,-0.19572815190969095,-0.06043535579221228
1470974400,2016-08-12,41.78,42.0,41.64,41.73,782180.0,42.159499999999994,43.1859399641478,41.13306003585219,42.68783333333333,41.648833333333336,42.16833333333334,42.159499999999994,0.35999999999999943,42.94924999999999,41.369749999999996,0,47.19435428464218,-1.0668563300142315,-9.108744478283572,45.451491709562944,42.11473363644957,0.5440807442913626,17.988693624571432,41536500.0,1630456.44,0,-0.11608944104328603,4.0,-76.0,80.0,42.159499999999994,42.02103245127361,41.935644041368334,-0.10692825398598085,-0.19409567327468835,-0.0871674192887075
1471233600,2016-08-15,41.82,41.82,41.07,41.09,1309527.0,42.0955,43.21670426328112,40.97429573671888,42.653499999999994,41.5815,42.1175,42.0955,0.75,42.910000000000004,41.281,0,42.07269450405888,-3.021005428369115,-11.420840993024141,45.07965346395249,42.034961217092146,0.5587892625562653,18.72328045298973,40226973.0,1628600.16,0,-0.14172665828937758,60.0,-40.0,100.0,42.0955,41.93236269400946,41.90248152994212,-0.12359316884639801,-0.24165888034670502,-0.11806571150030701
1471320000,2016-08-16,40.98,41.1,40.43,40.43,1500858.0,42.0,43.32794578202568,40.67205421797432,42.583000000000006,41.486000000000004,42.034499999999994,42.0,0.6700000000000017,42.83325,41.16675,0,37.63869544882541,-4.511100614076532,-15.382745391115801,44.82263769629332,41.92715466084265,0.5667328866593893,20.226089512244577,38726115.0,1627294.12,0,-0.20698476610947958,56.00000000000001,-43.99999999999999,100.0,42.0,41.78928053267523,41.844737156218905,-0.16860273205357446,-0.3288191265672751,-0.16021639451370062
1471406400,2016-08-17,40.35,40.75,39.49,40.65,4449468.0,41.9225,43.37022752961316,40.47477247038684,42.534499999999994,41.340500000000006,41.9375,41.9225,1.259999999999998,42.8285,41.0165,0,39.862495874712835,-3.6729857819905316,-17.558557160775464,32.96778133626222,41.594143834083035,0.6162519661837186,22.491348725932223,43175583.0,1691751.9,1,-0.02933566514980941,52.0,-44.0,96.0,41.9225,41.6807776248014,41.79788471872013,-0.17247487214858337,-0.37580998469942983,-0.20333511255084646
1471492800,2016-08-18,40.54,41.25,40.53,41.21,2681099.0,41.8685,43.337775671887286,40.39922432811271,42.488166666666665,41.26716666666667,41.87766666666666,41.8685,0.7199999999999989,42.79475,40.942249999999994,0,45.10738463413658,-2.553795223457078,-16.886463790363692,35.73017428149228,41.46294897805867,0.6236625400277386,23.468482555153777,45856682.0,1712460.82,0,0.04472180331928663,48.0,-44.0,92.0,41.8685,41.6359416605346,41.774830416025225,-0.1282687775993107,-0.36367108454998487,-0.23540230695067416
1471579200,2016-08-19,41.06,41.16,40.29,40.48,1721388.0,41.7465,43.251056745357204,40.24194325464279,42.390166666666666,41.15416666666666,41.772166666666664,41.7465,0.9200000000000017,42.68625,40.806749999999994,0,40.286153892878254,-5.684995340167765,-18.503203533703413,26.4401289981641,41.250869542626184,0.6448295014543287,24.607954849389923,44135294.0,1720307.96,0,-0.02476889519148616,44.0,-44.0,88.0,41.7465,41.52585197857892,41.72405275265169,-0.13827796936309455,-0.4082497686545423,-0.26997179929144777
1471838400,2016-08-22,40.56,40.79,40.49,40.55,1085326.0,41.6285,43.1196643101952,40.13733568980481,42.2735,41.048500000000004,41.660999999999994,41.6285,0.3100000000000023,42.560750000000006,40.69625,0,40.923501836106865,-5.499883477044977,-19.450519317438197,26.914592506721803,41.13325906475708,0.6209131084933054,25.666036265466346,45220620.0,1720540.94,0,-0.042768650578479554,40.0,-44.0,84.0,41.6285,41.432913694904734,41.678011468233976,-0.13037425937455915,-0.43293962350964676,-0.3025653641350876
1471924800,2016-08-23,40.58,40.95,40.27,40.3,1025302.0,41.5185,43.06000932530425,39.976990674695756,42.1745,40.9365,41.555499999999995,41.5185,0.6799999999999997,42.4605,40.5765,0,39.34477506249283,-5.1764705882353015,-20.883248533332896,27.73939644589126,41.02617829080728,0.6251336007437835,26.870733336043795,44195318.0,1710586.34,0,-0.03693127811527477,36.0,-64.0,100.0,41.5185,41.32501715253285,41.62397180281303,-0.13178191824862057,-0.46729276194586333,-0.33551084369724277
1472011200,2016-08-24,40.19,40.35,39.93,40.34,1245408.0,41.432,43.0330196750821,39.8309803249179,42.06066666666667,40.86066666666667,41.46066666666667,41.432,0.4200000000000017,42.3455,40.5185,0,39.73632411818496,-4.112193962443539,-21.847988901721386,28.06786617801518,40.91434496393409,0.6104812006906563,28.312573888519882,45440726.0,1713802.64,0,0.03850886395773577,32.0,-64.0,96.0,41.432,41.23120599514877,41.573619967408604,-0.12014449077479422,-0.4856914571657356,-0.36554696639094136
1472097600,2016-08-25,40.32,40.55,40.24,40.29,1183944.0,41.3335,42.96082018975985,39.70617981024015,41.95816666666666,40.77616666666667,41.36716666666667,41.3335,0.30999999999999517,42.2335,40.4335,0,39.4016525581773,-4.661618551822051,-22.76277606597423,35.047981531485405,40.81973116235867,0.5890182577841804,29.152407684007013,44256782.0,1706897.3,0,0.059933902065481826,28.000000000000004,-72.0,100.0,41.3335,41.14156732894413,41.52328192947101,-0.10641046522793213,-0.4985600479258565,-0.3921495826979244
1472184000,2016-08-26,40.4,40.65,39.41,39.45,1494832.0,41.1745,42.88341164195229,39.46558835804771,41.85916666666667,40.60216666666667,41.230666666666664,41.1745,1.240000000000002,42.1285,40.2205,0,34.29386087363159,-7.459535538353271,-25.753968996914956,35.22761439663317,40.70848057318336,0.6355169536567391,30.681957223207146,42761950.0,1711425.44,0,0.0008086495155593499,24.0,-76.0,100.0,41.1745,40.9804656785685,41.44197675576627,-0.14225571638138562,-0.5699692281746565,-0.42771351179327083
1472443200,2016-08-29,39.57,39.86,39.54,39.63,1111175.0,41.0045,42.61487231719877,39.39412768280123,41.6845,40.4465,41.0655,41.0045,0.4099999999999966,41.945750000000004,40.06325,0,36.1605729372606,-7.901464094817566,-27.3097821037879,30.796948830896056,40.623910854430385,0.6194085998241147,32.10225322389299,43873125.0,1688804.38,0,-0.006702338097937922,20.0,-76.0,96.0,41.0045,40.85184989965722,41.370918843775435,-0.14187898371644164,-0.6050622414388229,-0.4631832577223813
1472529600,2016-08-30,39.61,39.82,39.14,39.17,1272496.0,40.8315,42.44958868730986,39.213411312690134,41.521499999999996,40.2805,40.900999999999996,40.8315,0.6799999999999997,41.7735,39.8895,0,33.59322458668541,-8.116349988271173,-29.688741221155666,26.548196098659602,40.5198801394762,0.6237365569795351,33.735921902767856,42600629.0,1680458.14,0,-0.05429921874019628,16.0,-84.0,100.0,40.8315,40.69167371873748,41.28460830088228,-0.15933869621962615,-0.662356627996914,-0.5030179317772878
1472616000,2016-08-31,39.15,39.35,39.06,39.34,1748912.0,40.7,42.3536988843197,39.04630111568031,41.33533333333334,40.17133333333333,40.75333333333334,40.7,0.28999999999999915,41.584250000000004,39.81575,0,35.37805519613684,-6.266380748153432,-30.796272375379324,20.85635058290036,40.37035324459104,0.5998982314809969,35.31349841634817,44349541.0,1689679.94,0,-0.02623183132651385,12.0,-84.0,96.0,40.7,40.562942888381535,41.208349151828074,-0.1464943866998838,-0.6861359151521427,-0.5396415284522589
1472702400,2016-09-01,39.33,39.36,38.99,39.06,1224961.0,40.553,42.24066228849264,38.86533771150735,41.18833333333333,40.02733333333333,40.60783333333333,40.553,0.36999999999999744,41.434999999999995,39.671,0,33.802897476212294,-6.999999999999995,-32.345866017779514,16.991630525702192,40.256639437940684,0.5834769292323541,36.83343998667726,43124580.0,1688852.0,0,-0.04179296849078778,8.0,-92.0,100.0,40.553,40.41980547044044,41.12410016548188,-0.14371348156978347,-0.7192833804144882,-0.5755698988447048
1472788800,2016-09-02,39.06,39.69,39.03,39.63,1754122.0,40.466499999999996,42.15718358955786,38.77581641044213,41.07449999999999,39.9345,40.5045,40.466499999999996,0.6599999999999966,41.33275,39.600249999999996,0,39.5685240568629,-4.182785299806569,-30.968490242067944,24.05677563638443,40.136798650790496,0.5889428628586142,37.33477349003301,44878702.0,1686521.84,0,0.07282569094446506,4.0,-92.0,96.0,40.466499999999996,40.34458590182707,41.06550800212965,-0.092813336652944,-0.6915865696608847,-0.5987732330079407
1473134400,2016-09-06,39.81,40.19,39.65,40.06,1469500.0,40.4005,42.045838566982574,38.75516143301743,41.0025,39.8635,40.433,40.4005,0.5599999999999952,41.2675,39.533500000000004,0,43.477802153186495,-3.18994683421943,-27.978342107861558,30.357156812191363,40.09311120029191,0.58687551551157,36.59606716328419,46348202.0,1663061.8,0,0.16934482754587019,4.0,-88.0,92.0,40.4005,40.31748248260544,41.026076315771626,-0.02314418673344587,-0.6277034664247481,-0.6045592796913022
1473220800,2016-09-07,40.02,40.07,39.77,40.0,998764.0,40.329,41.912286455446484,38.74571354455352,40.91799999999999,39.794,40.356,40.329,0.29999999999999716,41.18475,39.47325,0,43.0685856272337,-3.451605117064928,-25.779956506233827,35.637039434023706,40.04055761947205,0.5663844072607433,35.91012557416029,45349438.0,1621237.72,0,0.038149334354976715,8.0,-80.0,88.0,40.329,40.28724605569064,40.985838028878625,0.023418934956573212,-0.5752856109955857,-0.5987045459521589
1473307200,2016-09-08,39.89,40.18,39.82,40.1,1058219.0,40.258500000000005,41.7479465415047,38.76905345849531,40.851166666666664,39.71216666666667,40.281666666666666,40.258500000000005,0.35999999999999943,41.1255,39.39150000000001,0,43.99339028943649,-3.396771862201871,-23.59042489166282,29.713122603448184,39.90078274148218,0.551642663884976,35.00980850037752,46407657.0,1606877.2,0,-0.05608546976495482,4.0,-80.0,84.0,40.258500000000005,40.26941309800581,40.95109928264809,0.06321617973051108,-0.5196843212890201,-0.5829005010195312
1473393600,2016-09-09,39.74,39.8,38.81,38.82,2904495.0,40.116499999999995,41.58578928397383,38.64721071602616,40.764833333333335,39.55583333333333,40.16033333333333,40.116499999999995,1.2899999999999991,41.058499999999995,39.174499999999995,0,36.09361432582324,-6.817090734517514,-25.167702985314055,28.042359120950294,39.72311789591048,0.6043824736074777,35.39575117460838,43503162.0,1636080.4,-1,-0.14853598234155244,24.0,-76.0,100.0,40.116499999999995,40.13137375533859,40.867526761759926,0.008474008068078187,-0.5723079909344335,-0.5807819990025117
1473652800,2016-09-12,38.88,39.66,38.69,39.59,2942822.0,40.0095,41.2931584436681,38.72584155633191,40.671499999999995,39.4015,40.036500000000004,40.0095,0.9699999999999989,40.99725,39.021750000000004,0,42.618277199044414,-5.128205128205113,-23.219835067841693,39.299822165419634,39.62195232145454,0.6304980112069435,35.872230717241266,46445984.0,1631518.96,0,0.012191477984894174,20.0,-76.0,96.0,40.0095,40.07981435006825,40.81742767306346,0.028152933659595814,-0.5455908319280169,-0.5737437655876128
1473739200,2016-09-13,39.54,39.56,38.91,39.08,3000610.0,39.909000000000006,41.15265429280023,38.66534570719978,40.559333333333335,39.29933333333334,39.92933333333333,39.909000000000006,0.6800000000000068,40.89150000000001,38.926500000000004,0,39.78621801802376,-4.891701143830628,-23.006494784731167,36.07024167641561,39.526984392455844,0.6340338675493051,36.31467600682895,43445374.0,1651012.98,0,-0.010034157329319802,16.0,-76.0,92.0,39.909000000000006,39.98459393577603,40.749293254511954,0.011695183519070174,-0.5591247861887751,-0.5708199697078453
1473825600,2016-09-14,39.25,39.54,38.93,39.14,1776980.0,39.8445,41.10704465267587,38.581955347324126,40.48383333333333,39.22983333333333,39.856833333333334,39.8445,0.6099999999999994,40.8225,38.866499999999995,0,40.277691949285334,-3.1906999752658898,-22.61743759884192,42.69482226386167,39.46760701478483,0.6323171627243547,36.725518061446074,45222354.0,1654802.66,0,-0.08247032486376302,12.0,-76.0,88.0,39.8445,39.90415641808308,40.68618371511933,0.00979982025809567,-0.5585701943852257,-0.5683700146433214
1473912000,2016-09-15,39.13,39.58,38.98,39.52,1402782.0,39.788,41.00148423970007,38.574515760299924,40.404,39.215999999999994,39.81,39.788,0.6000000000000014,40.716499999999996,38.8595,0,43.359734313283475,-2.7798277982779718,-20.89679461844432,43.14187126174415,39.417629406386496,0.6300087939583294,36.99112322341712,46625136.0,1651963.94,0,-0.0020793497129192404,8.0,-76.0,84.0,39.788,39.86757009255136,40.64045102040876,0.037530553695973246,-0.5214568225233549,-0.5589873762193281
1473998400,2016-09-16,39.41,39.88,39.2,39.82,3649081.0,39.718500000000006,40.74271238031987,38.69428761968014,40.33383333333333,39.14983333333333,39.74183333333333,39.718500000000006,0.6799999999999997,40.644000000000005,38.793000000000006,0,45.688922056587835,-3.3729677262800304,-18.466518137317248,53.54465103498498,39.423737378658345,0.6335795943898772,36.39055220889127,50274217.0,1684209.52,0,0.1654300464686872,4.0,-76.0,80.0,39.718500000000006,39.86303960754647,40.60827647058881,0.07718570689320958,-0.4625052426028162,-0.5396909494960258
1474257600,2016-09-19,39.97,40.15,39.82,40.12,1624956.0,39.7005,40.68232432237162,38.718675677628376,40.27616666666667,39.14616666666667,39.71116666666667,39.7005,0.3299999999999983,40.58175,38.81925,0,47.942332556659714,-0.8893280632411054,-15.49779803311627,58.63014256046734,39.44998171336417,0.6118953376477431,35.13797077008895,51899173.0,1672250.88,0,0.2299375963067595,16.0,-60.0,76.0,39.7005,39.887512025875374,40.58912837370298,0.12206014488449934,-0.3871157683904016,-0.509175913274901
1474344000,2016-09-20,40.32,40.44,39.99,40.0,1839990.0,39.672999999999995,40.58654474438885,38.75945525561114,40.260333333333335,39.11533333333333,39.68783333333333,39.672999999999995,0.44999999999999574,40.56475,38.78124999999999,0,47.119169438310216,-1.3563501849568365,-13.457382773326632,64.1686394631378,39.49995409824688,0.6003313849586183,33.29166885597509,50059183.0,1671695.3,0,0.2033468979138103,12.0,-60.0,72.0,39.672999999999995,39.8982251662682,40.56602530022443,0.14077191871552308,-0.3332110148804972,-0.4739829335960203
1474430400,2016-09-21,39.97,40.78,39.92,40.75,2100757.0,39.695499999999996,40.688424468426724,38.70257553157327,40.26816666666666,39.10516666666667,39.68666666666667,39.695499999999996,0.8599999999999994,40.60074999999999,38.79025,0,52.486298298513184,1.1166253101737043,-9.300578850623216,70.95226279999619,39.590158257670026,0.6188791431758597,30.97016043066643,52159940.0,1668435.66,0,0.21251326060822184,8.0,-60.0,68.0,39.695499999999996,39.979346579004556,40.573239994333285,0.19730505924534392,-0.22735160953934042,-0.42465666878468433
1474516800,2016-09-22,41.0,41.2,40.75,41.03,2074682.0,39.730000000000004,40.849928569150954,38.610071430849054,40.309,39.143,39.726,39.730000000000004,0.45000000000000284,40.6375,38.822500000000005,0,54.308725502815335,1.710461080813083,-5.140395239776023,76.12281430407506,39.71137934579492,0.6068163472347271,29.588953117200244,54234622.0,1664111.4,0,0.25055923874828745,4.0,-60.0,64.0,39.730000000000004,40.079408809575554,40.59115215141826,0.2441363389221402,-0.11948624513200912,-0.3636225840541493
1474603200,2016-09-23,40.9,41.46,40.8,41.33,1845381.0,39.782,41.083039584332646,38.48096041566735,40.36833333333333,39.16733333333333,39.767833333333336,39.782,0.6600000000000037,40.71574999999999,38.84825,0,56.20330268659912,2.5812856788284915,-0.9267647646597562,76.26542020325078,39.82289979416863,0.610615179575104,28.735061431016483,56080003.0,1651624.88,0,0.23872043082080255,100.0,40.0,60.0,39.782,40.19851273247312,40.62012657685283,0.2831516242831192,-0.009683053700250355,-0.29283467798336954
1474862400,2016-09-26,41.33,41.59,41.19,41.41,2068667.0,39.88,41.35048291387573,38.409517086124275,40.40433333333333,39.287333333333336,39.84583333333333,39.88,0.4000000000000057,40.750750000000004,39.00925,0,56.707197465050854,4.968314321926473,2.670723522065503,76.81149923283166,39.92684389557847,0.5955712381768828,28.149712762425207,58148670.0,1658818.78,0,0.2148838686200354,100.0,43.99999999999999,56.00000000000001,39.88,40.31389247223758,40.65110200521155,0.3005375042322709,0.082837202306969,-0.21770030192530185
1474948800,2016-09-27,41.65,41.78,40.64,40.72,1486648.0,39.9345,41.44415525866022,38.42484474133978,40.51383333333333,39.31483333333333,39.91433333333333,39.9345,1.1400000000000006,40.86,39.009,0,51.34400103865505,2.750441584658078,3.408443945189614,75.44853972766654,39.98208906436164,0.6344590068785341,26.41388571988617,56662022.0,1660195.0,0,0.15055341185344542,96.0,44.0,52.0,39.9345,40.352569379643526,40.65380388736011,0.2536305084405317,0.09933783362536275,-0.15429267481516892
1475035200,2016-09-28,40.8,40.85,40.28,40.6,1258231.0,40.006,41.499417557148846,38.512582442851155,40.568333333333335,39.38033333333333,39.974333333333334,40.006,0.5700000000000003,40.92325,39.08875,0,50.470167291402284,3.650753127393412,3.6196192569786976,71.36906223703554,40.00523712994468,0.629854792101496,24.911978919028392,55403791.0,1656865.1,0,0.13509133989337888,92.0,44.0,48.0,40.006,40.376134200629856,40.651693930993055,0.20468291906708627,0.10156097401868891,-0.10312194504839736
1475121600,2016-09-29,40.39,40.53,39.89,40.19,1269087.0,40.048500000000004,41.511760400612424,38.585239599387585,40.6335,39.4105,40.022000000000006,40.048500000000004,0.7100000000000009,40.99725,39.09975000000001,0,47.55910320350369,2.160650737163178,2.5079782945017257,75.30446624711304,40.102440061117335,0.635579449808532,24.152609410584365,54134704.0,1664632.76,0,0.24050273038556277,88.0,44.0,44.0,40.048500000000004,40.3584071339032,40.63358828664039,0.13804860240373157,0.06943880795626711,-0.06860979444746447
1475208000,2016-09-30,40.36,40.58,39.55,39.82,3083936.0,40.0865,41.483056837368395,38.68994316263161,40.70883333333333,39.41983333333333,40.06433333333333,40.0865,1.0300000000000011,41.08475,39.08825,0,45.08863983408811,1.9457245263696823,0.48059797021645073,64.69166403850858,40.171076310822436,0.6637523462507797,23.944013142984964,51050768.0,1689429.04,-1,0.0993901608065257,84.0,44.0,40.0,40.0865,40.307130264007654,40.601682863634885,0.06605973457486403,0.013964873771115549,-0.05209486080374847
1475467200,2016-10-03,39.69,39.71,39.03,39.35,1766019.0,40.072500000000005,41.492498239435676,38.652501760564334,40.7055,39.414500000000004,40.059999999999995,40.072500000000005,0.7899999999999991,41.08050000000001,39.0645,0,42.16030310245387,-0.706535452939695,-2.545288764547597,67.52804593931714,40.22749833508868,0.6727700358042954,24.41326397048955,49284749.0,1697761.46,0,0.15260234557834673,80.0,44.0,36.0,40.072500000000005,40.21597500076883,40.552597261139404,-0.01204381666148615,-0.06714963163060617,-0.055105814969120016
1475553600,2016-10-04,39.16,39.25,38.45,38.67,2719901.0,40.003,41.54910607656798,38.45689392343202,40.659666666666666,39.342666666666666,40.00116666666667,40.003,0.8999999999999986,41.036500000000004,38.9695,0,38.36555609027794,-3.4697953070394423,-6.8829040326898685,59.23542036535406,40.153361276340405,0.6890007475325598,25.46438702435699,46564848.0,1737315.1,0,0.12371414324713984,76.0,-24.0,100.0,40.003,40.068739286409894,40.47876991756531,-0.10325987488805374,-0.1841806585791872,-0.08092078369113345
1475640000,2016-10-05,39.11,39.13,38.35,38.63,3199191.0,39.9345,41.592420082513165,38.276579917486835,40.621500000000005,39.2565,39.939,39.9345,0.7800000000000011,41.004,38.865,0,38.152921275615306,-3.424999999999993,-10.392638888962292,51.251266739419094,40.03577502078406,0.695500694137377,26.538273518389392,43365657.0,1779115.3,-1,0.04878706938382144,72.0,-28.0,100.0,39.9345,39.931716497227995,40.40626913648432,-0.15683424697948617,-0.2769635924154912,-0.120129345436005
1475726400,2016-10-06,38.61,38.82,38.21,38.75,1922605.0,39.867,41.60066778824562,38.13333221175437,40.562,39.172000000000004,39.867000000000004,39.867,0.6099999999999994,40.95525,38.778749999999995,0,39.21675657213938,-3.3665835411471354,-12.797873725306442,41.64764956626561,39.98960725961417,0.6893935016989928,27.674920417243992,45288262.0,1790864.26,0,-0.0021521320906421576,68.0,-28.0,96.0,39.867,39.819172068920565,40.3413174056418,-0.1734387991455723,-0.3369278443679704,-0.1634890452223981
1475812800,2016-10-07,38.96,39.37,38.43,38.54,1727475.0,39.853,41.62437347840609,38.08162652159391,40.54133333333333,39.156333333333336,39.84883333333333,39.853,0.9399999999999977,40.915,38.791000000000004,0,38.012292875558366,-0.7212776919113888,-15.296016066301013,41.74787957748419,39.91361969125741,0.7072939658633502,27.489953753109713,43560787.0,1796656.76,0,-0.09567190693971875,64.0,-36.0,100.0,39.853,39.697346157594794,40.270677507381336,-0.186665473298132,-0.3968208868450631,-0.21015541354693112
1476072000,2016-10-10,38.56,38.81,38.47,38.78,1195992.0,39.8125,41.6421543389396,37.9828456610604,40.4785,39.156499999999994,39.8175,39.8125,0.3400000000000034,40.82725,38.79775,0,40.221004402103,-2.045971204849715,-16.46843111452478,36.10318915753922,39.84543086803557,0.6810586825873969,27.318198993556454,44756779.0,1788330.2,0,0.0010695391267166142,60.0,-36.0,96.0,39.8125,39.60997985687148,40.212219565915404,-0.1679381977469327,-0.420078160730597,-0.2521399629836643
1476158400,2016-10-11,38.7,38.7,38.13,38.2,1903117.0,39.7685,41.705665713097495,37.83133428690251,40.432500000000005,39.1185,39.77550000000001,39.7685,0.6499999999999986,40.781000000000006,38.756,0,36.87830358952698,-2.251791197543489,-18.90906617715692,28.71690626854044,39.6928653436107,0.6788402052597255,27.588809167913897,42853662.0,1779219.34,0,-0.12209728999129756,56.00000000000001,-43.99999999999999,100.0,39.7685,39.47569606097896,40.133308994703036,-0.18211223950944888,-0.47978026237047544,-0.29766802286102656
1476244800,2016-10-12,38.25,38.7,38.24,38.64,2367284.0,39.7435,41.72486594297987,37.76213405702013,40.39116666666667,39.09216666666667,39.74166666666667,39.7435,0.5,40.747749999999996,38.73925,0,40.80672476706962,-1.2774655084312723,-19.229041263276116,29.116325605343746,39.49660186272386,0.6660659048840308,27.840090044102954,45220946.0,1797885.98,0,-0.07613718026446309,52.0,-44.0,96.0,39.7435,39.396105959933344,40.07474785765586,-0.1506560751437107,-0.485988116790665,-0.3353320416469543
1476331200,2016-10-13,38.74,39.35,38.61,39.17,1966091.0,39.726,41.721087967985504,37.730912032014494,40.382333333333335,39.06933333333333,39.725833333333334,39.726,0.740000000000002,40.74075,38.71125,0,45.136103854182316,-0.8856275303643759,-17.537539396770814,29.163990687074858,39.35239053328238,0.6713469116780287,26.65695735421203,47187037.0,1804093.3,0,-0.07970297968060955,48.0,-44.0,92.0,39.726,39.37457205898731,40.039267549512495,-0.08616180028223769,-0.4430342919997514,-0.35687249171751373
1476417600,2016-10-14,39.0,39.55,38.92,39.09,1576292.0,39.6895,41.70299919294758,37.676000807052425,40.3575,39.0495,39.703500000000005,39.6895,0.6299999999999955,40.700500000000005,38.6785,0,44.617602392064136,-1.833249623304864,-16.404349651586276,27.59195027986587,39.188766263332866,0.6683935608438835,25.178979282543448,45610745.0,1806652.18,0,-0.1151125643841482,44.0,-44.0,88.0,39.6895,39.34746995813138,40.00204137110024,-0.043073169033769565,-0.4107139530097257,-0.3676407839759561
1476676800,2016-10-17,39.13,39.52,39.13,39.5,1575637.0,39.658500000000004,41.66360623159986,37.65339376840015,40.32816666666667,39.01416666666667,39.67116666666667,39.658500000000004,0.4299999999999997,40.67700000000001,38.64,0,47.84947943500168,-1.5453639082751682,-14.025665982621923,33.33020209307121,39.09957627716022,0.6513654493550346,23.80657107313691,47186382.0,1793121.34,0,-0.016958245828476125,40.0,-44.0,84.0,39.658500000000004,39.361996628785526,39.98235347419435,0.015708869979367712,-0.3480046965017465,-0.3637135664811142
1476763200,2016-10-18,39.72,39.91,39.22,39.78,1433902.0,39.6475,41.64739874743712,37.64760125256288,40.31483333333333,38.97683333333334,39.645833333333336,39.6475,0.6899999999999977,40.684000000000005,38.611,0,49.94912189633752,-0.5499999999999972,-11.141804803451253,38.40387069285728,39.060293625255866,0.6541250601153891,22.41739792778713,48620284.0,1790889.96,0,0.009824270919146725,36.0,-44.0,80.0,39.6475,39.4018064736631,39.974418043833786,0.07291368134121184,-0.2725714648045994,-0.3454851461458112
1476849600,2016-10-19,39.66,39.83,39.39,39.67,1745634.0,39.593500000000006,41.52868242034197,37.65831757965804,40.25116666666667,38.95516666666667,39.60316666666667,39.593500000000006,0.4399999999999977,40.59850000000001,38.5885,0,49.13111981174327,-2.6503067484662535,-9.133995721306345,37.770150061387405,39.04410951475512,0.6388304129642897,21.127451435676612,46874650.0,1808594.26,0,0.02936501269858649,32.0,-44.0,76.0,39.593500000000006,39.427348714266614,39.962480081330504,0.10107607231157034,-0.21914005575634832,-0.32021612806791866
1476936000,2016-10-20,39.81,40.12,39.62,39.78,1155800.0,39.531,41.354062258948005,37.70793774105199,40.196,38.894999999999996,39.545500000000004,39.531,0.5,40.53975,38.52225,0,49.993169456110905,-3.046551303923958,-7.119608976553559,45.12291380245806,38.968824028544724,0.6289139548954118,20.45912047152937,48030450.0,1816126.68,0,0.07155314653513768,28.000000000000004,-44.0,72.0,39.531,39.46093455100313,39.955323999709705,0.12336843098040573,-0.1660055893424115,-0.2893740203228172
1477022400,2016-10-21,39.5,39.88,39.5,39.69,2052449.0,39.449,41.0782439964599,37.81975600354009,40.10666666666667,38.833666666666666,39.470166666666664,39.449,0.38000000000000256,40.436749999999996,38.46125,0,49.27401158196101,-3.968061940479072,-5.737648265064924,44.602169008505236,38.99834269971746,0.6111343866885968,19.571995837899205,45978001.0,1835079.5,0,0.0746949776774689,24.0,-44.0,68.0,39.449,39.48275030805045,39.94491913697599,0.12776825047367846,-0.12966370723071918,-0.25743195770439764
1477281600,2016-10-24,39.83,39.99,39.5,39.78,1128288.0,39.36749999999999,40.73887704516324,37.99612295483674,40.02916666666667,38.747166666666665,39.38816666666666,39.36749999999999,0.490000000000002,40.361999999999995,38.37299999999999,0,50.030659053660315,-3.9362472832649016,-4.274275584478611,51.981654408028874,39.05534843926536,0.6024819304965543,18.95781065197543,47106289.0,1842001.66,0,0.1349771258164737,20.0,-44.0,64.0,39.36749999999999,39.511059802521835,39.938451719839684,0.13191869703908282,-0.0925335864055441,-0.22445228344462692
1477368000,2016-10-25,39.65,40.07,39.59,39.91,1448651.0,39.327000000000005,40.57884823361329,38.07515176638672,39.93666666666667,38.72066666666667,39.32866666666667,39.327000000000005,0.4799999999999969,40.272000000000006,38.382000000000005,0,51.138823530160586,-1.9891944990176873,-2.588493582857361,62.119744064306005,39.15392909438854,0.5937332211753716,18.542526254294867,48554940.0,1844784.14,0,0.2048718316408265,16.0,-44.0,60.0,39.327000000000005,39.54905410704357,39.93733596612048,0.13794730537496186,-0.05201815172592461,-0.18996545710088647
1477454400,2016-10-26,39.83,40.0,39.53,39.92,1732916.0,39.293,40.436994755233044,38.149005244766954,39.89366666666667,38.687666666666665,39.29066666666667,39.293,0.46999999999999886,40.2305,38.3555,0,51.226406244735045,-1.6748768472906395,-1.1352939861166007,62.477465214374945,39.250683480483964,0.5848951339485593,18.00084010079699,50287856.0,1849425.3,0,0.19185538420938322,12.0,-44.00000000000001,56.00000000000001,39.293,39.58438228732513,39.93665612431183,0.13686455004081818,-0.018884769549863734,-0.15574931959068192
1477540800,2016-10-27,39.69,39.82,39.36,39.62,1619809.0,39.2645,40.34428655298199,38.184713447018005,39.854499999999994,38.6665,39.26049999999999,39.2645,0.5600000000000023,40.190749999999994,38.33825,0,48.48209413479865,-1.418263249564569,-0.9956904599516699,55.23396288825767,39.31089343143074,0.583116910095091,17.05682951992129,48668047.0,1792832.12,0,0.2597585126538919,8.0,-44.0,52.0,39.2645,39.58777445043702,39.92423823708392,0.11128587177423047,-0.01664197987289384,-0.1279278516471243
1477627200,2016-10-28,39.72,39.99,39.57,39.83,953440.0,39.265,40.34582375991682,38.18417624008318,39.81466666666667,38.687666666666665,39.25116666666667,39.265,0.4200000000000017,40.1455,38.3845,0,50.43849797764146,0.025113008538417907,-0.08565591212839167,60.00342812167122,39.36428101694182,0.5714657022311561,16.56475938642669,49621487.0,1758278.94,0,0.22909031853568826,4.0,-44.0,48.0,39.265,39.6108435503954,39.920542619943376,0.10398786569438861,0.002056980470861447,-0.10193088522352717
1477886400,2016-10-31,39.95,40.76,39.9,40.47,1677736.0,39.321,40.522913474423476,38.11908652557652,39.87433333333333,38.72933333333333,39.301833333333335,39.321,0.9299999999999997,40.211999999999996,38.43,0,55.8206581896276,2.8462515883100314,3.073544430803923,67.99676156339727,39.52660205946686,0.5970752949289306,17.49486743328196,51299223.0,1757405.9,0,0.3197368115051024,4.0,-40.0,44.0,39.321,39.69266797416727,39.94208996818089,0.1357349903849151,0.06773785275761668,-0.0679971376272984
1477972800,2016-11-01,40.54,40.54,39.64,39.75,1481174.0,39.375,40.55185173237783,38.19814826762217,39.93866666666666,38.78366666666666,39.36116666666667,39.375,0.8999999999999986,40.266,38.484,0,49.46008911541751,2.7928626842513533,2.7970094209518006,59.87146800333296,39.667393805068315,0.6187127738625783,17.683983096745937,49818049.0,1765322.86,0,0.19974699209110267,4.0,-36.0,40.0,39.375,39.69812816710372,39.93455702825223,0.10318921958503066,0.06098938685398991,-0.04219983273104074
1478059200,2016-11-02,39.61,40.03,38.78,39.28,2639598.0,39.407500000000006,40.535132475587986,38.279867524412026,39.99516666666666,38.793166666666664,39.39416666666666,39.407500000000006,1.25,40.33375000000001,38.48125,0,45.86872495439343,1.6826300802485077,0.8060923512179643,49.324504784297,39.68649087712708,0.6638047185866798,16.750711986500782,47178451.0,1797608.78,-1,0.12450103716025818,92.0,56.0,36.0,39.407500000000006,39.65830643690336,39.908888125183516,0.04777123738674411,0.017514214002389394,-0.030257023384354716
1478145600,2016-11-03,39.14,39.42,38.95,39.23,1843698.0,39.43150000000001,40.52195449240245,38.34104550759756,40.0185,38.8305,39.4245,39.43150000000001,0.46999999999999886,40.34725000000001,38.515750000000004,0,45.498766704959166,1.238709677419347,-0.9282919556397475,41.82213899316361,39.68164074361032,0.6499615244019168,15.884103098415997,45334753.0,1809574.58,0,0.17098435863019643,88.0,56.0,32.0,39.43150000000001,39.61751534767446,39.88226506145083,0.007617036883297654,-0.020735727280232652,-0.028352764163530306
1478232000,2016-11-04,39.42,39.96,39.08,39.09,1787326.0,39.458999999999996,40.483907800731686,38.434092199268306,40.04533333333333,38.86333333333333,39.45433333333334,39.458999999999996,0.8800000000000026,40.37025,38.54774999999999,0,44.44227342039915,1.4270887389725073,-2.8145605582762068,42.35986373705755,39.67833402502389,0.6663928440874943,15.394824424204367,43547427.0,1821642.22,0,0.03015288825492535,84.0,56.0,28.000000000000004,39.458999999999996,39.56727579075309,39.851195843354716,-0.02662612193176865,-0.06163541657824112,-0.03500929464647247
1478494800,2016-11-07,39.31,39.91,38.95,39.9,1440615.0,39.515,40.5072600465607,38.5227399534393,40.12133333333334,38.87733333333334,39.49933333333333,39.515,0.9599999999999937,40.47275,38.55725,0,51.325637847280866,2.888086642599271,-1.2674656824264354,42.37227906465003,39.675149542870535,0.68736478379553,14.685623344354076,44988042.0,1820557.88,0,0.05291263722685013,80.0,56.0,24.0,39.515,39.59896381068136,39.85310973185061,0.005318195581333875,-0.028361550169805128,-0.033679745751139
1478581200,2016-11-08,40.03,40.67,40.01,40.44,2018454.0,39.626999999999995,40.49859853143555,38.75540146856444,40.227333333333334,38.974333333333334,39.600833333333334,39.626999999999995,0.7700000000000031,40.59374999999999,38.66025,1,55.21908592032788,5.863874345549725,1.8578349031213053,50.724553519301196,39.73990452200209,0.6932672992387067,15.180640511838208,47006496.0,1838703.46,0,0.058183975088730126,76.0,56.0,20.0,39.626999999999995,39.679062495378375,39.87612503648392,0.05983007660865572,0.041107850009680647,-0.018722226598975072
1478667600,2016-11-09,39.78,39.78,39.06,39.12,2374015.0,39.650999999999996,40.434553444252906,38.86744655574709,40.279999999999994,39.001,39.640499999999996,39.650999999999996,1.3799999999999955,40.683749999999996,38.618249999999996,1,45.793749004392964,1.2422360248447124,-0.383951281676457,43.432737470872574,39.693927903388065,0.7423196350073702,14.176528922081607,44632481.0,1860733.84,0,-0.00930619016080172,72.0,56.0,16.0,39.650999999999996,39.62581844819948,39.846473074268864,0.0067920468124388345,-0.01023216808342653,-0.017024214895865364
1478754000,2016-11-10,38.84,39.22,37.48,38.47,3171195.0,39.616,40.53346171582285,38.69853828417715,40.29733333333333,38.91833333333334,39.60783333333333,39.616,1.740000000000002,40.723749999999995,38.508250000000004,1,42.07145224834338,-1.7870819504723074,-4.07361619332593,41.684646125134144,39.530916421688815,0.8135825182211296,15.01596372120649,41461286.0,1889179.5,0,0.00838227898775882,68.0,56.0,12.0,39.616,39.51574050075192,39.792493738023026,-0.06813348802759575,-0.10219107493036006,-0.0340575869027643
1478840400,2016-11-11,38.34,38.88,38.09,38.18,1658290.0,39.570499999999996,40.661618233740334,38.47938176625966,40.26516666666667,38.87016666666666,39.56766666666666,39.570499999999996,0.7899999999999991,40.69024999999999,38.45075,1,40.524477398091996,-2.3279611153747855,-7.620936311350289,36.516800984697525,39.447435020328854,0.811898052633906,15.795438891822451,39802996.0,1897846.08,0,-0.04756553083342735,64.0,-36.0,100.0,39.570499999999996,39.388527119727925,39.729258689473106,-0.12972031767719522,-0.19620798399925832,-0.06648766632206311
1479099600,2016-11-14,37.82,38.1,37.69,37.99,1669277.0,39.495,40.78586792508012,38.204132074919876,40.193333333333335,38.79633333333333,39.49483333333333,39.495,0.490000000000002,40.619249999999994,38.37075,0,39.522242938511994,-3.8227848101265773,-10.803522020105339,30.686233627816293,39.327307953930806,0.7889053345886271,16.88221670331032,38133719.0,1896149.18,0,-0.03601177924345461,60.0,-40.0,100.0,39.495,39.25533406070622,39.661052466356516,-0.17304079672397113,-0.28278866222702703,-0.1097478655030559
1479186000,2016-11-15,38.13,38.71,38.13,38.53,1597991.0,39.4325,40.78183872693282,38.08316127306718,40.12883333333333,38.74283333333333,39.435833333333335,39.4325,0.7199999999999989,40.559,38.306,0,43.688674137062826,-3.14228255404726,-11.433962323377393,36.952698422881625,39.240957455715936,0.7839835249751536,16.943768387121406,39731710.0,1898719.0,0,-0.056900974503617946,56.00000000000001,-39.99999999999999,96.0,39.4325,39.18625462635325,39.61669746767587,-0.15566006043041833,-0.3043229410410788,-0.1486628806106605
1479272400,2016-11-16,38.59,38.73,37.98,38.2,1670199.0,39.359,40.80524894122717,37.912751058772834,40.077999999999996,38.661,39.3695,39.359,0.75,40.50875,38.209250000000004,0,41.83470776358651,-3.705570960423491,-12.767861040263334,36.9588816225999,39.15830346830256,0.7815561303340711,17.154364205691483,38061511.0,1912147.7,0,-0.09149131580195136,52.0,-40.0,92.0,39.359,39.092325614319606,39.5611407042376,-0.15631069201316822,-0.34405124562712075,-0.18774055361395253
1479358800,2016-11-17,38.18,38.56,38.18,38.36,960336.0,39.288,40.78320032102749,37.7927996789725,39.998333333333335,38.593333333333334,39.295833333333334,39.288,0.38000000000000256,40.428749999999994,38.14725,0,43.06773838387593,-3.5696329813976915,-13.275582430977645,36.890723845426564,39.10563384984672,0.7528735495959233,17.34991746579227,39021847.0,1910190.04,0,-0.1021463224420585,48.0,-40.0,88.0,39.288,39.02258031771774,39.51403714720868,-0.13660200951628965,-0.3584930655093146,-0.22189105599302494
1479445200,2016-11-18,38.3,38.5,37.88,38.09,1377022.0,39.208000000000006,40.777950317685494,37.63804968231452,39.93366666666667,38.504666666666665,39.219166666666666,39.208000000000006,0.6199999999999974,40.36675,38.04925000000001,0,41.504846501256495,-4.031242126480207,-14.352459464054396,30.68443544324218,38.97175628490687,0.7433825817676428,17.85832029604338,37644825.0,1879640.58,0,-0.14189678177048043,44.0,-40.0,84.0,39.208000000000006,38.93376314460177,39.4581925532005,-0.1322959169134732,-0.38726095213486644,-0.25496503522139324
1479704400,2016-11-21,38.17,38.49,38.17,38.36,1530892.0,39.137,40.725384084533964,37.54861591546604,39.85433333333334,38.44233333333334,39.14833333333333,39.137,0.3999999999999986,40.289,37.985,0,43.65709540847217,-3.5696329813976915,-14.308052036154306,36.56603596366507,38.876352168605344,0.7188552544985253,18.330408638419414,39175717.0,1851401.98,0,-0.08699133206606843,40.0,-40.0,80.0,39.137,38.87911903559208,39.41512617856519,-0.10310653413131587,-0.3838482028855381,-0.28074166875422224
1479790800,2016-11-22,38.44,38.73,38.28,38.55,2590258.0,39.069,40.63548523772196,37.50251476227805,39.786,38.377,39.0815,39.069,0.44999999999999574,40.21875,37.919250000000005,0,45.15195363420513,-3.4076672513154582,-13.637952271875426,46.730095284533625,38.790384254936995,0.6996513077486303,18.321351326870307,41765975.0,1843194.94,0,-0.04644261409323824,36.0,-40.0,76.0,39.069,38.84777436553569,39.381199661758714,-0.06472135527062217,-0.3616433628425,-0.2969220075718778
1479877200,2016-11-23,38.12,38.55,37.96,38.03,1448453.0,38.9745,40.55222589507837,37.396774104921626,39.710166666666666,38.289166666666674,38.99966666666666,38.9745,0.5899999999999963,40.13325,37.81575,0,41.94586128821334,-4.734468937875753,-14.41740111941121,47.53972015082037,38.72557443041007,0.6918190714808707,18.70669083334052,40317522.0,1836624.4,0,-0.10480183771564235,32.0,-40.0,72.0,38.9745,38.769891092627525,39.32821143972896,-0.06774767233454915,-0.38160659799006424,-0.3138589256555151
1480050000,2016-11-25,38.2,38.73,38.19,38.65,960014.0,38.926,40.48084275732335,37.37115724267665,39.660333333333334,38.23133333333333,38.94583333333334,38.926,0.6999999999999957,40.09525,37.756750000000004,0,46.69617806053765,-2.4482584553255906,-12.968404465684582,45.688026585941344,38.6700765043729,0.6924034235179511,18.71789521908941,41277536.0,1827769.04,0,-0.009344058096029487,28.000000000000004,-40.0,68.0,38.926,38.75847289332967,39.30161491268077,-0.023664720827452912,-0.3434398266898313,-0.3197751058623784
1480309200,2016-11-28,38.86,39.64,38.78,39.57,2730964.0,38.913,40.44151692826768,37.38448307173231,39.659000000000006,38.186,38.9225,38.913,0.990000000000002,40.12499999999999,37.701,0,52.73684174070916,-0.6527742907356214,-8.891339536303931,48.43379873033664,38.68878081928168,0.7136603218380976,17.527541557102825,44008500.0,1809406.7,1,0.025125443966154855,24.0,-40.0,64.0,38.913,38.83576118920303,39.31213981806584,0.0668337422310814,-0.2362329280735267,-0.3030666703046081
1480395600,2016-11-29,39.42,39.92,39.42,39.5,2037328.0,38.86450000000001,40.24689610821245,37.48210389178757,39.602833333333336,38.16583333333334,38.88433333333333,38.86450000000001,0.5,40.044250000000005,37.68475000000001,0,52.26248727953311,-2.3968371633308596,-5.933231279873963,48.39307527208004,38.62994464345205,0.6983988702782334,16.80768449063515,41971172.0,1817654.14,0,-0.0523688084875644,20.0,-40.0,60.0,38.86450000000001,38.89902202832655,39.31950688402404,0.11834865493992092,-0.15513085162970697,-0.2734795065696279
1480482000,2016-11-30,39.05,39.11,37.92,37.94,3396952.0,38.774,40.14963657991525,37.39836342008475,39.534666666666666,38.068666666666665,38.80166666666667,38.774,1.5799999999999983,40.00475,37.54325,0,43.15630951574789,-4.5534591194968606,-7.692333302360018,46.66668546376449,38.529951040276586,0.7613703795440738,16.926216744566226,38574220.0,1848793.38,0,-0.09904386848530138,16.0,-84.0,100.0,38.774,38.80768659705735,39.265408574846624,0.0473708770654801,-0.21426591023777775,-0.26163678730325785
1480568400,2016-12-01,37.68,37.81,37.16,37.56,1957923.0,38.688,40.13932491193425,37.23667508806575,39.412,38.006,38.709,38.688,0.7800000000000011,39.8835,37.49250000000001,0,41.310683014261,-4.378818737270873,-9.923455838159636,48.956730785668384,38.469246760881845,0.7627010667194972,17.71359710793157,36616297.0,1845936.7,0,-0.10317680806604682,12.0,-88.0,100.0,38.688,38.68885930209951,39.19852980720558,-0.021465298293528112,-0.288468410170168,-0.2670031118766399
1480654800,2016-12-02,37.8,38.14,37.63,37.98,2200837.0,38.6255,40.08571197091415,37.16528802908586,39.349833333333336,37.93983333333333,38.64483333333333,38.6255,0.5799999999999983,39.82925,37.42175,0,44.092397033410634,-3.1863369869997453,-10.406313620367627,56.302457981271864,38.428154790121596,0.7496509905252473,17.97334339973852,38817134.0,1848459.8,0,-0.02064799228785809,8.0,-88.0,96.0,38.6255,38.62134889237575,39.15074432457007,-0.03424759781596581,-0.30981260914659714,-0.2755650113306313
1480914000,2016-12-05,37.81,38.2,37.51,38.17,1910014.0,38.5795,40.03624259908914,37.122757400910864,39.26950000000001,37.878499999999995,38.574,38.5795,0.6900000000000048,39.769000000000005,37.39,0,45.32638776423716,-2.353543105653624,-10.238659409442798,62.94710404621965,38.42599091522858,0.74539020548773,18.325763258448372,40727148.0,1849752.46,0,0.016339470371202612,4.0,-88.0,92.0,38.5795,38.57836328357806,39.11228376282223,-0.02582635012041945,-0.30784794898115564,-0.2820215988607362
1481000400,2016-12-06,38.29,38.34,37.87,38.23,1574710.0,38.496,39.826374383397784,37.16562561660222,39.173,37.831,38.501999999999995,38.496,0.47000000000000597,39.64875,37.343250000000005,0,45.72460318746186,-4.185463659147874,-9.937867592557847,62.8964442485208,38.40743492643878,0.7257194765243212,18.439927153541515,42301858.0,1839873.32,0,0.025139988345343686,24.0,-64.0,88.0,38.496,38.54518582799919,39.0776843995743,-0.012794018349507885,-0.2980141217976211,-0.2852201034481132
1481086800,2016-12-07,38.33,38.94,38.27,38.93,1749016.0,38.4205,39.43486630464593,37.406133695354065,39.090500000000006,37.747499999999995,38.419,38.4205,0.7100000000000009,39.568749999999994,37.27225,1,50.180761181097054,-3.733926805143418,-7.741459709112256,69.33199555793473,38.43426176174916,0.724596656772584,17.68301348387846,44050874.0,1845120.68,0,0.11540297387426257,20.0,-64.0,84.0,38.4205,38.58183479676117,39.07189285449296,0.043317740221046286,-0.23107292817180536,-0.27439066839285164
1481173200,2016-12-08,38.62,39.22,38.37,39.17,1715428.0,38.423,39.44447148761043,37.401528512389575,39.077000000000005,37.721000000000004,38.399,38.423,0.8500000000000014,39.5315,37.3145,1,51.61447549998829,0.1278118609407062,-5.356537607698336,70.20960765178293,38.467306987037794,0.7335540384316852,16.60897103332104,45766302.0,1854264.62,0,0.16974540763245996,16.0,-64.0,80.0,38.423,38.637850530402964,39.075740193532454,0.09403452256951045,-0.15684751518096363,-0.2508820377504741
1481259600,2016-12-09,39.16,39.56,39.11,39.51,1667391.0,38.475,39.60125929518963,37.348740704810375,39.06266666666667,37.83566666666666,38.44916666666667,38.475,0.45000000000000284,39.48675,37.46325,0,53.60549779974976,2.703405250844812,-2.551549425770619,75.54244775509275,38.53908687893563,0.7133001785437079,15.668214897400853,47433693.0,1862230.7,0,0.2313311528863713,12.0,-64.0,76.0,38.475,38.720912384650305,39.092769989864514,0.14487862348741662,-0.06978375839120332,-0.21466238187861994
1481518800,2016-12-12,39.35,39.96,39.35,39.9,1859376.0,38.561,39.83677270702935,37.28522729297065,39.12133333333333,37.912333333333336,38.51683333333334,38.561,0.6099999999999994,39.55925,37.56275,0,55.801488031502636,4.504976427448923,0.7024164445305008,75.88842627712731,38.63015354406959,0.7059215943620144,15.276486022369241,49293069.0,1837739.5,0,0.27200095926013734,8.0,-64.0,72.0,38.561,38.83320644325504,39.12442606869335,0.19599786893409288,0.03033495428899613,-0.16566291464509675
1481605200,2016-12-13,39.89,40.22,39.72,40.09,1498921.0,38.666000000000004,40.07520403065027,37.25679596934974,39.23,38.012,38.620999999999995,38.666000000000004,0.5,39.665000000000006,37.667,0,56.84890850565925,5.527770465912086,3.7927732282050792,74.96028151501045,38.7182794328313,0.691212909050442,15.211831273367677,50791990.0,1832397.54,0,0.29065783161865244,4.0,-64.0,68.0,38.666000000000004,38.95290106770694,39.162291713058316,0.2313995627709744,0.12358653881862125,-0.10781302395235315
1481691600,2016-12-14,40.26,40.6,39.25,39.33,1605630.0,38.706,40.14264052567124,37.269359474328766,39.332,38.037,38.6845,38.706,1.3500000000000014,39.752250000000004,37.65975,0,51.69109614609769,2.0763041785621517,4.222024851176132,74.35024383254989,38.80757083585091,0.7382691298325533,14.47204231075628,49186360.0,1810112.12,0,0.2773962598071703,96.0,32.0,64.0,38.706,38.98881525173485,39.168868508624655,0.19393979743130674,0.13461172283678025,-0.05932807459452648
1481778000,2016-12-15,39.23,39.79,38.98,39.78,1628245.0,38.785,40.2744495627583,37.295550437241694,39.39566666666667,38.09466666666667,38.74516666666666,38.785,0.8100000000000023,39.83575,37.734249999999996,0,54.276667908884704,4.1361256544502565,5.667903555222907,68.99228971318531,38.85941652872481,0.7433927634159426,13.458222362633942,50814605.0,1778693.2,0,0.3038052319727933,92.0,32.0,60.0,38.785,39.06416618014106,39.19283444946291,0.18955292903027157,0.177613086693313,-0.011939842336958585
1481864400,2016-12-16,39.82,40.52,39.81,40.44,3184560.0,38.888999999999996,40.52816930181139,37.2498306981886,39.50666666666667,38.172666666666665,38.839666666666666,38.888999999999996,0.740000000000002,39.96675,37.811249999999994,0,57.76642408111957,5.422314911366001,8.38858512455625,69.58336126136993,38.972488884663015,0.7431504231719469,13.37066322842914,53999165.0,1803932.3,1,0.3053316690373047,100.0,43.99999999999999,56.00000000000001,38.888999999999996,39.19519797250857,39.241742902425145,0.2190951585262733,0.261929105820883,0.04283394729460974
1482123600,2016-12-19,40.72,40.83,40.38,40.81,1724029.0,39.025,40.82034397818379,37.229656021816204,39.623999999999995,38.307,38.965500000000006,39.025,0.44999999999999574,40.089999999999996,37.96,0,59.58661371693025,7.140981885009186,11.375941637894819,69.28532794919145,39.03127155853395,0.7222111072310933,13.627745522630844,55723194.0,1803863.38,0,0.4156132285120865,100.0,48.0,52.0,39.025,39.34898864179347,39.30324318076141,0.2493483520900732,0.35451938740720124,0.10517103531712804
1482210000,2016-12-20,41.21,41.21,40.81,40.95,1447006.0,39.1545,41.10612983170496,37.202870168295036,39.7605,38.435500000000005,39.098,39.1545,0.3999999999999986,40.2195,38.0895,0,60.268630441117736,6.751824817518257,14.054545205308836,80.02753956228611,39.23494556472216,0.699196028143158,14.260948874395025,57170200.0,1808883.66,0,0.557862501868326,100.0,52.0,48.0,39.1545,39.50146591400361,39.36782187955509,0.26321486374979997,0.434189615004378,0.17097475125457806
1482296400,2016-12-21,40.9,41.17,40.69,40.72,1189955.0,39.263,41.30722210143632,37.21877789856368,39.879,38.551,39.215,39.263,0.480000000000004,40.33025,38.19575,0,58.55962186851087,5.629053177691315,15.525651348421848,82.04526208562072,39.44776973351385,0.6835391689900756,14.65538325163416,55980245.0,1794620.42,0,0.5152011744492138,96.0,52.0,44.0,39.263,39.6175167793366,39.42084847251371,0.24187115967039127,0.4733137008425672,0.23144254117217591
1482382800,2016-12-22,40.68,41.15,40.55,41.09,1418912.0,39.416000000000004,41.525202692962594,37.306797307037414,40.016999999999996,38.687999999999995,39.352500000000006,39.416000000000004,0.6000000000000014,40.48400000000001,38.348,0,60.45832999330928,8.046279253221147,17.518619508748795,81.57025770703758,39.674171872122976,0.6775720854907846,14.790286668977426,57399157.0,1775652.98,0,0.544905922666158,100.0,60.0,40.0,39.416000000000004,39.75775327654264,39.48630539516023,0.2373165717297716,0.5280882558343905,0.29077168410461884
1482469200,2016-12-23,41.28,41.28,40.95,41.1,817729.0,39.5385,41.73816611102699,37.33883388897301,40.13583333333334,38.82783333333334,39.481833333333334,39.5385,0.3299999999999983,40.57875,38.49825,0,60.509805241051026,6.33893919793015,19.157747878025177,80.79139363499905,39.86689438431105,0.6527455079557285,15.072502676483905,58216886.0,1752685.74,0,0.49191527514277844,100.0,64.0,36.0,39.5385,39.88558629782429,39.549587536526495,0.2200085841061371,0.5657824142372903,0.34577383013115315
1482814800,2016-12-27,41.12,41.15,40.87,41.04,870327.0,39.612,41.907130497379306,37.3168695026207,40.19133333333333,38.94133333333333,39.56633333333333,39.612,0.28000000000000114,40.599000000000004,38.625,0,60.01635800509953,3.714935557240331,20.315673082133713,76.2834668506664,40.03280212648449,0.6261208288160337,15.189108094976401,57346559.0,1738566.44,0,0.4783020665672923,96.0,64.0,32.0,39.612,39.99553045993626,39.608035084113695,0.19064564541333578,0.5840808868978229,0.3934352414844871
1482901200,2016-12-28,41.06,41.09,40.49,40.55,865351.0,39.6645,41.99474869917366,37.33425130082633,40.25116666666666,38.991166666666665,39.62116666666667,39.6645,0.6000000000000014,40.659,38.669999999999995,0,56.084658907587084,2.6582278481012587,19.6514983832367,71.31053278085025,40.167441531745894,0.6242550553291742,14.625078241006742,56481208.0,1724360.72,0,0.3868098886295484,92.0,64.0,28.000000000000004,39.6645,40.04833708279948,39.64497488473669,0.12739003526867992,0.552672785570337,0.42528275030165713
1482987600,2016-12-29,40.65,41.22,40.56,41.18,1270185.0,39.826499999999996,42.104580551692685,37.54841944830731,40.35783333333333,39.15083333333333,39.754333333333335,39.826499999999996,0.6700000000000017,40.75275,38.90024999999999,0,59.66113384801577,8.539799683711129,20.512360543636888,70.81343194832775,40.31854954601273,0.6275225513770905,14.292418296251897,57751393.0,1721086.38,0,0.3761119856738261,100.0,76.0,24.0,39.826499999999996,40.15611450348524,39.705171948080356,0.11739255469393961,0.5720234436690816,0.45463088897514203
1483074000,2016-12-30,41.18,41.31,40.81,40.93,1827729.0,39.995,42.06676736145746,37.92323263854254,40.525666666666666,39.333666666666666,39.92966666666667,39.995,0.5,40.90025,39.089749999999995,0,57.69832509342301,8.972310969116073,20.36420416885722,71.12925998216073,40.451455622666124,0.6184137977072982,14.118958609267606,55923664.0,1722728.28,0,0.2673045221430129,96.0,76.0,20.0,39.995,40.22981788410569,39.753204420704655,0.08487321686621685,0.5607224100579131,0.4758491931916963
1483419600,2017-01-03,40.95,41.08,40.59,40.82,1292503.0,40.137,42.0173308219567,38.2566691780433,40.67033333333334,39.480333333333334,40.07533333333334,40.137,0.4899999999999949,41.0355,39.2385,0,56.83233867161419,7.477619799894692,19.868578603682916,64.09417019288352,40.53954844518326,0.609241383585348,13.538162473677264,54631161.0,1725462.34,0,0.19845143415528024,92.0,76.0,16.0,40.137,40.286025704667054,39.795039541461335,0.04868336236293891,0.53670339614537,0.4880200337824311
1483506000,2017-01-04,40.89,41.22,40.72,40.96,1536540.0,40.2765,41.955622092047,38.597377907952996,40.811166666666665,39.64016666666667,40.22566666666667,40.2765,0.5,41.16075,39.39225,0,57.68322622551982,7.309405292114224,19.786651303655493,64.22137770614015,40.60967062147666,0.6014384276149659,13.232192622082763,56167701.0,1715144.16,0,0.16032480209548583,88.0,76.0,12.0,40.2765,40.350213732794,39.8407242653256,0.02793348781506394,0.522936893551261,0.4950034057361971
1483592400,2017-01-05,41.12,41.12,40.61,40.97,1762767.0,40.4135,41.828749447977366,38.99825055202263,40.950833333333335,39.77583333333333,40.36333333333334,40.4135,0.509999999999998,41.30075,39.52625,0,57.74584886818345,7.167146220245886,19.742560787562542,63.59202373423694,40.70227840080154,0.5949071113567539,12.725177588375407,57930468.0,1727833.74,0,0.26187989135939543,84.0,76.0,8.0,40.4135,40.40924099633743,39.88500958825401,0.009588873927073416,0.5069894981450389,0.4974006242179655
1483678800,2017-01-06,40.64,41.11,40.59,40.95,1351216.0,40.514500000000005,41.77129711966579,39.25770288033422,41.051833333333335,39.89183333333334,40.471833333333336,40.514500000000005,0.519999999999996,41.3875,39.64150000000001,0,57.566501475214196,5.188800410994101,19.632053569172907,64.28183235693092,40.80807785152665,0.5895566034026997,12.21221553810169,56579252.0,1725885.04,0,0.21344349439733315,80.0,76.0,4.0,40.514500000000005,40.460741853829106,39.9267739181264,-0.00822289910174051,0.4871220003407899,0.4953448994425304
1483938000,2017-01-09,40.99,41.14,40.43,40.44,1465094.0,40.577999999999996,41.67480627277572,39.48119372722427,41.132333333333335,39.986333333333334,40.559333333333335,40.577999999999996,0.7100000000000009,41.44049999999999,39.7155,0,53.13668880182133,3.2422772529997346,17.626460141202973,53.365617584845054,40.890549144238555,0.5981597031596497,11.39118552523956,55114158.0,1720528.6,0,0.026402598597635284,76.0,72.0,4.0,40.577999999999996,40.45876643917872,39.94690043114105,-0.056018888848411996,0.42532128838201544,0.48134017723042744
1484024400,2017-01-10,40.38,40.4,40.08,40.23,1902917.0,40.614,41.610943328379385,39.61705667162061,41.16799999999999,40.035000000000004,40.6015,40.614,0.35999999999999943,41.46975,39.75825,0,51.421599952520225,1.8223234624145757,15.176940353821244,43.89576628162463,40.84481420047252,0.5811482957911033,11.225825945735997,53211241.0,1726190.76,0,-0.06269282769809953,72.0,68.0,4.0,40.614,40.436979159256936,39.95800237501788,-0.10082988245694535,0.35530282415924574,0.4561327066161911
1484110800,2017-01-11,40.32,40.84,40.29,40.81,1485608.0,40.659499999999994,41.6036075150639,39.71539248493609,41.2105,40.0835,40.647000000000006,40.659499999999994,0.6100000000000065,41.515249999999995,39.803749999999994,0,55.589022711067,2.2807017543859742,14.768781391831116,43.97310205242622,40.81834315544455,0.583209131806025,10.682065071208498,54696849.0,1736834.12,0,0.029665831333128913,68.0,64.0,4.0,40.659499999999994,40.472504953613424,39.9914140465858,-0.09077510586959897,0.3426638242791924,0.43343893014879137
1484197200,2017-01-12,40.69,41.07,40.64,40.99,1432069.0,40.704499999999996,41.62113460549999,39.7878653945,41.25150000000001,40.1315,40.691500000000005,40.704499999999996,0.4299999999999997,41.55499999999999,39.854,0,56.79970983132766,2.2449488650536256,14.941612108203344,50.85238680209527,40.821833939955376,0.5722656223913088,10.600308755838597,56128918.0,1731920.78,0,0.12983887332302024,64.0,60.0,4.0,40.704499999999996,40.52179019612643,40.03057428005303,-0.0721787861523942,0.3432154474582987,0.4153942336106929
1484283600,2017-01-13,40.89,41.07,40.58,40.87,1199202.0,40.7815,41.44793154187066,40.11506845812934,41.26416666666667,40.23016666666667,40.74716666666667,40.7815,0.490000000000002,41.5675,39.9955,1,55.73349912776618,3.915586066615813,14.621997752315075,43.98877466176477,40.81493149699855,0.5663895065062154,10.391583260857628,54929716.0,1726281.34,0,0.08338307903179684,60.0,56.0,4.0,40.7815,40.55495303459058,40.06349293573722,-0.06818443157850024,0.33016369413756763,0.39834812571606787
1484629200,2017-01-17,41.1,41.34,40.98,41.3,1518516.0,40.8575,41.381136324179366,40.33386367582064,41.326166666666666,40.33716666666667,40.83166666666667,40.8575,0.47000000000000597,41.618,40.097,1,58.66051820810358,3.821015585721458,15.6012907324918,45.99684881955005,40.83280660427915,0.5595045417557719,10.698993782089435,56448232.0,1703859.7,0,0.14389732422151455,100.0,84.0,16.0,40.8575,40.6259098884391,40.11198340884557,-0.0382965753249086,0.3504774065599321,0.3887739818848407
1484715600,2017-01-18,41.27,41.43,41.07,41.15,1405024.0,40.893,41.39440203429989,40.391597965700115,41.35666666666667,40.40266666666667,40.879666666666665,40.893,0.35999999999999943,41.625,40.161,1,57.26999980944859,1.755687438180022,15.802042036338474,51.74400417460009,40.85133568640528,0.5452542173446453,11.146282494381966,55043208.0,1695086.22,0,0.09250557735404236,96.0,84.0,12.0,40.893,40.67582323239728,40.15268994183202,-0.030672904043616778,0.3504328518303197,0.38110575587393647
1484802000,2017-01-19,40.95,41.26,40.75,40.81,1308993.0,40.893,41.39440203429989,40.391597965700115,41.373000000000005,40.413,40.893,40.893,0.509999999999998,41.6295,40.1565,1,54.20430661119371,0.0,14.60101916361852,50.623915752151255,40.862818573731786,0.5427360589628848,10.790412455264756,53734215.0,1685519.56,0,0.07565679181120845,92.0,84.0,8.0,40.893,40.68860197216897,40.17846680685822,-0.04945908439263813,0.31928190038313886,0.368740984775777
1484888400,2017-01-20,40.87,41.1,40.55,40.76,1494456.0,40.8835,41.38741566754772,40.379584332452275,41.37116666666667,40.396166666666666,40.88366666666666,40.8835,0.5500000000000043,41.63125,40.135749999999994,1,53.75883621412257,-0.46398046398047577,13.420308230620842,44.02361501880734,40.85108467681735,0.5432549118941076,10.022978832355262,52239759.0,1686596.38,0,0.004816026027468676,88.0,84.0,4.0,40.8835,40.69540178434335,40.20127203011868,-0.06519379571811384,0.2872487401281347,0.3524425358462486
1485147600,2017-01-23,40.88,41.04,40.55,40.57,2126456.0,40.876,41.3937026173394,40.358297382660595,41.36466666666667,40.388666666666666,40.876666666666665,40.876,0.490000000000002,41.6245,40.1275,1,52.047844922551946,-0.36836935166993756,11.675721407171062,34.80571636799337,40.82376570965864,0.5394509896159572,9.310361896796447,50113303.0,1688756.42,-1,-0.04235611451885745,84.0,80.0,4.0,40.876,40.68345875726303,40.21573195050619,-0.08697694889503782,0.2437213497274513,0.3306982986224891
1485234000,2017-01-24,40.54,40.7,40.32,40.43,1376627.0,40.842999999999996,41.38547949270003,40.300520507299964,41.33133333333333,40.37733333333334,40.85433333333334,40.842999999999996,0.38000000000000256,41.574999999999996,40.111,1,50.7939510890741,-1.6062302263324497,9.664093993749319,34.68763140266256,40.80145373125549,0.5280616332148176,9.165366485337177,48736676.0,1668808.66,0,-0.06561495552060204,80.0,16.0,64.0,40.842999999999996,40.65931982799989,40.22413461911379,-0.10802011811112688,0.1956731509835805,0.3036932690947074
1485320400,2017-01-25,40.29,40.59,40.11,40.24,1276410.0,40.8,41.388557558782566,40.21144244121743,41.299,40.33,40.814499999999995,40.8,0.480000000000004,41.54325,40.056749999999994,1,49.1039898042405,-2.0924574209245725,7.221047676550124,27.83369865252024,40.75990512707951,0.5246286594137595,9.470723554614413,47460266.0,1630912.96,0,-0.0912306378144833,76.0,16.0,60.0,40.8,40.619384606285614,40.224756790913254,-0.1304410455054203,0.14064196221293201,0.2710830077183523
1485406800,2017-01-26,40.19,40.53,40.11,40.41,1654824.0,40.7685,41.36960814334869,40.167391856651314,41.2725,40.2895,40.781,40.7685,0.4200000000000017,41.52225000000001,40.01475,1,50.650384141395136,-1.535087719298252,5.807687470735832,35.81733694481187,40.715838960217255,0.5171551837413482,9.75426940465756,49115090.0,1630843.64,0,-0.09249187221410733,72.0,15.999999999999993,56.00000000000001,40.7685,40.59944321521079,40.23202123048529,-0.12927852246879695,0.10948485463235613,0.23876337710115308
1485493200,2017-01-27,40.55,40.57,40.09,40.21,1432718.0,40.7515,41.394159318768594,40.108840681231406,41.2455,40.2745,40.760000000000005,40.7515,0.4799999999999969,41.49625,40.00675,1,48.81369497677138,-0.8384710234278577,3.8112762216204086,35.71365434566887,40.67615815786335,0.5145012420455374,9.90036210243005,47682372.0,1626112.46,0,-0.1507737736901174,68.0,-32.0,100.0,40.7515,40.56235338519071,40.2311576528192,-0.13671317467745508,0.06787190875433424,0.20458508343178933
1485752400,2017-01-30,40.32,40.48,40.11,40.34,1561446.0,40.7095,41.34440077964996,40.07459922035004,41.19716666666667,40.25516666666667,40.726166666666664,40.7095,0.36999999999999744,41.43175,39.987249999999996,1,50.05292724220307,-2.0398251578436044,2.661820344507195,42.88670388214178,40.649584044894645,0.5041797247565702,10.036019607504503,49243818.0,1625381.56,0,-0.06491122583307005,64.0,-32.0,96.0,40.7095,40.54117687231541,40.23542598015962,-0.1277752069817908,0.04486607470455084,0.17264128168634163
1485838800,2017-01-31,40.33,41.05,40.33,41.0,1829533.0,40.713,41.35347170117042,40.07252829882958,41.197,40.233,40.714999999999996,40.713,0.7199999999999989,41.451750000000004,39.97425,1,55.774887725702285,0.17102369899829045,4.311457784474166,51.673329027095136,40.69928300376242,0.5195954587025294,10.016964763680672,51073351.0,1628568.24,0,0.015157464795943173,60.0,-32.0,92.0,40.713,40.58487431304728,40.26540927505532,-0.07492915399000938,0.0789798391988299,0.15390899318883927
1485925200,2017-02-01,40.69,40.94,40.39,40.54,1407207.0,40.699,41.34174100538252,40.05625899461748,41.18966666666667,40.21966666666667,40.70466666666666,40.699,0.6099999999999994,41.44675,39.951249999999995,1,51.45059113496198,-0.6859382655561027,3.6944598017013686,44.810246303056466,40.69791740419518,0.526052925938063,9.99927098012997,49666144.0,1637505.66,0,-0.0781664170951837,56.00000000000001,-31.999999999999993,88.0,40.699,40.58060056894754,40.27617753877864,-0.06863764597461297,0.06811193572057306,0.13674958169518603
1486011600,2017-02-02,40.59,41.07,40.43,41.02,1218875.0,40.702,41.35012344503199,40.05387655496801,41.19033333333333,40.20633333333333,40.69833333333334,40.702,0.6400000000000006,41.46025,39.943749999999994,1,55.260605968336996,0.14648437500000555,5.041311503558127,44.23719518085423,40.692332892221366,0.5341920026567728,10.295762671240936,50885019.0,1634342.72,0,-0.07275779135903986,52.0,-32.0,84.0,40.702,40.62244813380968,40.30534704706183,-0.03171039301764847,0.09711159042312545,0.12882198344077392
1486098000,2017-02-03,41.21,41.61,41.01,41.3,2077844.0,40.7185,41.40852246340255,40.02847753659745,41.21516666666666,40.222166666666666,40.718666666666664,40.7185,0.6000000000000014,41.4835,39.9535,1,57.3173818003799,0.8054674151818363,7.124496248455367,52.10503049784003,40.74302267299598,0.5388925738955749,11.665275826301437,52962863.0,1645281.76,0,-0.08315918126575737,48.0,-32.0,80.0,40.7185,40.686976882970654,40.344353045216266,0.009791705372798692,0.1410616151567723,0.1312699097839736
1486357200,2017-02-06,41.44,41.5,41.15,41.27,1002142.0,40.7345,41.45921994591022,40.009780054089774,41.227833333333336,40.25183333333333,40.73983333333333,40.7345,0.3500000000000014,41.48675,39.98224999999999,1,57.02173247707168,0.7814407814407821,8.634537372799013,50.92900950344678,40.7364481474563,0.5254002471887482,12.93696661314333,51960721.0,1613519.44,0,-0.15584611741269705,44.0,-32.0,76.0,40.7345,40.742502894116306,40.38065292579602,0.03217982661419716,0.17149469305172005,0.1393148664375229
1486443600,2017-02-07,41.25,41.43,41.15,41.34,903057.0,40.7795,41.53653302437879,40.02246697562121,41.238166666666665,40.305166666666665,40.77166666666667,40.7795,0.28000000000000114,41.4995,40.0595,0,57.55941398115373,2.225519287833842,10.097477021860648,45.297028775076264,40.728718385756615,0.5078716581038377,14.117822343782231,52863778.0,1602611.52,0,-0.10626554244247921,100.0,28.0,72.0,40.7795,40.799407380390946,40.41827437968638,0.04772247701535004,0.19896796270671047,0.15124548569136043
1486530000,2017-02-08,41.25,42.03,41.25,41.87,1540702.0,40.8615,41.712176789386,40.010823210614,41.335166666666666,40.35616666666667,40.845666666666666,40.8615,0.7800000000000011,41.613,40.11,0,61.407407810809644,4.076559781257769,13.148393926033139,52.26818854879516,40.78830837905837,0.5273093968107065,16.214249276580173,54404480.0,1614225.28,0,-0.01372851372081625,100.0,32.0,68.0,40.8615,40.90136858225848,40.475204796169265,0.08740710367336096,0.26050436528306165,0.17309726160970068
1486616400,2017-02-09,41.76,41.96,41.5,41.54,1171851.0,40.898,41.79792444127274,39.998075558727265,41.38166666666667,40.41166666666666,40.89666666666667,40.898,0.46000000000000085,41.638250000000006,40.15775,0,57.962971928358954,1.788777260475366,14.077671530281762,53.02393815317785,40.837232867560246,0.522501582752799,18.160931428463975,53232629.0,1583043.02,0,-0.04381859761081841,96.0,32.0,64.0,40.898,40.96219062204339,40.5169614708293,0.08506071028310536,0.2794231494635824,0.19436243918047702
1486702800,2017-02-10,41.42,41.84,41.42,41.81,781065.0,40.93900000000001,41.92276623239469,39.95523376760532,41.42066666666666,40.45166666666667,40.936166666666665,40.93900000000001,0.4200000000000017,41.67850000000001,40.19950000000001,0,59.90013622548466,2.000487923883875,15.720095524727734,60.80755709264715,40.88482269652881,0.5151800411275992,19.663411731839826,54013694.0,1557917.76,0,0.08945366915666535,92.0,32.0,60.0,40.93900000000001,41.04293437232497,40.56766886413011,0.09458981734736921,0.3125997108646885,0.2180098935173193
1486962000,2017-02-13,41.75,41.92,41.53,41.87,1086410.0,40.989,42.05210676792127,39.92589323207872,41.46233333333333,40.50333333333333,40.98283333333333,40.989,0.39000000000000057,41.721,40.257,0,60.32778261269131,2.446782481037436,17.22504769823586,67.46633566092883,40.96495261669378,0.506238609618485,21.193522430798968,55100104.0,1511706.92,0,0.16406465218902475,88.0,31.999999999999993,56.00000000000001,40.989,41.12170252734164,40.61874067337991,0.09744542776244869,0.3398166782203802,0.2423712504579315
1487048400,2017-02-14,41.75,41.83,41.25,41.47,1185961.0,40.997499999999995,42.07306264345691,39.92193735654308,41.48883333333333,40.50783333333333,40.99833333333333,40.997499999999995,0.6199999999999974,41.74075,40.25424999999999,0,56.12728195349465,0.4116222760290599,16.56842319280268,67.65981744309451,41.04377268061747,0.5143644232171645,21.55782767391319,53914143.0,1496267.68,0,0.1806977463085393,84.0,32.0,52.0,40.997499999999995,41.15487371521387,40.6521233920709,0.06639030075111563,0.32535912639682607,0.25896882564571044
1487134800,2017-02-15,41.21,41.34,40.91,41.32,1149687.0,41.006,42.08891089199436,39.92308910800564,41.491,40.503,40.997,41.006,0.5600000000000023,41.764250000000004,40.247749999999996,0,54.625904135812995,0.41312272174970044,15.35001519893826,60.55027343397697,41.11550538214808,0.5176241072730815,20.80847455089798,52764456.0,1475244.68,0,0.20384984321891367,80.0,32.0,48.0,41.006,41.17060002805064,40.67831463159753,0.03151164058478373,0.29835837637669016,0.26684673579190643
1487221200,2017-02-16,41.31,41.73,41.24,41.72,1088568.0,41.051500000000004,42.17341398957318,39.92958601042683,41.52116666666667,40.53516666666667,41.028166666666664,41.051500000000004,0.4899999999999949,41.80825000000001,40.29475,0,57.79492967304182,2.229845626072033,15.727957995120805,67.66700146023977,41.20827228474663,0.5156509567535753,20.93610144462801,53853024.0,1458815.76,0,0.3055280920844118,76.0,32.0,44.0,41.051500000000004,41.222923834902964,40.719165038201545,0.03109275460789873,0.3057126790517799,0.27461992444388117
1487307600,2017-02-17,41.73,41.84,41.41,41.61,1649740.0,41.094,42.23279585527872,39.955204144721286,41.556,40.582,41.069,41.094,0.4300000000000068,41.841750000000005,40.34625,0,56.64961763350401,2.0853778213935263,15.519255231666229,67.91438265476576,41.32333825172318,0.5095330312711776,21.264064119845333,52203284.0,1460316.36,0,0.27668290595368394,72.0,32.0,40.0,41.094,41.25978823157887,40.7540997425858,0.019676670967107956,0.2992157631527661,0.27953909218565814
1487653200,2017-02-21,41.52,42.18,41.39,42.13,1443561.0,41.172000000000004,42.368772325883235,39.97522767411677,41.63,40.626,41.128,41.172000000000004,0.7899999999999991,41.94225,40.40175000000001,0,60.54070075250655,3.8452058171062418,17.103118550383623,67.29552490113724,41.42511390453428,0.5295663861803791,22.164271574247316,53646845.0,1454207.26,0,0.2649467872834867,100.0,64.0,36.0,41.172000000000004,41.34266554285707,40.80805661542557,0.04212648794213564,0.3321972021133277,0.29007071417119207
1487739600,2017-02-22,41.7,42.74,41.57,42.69,2014325.0,41.285000000000004,42.601031914506606,39.9689680854934,41.762,40.678999999999995,41.2205,41.285000000000004,1.1700000000000017,42.11450000000001,40.4555,0,64.18492062186024,5.589908483799154,20.1521913670787,76.00838741913891,41.58661628368018,0.5753116443103521,23.782958759242405,55661170.0,1460185.2,0,0.39167895497801436,100.0,68.0,32.0,41.285000000000004,41.47098311020402,40.88185831678143,0.08708263059462057,0.3989240024144678,0.3118413718198472
1487826000,2017-02-23,42.88,43.55,42.84,43.07,2042381.0,41.426500000000004,42.86548957605671,39.9875104239433,41.915499999999994,40.8095,41.3625,41.426500000000004,0.8599999999999994,42.2845,40.56850000000001,0,66.40132652773845,7.032803180914509,23.663235725558028,77.15873615679007,41.801373137881114,0.5956465268596125,26.094589460557867,57703551.0,1467685.0,0,0.2835067133755829,100.0,72.0,28.000000000000004,41.426500000000004,41.62327043304173,40.96766779455471,0.1321029684600986,0.4769700823949705,0.3448671139348719
1487912400,2017-02-24,43.13,43.81,43.11,43.75,2242811.0,41.5935,43.276417407361336,39.91058259263866,42.08983333333333,40.95583333333333,41.52283333333334,41.5935,0.740000000000002,42.4755,40.7115,0,69.90901847347982,8.265280871071527,28.275396416495578,77.49244104917145,42.058582099440756,0.605957489226783,28.448549953327774,59946362.0,1475353.7,1,0.38094718052950594,100.0,76.0,24.0,41.5935,41.82581610608538,41.07677886143492,0.19364771189642277,0.5869267538054004,0.3932790419089776
1488171600,2017-02-27,43.71,43.8,43.48,43.52,1440592.0,41.759,43.514595625421684,40.00340437457832,42.24733333333334,41.129333333333335,41.68833333333333,41.759,0.3200000000000003,42.629,40.889,0,67.40361418476732,8.231783138522761,30.67285981691018,78.07089578169871,42.209239303825825,0.5855319542820129,30.634370410899834,58505770.0,1474187.12,0,0.3337091972057333,96.0,76.0,20.0,41.759,41.98716695312487,41.17259145510413,0.20380791908441837,0.6480389407645006,0.44423102168008227
1488258000,2017-02-28,43.59,43.89,43.46,43.83,2205774.0,41.933499999999995,43.78158306090383,40.08541693909616,42.421166666666664,41.29716666666666,41.85916666666667,41.933499999999995,0.4299999999999997,42.80799999999999,41.059,0,68.98080896751914,8.651462568170537,33.28780735014609,83.70443417267893,42.40702914879965,0.5744225289761548,32.7398122651017,60711544.0,1486190.0,1,0.37329210933352586,100.0,84.0,16.0,41.933499999999995,42.162674862351075,41.27680355490397,0.21522569857395385,0.7132631448975246,0.4980374463235708
1488344400,2017-03-01,43.32,43.78,43.03,43.48,2004717.0,42.0575,43.970078102980274,40.14492189701972,42.5545,41.4275,41.991,42.0575,0.7999999999999972,42.937999999999995,41.177,0,65.22982799753231,6.04878048780487,33.62646037366816,74.59686164482822,42.551835293949175,0.5905352054778579,33.35011666376577,58706827.0,1493719.44,0,0.34163381939559445,96.0,84.0,12.0,42.0575,42.288134399270014,41.363203415495974,0.18422296012866557,0.7283161464844028,0.5440931863557372
1488430800,2017-03-02,43.33,44.05,43.26,43.77,1355128.0,42.219,44.1372273066557,40.3007726933443,42.72,41.569,42.14450000000001,42.219,0.7899999999999991,43.113,41.325,0,66.8041955258793,7.9674395658608885,34.57149254170792,80.15722378835916,42.67097203519908,0.604782690800868,34.225736400378494,60061955.0,1457130.8,0,0.4015658152573489,92.0,84.0,8.0,42.219,42.4292644564824,41.45758759528045,0.1686805010954181,0.7549438127250099,0.5862633116295918
1488517200,2017-03-03,43.69,43.78,43.26,43.54,1816307.0,42.345,44.26270174949067,40.42729825050933,42.848333333333336,41.70933333333333,42.27883333333334,42.345,0.5200000000000031,43.23,41.46,0,64.37089869786291,6.143344709897601,34.21493949039295,72.9733150252814,42.77307583488288,0.598726784315092,35.03881187009031,58245648.0,1458976.36,0,0.3599620248278828,88.0,84.0,4.0,42.345,42.53504879396027,41.539250826838085,0.13007336489973964,0.7488550177542663,0.6187816528545267
1488776400,2017-03-06,43.52,43.69,43.3,43.59,1674559.0,42.4595,44.38738459198146,40.53161540801854,42.94883333333333,41.83083333333333,42.38983333333333,42.4595,0.39000000000000057,43.32875,41.59025,0,64.66541538370821,5.544794188862001,34.04952722370208,71.64971247305164,42.87379005730335,0.5838177282925854,35.793810520537,59920207.0,1463527.42,0,0.35122294644732777,84.0,80.0,4.0,42.4595,42.63552033739262,41.619672363040515,0.09660606812954275,0.7395392380164552,0.6429331698869124
1488862800,2017-03-07,43.48,43.91,43.48,43.75,1748053.0,42.5835,44.508423634848796,40.658576365151205,43.073166666666665,41.94716666666666,42.51016666666667,42.5835,0.4299999999999997,43.45875,41.70825,0,65.62261871381116,6.0092076568936195,34.29500107651332,77.61936174941995,43.00266572299344,0.5728307477002578,36.76579025830982,61668260.0,1474689.38,0,0.3736730482787885,80.0,72.0,8.0,42.5835,42.74166125764094,41.70321462331344,0.07491449238405912,0.7365762853669864,0.6616617929829273
1488949200,2017-03-08,43.28,43.48,42.9,42.97,1419367.0,42.665,44.50874076268858,40.821259237311416,43.17866666666667,42.022666666666666,42.60066666666667,42.665,0.8500000000000014,43.583,41.747,0,57.61358494257549,3.94291243347846,30.76856764569006,76.50902585443026,43.0956756739855,0.5926285514359536,35.90477423538653,60248893.0,1474698.48,0,0.2817206151386701,76.0,72.0,4.0,42.665,42.76340780453228,41.75289248122272,0.001581469417049064,0.6636386297542387,0.6620571603371896
1489035600,2017-03-09,43.09,43.33,42.8,42.87,1143481.0,42.714999999999996,44.523695662625265,40.90630433737473,43.230333333333334,42.09933333333333,42.664833333333334,42.714999999999996,0.5300000000000011,43.61425,41.815749999999994,0,56.68003306937683,2.388344877000239,27.53947746497803,71.54333907845431,43.160080808499025,0.5881550834762427,34.84005850270002,59105412.0,1481213.52,0,0.20316798437831488,72.0,68.0,4.0,42.714999999999996,42.773559442195875,41.796700619213986,-0.05688276705899831,0.5909537015134418,0.6478364685724401
1489122000,2017-03-10,43.15,43.42,42.9,43.12,1395123.0,42.794,44.52694431531987,41.06105568468013,43.30733333333333,42.17033333333333,42.73883333333333,42.794,0.5500000000000043,43.699999999999996,41.888,0,58.4517044543513,3.803562831006255,25.623653752395047,71.29317086588821,43.265401099273504,0.5854297203707971,34.009655322526775,60500535.0,1491709.44,0,0.20117158464042845,68.0,60.0,8.0,42.794,42.80655378103437,41.84859471257814,-0.0804969146666259,0.5472153252391578,0.6277122399057837
1489377600,2017-03-13,43.09,43.46,43.06,43.36,2633512.0,42.8715,44.55954354209227,41.183456457907724,43.3865,42.2515,42.819,42.8715,0.3999999999999986,43.775999999999996,41.967,0,60.10065798101561,3.7072470700789215,24.736299282634064,72.80458633947765,43.34674216688621,0.5721847403443114,33.31121604399003,63134047.0,1527072.66,1,0.19387292379613116,64.0,60.0,4.0,42.8715,42.85926294474538,41.90786550816332,-0.08148451697862291,0.525856593682505,0.607341110661128
1489464000,2017-03-14,43.33,43.59,43.12,43.58,1716146.0,42.957,44.606255589652314,41.30774441034769,43.47333333333333,42.33033333333333,42.901833333333336,42.957,0.47000000000000597,43.8675,42.0465,0,61.5722518611127,4.084069739670411,24.622497940592535,72.51420890094367,43.434680875917124,0.5648858303197182,32.902453380379654,64850193.0,1535991.88,0,0.18818674119183387,60.0,31.999999999999996,28.000000000000004,42.957,42.92790456905534,41.97343940980397,-0.06932910088275135,0.5206797345576888,0.5900088354404401
1489550400,2017-03-15,43.62,44.41,43.59,44.18,2226894.0,43.0925,44.674749980249445,41.51025001975056,43.6125,42.445499999999996,43.029,43.0925,0.8299999999999983,44.018750000000004,42.16625,0,65.2515320728807,6.534844465878951,26.15088562488499,72.78425595525046,43.51329576695564,0.5838225567254524,33.719447856224896,67077087.0,1543975.18,0,0.25461050024877196,100.0,76.0,24.0,43.0925,43.04715175295483,42.059971197654804,-0.025164375173566067,0.5585533664734825,0.5837177416470486
1489636800,2017-03-16,43.97,44.04,43.63,43.74,1176591.0,43.213499999999996,44.592068460396256,41.83493153960374,43.74216666666667,42.57716666666666,43.159666666666666,43.213499999999996,0.5499999999999972,44.138999999999996,42.288,0,60.76077989183741,5.856727976766702,25.37421398797341,66.1745643881454,43.52348028750528,0.5814066598164913,34.478085583795476,65900496.0,1541656.94,0,0.16561041348578315,96.0,76.0,20.0,43.213499999999996,43.11313730029247,42.12585468009972,-0.029565037891671087,0.5467614442824598,0.5763264821741308
1489723200,2017-03-17,43.92,44.39,43.85,44.03,4895650.0,43.32899999999999,44.56767509864341,42.090324901356574,43.870999999999995,42.701,43.286,43.32899999999999,0.6499999999999986,44.26649999999999,42.39149999999999,0,62.54897067102931,5.536912751677859,25.53174289304636,70.78498092579255,43.6206390632837,0.5863061841153133,35.591045503169084,70796146.0,1608839.14,0,0.12461882113709602,92.0,76.0,16.0,43.32899999999999,43.200457557407475,42.20052704558601,-0.017520575908002378,0.554425762289128,0.5719463381971304
1489982400,2017-03-20,44.07,44.3,43.59,43.69,1472176.0,43.43300000000001,44.39535336545329,42.470646634546725,43.997,42.799,43.398,43.43300000000001,0.7099999999999937,44.39150000000001,42.474500000000006,0,59.2184812177083,4.9987983657774535,24.159778434036248,64.0124205825804,43.62508129322772,0.5951414566785047,35.81035087086007,69323970.0,1603027.32,0,0.02879844693797341,88.0,76.0,12.0,43.43300000000001,43.247080647178194,42.25893774968067,-0.03596521422457011,0.5269898204164178,0.562955034640988
1490068800,2017-03-21,43.59,44.61,43.59,44.41,1960161.0,43.547,44.398753485463494,42.6952465145365,44.123666666666665,42.90266666666667,43.51316666666666,43.547,1.019999999999996,44.522749999999995,42.57125,1,63.545323974314485,5.411820555423674,24.97800762706149,71.98245386919025,43.68232386485693,0.6254884954871827,36.40333709349882,71284131.0,1615206.22,1,0.05852869720228625,100.0,92.0,8.0,43.547,43.357834871256465,42.343293132046135,-0.004824235873475802,0.5569247397991433,0.561748975672619
1490155200,2017-03-22,44.65,44.98,44.47,44.61,1654580.0,43.643,44.519198607622265,42.76680139237774,44.20833333333333,43.053333333333335,43.630833333333335,43.643,0.5700000000000003,44.573750000000004,42.71225,1,64.64222278578292,4.497540407589604,26.117058531836317,72.35579570111923,43.74347081220034,0.6215250315238124,37.36320021198825,72938711.0,1618995.94,0,0.015523543247658993,100.0,96.0,4.0,43.643,43.477088693041566,42.432183597456095,0.022589395052911798,0.5899857194887588,0.567396324435847
1490241600,2017-03-23,44.53,45.04,44.48,44.58,1371491.0,43.71849999999999,44.64308152696188,42.793918473038104,44.278166666666664,43.13816666666666,43.70816666666667,43.71849999999999,0.5600000000000023,44.626749999999994,42.81024999999999,0,64.3365626297975,3.505920594381235,26.881385979937555,79.17431102280813,43.80786480074487,0.6171303864149689,38.31751416110421,71567220.0,1608367.42,0,-0.022776511916561215,96.0,88.0,8.0,43.71849999999999,43.58212786513285,42.516411691673504,0.031500180513410636,0.6067715500776103,0.5752713695641997
1490328000,2017-03-24,44.51,44.94,44.46,44.83,1429027.0,43.772499999999994,44.8165665687585,42.728433431241484,44.326499999999996,43.2085,43.7675,43.772499999999994,0.4799999999999969,44.661249999999995,42.88374999999999,0,65.75689766899681,2.468571428571425,28.114629111906897,80.33077630296219,43.876749615086396,0.6073353588138994,39.136117903991874,72996247.0,1607235.8,0,-0.024580734577370825,100.0,96.0,4.0,43.772499999999994,43.70097283035829,42.60714064494121,0.04614377338309539,0.632951086293069,0.5868073129099736
1490587200,2017-03-27,45.02,45.1,44.3,44.49,1516937.0,43.821,44.9030702380156,42.738929761984394,44.402,43.236000000000004,43.819,43.821,0.8000000000000043,44.74575,42.896249999999995,0,62.21004290583739,2.2288602941176445,27.60308626501712,74.2562342459595,43.93166046944919,0.6210971188986212,39.89624995095899,71479310.0,1608933.16,0,-0.07260821307311223,96.0,92.0,4.0,43.821,43.77611827508607,42.68097826670822,0.025855344892410592,0.6191264940254868,0.5932711491330762
1490673600,2017-03-28,44.46,44.63,44.26,44.45,1945521.0,43.852000000000004,44.96830820116989,42.73569179883012,44.434999999999995,43.275,43.855,43.852000000000004,0.37000000000000455,44.77225000000001,42.93175,0,61.79725332063848,1.4145562400182627,27.01565334284286,72.64943527286097,44.0130075354341,0.6031616104058628,40.44863072870837,69533789.0,1623859.54,0,-0.028611786806385837,92.0,88.0,4.0,43.852000000000004,43.840297486982635,42.750351668013785,0.0038221246895637773,0.598048804995031,0.5942266803054672
1490760000,2017-03-29,44.4,44.4,43.99,44.13,1724580.0,43.8845,44.99341794105747,42.77558205894253,44.45516666666667,43.329166666666666,43.89216666666667,43.8845,0.46000000000000085,44.779250000000005,42.98975,0,58.52693238978316,1.4949402023919174,25.11859220121272,71.0073246705991,44.06591810966352,0.5929357810911584,39.965867255261685,67809209.0,1627980.82,0,-0.01713479062437555,88.0,44.0,44.0,43.8845,43.8678882025081,42.80445552417011,-0.03602733660927071,0.5491925095438788,0.5852198461531495
1490846400,2017-03-30,43.95,44.04,43.61,43.8,1316520.0,43.886,44.99437538767294,42.77762461232707,44.443333333333335,43.35333333333334,43.898333333333326,43.886,0.5200000000000031,44.7605,43.011500000000005,0,55.347430958422215,0.06854009595612069,22.138786524382052,66.10890302348112,44.101211448197105,0.5877260824417903,38.32204791539904,66492689.0,1626210.74,0,-0.014908303298823958,84.0,44.0,40.0,43.886,43.861422659412085,42.84349648400658,-0.08551076111019551,0.4783313947654051,0.5638421558756006
1490932800,2017-03-31,43.75,44.15,43.75,43.92,1982284.0,43.904999999999994,45.00196855014131,42.80803144985868,44.458,43.38,43.919,43.904999999999994,0.3999999999999986,44.77049999999999,43.0395,0,56.257040744576614,0.8727606798346407,20.06942824472685,65.32639194283655,44.169725606327816,0.5743170765530908,37.01846632719805,68474973.0,1639676.56,0,-0.07644282536481332,80.0,44.0,36.0,43.904999999999994,43.867001453753794,42.88571230816318,-0.10952571918590692,0.42693500689321695,0.5364607260791239
1491192000,2017-04-03,43.88,44.02,43.53,44.0,1318835.0,43.9255,45.01344255363007,42.83755744636993,44.479166666666664,43.39116666666667,43.93516666666667,43.9255,0.490000000000002,44.7985,43.0525,0,56.87354708674923,0.9405827024546836,18.614221387084278,59.78863438004836,44.20234473462034,0.5682944282278702,35.16604978572222,69793808.0,1636164.14,0,-0.09423016300301118,76.0,44.0,32.0,43.9255,43.87966798196772,42.929409864705804,-0.11862170741123634,0.38818359181507844,0.5068052992263148
1491278400,2017-04-04,43.95,44.11,43.75,43.98,2311476.0,43.937,45.02213777927004,42.851862220729956,44.48733333333333,43.406333333333336,43.94683333333333,43.937,0.35999999999999943,44.80475,43.06925,0,56.66338792406219,0.5257142857142786,17.32404255979918,59.90953714780834,44.19183664752007,0.5534162547830224,33.64869350820565,67482332.0,1639864.54,0,-0.10679405649127036,72.0,44.0,28.000000000000004,43.937,43.88922341225651,42.9706094778546,-0.12400135114550609,0.3518036102944322,0.4758049614399383
1491364800,2017-04-05,43.8,44.44,43.8,44.39,1857616.0,44.007999999999996,45.01367589212384,43.00232410787615,44.545,43.458,44.0015,44.007999999999996,0.6400000000000006,44.86,43.15599999999999,0,59.86379059360581,3.304631138003262,17.542933780157846,65.30302325147332,44.21018148122596,0.5596008080128065,32.92798620790296,69339948.0,1649484.32,0,-0.025119940015287782,68.0,44.0,24.0,44.007999999999996,43.93691642061303,43.02627185127207,-0.09904543273260402,0.35199817052418325,0.4510436032567873
1491451200,2017-04-06,44.24,44.51,43.98,44.48,1911594.0,44.088499999999996,44.96657232048338,43.21042767951661,44.61116666666667,43.524166666666666,44.06766666666667,44.088499999999996,0.5300000000000011,44.9405,43.23649999999999,0,60.53718998814731,3.755540004665266,18.009001459692332,60.97759730751186,44.24402970010794,0.5574864645833204,32.39490243008076,71251542.0,1662188.0,0,0.1116797399250599,64.0,44.0,20.0,44.088499999999996,43.988638666268926,43.08328079828101,-0.07657990998988162,0.3553187157694353,0.4318986257593169
1491537600,2017-04-07,44.58,44.71,44.33,44.38,1763185.0,44.1515,44.91604627067238,43.386953729327615,44.6705,43.597500000000004,44.134,44.1515,0.38000000000000256,44.99075,43.31225,1,59.372117909943526,2.9220779220779343,17.927891731804255,67.54376405773323,44.284325237482165,0.5448088599702262,32.27925204476316,69488357.0,1664355.22,0,0.10028460940423464,60.0,44.0,16.0,44.1515,44.02591117424331,43.13413253168176,-0.06880381385089457,0.34589385844569875,0.4146976722965933
1491796800,2017-04-10,44.31,44.37,44.02,44.29,1109474.0,44.198,44.87210978334322,43.52389021665678,44.714666666666666,43.64666666666666,44.18066666666667,44.198,0.35999999999999943,45.03425,43.36175,1,58.30899134755125,2.1448339483394827,17.42944049997444,61.58459877016681,44.28840855272075,0.5316082271152099,31.178923952004133,68378883.0,1657890.34,0,0.07857819025290369,56.00000000000001,44.00000000000001,12.0,44.198,44.05106249098204,43.17946066769424,-0.06984740708711817,0.32738841343769565,0.3972358205248138
1491883200,2017-04-11,44.2,44.35,43.97,44.24,1417728.0,44.230999999999995,44.842584826495084,43.619415173504905,44.748,43.689,44.2185,44.230999999999995,0.38000000000000256,45.0605,43.40149999999999,1,57.70473975420961,1.5144561725562269,16.765753638727897,54.99684350463214,44.25345108135055,0.5207790680355523,30.00584756305057,66961155.0,1655015.98,0,0.137845110539342,52.0,44.0,8.0,44.230999999999995,44.06905653945994,43.22105044543172,-0.07365240095392184,0.30517031933241157,0.3788227202863334
1491969600,2017-04-12,44.14,44.76,44.07,44.74,1361449.0,44.259,44.90876611176563,43.60923388823437,44.76466666666666,43.718666666666664,44.24166666666667,44.259,0.6899999999999977,45.078,43.44,1,61.864671127648975,1.2675418741512048,17.985174718564277,54.966309608802895,44.24278294193105,0.5328662774615841,29.75682138248482,68322604.0,1645654.3,0,0.23213929046268628,48.0,44.0,4.0,44.259,44.13295591665423,43.28061709463048,-0.04372113935295102,0.3241712960951446,0.36789243544809563
1492056000,2017-04-13,44.55,44.77,44.3,44.54,1188214.0,44.299,44.91358603954126,43.68441396045874,44.80433333333333,43.75233333333334,44.27833333333333,44.299,0.47000000000000597,45.112,43.486,1,59.40458225409626,1.8289894833104645,17.96107843715675,54.47252619541199,44.22667307989811,0.5283758290714714,29.544538943882838,67134390.0,1641274.44,0,0.20165038433031762,44.0,40.0,4.0,44.299,44.17172201983002,43.33000465954694,-0.03878640794875776,0.31940942551214846,0.3581958334609062
1492401600,2017-04-17,44.66,45.08,44.63,45.04,1684178.0,44.3495,45.02983741628621,43.669162583713785,44.841166666666666,43.79816666666666,44.31966666666666,44.3495,0.5399999999999991,45.15425,43.54475,1,63.25030708193391,2.293890529184642,19.71285822751312,61.51277498510644,44.250709196059134,0.5292061269949376,29.91012989696034,68818568.0,1650580.5,0,0.2954549860532974,100.0,96.0,4.0,44.3495,44.25441516079859,43.39706330034902,-0.005016937441333191,0.35192466165923975,0.35694159910057294
1492488000,2017-04-18,44.98,45.2,44.75,44.93,1457687.0,44.411500000000004,45.0656337783657,43.75736622163431,44.88316666666667,43.866166666666665,44.37466666666667,44.411500000000004,0.45000000000000284,45.19675000000001,43.62625,1,61.89249931909707,2.8381780727855395,20.537511421941172,69.41684917179634,44.27984063339942,0.5235485464952995,30.449958651337585,67360881.0,1638177.36,0,0.286528957592352,96.0,92.0,4.0,44.411500000000004,44.31875657405586,43.45717846504122,0.0061379971553433,0.3646140955447521,0.3584760983894088
1492574400,2017-04-19,44.92,44.93,44.33,44.56,1570554.0,44.419,45.076324881621694,43.7616751183783,44.882333333333335,43.90733333333333,44.39483333333333,44.419,0.6000000000000014,45.17275,43.66524999999999,1,57.520465856657935,0.33776176536817315,19.254598784128238,69.84796058539827,44.311164382718204,0.5290093646027781,29.58365878234016,65790327.0,1649545.6,0,0.296617961966875,92.0,76.0,16.0,44.419,44.341732138431496,43.500426368372935,-0.01407276367439092,0.3408851437964202,0.35495790747081113
1492660800,2017-04-20,44.51,44.51,44.1,44.41,1257008.0,44.409,45.06045682896028,43.75754317103972,44.86,43.894999999999996,44.377500000000005,44.409,0.46000000000000085,45.1545,43.6635,1,55.83726657794077,-0.4483299708585583,17.451994454156473,69.98636217762099,44.342134325542794,0.5240801242740083,28.137741198291064,64533319.0,1656624.62,0,0.33332469278740456,88.0,76.0,12.0,44.409,44.34823383953326,43.53609592255439,-0.03881149254857447,0.30644354178509303,0.3452550343336675
1492747200,2017-04-21,44.42,44.8,44.41,44.68,1387203.0,44.414,45.07213068610952,43.755869313890486,44.848,43.9,44.374,44.414,0.39000000000000057,45.146750000000004,43.68125,1,58.15723673686758,0.2243158366980741,16.991794171545823,69.19782449370774,44.39753631807742,0.5145029725401506,27.40015860133727,65920522.0,1653554.64,0,0.38098295485364636,84.0,76.0,8.0,44.414,44.37983061672057,43.580954905983624,-0.03819954097961559,0.29750560810914806,0.33570514908876364
1493006400,2017-04-24,44.67,44.97,44.46,44.85,1149966.0,44.415,45.07571173744605,43.75428826255395,44.85033333333333,43.89933333333333,44.374833333333335,44.415,0.509999999999998,45.15,43.68,1,59.56504957006634,0.04461298237787893,17.246918848023853,75.06393925206555,44.45068950441427,0.5141813316444255,27.042254081967023,67070488.0,1653116.94,0,0.3558732837109661,80.0,76.0,4.0,44.415,44.42460865322337,43.63072138025878,-0.028025055446531333,0.30067382978059953,0.32869888522713087
1493092800,2017-04-25,44.69,44.95,44.56,44.83,1558278.0,44.432,45.11661960240632,43.74738039759369,44.83733333333333,43.92733333333333,44.382333333333335,44.432,0.39000000000000057,45.136250000000004,43.72775,1,59.31789550034318,0.7642166779051389,17.34803702012465,74.2025811035016,44.53186310971961,0.5053112365269665,26.70991417112322,65512210.0,1668661.2,0,0.3667711559597171,76.0,44.0,32.0,44.432,44.46321735291639,43.677751914366276,-0.024451803581096276,0.29813413075076056,0.32258593433185684
1493179200,2017-04-26,44.79,44.95,44.61,44.63,1192612.0,44.440999999999995,45.1310405785162,43.75095942148379,44.85,43.943,44.3965,44.440999999999995,0.3400000000000034,45.142999999999994,43.739,1,56.835492535879446,0.40494938132733344,16.364516822936682,67.38887520068198,44.57355400259781,0.4935032910607549,26.40131282533969,64319598.0,1670785.24,0,0.2480371620237232,72.0,44.0,28.000000000000004,44.440999999999995,44.4791014145434,43.715094976547995,-0.03663484173942666,0.2767923821575735,0.3134272238970002
1493265600,2017-04-27,44.63,45.05,44.6,44.66,1659677.0,44.467499999999994,45.14837810950196,43.786621890498026,44.88183333333333,43.97083333333333,44.42633333333333,44.467499999999994,0.44999999999999574,45.168749999999996,43.76624999999999,1,57.11884090440689,1.2009970541581554,15.674918314375184,67.00320090721922,44.614266082468205,0.49039591312784353,26.33269391188715,65979275.0,1680259.56,0,0.103796229813465,68.0,44.0,24.0,44.467499999999994,44.49632985125355,43.7521500755069,-0.043293401349966676,0.25931047220954184,0.3026038735595085
1493352000,2017-04-28,44.62,44.63,44.21,44.38,2372665.0,44.496500000000005,45.10695147227193,43.88604852772808,44.910833333333336,44.00083333333333,44.45583333333333,44.496500000000005,0.44999999999999574,45.1925,43.80050000000001,1,53.658299848624054,1.3242009132420216,13.584445423482173,56.383402390388824,44.60228213600182,0.48751049076156866,24.999182238869025,63606610.0,1704719.12,-1,0.14229001133928734,64.0,44.0,20.0,44.496500000000005,44.48525081780083,43.7767716411733,-0.06582507350059064,0.22032253168377025,0.2861476051843609
1493611200,2017-05-01,44.51,44.51,44.04,44.18,950073.0,44.5095,45.08006025098053,43.938939749019475,44.9295,44.0125,44.471,44.5095,0.46999999999999886,45.210750000000004,43.80825,1,51.32051785479251,0.5919854280509973,10.798472943715735,56.823397939459916,44.60602870587508,0.48625974142145656,23.28123086715711,62656537.0,1701949.22,0,0.09460045553702655,60.0,44.0,16.0,44.5095,44.45617931134361,43.792584517990036,-0.0918691158291266,0.1713112103979526,0.2631803262270792
1493697600,2017-05-02,44.29,44.49,43.95,44.24,1263222.0,44.5215,45.05775646849149,43.985243531508516,44.950833333333335,44.02883333333333,44.48983333333333,44.5215,0.5399999999999991,45.2265,43.816500000000005,1,51.981175214797695,0.54545454545455,8.781268631566883,57.25383857227469,44.61177966891982,0.4900983313199239,21.79820453649137,63919759.0,1694218.86,0,0.07022729525496073,56.00000000000001,44.00000000000001,12.0,44.5215,44.43559080550136,43.8101302231669,-0.10194739111388451,0.1357460873347236,0.2376934784486081
1493784000,2017-05-03,44.18,44.44,44.1,44.16,1058162.0,44.5305,45.0352167522472,44.025783247752805,44.964166666666664,44.04416666666667,44.50416666666667,44.5305,0.3399999999999963,45.234,43.827000000000005,1,51.00955400688624,0.4092769440654837,6.68417857185031,56.583599107280044,44.59759994941306,0.4793770219399291,20.42110865801604,62861597.0,1686510.88,0,-0.028302720793417748,52.0,44.0,8.0,44.5305,44.40934406212028,43.82385060657212,-0.11019242728820242,0.09995294433835511,0.21014537162655753
1493870400,2017-05-04,43.42,44.47,43.42,44.45,1482219.0,44.533500000000004,45.03554681056547,44.03145318943454,44.97983333333333,44.01883333333333,44.49933333333333,44.533500000000004,1.0499999999999972,45.26775000000001,43.79925,1,54.2711178392157,0.13516557783285035,6.328275837029807,49.86954167569929,44.565400619406006,0.5201358060870768,20.753016500780067,64343816.0,1675868.76,0,0.041984066725193225,48.0,44.0,4.0,44.533500000000004,44.413216056204064,43.84840548474577,-0.0929925198393432,0.09390472182737852,0.18689724166672173
1493956800,2017-05-05,44.61,44.75,44.44,44.49,1030117.0,44.534000000000006,45.0358525679908,44.03214743200921,44.980666666666664,44.04166666666667,44.51116666666666,44.534000000000006,0.3100000000000023,45.25175000000001,43.816250000000004,1,54.70890767333158,0.02248201438850071,6.2296560293450085,48.14266151451414,44.53460252898102,0.5051261056522857,20.230124399519127,65373933.0,1655623.48,0,-0.06400812864936167,44.0,40.0,4.0,44.534000000000006,44.42052881275606,43.87356605397142,-0.07648832943917327,0.09128682986775516,0.16777515930692843
1494216000,2017-05-08,44.58,44.69,44.36,44.65,1235993.0,44.5475,45.04657414278737,44.04842585721263,44.98283333333334,44.048833333333334,44.51583333333333,44.5475,0.3299999999999983,45.2615,43.8335,1,56.46384473893932,0.6083821541234701,6.93746687266538,47.507185033379855,44.504319092276646,0.4926170981056937,19.91665677352736,66609926.0,1635487.12,0,-0.000687938299386003,40.0,32.0,8.0,44.5475,44.4423832115412,43.90401444401176,-0.053452925906601334,0.1009590019236768,0.15441192783027813
1494302400,2017-05-09,44.69,44.69,44.29,44.34,967466.0,44.55,45.04436828377127,44.055631716228724,44.995999999999995,44.057,44.5265,44.55,0.3999999999999986,45.266999999999996,43.833,1,52.32855803542163,0.11289230074509882,5.752770684088122,49.06373513917225,44.49230869643495,0.48600159109814406,19.77918692907054,65642460.0,1626024.6,0,-0.02005547683580725,36.0,32.0,4.0,44.55,44.43263242948966,43.92111191679562,-0.0574039103943762,0.08265703983730788,0.14006095023168408
1494388800,2017-05-10,44.36,44.45,44.05,44.25,1263792.0,44.5505,45.04363182821529,44.05736817178471,45.00016666666667,44.05916666666666,44.529666666666664,44.5505,0.4000000000000057,45.269,43.832,1,51.182997342092825,0.022603978300176335,4.278278337258332,49.05262615878091,44.486128534245275,0.4798586203054199,20.156559989776515,64378668.0,1607184.96,0,-0.05471607053214002,32.0,-48.0,80.0,44.5505,44.415238864776356,43.93400948868599,-0.06389160178126083,0.06019644800510804,0.12408804978636886
1494475200,2017-05-11,44.11,44.44,43.98,44.44,1450972.0,44.5355,45.0228797287526,44.0481202712474,44.97683333333334,44.05883333333334,44.51783333333333,44.5355,0.46000000000000085,45.23675,43.83425,1,53.44768396551167,-0.6705409029950922,4.072746332357985,49.196999889925266,44.459888292848866,0.4784401474264614,20.64810890755885,65829640.0,1596110.06,0,-0.005297718066902473,28.000000000000004,-48.0,76.0,44.5355,44.41759706813099,43.95385225383556,-0.05361458865206971,0.057069813971281746,0.11068440262335145
1494561600,2017-05-12,44.41,44.8,44.41,44.74,907844.0,44.5455,45.04097855654806,44.05002144345193,44.978500000000004,44.0685,44.5235,44.5455,0.39000000000000057,45.24075,43.850249999999996,1,56.7801398596683,0.44903457566233235,5.486077215303874,48.51738048876282,44.45050833178747,0.47212299403885705,19.948299645267717,66737484.0,1587164.38,0,-0.0042963007353391406,24.0,-48.0,72.0,44.5455,44.44830210926137,43.98468157721456,-0.026226380016102904,0.07790142760322283,0.10412780761932573
1494820800,2017-05-15,44.74,44.97,44.58,44.94,967147.0,44.5405,45.01759433029429,44.063405669705716,44.97116666666667,44.067166666666665,44.51916666666666,44.5405,0.39000000000000057,45.2245,43.856500000000004,1,58.8474471428043,-0.22202486678508307,7.654301636270403,46.7980073123829,44.44228365421839,0.4662570658932244,18.816619815700726,67704631.0,1570181.18,0,0.00786403289242857,20.0,-48.0,68.0,44.5405,44.495130479807905,44.022145044774774,0.004129068154340471,0.10928914281225133,0.10516007465791086
1494907200,2017-05-16,44.94,45.03,44.53,44.55,1165475.0,44.5215,44.96405056208185,44.078949437918155,44.96083333333333,44.051833333333335,44.50633333333333,44.5215,0.5,45.209250000000004,43.83375,1,53.58623374126457,-0.8457600712219064,7.068852312651614,46.87176165248837,44.440095891807424,0.46866727547227977,17.597659509896925,66539156.0,1559999.5,0,0.0067546611283489655,16.0,-48.0,64.0,44.5215,44.50035614839763,44.04284523909734,-0.0029087908070389024,0.10152408614911224,0.10443287695615114
1494993600,2017-05-17,44.63,45.16,44.57,44.97,1313209.0,44.542,45.02584294972538,44.05815705027462,44.975,44.06699999999999,44.521,44.542,0.6099999999999994,45.2305,43.853500000000004,1,57.85734836233117,0.9201077199281791,8.712484877939104,45.819542309192336,44.443332912754364,0.47876247008140255,16.579787529695544,67852365.0,1551302.62,0,0.1035423394084963,12.0,-48.0,60.0,44.542,44.54508413426453,44.07920424932882,0.018683823361290458,0.12778765615776422,0.10910383279647376
1495080000,2017-05-18,45.13,45.41,44.72,45.01,1591888.0,44.572,45.09240753261165,44.05159246738835,45.02433333333333,44.08833333333333,44.55633333333333,44.572,0.6899999999999977,45.277750000000005,43.86625,1,58.24257404282082,1.3510470614726444,10.178590008677915,57.5790702224577,44.506251159402815,0.4938508650755879,16.283702838302457,69444253.0,1554753.04,0,0.12030155834571929,8.0,-48.00000000000001,56.00000000000001,44.572,44.58936183576315,44.11570604347279,0.03279624644459102,0.15009914085221254,0.11730289440762152
1495166400,2017-05-19,44.95,44.98,44.63,44.91,1895061.0,44.5835,45.12276894959653,44.044231050403475,45.03283333333333,44.100833333333334,44.56683333333333,44.5835,0.37999999999999545,45.2885,43.8785,1,56.874445351734956,0.5147717099373251,10.745175310156917,54.42487351878254,44.55640106301713,0.4857186604273313,15.72632781739029,67549192.0,1569784.64,0,0.20030268238928628,4.0,-48.0,52.0,44.5835,44.61989880378571,44.1468548260817,0.03247121191934693,0.1578919093068052,0.12542069738745826
1495425600,2017-05-22,44.9,45.45,44.79,45.38,1161151.0,44.61,45.2429928909545,43.9770071090455,45.06266666666666,44.11566666666666,44.589166666666664,44.61,0.6600000000000037,45.32625,43.89375,1,61.36445881060869,1.1817168338907493,13.404217079851563,61.38584279076808,44.62338511536017,0.4981673275396651,16.288209275339305,68710343.0,1565105.2,0,0.24842706591268102,100.0,52.0,48.0,44.61,44.692289393901355,44.19521346035301,0.0594161574278671,0.19969089417229213,0.14027473674442503
1495512000,2017-05-23,45.38,45.81,45.37,45.68,2624920.0,44.652499999999996,45.435286688695534,43.86971331130446,45.107166666666664,44.155166666666666,44.631166666666665,44.652499999999996,0.44000000000000483,45.372499999999995,43.9325,0,63.890466229112356,1.8960517510595614,16.802887549105662,64.68620975967228,44.782315269555625,0.49401251842968935,17.464219767687222,71335263.0,1564933.36,1,0.3202789116706916,100.0,56.0,44.0,44.652499999999996,44.78635707067265,44.25344038347642,0.09105647525584448,0.25409533081423064,0.16303885555838615
1495598400,2017-05-24,45.78,45.92,45.68,45.88,1181817.0,44.715,45.66282909851878,43.76717090148123,45.157000000000004,44.215,44.68599999999999,44.715,0.240000000000002,45.4275,44.002500000000005,0,65.47452893763396,2.8008066323101053,20.280063901606297,71.979121591388,44.90098176922225,0.47586876711328313,18.73852123390517,72517080.0,1554246.78,0,0.2914007668379652,100.0,60.0,40.0,44.715,44.8905135401324,44.3172270351048,0.11739182123778064,0.30977863210561196,0.19238681086783133
1495684800,2017-05-25,45.87,46.28,45.72,46.2,993157.0,44.792,45.93877983937585,43.645220160624156,45.227333333333334,44.27433333333333,44.75083333333333,44.792,0.5600000000000023,45.512750000000004,44.07125,0,67.84988845397872,3.44827586206898,24.258189153042224,71.9741107120607,44.98158903089113,0.48187814089090597,20.466980462954787,73510237.0,1529572.04,0,0.36714849139927974,100.0,64.0,36.0,44.792,45.015226536310266,44.39106126902226,0.14641213123913357,0.3754019749167483,0.22898984367761474
1495771200,2017-05-26,46.18,46.36,46.11,46.23,946416.0,44.8845,46.173103507677546,43.59589649232246,45.31016666666666,44.37416666666666,44.84216666666667,44.8845,0.25,45.590250000000005,44.17875,0,68.06669940672137,4.168544389364565,27.472254425181408,71.59193647991918,45.073693369502,0.4653154165415555,22.18389640287348,74456653.0,1524968.54,0,0.3200577490739626,100.0,68.0,32.0,44.8845,45.13091924713786,44.46317651337433,0.15675320669705184,0.4249313520489295,0.2681781453518777
1496116800,2017-05-30,46.19,46.42,46.15,46.29,995064.0,44.989999999999995,46.372678559897,43.60732144010299,45.40233333333334,44.486333333333334,44.94433333333333,44.989999999999995,0.2700000000000031,45.680749999999996,44.299249999999994,0,68.51371893111047,4.775916704391126,30.250542690213067,76.85283008271969,45.1722994714155,0.4513643153600161,23.86418134015384,75451717.0,1446956.82,0,0.36088689202545715,100.0,72.0,28.000000000000004,44.989999999999995,45.241307890267585,44.534816650104744,0.15640166120528337,0.4636802218584819,0.30727856065319853
1496203200,2017-05-31,46.33,46.82,46.31,46.73,1939773.0,45.1145,46.64512699571085,43.58387300428915,45.5205,44.6075,45.064,45.1145,0.5300000000000011,45.8045,44.4245,0,71.58428912002073,5.628390596745015,34.00658347578357,84.21331147062062,45.37998354717201,0.45698114997715783,25.94711067674922,77391490.0,1456308.76,0,0.4137352329400576,100.0,76.0,24.0,45.1145,45.38308809119448,44.620902271669266,0.17326085787634904,0.5238546329986349,0.35059377512228584
1496289600,2017-06-01,46.76,46.94,46.54,46.94,1366572.0,45.2535,46.91175540855406,43.59524459144595,45.652166666666666,44.73316666666666,45.19266666666666,45.2535,0.3999999999999986,45.948,44.559000000000005,0,72.91145833501827,6.2952898550724665,37.646940269810116,84.20796377298731,45.565607238001526,0.45291106783593216,28.02126545083331,78758062.0,1444436.98,0,0.4111377494405033,100.0,80.0,20.0,45.2535,45.53136541584263,44.71184728062342,0.18495066813936095,0.5817821102964871,0.3968314421571261
1496376000,2017-06-02,47.18,47.19,46.6,46.96,2416674.0,45.379,47.151037245657875,43.60696275434212,45.769333333333336,44.89633333333333,45.33283333333333,45.379,0.5899999999999963,46.039,44.718999999999994,0,73.03770263072079,5.646794150731154,40.59645991437485,85.43069296726559,45.76485980017956,0.4627031344190796,30.222508397157345,81174736.0,1459678.86,0,0.37629264905302595,100.0,84.0,16.0,45.379,45.66742585242905,44.80001013236368,0.18024071186926244,0.6221323319937042,0.4418916201244418
1496635200,2017-06-05,47.03,47.03,46.75,46.9,1650522.0,45.4995,47.33978774923889,43.65921225076111,45.8845,45.0145,45.4495,45.4995,0.28000000000000114,46.15725,44.84175,0,71.9783857554531,5.416947628680595,42.54211871312984,78.00022460794439,45.89510913871187,0.44965291053200257,32.26651970445823,79524214.0,1465259.48,0,0.33121105203381596,96.0,84.0,12.0,45.4995,45.784813866483425,44.88236267619256,0.1599823851962887,0.6418696016198027,0.48188721642351395
1496721600,2017-06-06,46.88,46.97,46.74,46.8,2027836.0,45.607,47.48699042550719,43.72700957449281,45.992999999999995,45.132999999999996,45.563,45.607,0.22999999999999687,46.25725,44.95675,0,70.19233570453922,4.815229563269874,43.381712732390135,74.71423176415558,46.044326484214515,0.4339634169225736,34.11965312174019,77496378.0,1477235.66,0,0.3229220271787152,92.0,84.0,8.0,45.607,45.881498260151666,44.95756413987128,0.12812327736659923,0.642041313131763,0.5139180357651638
1496808000,2017-06-07,46.76,47.42,46.76,47.12,1854290.0,45.745999999999995,47.64174681853845,43.85025318146154,46.138999999999996,45.253,45.696,45.745999999999995,0.6600000000000037,46.415749999999996,45.076249999999995,0,72.49157230189878,6.269733874605309,45.017490548210496,75.40004569886354,46.197130332139096,0.45010888714239006,36.32056393326964,79350668.0,1483982.72,0,0.3020094381121493,100.0,96.0,4.0,45.745999999999995,45.99945080680389,45.04236554615083,0.11717453166709346,0.6603862003490306,0.5432116686819372
1496894400,2017-06-08,46.85,47.09,46.3,46.76,1597121.0,45.8715,47.68502998320916,44.05797001679083,46.28183333333333,45.356833333333334,45.81933333333333,45.8715,0.8200000000000003,46.57275,45.170249999999996,0,66.42406785997451,5.672316384180787,43.57133791572349,68.35571860505229,46.314619416144446,0.4765296809179337,36.59197809966442,77753547.0,1477014.72,0,0.32474708521387025,96.0,76.0,20.0,45.8715,46.07188406329876,45.10972376002727,0.07624287133562335,0.6385152578514663,0.562272386515843
1496980800,2017-06-09,46.63,46.96,46.4,46.91,1334961.0,45.995,47.736763474183164,44.25323652581683,46.41033333333333,45.475333333333325,45.94283333333333,45.995,0.5600000000000023,46.70375,45.286249999999995,0,67.61300367161986,5.558055805580556,42.87396977445808,75.93854884723702,46.467836600547976,0.48249184656665284,36.84400553988815,79088508.0,1469222.34,0,0.33114942090111166,92.0,76.0,16.0,45.995,46.15170462869888,45.180322828261495,0.05103744187023873,0.6260691888536414,0.5750317469834026
1497240000,2017-06-12,46.94,47.19,46.43,46.87,1297867.0,46.1015,47.782717118637144,44.42028288136286,46.53783333333333,45.56583333333333,46.051833333333335,46.1015,0.759999999999998,46.838,45.365,0,66.9475616522818,4.760840411265077,42.01161863562346,76.13125318971142,46.55486811739541,0.5023138575261775,37.421211980054196,77790641.0,1468849.28,0,0.2971730121192158,88.0,76.0,12.0,46.1015,46.220113711679936,45.246584678133594,0.024768538727377387,0.6059924203926244,0.581223881665247
1497326400,2017-06-13,46.79,46.88,46.57,46.8,1149433.0,46.19449999999999,47.813036066943994,44.57596393305599,46.62983333333333,45.66583333333333,46.14783333333334,46.19449999999999,0.3100000000000023,46.92499999999999,45.46399999999999,0,65.75542504534091,4.138851802403203,40.774376333322735,68.95792744606608,46.683930819211824,0.488577153417165,37.95718938877981,76641208.0,1452192.26,0,0.2933574458494536,84.0,76.0,8.0,46.19449999999999,46.27534097723423,45.30750292604993,-0.002760852228017474,0.5777728163802252,0.5805336686082426
1497412800,2017-06-14,47.18,47.4,46.8,47.02,1127571.0,46.318,47.785672988100046,44.85032701189995,46.75333333333334,45.77933333333333,46.26633333333333,46.318,0.6000000000000014,47.056,45.58,0,67.660556046258,5.544332210998892,40.48128842765387,68.9232756521387,46.7540951086739,0.49653592817308184,39.138668870568885,77768779.0,1448366.98,0,0.2415317313602128,80.0,76.0,4.0,46.318,46.3462608841643,45.37465967404797,-0.011123741312737856,0.5666289919673204,0.5777527332800583
1497499200,2017-06-15,47.0,47.21,46.82,47.15,1136000.0,46.427,47.79870113362879,45.05529886637121,46.85133333333333,45.897333333333336,46.37433333333333,46.427,0.39000000000000057,47.1485,45.7055,0,68.74221013768943,4.847676228596842,40.672268880955464,63.68798239344467,46.803530203789805,0.48892621901786176,40.235756960801595,78904779.0,1424857.46,0,0.24357407109063514,100.0,96.0,4.0,46.427,46.422807466624846,45.444280863300996,-0.012753278363965892,0.561811135325101,0.5745644136890669
1497585600,2017-06-16,47.21,47.64,47.15,47.61,3838448.0,46.557,47.85787816493263,45.256121835067376,46.96233333333333,46.02833333333333,46.495333333333335,46.557,0.490000000000002,47.2635,45.850500000000004,0,72.20490970249362,5.776494112419465,42.33036561716067,68.20133703863557,46.93352519416853,0.4890029176594432,41.71886090784994,82743227.0,1464474.1,1,0.35742252731948493,100.0,88.0,12.0,46.557,46.53587342218439,45.52921102552449,0.011011838578548927,0.588329211912253,0.577317373333704
1497844800,2017-06-19,47.6,47.69,47.1,47.27,1030425.0,46.675,47.76849897119222,45.58150102880777,47.1,46.142,46.620999999999995,46.675,0.5899999999999963,47.39725,45.952749999999995,0,66.47543005718985,5.254954353150761,40.9819408135313,63.90925001942941,46.97880748101339,0.49621699496948274,43.09602885868054,81712802.0,1446850.72,0,0.3369696422414241,96.0,88.0,8.0,46.675,46.60579023911921,45.597477259817644,-0.0016312032937078058,0.5752783692165693,0.5769095725102771
1497931200,2017-06-20,47.3,47.44,47.15,47.32,1007306.0,46.772,47.72378989278015,45.82021010721985,47.18633333333334,46.26533333333333,46.725833333333334,46.772,0.28999999999999915,47.466499999999996,46.0775,0,66.8822264247103,4.2750110180696295,40.087996491921594,58.03379740115399,47.02360278372356,0.48148720961451963,44.3748276701661,82720108.0,1431733.14,0,0.3033694739899723,92.0,88.0,4.0,46.772,46.67381021634595,45.66502717119735,-0.011538797890064956,0.5624860751476959,0.5740248730377608
1498017600,2017-06-21,47.4,47.49,46.98,47.22,1325649.0,46.849000000000004,47.6759437707598,46.02205622924021,47.27033333333333,46.34233333333333,46.806333333333335,46.849000000000004,0.5100000000000051,47.548750000000005,46.14925,0,65.21622302082602,3.3712784588441314,38.60896476882566,52.14262619441849,47.04861228230828,0.48352383749919714,44.804417965161356,81394459.0,1436056.64,0,0.24054021661769986,88.0,76.0,12.0,46.849000000000004,46.72582829097966,45.72600649781707,-0.028758844966259356,0.5380763168299367,0.5668351617961961
1498104000,2017-06-22,47.06,47.21,46.81,46.83,942846.0,46.896499999999996,47.594419049746044,46.19858095025395,47.3345,46.390499999999996,46.8625,46.896499999999996,0.4099999999999966,47.608999999999995,46.184,1,59.16591165714526,2.0706190061028678,34.4936246212569,44.43382639123165,47.05920751819571,0.4782721348206828,44.49146778976075,80451613.0,1426559.0,0,0.19239196406710074,84.0,76.0,8.0,46.896499999999996,46.735749406124455,45.76930036064777,-0.06810106755067757,0.48170882735784915,0.5498098949085267
1498190400,2017-06-23,46.77,47.11,46.76,46.87,1912628.0,46.93,47.551063603826876,46.308936396173124,47.36633333333333,46.44333333333333,46.904833333333336,46.93,0.3500000000000014,47.62675,46.23325,1,59.570849603334125,1.4502164502164385,31.38826159348526,43.894428084609444,47.058965466167365,0.46910983947634843,43.99466656261397,82364241.0,1437582.58,0,0.15167698445389344,80.0,76.0,4.0,46.93,46.748535176969746,45.81246505238707,-0.0916498452981096,0.4352475882858897,0.5268974335839993
1498449600,2017-06-26,46.99,47.31,46.77,47.18,1199999.0,46.9775,47.5171248696997,46.4378751303003,47.423500000000004,46.471500000000006,46.9475,46.9775,0.5399999999999991,47.696,46.259,1,62.59673982054821,2.05494267791478,30.08908899626124,51.40503592278904,47.08228695765772,0.47417342237089494,43.896329373101636,83564240.0,1437818.28,0,0.23443573512453078,76.0,72.0,4.0,46.9775,46.789627064877386,45.86609387386209,-0.08662547418249067,0.41861559085588596,0.5052410650383766
1498536000,2017-06-27,46.95,47.06,46.45,46.67,2039089.0,46.996500000000005,47.459242909182215,46.533757090817794,47.4625,46.4765,46.9695,46.996500000000005,0.7299999999999969,47.749500000000005,46.243500000000004,1,55.41439831029212,0.8209116439835873,25.53130983998174,42.124888791900474,47.0460878017997,0.49244674934440225,42.55257300524489,81525151.0,1444916.5,0,0.1971773544525526,72.0,68.0,4.0,46.996500000000005,46.77823401107954,45.897619604298875,-0.11608844010194758,0.36013051491094217,0.47621895501288974
1498622400,2017-06-28,46.88,46.91,46.07,46.1,1190379.0,46.964999999999996,47.562243668864234,46.36775633113576,47.465999999999994,46.447,46.9565,46.964999999999996,0.8399999999999963,47.741249999999994,46.18875,1,48.82377130479656,-1.3481703402525047,18.406647856506755,42.97229136422773,47.03193571757746,0.5172719815340876,40.09089600684587,80334772.0,1439570.34,0,0.13444935438994443,68.0,64.0,4.0,46.964999999999996,46.713640295738635,45.9055560904048,-0.16918737417728408,0.2647347372912847,0.4339221114685688
1498708800,2017-06-29,45.96,46.43,45.57,45.7,1231938.0,46.903,47.71616910910242,46.08983089089758,47.44366666666666,46.37866666666666,46.91116666666667,46.903,0.8599999999999994,47.71375,46.09225,0,44.88077817525848,-2.6416702172986684,10.779752202386671,36.732047542308415,46.981665409665666,0.5417525542816527,37.895902576453935,79102834.0,1432798.02,0,0.03938055956645412,64.0,-36.0,100.0,46.903,46.61710312471591,45.89749506725167,-0.22308272622404413,0.15506870368851366,0.3781514299125578
1498795200,2017-06-30,45.75,46.05,45.62,45.71,2180434.0,46.840500000000006,47.80466751656465,45.87633248343536,47.37949999999999,46.3305,46.855,46.840500000000006,0.4299999999999997,47.639250000000004,46.04175000000001,0,44.99767216216242,-2.6618398637137988,5.096098657525011,29.210626697978157,46.86932391929578,0.5337702289758204,35.85769439108999,81283268.0,1451266.54,0,-0.03134796338524369,60.0,-36.0,96.0,46.840500000000006,46.53071235093344,45.89014231951631,-0.2479782813906652,0.06817857817422635,0.31615685956489153
1499054400,2017-07-03,45.73,45.78,45.45,45.48,924661.0,46.76950000000001,47.90040185250466,45.63859814749536,47.31583333333333,46.261833333333335,46.78883333333333,46.76950000000001,0.3299999999999983,47.57200000000001,45.967000000000006,0,42.80012424158741,-3.0277185501066133,-0.43830158047784457,29.55380934140689,46.818853938800245,0.5192152126204045,34.352551677312235,80358607.0,1442015.7,0,-0.09393348414557542,56.00000000000001,-43.99999999999999,100.0,46.76950000000001,46.430644507987395,45.87405830698626,-0.26814330620455845,-0.019022273190806516,0.24912103301375194
1499227200,2017-07-05,45.57,45.57,45.1,45.23,1639262.0,46.690999999999995,48.005578259366274,45.37642174063372,47.251,46.173,46.712,46.690999999999995,0.46999999999999886,47.5115,45.87049999999999,0,40.53512336987247,-3.354700854700855,-5.901277375900022,23.669823653967,46.69029544521003,0.5156998402903755,33.66799429529866,78719345.0,1451801.62,0,-0.1116974805081064,52.0,-48.0,100.0,46.690999999999995,46.3162974119886,45.84880111847699,-0.28495144275879736,-0.10706827043474476,0.1778831723240526
1499313600,2017-07-06,45.11,45.24,44.92,45.17,1564460.0,46.5935,48.04813775559363,45.13886224440637,47.1345,46.0905,46.6125,46.5935,0.3200000000000003,47.3885,45.7985,0,40.000343925536505,-4.138370118845492,-10.439495188259023,23.27487326391089,46.558991836758416,0.5017212802696344,33.35975581227071,77154885.0,1451925.26,0,-0.10527800666996755,48.0,-52.0,100.0,46.5935,46.20712622989444,45.822181466772015,-0.28599961839016236,-0.17961635066365034,0.106383267726512
1499400000,2017-07-07,45.23,45.43,45.11,45.23,1309103.0,46.516999999999996,48.08507015149147,44.94892984850852,47.038,46.041000000000004,46.5395,46.516999999999996,0.3200000000000003,47.274499999999996,45.759499999999996,0,40.82216761272573,-3.2720273738237835,-13.733383844043138,12.823640351903336,46.29286747598327,0.48874118882180334,32.47503188571686,78463988.0,1454255.08,0,-0.30847616732714117,44.0,-52.0,96.0,46.516999999999996,46.11406658895211,45.7989586641535,-0.2688048380974108,-0.22962277989525148,0.039182058202159316
1499659200,2017-07-10,45.29,45.48,45.1,45.11,1435076.0,46.427,48.097773473573994,44.756226526426005,46.952666666666666,45.97366666666667,46.463166666666666,46.427,0.37999999999999545,47.171,45.683,0,39.67800920090697,-3.8371349392453578,-16.89264139176388,12.598717733349176,46.16132708011876,0.48097396104881707,31.497733180778283,77028912.0,1449763.06,0,-0.34857597885713915,40.0,-60.0,100.0,46.427,46.0184411995281,45.771940677323954,-0.25195162413971944,-0.27575747197249,-0.023805847832770552
1499745600,2017-07-11,45.16,45.25,44.84,45.04,1331095.0,46.3355,48.097175055167256,44.57382494483275,46.84583333333333,45.90183333333333,46.37383333333333,46.3355,0.4099999999999966,47.053250000000006,45.61775,0,39.00670015874078,-3.9044164710902463,-19.750603858872722,12.432168698494223,46.030879888856695,0.47590439240247273,31.12211204274627,75697817.0,1428931.66,0,-0.35318743232670013,36.0,-64.0,100.0,46.3355,45.92525632338256,45.74323712135047,-0.23243083876100595,-0.314344396284028,-0.08191355752302205
1499832000,2017-07-12,45.41,45.6,45.14,45.19,1794589.0,46.255,48.070725750216305,44.4392742497837,46.781333333333336,45.82233333333333,46.301833333333335,46.255,0.5600000000000023,46.9915,45.5185,0,41.248820043200055,-3.440170940170939,-21.183241345904186,20.748840052400666,45.89156036165375,0.481911221516582,29.71532971014501,77492406.0,1445821.98,0,-0.40927955765007507,32.0,-64.0,96.0,46.255,45.85523191163185,45.72154154796418,-0.1976917401838204,-0.3290282327527976,-0.13133649256897717
1499918400,2017-07-13,45.17,45.33,44.99,45.1,1413469.0,46.159,48.00555246337562,44.312447536624376,46.67166666666667,45.738666666666674,46.20516666666667,46.159,0.3399999999999963,46.876,45.442,0,40.31287969969482,-4.083368779242879,-22.7243309319131,20.330618199966523,45.794223352452825,0.4717747056939688,28.734039148851235,76078937.0,1448826.92,0,-0.3836581979974335,28.000000000000004,-64.0,92.0,46.159,45.78330506290501,45.69716736961264,-0.1701008385240354,-0.34396254072402144,-0.17386170219998603
1500004800,2017-07-14,45.45,45.53,45.23,45.34,1019624.0,46.0685,47.889140271991856,44.247859728008144,46.582499999999996,45.6585,46.1205,46.0685,0.4299999999999997,46.7885,45.3485,0,43.88681499292158,-3.8388123011664796,-22.44951913235308,26.281552826170696,45.667139767299105,0.4687907981443996,27.25375198203591,77098561.0,1448056.16,0,-0.3789279752895533,24.0,-64.0,88.0,46.0685,45.74108553310453,45.68316080609843,-0.12698912558661252,-0.3325981091832517,-0.2056089835966392
1500264000,2017-07-17,45.33,45.5,45.14,45.42,986120.0,45.958999999999996,47.65477003157816,44.26322996842183,46.47033333333333,45.559333333333335,46.014833333333335,45.958999999999996,0.35999999999999943,46.66924999999999,45.24875,0,45.04148058219533,-4.599873976055446,-21.703567454402968,20.438474358272515,45.566793206814786,0.461020026848371,26.090900208330257,78084681.0,1438134.18,0,-0.3866761022647877,20.0,-64.0,84.0,45.958999999999996,45.71050595852314,45.67284077448673,-0.086330648365715,-0.31352229405378296,-0.22719164568806796
1500350400,2017-07-18,45.5,45.65,45.42,45.51,1096895.0,45.870999999999995,47.46512546557622,44.27687453442377,46.361000000000004,45.486000000000004,45.923500000000004,45.870999999999995,0.22999999999999687,46.554249999999996,45.187749999999994,0,46.34885274524029,-3.723291728368955,-20.49382877784729,27.253879569398748,45.44077518187683,0.44451859635920143,24.577777812572755,79181576.0,1439469.74,0,-0.3884812204226815,16.0,-64.0,80.0,45.870999999999995,45.69141015294951,45.66645486176176,-0.04850625467703212,-0.28782446403435813,-0.239318209357326
1500436800,2017-07-19,45.6,45.72,45.45,45.68,972601.0,45.789,47.238729629965064,44.33927037003494,46.275666666666666,45.40266666666666,45.839166666666664,45.789,0.269999999999996,46.47075,45.10725,0,48.77186473691772,-3.4657650042265438,-18.362360999344798,32.76929258281464,45.39192933219262,0.4320529823335439,22.97236886446189,80154177.0,1434201.9,0,-0.2982572568246051,12.0,-64.0,76.0,45.789,45.690323471716226,45.66698604365345,-0.009225058188396695,-0.2508495320928219,-0.2416244739044252
1500523200,2017-07-20,45.68,46.09,45.62,46.09,1107274.0,45.7325,47.03538717853798,44.42961282146202,46.20883333333333,45.33983333333334,45.77433333333333,45.7325,0.47000000000000597,46.41125,45.05375,0,54.04120793943088,-2.393053790766615,-13.939588909385375,38.95613672895178,45.39052163776965,0.43476348359543404,22.144751548149497,81261451.0,1436998.06,0,-0.19548131430876947,8.0,-64.0,72.0,45.7325,45.728387902981346,45.683574826255274,0.04424731393314857,-0.1863153314879895,-0.23056264542113808
1500609600,2017-07-21,46.02,46.35,45.9,46.33,1324980.0,45.707499999999996,46.94261740332596,44.47238259667403,46.173500000000004,45.2995,45.7365,45.707499999999996,0.45000000000000284,46.38925,45.025749999999995,0,56.78045917722961,-1.067691650651292,-8.905434472833573,48.32983360074819,45.40086836254882,0.43585180619576036,21.951501247423966,82586431.0,1438221.82,0,-0.0666992395087175,4.0,-64.0,68.0,45.707499999999996,45.785684293173595,45.7089248330688,0.09286147847934695,-0.11448579732195441,-0.20734727580130136
1500868800,2017-07-24,46.33,46.35,45.63,45.73,1217180.0,45.6505,46.76510261977024,44.53589738022976,46.14149999999999,45.230500000000006,45.68599999999999,45.6505,0.7199999999999989,46.36,44.941,0,49.082029047375435,-2.432259441007042,-7.980712242275577,47.52738824689692,45.425863293514304,0.45614810575320597,20.98494129354103,81369251.0,1433545.98,0,-0.07235618932812848,8.0,-56.0,64.0,45.6505,45.78038102715706,45.70975131020336,0.08206369009959436,-0.10476766317680841,-0.18683135327640277
1500955200,2017-07-25,45.76,45.79,45.46,45.54,968820.0,45.5685,46.43453175461337,44.70246824538663,46.0565,45.1665,45.6115,45.5685,0.3299999999999983,46.26225,44.87475,0,46.959725186145725,-3.4760491733785517,-8.212442449688526,49.32090991333538,45.44705903926695,0.447137526770834,19.631473560384247,80400431.0,1434765.5,0,-0.06181896340459247,4.0,-56.0,60.0,45.5685,45.75748759599925,45.70309439607774,0.06057188095174926,-0.1111165020867162,-0.17168838303846545
1501041600,2017-07-26,45.48,45.9,45.4,45.88,1041607.0,45.528999999999996,46.25046794800511,44.80753205199488,46.001,45.122,45.5615,45.528999999999996,0.5,46.205499999999994,44.8525,0,50.95444582140424,-1.6927362331262032,-6.4580602191881455,56.93404743287236,45.49515727760207,0.4509134177157744,18.650446696696658,81442038.0,1436254.7,0,-0.05911909911467592,4.0,-52.00000000000001,56.00000000000001,45.528999999999996,45.769155443999324,45.71003187074135,0.06718920916737903,-0.0877018715792417,-0.15489108074662072
1501128000,2017-07-27,45.78,45.99,45.48,45.71,2300297.0,45.5095,46.18798286640026,44.831017133599744,45.95283333333334,45.106833333333334,45.52983333333333,45.5095,0.5100000000000051,46.16125,44.85775,0,49.011653402636554,-0.8459869848156195,-5.938852836986703,53.36561128714571,45.5420626980966,0.4551338878789338,17.965065879751652,79141741.0,1458951.14,-1,-0.05021525382113271,12.0,-40.0,52.0,45.5095,45.76352159218986,45.710030620908356,0.05837776249258414,-0.08191887763089056,-0.1402966401234747
1501214400,2017-07-28,45.66,45.9,45.34,45.57,1245109.0,45.503,46.17653099408915,44.82946900591085,45.923,45.107000000000006,45.515,45.503,0.5599999999999952,46.13225,44.87375,0,47.443541935547486,-0.28446389496718283,-6.213701252021561,53.97918060554061,45.571475285536685,0.46262432445900964,16.914025019557943,77896632.0,1457589.14,0,0.013066848656173446,8.0,-40.0,48.0,45.503,45.74509096436225,45.70453922400999,0.0421392444016315,-0.08762258462143535,-0.12976182902306685
1501473600,2017-07-31,45.47,45.89,45.37,45.77,1427451.0,45.506,46.183713803901554,44.828286196098446,45.92166666666667,45.09666666666667,45.50916666666667,45.506,0.5200000000000031,46.141999999999996,44.870000000000005,0,49.85608020878028,0.13126230584117757,-5.340844646494547,62.737499731058115,45.61909539561325,0.46672258699765207,15.938058506520928,79324083.0,1454300.4,0,0.05771037453696632,4.0,-40.0,44.0,45.506,45.7474632534706,45.707106313264504,0.04369879362065453,-0.0751383369972487,-0.11883713061790323
1501560000,2017-08-01,45.87,45.97,45.58,45.84,1956179.0,45.524,46.216947328444746,44.831052671555256,45.936,45.105000000000004,45.5205,45.524,0.39000000000000057,46.164500000000004,44.8835,0,50.690006199730234,0.7915567282322045,-4.271735099199994,63.165451398668,45.66899472345324,0.4612424022121055,15.267267844810432,81280262.0,1455522.76,0,0.17095519267090772,4.0,-36.0,40.0,45.524,45.756276276949585,45.712317830391385,0.04793617779029517,-0.05891690838003427,-0.10685308617032944
1501646400,2017-08-02,45.66,45.97,45.45,45.97,1252045.0,45.561,46.266121266165406,44.855878733834594,45.96333333333333,45.12733333333333,45.54533333333333,45.561,0.519999999999996,46.20525,44.91675,0,52.242647657204465,1.6360822462967102,-2.714442340794918,69.30347322304085,45.7196510887941,0.4654393734826691,14.216136273101085,82532307.0,1457340.64,0,0.27022370215503827,68.0,32.0,36.0,45.561,45.7766309172401,45.72242301351329,0.05734964993195944,-0.03516602375538014,-0.09251567368733958
1501732800,2017-08-03,45.89,46.59,45.89,46.59,2062641.0,45.632,46.44331005170569,44.82068994829431,46.044666666666664,45.17066666666667,45.60766666666667,45.632,0.7000000000000028,46.30475,44.95925,0,58.761405099014844,3.143679433252162,1.756149037433029,71.44976034070696,45.807937826909246,0.482193703948193,14.83278584344529,84594948.0,1446095.06,0,0.37849266532076364,100.0,68.0,32.0,45.632,45.85409463940771,45.75644564043434,0.10065386779012488,0.03330166105031651,-0.06735220673980837
1501819200,2017-08-04,46.48,46.55,46.02,46.36,1289009.0,45.688500000000005,46.53651591966111,44.840484080338896,46.10783333333333,45.212833333333336,45.660333333333334,45.688500000000005,0.5700000000000003,46.38,44.99700000000001,0,55.78784508916286,2.498341808534165,4.017716085704646,69.9660945291796,45.86480898453653,0.4884655822376078,15.405389015907764,83305939.0,1448238.9,0,0.36303889720246496,96.0,68.0,28.000000000000004,45.688500000000005,45.90227610232127,45.780114438848685,0.1084556450636991,0.06821734958981551,-0.04023829547388359
1502078400,2017-08-07,46.37,46.74,46.23,46.72,1644856.0,45.769000000000005,46.685010916964785,44.852989083035226,46.181,45.273,45.727,45.769000000000005,0.5100000000000051,46.47025000000001,45.067750000000004,0,59.19034786155441,3.569053424961205,7.466307061978092,71.03683510931137,45.94153159052426,0.4900037549349219,16.34382423381606,84950795.0,1461272.88,0,0.4415531888080618,100.0,76.0,24.0,45.769000000000005,45.980154568766864,45.81697269614874,0.1310014276179171,0.12351348904851278,-0.007487938569404315
1502164800,2017-08-08,46.64,46.94,46.5,46.91,1126856.0,45.8625,46.84137435352993,44.883625646470065,46.2695,45.35850000000001,45.814,45.8625,0.4399999999999977,46.565999999999995,45.159,0,60.86361398518225,4.151865008880989,10.978838841391822,71.35681019971959,46.004872305757985,0.4864320581538558,17.609300016800344,86077651.0,1464881.68,0,0.452605870890858,100.0,80.0,20.0,45.8625,46.06871127650335,45.85983651198604,0.15045899826515638,0.18058580926204115,0.030126810996884777
1502251200,2017-08-09,47.09,47.09,46.4,46.48,1578180.0,45.92700000000001,46.8899974039418,44.964002596058215,46.348333333333336,45.41433333333334,45.88133333333333,45.92700000000001,0.6900000000000048,46.64025000000001,45.213750000000005,0,55.447641459080955,2.85461385262226,11.382183020277354,62.738625091744915,46.059085698654435,0.5009726254285808,19.06085801126642,84499471.0,1476544.0,0,0.3286710526223379,96.0,80.0,16.0,45.92700000000001,46.10788163112208,45.8841566487709,0.12705106145353828,0.18894063781380765,0.06188957636026936
1502337600,2017-08-10,46.49,46.93,46.3,46.85,2207500.0,46.0145,46.979040823396616,45.04995917660338,46.4405,45.4775,45.958999999999996,46.0145,0.6300000000000026,46.7495,45.2795,0,58.77067414411378,3.8802660753880267,13.230068122181853,64.63991191913831,46.116419487128006,0.5101888664693967,20.0103182618522,86706971.0,1481898.54,1,0.3356887933482428,92.0,80.0,12.0,46.0145,46.17855957101522,45.92203285862302,0.12876749372233237,0.22284894351318485,0.09408144979085246
1502424000,2017-08-11,46.68,46.9,46.37,46.57,1516241.0,46.076,47.01724173303069,45.134758266969314,46.51433333333334,45.528333333333336,46.02133333333333,46.076,0.5300000000000011,46.8185,45.3335,0,55.4746442578676,2.712836347595935,13.171773299123785,63.49437349783711,46.16327220230483,0.5116039474358683,20.891959923110424,85190730.0,1484891.92,0,0.3545063342314219,88.0,80.0,8.0,46.076,46.21583961187092,45.947443334755455,0.10436644692835856,0.22453950845130066,0.1201730615229421
1502683200,2017-08-14,46.6,46.87,46.57,46.81,986701.0,46.1455,47.08799615383756,45.20300384616244,46.58116666666667,45.60116666666667,46.091166666666666,46.1455,0.29999999999999716,46.8835,45.4075,0,57.619161857953905,3.0603258476442106,14.074551197634774,68.85522191323015,46.21540443152239,0.4964893797618775,21.710627179993057,86177431.0,1456292.46,0,0.4046467182939459,84.0,80.0,4.0,46.1455,46.272426315502265,45.981269086333675,0.09782192637271589,0.24245046948883697,0.14462854311612108
1502769600,2017-08-15,46.63,47.13,46.6,47.11,1085245.0,46.2255,47.20935923789868,45.24164076210131,46.66716666666667,45.65716666666667,46.162166666666664,46.2255,0.5300000000000011,46.986,45.464999999999996,0,60.144922997739485,3.5157108327840065,15.924076878866899,68.97820122363476,46.27549543314647,0.49888299549317205,23.031688245700177,87262676.0,1444986.92,0,0.405910806845507,100.0,92.0,8.0,46.2255,46.35219523783538,46.02553304373235,0.10641870897821296,0.27765192933888727,0.17123322036067432
1502856000,2017-08-16,47.13,47.34,46.95,47.28,918625.0,46.3055,47.35681298859976,45.25418701140024,46.75183333333333,45.72983333333333,46.24083333333333,46.3055,0.39000000000000057,47.075,45.536,0,61.513092219835144,3.5026269702276736,17.99172222508757,70.49945940133937,46.379086772893125,0.4911056386722312,24.650069980792058,88181301.0,1422802.7,0,0.4759877360338516,100.0,96.0,4.0,46.3055,46.44055759613678,46.074727826331085,0.11551626345928573,0.3156285496847815,0.20011228622549576
1502942400,2017-08-17,47.32,47.41,46.97,47.03,1223494.0,46.352500000000006,47.44434018977072,45.26065981022929,46.810500000000005,45.7915,46.301,46.352500000000006,0.4399999999999977,47.11975000000001,45.58525,0,58.409211729769844,2.0394879583423684,18.301070731790784,70.42852831006824,46.4724426247671,0.4874552359099288,26.276492335258833,86957807.0,1410186.78,0,0.4435742364087077,96.0,92.0,4.0,46.352500000000006,46.49669496793327,46.112189480200456,0.09738407947712757,0.32184238557190525,0.22445830609477768
1503028800,2017-08-18,46.96,47.57,46.73,47.48,1677428.0,46.410000000000004,47.60709648733866,45.21290351266135,46.88333333333333,45.82533333333333,46.35433333333333,46.410000000000004,0.8400000000000034,47.206500000000005,45.6135,0,62.038562784579156,2.4821929635225524,20.1443167459821,70.89149457126224,46.59215039480308,0.5126370047735056,26.678060621188113,88635235.0,1411792.92,0,0.4649368831528691,100.0,96.0,4.0,46.410000000000004,46.590343066225344,46.165829108427886,0.10758574865674048,0.3589404919157033,0.25135474325896284
1503288000,2017-08-21,47.52,47.57,47.24,47.41,1517603.0,46.494,47.72377071033527,45.264229289664726,46.939,45.92,46.4295,46.494,0.3299999999999983,47.261250000000004,45.726749999999996,0,61.16459812000598,3.6737371528537057,21.213140877855864,70.30881154693571,46.73116074834094,0.4995915044325408,27.050945458122442,87117632.0,1415445.76,0,0.4449153233917023,96.0,92.0,4.0,46.494,46.668405631346744,46.214620123783654,0.10158134485560172,0.378331424328465,0.2767500794728633
1503374400,2017-08-22,47.37,47.46,47.16,47.37,2300372.0,46.5855,47.78978360447135,45.381216395528654,47.024166666666666,46.00816666666667,46.51616666666666,46.5855,0.30000000000000426,47.350500000000004,45.8205,0,60.650665642491575,4.018445322793145,21.85006499796254,62.57805781992044,46.851700691750125,0.48533496840164536,27.028717923373613,84817260.0,1435495.86,0,0.40714279670211484,92.0,72.0,20.0,46.5855,46.735224142647056,46.25992913853724,0.08741705472481726,0.3860213978788849,0.29860434315406764
1503460800,2017-08-23,47.39,47.58,47.25,47.54,1632057.0,46.6685,47.89545191429758,45.44154808570242,47.10216666666666,46.10316666666667,46.602666666666664,46.6685,0.3299999999999983,47.420750000000005,45.91625,0,62.076217147066956,3.6181342632955458,22.949481150884786,61.87872397013405,46.948706112478064,0.47423961351581345,27.319041482761946,86449317.0,1445148.34,0,0.3757034730218628,100.0,84.0,16.0,46.6685,46.81186946239495,46.310127995849506,0.08208328967124906,0.401208455243129,0.3191251655718799
1503547200,2017-08-24,47.54,47.73,47.38,47.41,1470461.0,46.753499999999995,47.93786945249296,45.56913054750703,47.183166666666665,46.20016666666667,46.69166666666667,46.753499999999995,0.3499999999999943,47.49375,46.01324999999999,0,60.31724939742033,3.7190986654998817,23.123088989071025,68.35076417694661,47.027408934827356,0.46536535540754065,27.953193194873503,84978856.0,1452006.14,0,0.2966362456660488,96.0,84.0,12.0,46.753499999999995,46.8688342755002,46.353260231306386,0.06323154787191032,0.3981646004117678,0.3349330525398575
1503633600,2017-08-25,47.47,47.72,47.4,47.49,1401241.0,46.8495,47.94230327598268,45.75669672401732,47.267833333333336,46.30883333333333,46.788333333333334,46.8495,0.3200000000000003,47.57175,46.12725,0,61.03249995840864,4.213298222514816,23.544851665168075,68.02588980197383,47.098958690897135,0.45498211573557346,28.54204835611995,86380097.0,1457310.96,0,0.1970032068977912,92.0,84.0,8.0,46.8495,46.92799291592875,46.397838261451234,0.05015283150488781,0.39762409192096726,0.34747126041607945
1503892800,2017-08-28,47.52,47.7,47.43,47.64,1299424.0,46.943,47.96826289311496,45.917737106885035,47.351000000000006,46.417,46.884,46.943,0.2700000000000031,47.646499999999996,46.2395,0,62.371114271693024,4.085645619401348,24.422945832738378,68.32308810864644,47.14670097404197,0.44176910746874704,29.088842434420222,87679521.0,1406530.48,0,0.18329703771172567,100.0,96.0,4.0,46.943,46.99580311441173,46.44655048649236,0.045731071579631744,0.4046350998906192,0.35890402831098744
1503979200,2017-08-29,47.64,47.94,47.59,47.65,688607.0,47.033500000000004,47.968941606942124,46.09805839305788,47.445499999999996,46.5155,46.9805,47.033500000000004,0.3499999999999943,47.734,46.333000000000006,0,62.46160701042361,3.948516579406621,25.184868233536584,74.77860169180926,47.20555823064282,0.435214171220979,30.184175989926135,88368128.0,1399694.12,0,0.22960911741075407,100.0,88.0,12.0,47.033500000000004,47.05810757970585,46.49374458506129,0.03792841690379922,0.4063145494407365,0.3683861325369373
1504065600,2017-08-30,47.68,47.76,47.43,47.61,955881.0,47.1155,47.945210190366765,46.28578980963323,47.52616666666667,46.61516666666667,47.07066666666667,47.1155,0.3299999999999983,47.80175,46.429249999999996,0,61.83547420917243,3.567544050467698,25.576501653298433,67.98113404540177,47.28630289785067,0.42769887327662326,30.327250391889887,87412247.0,1398665.62,0,0.161459501609368,96.0,88.0,8.0,47.1155,47.110668762591004,46.53751930721575,0.025138381223368145,0.39980910906614753,0.3746707278427794
1504152000,2017-08-31,47.66,47.78,47.36,47.43,2104652.0,47.1575,47.96118837244199,46.35381162755801,47.570499999999996,46.6875,47.129000000000005,47.1575,0.4200000000000017,47.82275,46.49225,0,59.032411982665565,1.802962009014802,24.765764332734395,65.79469408842638,47.36517669653184,0.42714895375686457,30.097664575164032,85307595.0,1414245.68,0,0.10299153721688256,92.0,88.0,4.0,47.1575,47.14108126139186,46.572518550070036,0.0009010581655307659,0.3757970505496928,0.37489599238416205
1504238400,2017-09-01,47.57,47.57,47.06,47.11,1214152.0,47.195,47.91161705254511,46.47838294745489,47.61633333333333,46.73533333333334,47.17583333333333,47.195,0.509999999999998,47.85575,46.53425,0,54.41628447790827,1.6177739430543574,22.05187641838546,59.99968755453131,47.38893884550941,0.43306688563137413,28.517985155745997,84093443.0,1419671.8,0,0.02132960759829019,88.0,84.0,4.0,47.195,47.1381211412593,46.593596253988856,-0.038177168952990725,0.3271745311929237,0.36535170014591445
1504584000,2017-09-05,47.15,47.4,46.95,47.4,1472181.0,47.229,47.916165191201095,46.5418348087989,47.647666666666666,46.772666666666666,47.210166666666666,47.229,0.44999999999999574,47.88525,46.57275,0,57.580575740072,1.455479452054794,21.01723905455429,60.78985230671777,47.40279616466841,0.43427639380056143,26.618473528771876,85565624.0,1410862.86,0,0.04450247765274575,84.0,80.0,4.0,47.229,47.16306198494889,46.62521993030302,-0.04549305356212541,0.3084853831932577,0.3539784367553831
1504670400,2017-09-06,47.53,47.53,47.03,47.14,2017363.0,47.2405,47.913477711368245,46.56752228863175,47.67316666666667,46.79216666666667,47.232666666666674,47.2405,0.5,47.90125,46.57975,0,54.040306599111936,0.49030057557024936,18.553062453707035,53.25333656569302,47.39581696298569,0.4389709371005214,25.321457903293798,83548261.0,1427210.14,0,-0.042009954489407794,80.0,76.0,4.0,47.2405,47.16086560542995,46.64540738401663,-0.06751343369340895,0.2695866446386219,0.3371000783320309
1504756800,2017-09-07,47.26,47.64,47.11,47.58,1670349.0,47.2955,47.885566945353176,46.70543305464682,47.704499999999996,46.8395,47.272,47.2955,0.5300000000000011,47.94425,46.64675,1,58.577170591506004,2.366609294320141,18.455609257708392,59.924335369089846,47.41432326455798,0.4454730130219128,24.491394281811527,85218610.0,1419835.34,0,0.06072398613483193,76.0,68.0,8.0,47.2955,47.20078316681757,46.68205807483951,-0.05276972058682278,0.2711379275985024,0.3239076481853252
1504843200,2017-09-08,47.51,47.93,47.4,47.8,1243622.0,47.343,47.93491553451353,46.75108446548648,47.75033333333333,46.89533333333334,47.322833333333335,47.343,0.5300000000000011,47.98425,46.701750000000004,1,60.62299213953186,2.0277481323372375,19.297771904383872,59.12173916583223,47.44417733845722,0.45151065494891907,24.582433168871468,86462232.0,1420900.2,0,0.029368233906873355,100.0,96.0,4.0,47.343,47.25785143664447,46.72589893464973,-0.029675489053902826,0.2868132868679467,0.31648877592184954
1505102400,2017-09-11,47.76,48.33,47.62,48.27,1664804.0,47.428,48.03941148173585,46.81658851826415,47.832333333333324,46.95933333333333,47.39583333333333,47.428,0.7100000000000009,48.08275,46.77325,1,64.55924121522811,3.6504187245007578,21.854282393438236,59.45110344229071,47.49642900872729,0.4699741795954249,25.5787814101918,88127036.0,1429557.52,0,0.09244404192087748,100.0,88.0,12.0,47.428,47.354246537916424,46.78645191760464,0.013464100270548951,0.3333189012600357,0.31985480098948676
1505188800,2017-09-12,48.3,48.3,46.95,47.16,1362053.0,47.4455,48.00279615107089,46.888203848929116,47.920833333333334,46.94283333333333,47.43183333333333,47.4455,1.3499999999999943,48.179,46.712,1,51.709089252844855,0.7477034821619191,17.310456703958216,62.19063709343438,47.513602527001694,0.5328331667671798,24.161271776727368,86764983.0,1413189.9,0,0.004721934761943196,96.0,88.0,8.0,47.4455,47.33574686763867,46.801100862012305,-0.03395631328149107,0.27740940938762293,0.311365722669114
1505275200,2017-09-13,47.11,47.28,46.88,46.96,1260018.0,47.438,48.0167780230783,46.8592219769217,47.919,46.954,47.436499999999995,47.438,0.3999999999999986,48.16175,46.71425000000001,1,49.82801122177628,-0.3184037359371653,12.98618272661082,55.16470114559399,47.488188654672804,0.523345083426667,22.649051366590594,85504965.0,1419897.04,0,-0.09569068332217316,92.0,88.0,4.0,47.438,47.299961451673084,46.807332200756925,-0.07750065838009573,0.21448989969399435,0.2919905580740901
1505361600,2017-09-14,46.94,47.51,46.79,47.47,1620443.0,47.4475,48.02181263263002,46.87318736736998,47.938833333333335,46.94083333333334,47.43983333333333,47.4475,0.7199999999999989,48.196,46.699,1,54.29130356381045,0.4018612521150544,11.778503719935552,55.48246754152411,47.46804629618968,0.5373918631819049,21.827539577607215,87125408.0,1419520.66,0,0.03813438463961392,88.0,80.0,8.0,47.4475,47.31615559913279,46.83331917327626,-0.07084571135256384,0.2034334188833853,0.27427913023594913
1505448000,2017-09-15,47.29,47.56,47.06,47.33,3019268.0,47.4625,48.0073256601872,46.9176743398128,47.950833333333335,46.94683333333334,47.44883333333333,47.4625,0.5,48.2155,46.7095,1,52.93068685116355,0.6378907080586799,10.226480486669452,58.79608635067932,47.44242623245189,0.5347210158117688,21.187239839840224,84106140.0,1448616.82,0,0.07485409163868875,84.0,80.0,4.0,47.4625,47.31747411350109,46.852796852755624,-0.07439569363692944,0.18128451318978733,0.25568020682671677
1505707200,2017-09-18,47.46,47.46,46.44,46.8,1644316.0,47.4285,48.04488543136452,46.81211456863548,47.94183333333333,46.91983333333334,47.43083333333333,47.4285,1.0200000000000031,48.195,46.662,1,48.124546890234846,-1.43218197135636,6.677669274390889,51.9841866736233,47.393028137684446,0.5693838003966427,20.407490502262792,82461824.0,1455321.08,0,0.018725115156375153,80.0,-20.0,100.0,47.4285,47.26819086459623,46.85072638794168,-0.10887515802862657,0.11958625929093358,0.22846141731956016
1505793600,2017-09-19,46.84,46.99,46.6,46.86,1615138.0,47.400999999999996,48.065436603445676,46.73656339655432,47.91533333333333,46.88733333333333,47.40133333333333,47.400999999999996,0.39000000000000057,48.172,46.629999999999995,1,48.67984806619129,-1.160092807424588,4.232809069695898,46.89493040221884,47.34226549960404,0.5565706717968826,19.683437545940897,84076962.0,1458922.32,0,0.06130440513456594,76.0,-20.0,96.0,47.400999999999996,47.229315544158496,46.851090059002786,-0.12303258194277947,0.07467068989108583,0.1977032718338653
1505880000,2017-09-20,47.01,47.02,46.39,46.64,1797952.0,47.3645,48.10731828194952,46.62168171805048,47.899499999999996,46.838499999999996,47.369,47.3645,0.6300000000000026,48.16025,46.56875,1,46.74840755294563,-1.5410597424530228,1.438834634250294,45.28692402866946,47.281897949453196,0.5618156238113912,19.488709194807605,82279010.0,1468259.46,0,0.03981110308865423,72.0,-28.0,100.0,47.3645,47.173190254238634,46.842812017473264,-0.14129891876111667,0.021079623382469492,0.16237854214358616
1505966400,2017-09-21,46.64,46.93,46.51,46.61,1324549.0,47.318,48.12473663608295,46.511263363917045,47.86533333333333,46.79533333333334,47.33033333333333,47.318,0.4200000000000017,48.1205,46.515499999999996,0,46.48367487902963,-1.956247370635254,-0.870622599411166,49.723972016875116,47.22515216631841,0.5516859363962919,19.307890011612407,80954461.0,1458858.66,0,0.07210369649676285,68.0,-32.0,100.0,47.318,47.11955308716829,46.8336821344351,-0.1487356860821711,-0.023541065459127708,0.1251946206230434
1506052800,2017-09-22,46.77,46.77,46.03,46.06,1900708.0,47.2505,48.22385450890128,46.27714549109872,47.823833333333326,46.71483333333334,47.269333333333336,47.2505,0.740000000000002,48.08225,46.41875,0,41.904195940812635,-2.8475005273149008,-4.833494339376199,48.2762967553965,47.1485025724505,0.565136940939414,20.118437723496868,79053753.0,1468603.44,0,0.03737600491434594,64.0,-36.0,100.0,47.2505,47.018643269342746,46.8033416585749,-0.1818410278847709,-0.10210666423292025,0.07973436365185067
1506312000,2017-09-25,46.11,46.7,46.02,46.64,1389493.0,47.208000000000006,48.209630670456164,46.20636932954385,47.78766666666666,46.64266666666667,47.21516666666666,47.208000000000006,0.6799999999999997,48.066750000000006,46.349250000000005,0,47.6312290196139,-1.789850494841022,-5.523428014001484,48.028469223818284,47.10110130711009,0.5733414451580272,20.889352846521998,80443246.0,1476000.82,0,0.023572305344294584,60.0,-36.0,96.0,47.208000000000006,46.982582005595816,46.79693610333667,-0.1567710855690383,-0.11622949330944721,0.0405415922595911
1506398400,2017-09-26,46.65,46.76,46.42,46.54,1381116.0,47.153000000000006,48.17431483882223,46.131685161177785,47.74033333333333,46.58833333333333,47.16433333333333,47.153000000000006,0.3399999999999963,48.017,46.28900000000001,0,46.79403934802457,-2.3089840470193144,-6.416939089004659,55.827085396051565,47.05761060094695,0.5566741990753107,21.38760027559802,79062130.0,1483900.74,0,0.055830364942935404,56.00000000000001,-35.99999999999999,92.0,47.153000000000006,46.940431338396216,46.786860177715624,-0.13959090839324892,-0.13394704323197004,0.00564386516127887
1506484800,2017-09-27,46.31,46.42,45.71,45.85,1285645.0,47.063,48.203545483529034,45.92245451647097,47.67166666666667,46.483666666666664,47.077666666666666,47.063,0.8299999999999983,47.963,46.163000000000004,0,41.49655585555211,-3.7775445960125857,-9.528362325474053,48.99382231481834,46.96819911435917,0.5761974705699312,23.028771353645375,77776485.0,1487675.74,0,-0.03521309762135436,52.0,-48.0,100.0,47.063,46.836580734739435,46.75012056290325,-0.16559076216934457,-0.20134458755040185,-0.03575382538105728
1506571200,2017-09-28,45.89,46.24,45.53,45.95,2829217.0,46.980000000000004,48.1888010589003,45.771198941099705,47.605999999999995,46.38,46.993,46.980000000000004,0.7100000000000009,47.908500000000004,46.051500000000004,0,42.489789309086085,-3.4866624658685077,-11.506332044915478,40.18488158262,46.805266092183956,0.5857547941006506,24.78629530713298,80605702.0,1524808.06,0,-0.03769015166508645,48.0,-48.0,96.0,46.980000000000004,46.75214447428806,46.71874328592666,-0.16649869825368466,-0.24387719819816311,-0.07737849994447846
1506657600,2017-09-29,45.86,46.08,45.72,45.86,3490876.0,46.9015,48.18482809522682,45.61817190477318,47.521166666666666,46.30116666666667,46.91116666666666,46.9015,0.35999999999999943,47.8255,45.9775,0,41.81720945149679,-3.310141260805398,-13.35228563074074,30.39133205708434,46.60011031980299,0.5696294516648898,26.41828183537147,77114826.0,1572480.1,0,-0.11833405975428374,44.0,-48.0,92.0,46.9015,46.667178333879676,46.68506707863541,-0.16337778284304372,-0.2816007284982831,-0.11822294565523939
1506916800,2017-10-02,45.86,46.07,45.73,45.81,1417825.0,46.8365,48.20017554792132,45.47282445207868,47.44383333333333,46.24083333333333,46.84233333333333,46.8365,0.3400000000000034,47.74775,45.92525,0,41.43366428696901,-2.7594990447887864,-14.988782698469194,30.381285786527584,46.51464849687845,0.5532273479745408,27.933697897307212,75697001.0,1574337.0,0,-0.11085463831639358,40.0,-60.0,100.0,46.8365,46.58554230208161,46.650750722610496,-0.15497018734233264,-0.3119356798331552,-0.15696549249082253
1507003200,2017-10-03,45.76,45.82,45.21,45.68,1772399.0,46.7505,48.17669037999789,45.32430962000211,47.36783333333333,46.148833333333336,46.75833333333333,46.7505,0.6099999999999994,47.673750000000005,45.82725,0,40.41905835312723,-3.6286919831223603,-16.733635668336113,29.822097563158195,46.42645146217287,0.5572825374049307,29.99532847664265,73924602.0,1585441.38,0,-0.043972042059204595,36.0,-64.0,100.0,46.7505,46.49930017807384,46.61268206682185,-0.1484419479314314,-0.3425179274051118,-0.19407597947368038
1507089600,2017-10-04,45.8,46.17,45.58,46.12,1860760.0,46.6995,48.13921490233258,45.25978509766742,47.308499999999995,46.0805,46.694500000000005,46.6995,0.5900000000000034,47.6295,45.7695,0,45.199968504814784,-2.163767501060677,-16.176041887526438,30.3550453994187,46.34341612910974,0.5596194990188644,30.649143380572617,75785362.0,1603280.18,0,-0.03964904950496654,32.0,-64.0,96.0,46.6995,46.46317635159062,46.59336120145629,-0.10671947600365017,-0.3274753244782431,-0.22075584847459295
1507176000,2017-10-05,46.14,46.16,45.76,46.0,1232652.0,46.6205,48.03139297964039,45.20960702035961,47.228500000000004,46.0135,46.620999999999995,46.6205,0.3999999999999986,47.54075,45.70025,0,44.18218507935897,-3.3207229928541366,-16.116646818814047,24.851344093056355,46.20731639444615,0.5482181062318026,31.256257219936156,74552710.0,1607101.08,0,-0.0422890527440094,28.000000000000004,-64.0,92.0,46.6205,46.4190643181058,46.57009213473251,-0.0806197583463894,-0.3215305464075797,-0.24091078806119032
1507262400,2017-10-06,45.84,45.98,45.62,45.81,1744192.0,46.521,47.86418874325187,45.17781125674813,47.12466666666667,45.92666666666666,46.525666666666666,46.521,0.38000000000000256,47.43,45.612,0,42.58405187908664,-4.163179916317981,-16.69177483428326,24.78835863267051,46.13369702180954,0.5362025272152454,32.035691256158714,72808518.0,1595978.98,0,-0.01893894567697168,24.0,-64.0,88.0,46.521,46.36105819257191,46.54028460003712,-0.06996375846044506,-0.32836548613674665,-0.2584017276763016
1507521600,2017-10-09,45.86,46.03,45.71,45.76,2121265.0,46.395500000000006,47.5113758891555,45.27962411084451,46.993166666666674,45.83416666666666,46.413666666666664,46.395500000000006,0.3200000000000003,47.27525000000001,45.515750000000004,0,42.16160152286149,-5.199917132794707,-17.32699141721958,33.027062842165904,46.06558221832657,0.5207594895570137,32.569269107400636,70687253.0,1613502.1,0,-0.09671853821334037,20.0,-64.0,84.0,46.395500000000006,46.30381455518411,46.50968520395723,-0.06045225230903872,-0.33396704306260006,-0.27351479075356133
1507608000,2017-10-10,45.73,46.05,45.58,46.02,1840244.0,46.338499999999996,47.40784138608705,45.26915861391294,46.86983333333333,45.79883333333333,46.33433333333333,46.338499999999996,0.46999999999999886,47.152249999999995,45.52475,0,45.14052979306846,-2.4173027989821745,-16.612576914579865,40.5810347658352,46.00907514147292,0.5171338117315126,33.28003339902691,72527497.0,1621757.96,0,-0.019331168100037707,16.0,-64.0,80.0,46.338499999999996,46.276784597547525,46.49048186262558,-0.0322354428326701,-0.31380909429439896,-0.28157365146172886
1507694400,2017-10-11,46.02,46.6,45.93,46.51,2027583.0,46.316,47.35045444558887,45.28154555441113,46.84866666666667,45.75066666666667,46.29966666666667,46.316,0.6700000000000017,47.150000000000006,45.482,0,50.226152383392225,-0.9582623509369735,-13.714962811054704,45.19737033392237,46.001142024614644,0.5280528251792619,32.05656534406959,74555080.0,1623186.04,0,0.06396780279887056,12.0,-64.0,76.0,46.316,46.298995588257284,46.49124727977752,0.020977850379871654,-0.2553513384868893,-0.27632918886676094
1507780800,2017-10-12,46.36,47.0,46.36,46.79,1960512.0,46.282,47.20072955759493,45.36327044240506,46.81766666666667,45.727666666666664,46.272666666666666,46.282,0.6400000000000006,47.11,45.45399999999999,0,52.855006260277925,-1.4324836738993043,-10.11112429521603,52.612397463318594,46.033778546143225,0.5360490519521718,29.870419110577252,76515592.0,1637355.38,0,0.15566990783898443,8.0,-64.0,72.0,46.282,46.34575791318517,46.50296307272742,0.07361940440877107,-0.18430493335579712,-0.2579243377645682
1507867200,2017-10-13,47.02,47.19,46.67,46.77,1642487.0,46.254,47.07186062382205,45.43613937617795,46.79666666666667,45.70466666666666,46.25066666666667,46.254,0.519999999999996,47.0835,45.424499999999995,1,52.64594262485527,-1.1831819142193012,-7.291233157733366,53.093682235154006,46.06390111457711,0.534902691098445,28.0738457001324,74873105.0,1628952.3,0,0.0731934220068168,4.0,-64.0,68.0,46.254,46.38616192145325,46.51343510909105,0.10382995348593113,-0.12813689590715427,-0.2319668493930854
1508126400,2017-10-16,46.69,46.83,46.27,46.43,2243416.0,46.2355,47.0191446898937,45.4518553101063,46.75416666666667,45.70816666666666,46.23116666666667,46.2355,0.5599999999999952,47.0305,45.4405,1,49.16592158429572,-0.7905982905982852,-6.325686298350297,46.33260125567731,46.07472056920159,0.5366953560199843,26.63779813715392,72629689.0,1648040.44,0,0.0506819925326154,12.0,-52.0,64.0,46.2355,46.390336976552945,46.51016314402865,0.09773919442863804,-0.10979285635728786,-0.2075320507859259
1508212800,2017-10-17,46.47,46.86,46.36,46.84,1574163.0,46.234500000000004,47.014999199229955,45.454000800770054,46.753166666666665,45.69616666666666,46.224666666666664,46.234500000000004,0.5,47.03775,45.431250000000006,1,53.10107096803258,-0.04268032437045672,-3.748620422909579,51.55439097189023,46.11319429689222,0.5340742591614139,25.229586976384986,74203852.0,1646626.58,0,0.13038045639790666,8.0,-52.0,60.0,46.234500000000004,46.43316202640504,46.5230979226942,0.11685524682870657,-0.0614629922500427,-0.17831823907874927
1508299200,2017-10-18,46.74,46.78,46.47,46.61,1123656.0,46.233,47.01048569118576,45.45551430881424,46.734,45.708999999999996,46.221500000000006,46.233,0.37000000000000455,47.016749999999995,45.44925,1,50.77984196725964,-0.06432246998284978,-2.6282898382563817,54.87682301641704,46.15748208373781,0.5223546692213132,23.92196232709955,73080196.0,1646562.58,0,0.11485787602629366,4.0,-52.00000000000001,56.00000000000001,46.233,46.450003738175994,46.52650584729443,0.10965870367035718,-0.04124485949080281,-0.15090356316116
1508385600,2017-10-19,46.71,47.08,46.61,47.08,1722279.0,46.2565,47.103453953883324,45.40954604611668,46.7485,45.7185,46.2335,46.2565,0.46999999999999886,47.044000000000004,45.469,0,55.01018274259067,1.0083673031538272,0.23945458443766723,65.95042694482123,46.2507305368781,0.5186150499912193,22.49042118474993,74802475.0,1649444.56,0,0.22609282856322208,4.0,-48.0,52.0,46.2565,46.51000338215923,46.54821150034171,0.13076962036477802,0.0125584622948125,-0.1182111580699655
1508472000,2017-10-20,46.95,47.2,46.88,47.14,1165780.0,46.310500000000005,47.23465312583932,45.38634687416069,46.76683333333334,45.77883333333334,46.27283333333334,46.310500000000005,0.3200000000000003,47.066500000000005,45.554500000000004,0,55.523858698873795,2.3447676943117632,2.7435214941162696,71.48308476126573,46.3130982686754,0.5044282607061322,21.447490978032356,75968255.0,1628610.16,0,0.2900180293160575,100.0,52.0,48.0,46.310500000000005,46.57000306004883,46.57141889248518,0.14205314276901282,0.05935527039130051,-0.08269787237771231
1508731200,2017-10-23,47.24,47.36,46.96,47.32,1647496.0,46.3445,47.360147084374574,45.32885291562542,46.79083333333334,45.83083333333333,46.31083333333333,46.3445,0.3999999999999986,47.079499999999996,45.6095,0,57.071665318252236,1.4579759862778725,5.467408558275546,78.68293452971116,46.430229678683425,0.4969690992271227,20.850821948126587,77615751.0,1631235.26,0,0.30655672660413585,100.0,56.0,44.0,46.3445,46.641431340044186,46.60077501434851,0.1539198957422098,0.10970199730004992,-0.04421789844215987
1508817600,2017-10-24,47.09,47.42,46.91,47.36,1821888.0,46.3855,47.49158272746598,45.27941727253402,46.832166666666666,45.85516666666667,46.343666666666664,46.3855,0.5100000000000051,47.133250000000004,45.63775,0,57.418303532831274,1.761925225612377,7.8236361514782775,78.69317430336386,46.528198380513935,0.4978998778537571,20.43526467183865,79437639.0,1647939.0,0,0.30068047892542,100.0,60.0,40.0,46.3855,46.70986645051617,46.63054854319759,0.15624484402557387,0.15108815658980745,-0.005156687435766402
1508904000,2017-10-25,47.15,47.31,46.73,47.29,2252751.0,46.457499999999996,47.60159571277868,45.31340428722131,46.8815,45.917500000000004,46.3995,46.457499999999996,0.6300000000000026,47.19025,45.72474999999999,0,56.576744100124316,3.140676117775349,9.426429823881065,70.45255071415372,46.6083427381084,0.5073356008642033,19.496958170855642,77184888.0,1671289.12,0,0.3627245352933811,96.0,60.0,36.0,46.457499999999996,46.76511726475272,46.656409384640824,0.1450912397294601,0.1762073622260587,0.031116122496598623
1508990400,2017-10-26,47.43,47.68,47.15,47.22,1750904.0,46.521,47.6861592165874,45.3558407834126,46.94466666666667,45.998666666666665,46.47166666666667,46.521,0.5300000000000011,47.24025,45.80175,0,55.717137724304116,2.763873775843299,10.413407293515895,77.39850680190894,46.71690767739796,0.5089544865167602,19.483496984042734,75433984.0,1687934.7,0,0.3069797139132895,92.0,60.0,32.0,46.521,46.80843943001436,46.67851097740001,0.12574353788286313,0.18829554485017752,0.0625520069673144
1509076800,2017-10-27,47.15,47.68,47.13,47.64,1395052.0,46.61,47.830229486612474,45.389770513387525,47.034000000000006,46.069,46.551500000000004,46.61,0.5499999999999972,47.3435,45.8765,0,59.59444645523575,3.881378107283038,12.894710721445474,76.77990634478604,46.83869985204945,0.51188630890842,19.407209927498435,76829036.0,1691365.86,0,0.42587298623430225,100.0,72.0,28.000000000000004,46.61,46.8876356747749,46.71621642926667,0.13325823325154823,0.22912479853174972,0.09586656528020147
1509336000,2017-10-30,47.51,47.54,47.12,47.41,2123892.0,46.69,47.89969417622742,45.480305823772575,47.11233333333333,46.13933333333333,46.62583333333333,46.69,0.5200000000000031,47.437,45.943,0,56.7311191784177,3.492687186203873,13.734742177976955,68.34619240329901,46.95559129485138,0.5124658582721046,19.302418825480014,74705144.0,1700295.14,0,0.388370089601523,96.0,72.0,24.0,46.69,46.93738465812967,46.74342362811896,0.11543062208455326,0.24015484288589306,0.1247242208013398
1509422400,2017-10-31,47.45,47.67,47.27,47.52,2239713.0,46.782,47.9495889687722,45.614411031227796,47.19766666666666,46.245666666666665,46.721666666666664,46.782,0.3999999999999986,47.51325,46.050749999999994,0,57.753004756523715,4.028021015761829,14.847595486164227,68.68398950811913,47.053876354848086,0.5044325826812398,19.516990543575748,76944857.0,1714737.34,0,0.34760961464094936,92.0,72.0,20.0,46.782,46.9928718335459,46.77387760348685,0.10408841294022342,0.25483473697661907,0.15074632403639565
1509508800,2017-11-01,47.64,47.84,47.02,47.56,2856931.0,46.854,48.02700298379779,45.680997016202205,47.285000000000004,46.309999999999995,46.7975,46.854,0.8200000000000003,47.6025,46.1055,0,58.131497654739064,3.122289679098016,15.917448308117404,58.569504041992424,47.1266241484356,0.5269731124897227,18.849104513912625,79801788.0,1725868.52,0,0.3444925402806684,88.0,72.0,16.0,46.854,47.04688403987486,46.804705932761884,0.09270123047079587,0.2666228621248905,0.17392163165409463
1509595200,2017-11-02,47.9,48.0,47.23,47.97,2210885.0,46.9525,48.15264790755078,45.75235209244922,47.3915,46.3795,46.8855,46.9525,0.7700000000000031,47.72875,46.17625,0,61.8219214088301,4.282608695652171,18.40468241586913,59.528351176389044,47.19367337183337,0.5443321758833142,18.639790067255284,82012673.0,1737445.08,0,0.453703830173211,100.0,88.0,12.0,46.9525,47.134799845601066,46.85040373932024,0.10528404527071422,0.3055266882424874,0.2002426429717732
1509681600,2017-11-03,47.9,48.59,47.83,48.21,1499696.0,47.072500000000005,48.271647613931876,45.873352386068134,47.53183333333334,46.47983333333333,47.005833333333335,47.072500000000005,0.7600000000000051,47.877250000000004,46.26775000000001,0,63.78861939734317,5.239030779305825,21.325924212501203,67.13602808627687,47.31413562908552,0.5597370204630778,19.66297016916215,83512369.0,1738029.78,0,0.504871378416949,100.0,92.0,8.0,47.072500000000005,47.23719986030573,46.903721239739056,0.12114221155416638,0.3516704074144812,0.2305281958603148
1509944400,2017-11-06,48.24,48.57,48.0,48.33,2473265.0,47.201,48.360153139148785,46.041846860851216,47.66766666666666,46.590666666666664,47.12916666666666,47.201,0.5700000000000003,48.0245,46.3775,0,64.74448550255542,5.616258741258743,24.12684830860749,68.34740446646572,47.44448176219102,0.5604700904300008,20.61306597807567,85985634.0,1759470.26,0,0.4473597938946617,100.0,96.0,4.0,47.201,47.34127606408613,46.95965374014145,0.13028776614963344,0.39338790354735664,0.2631001373977232
1510030800,2017-11-07,48.55,49.02,48.24,48.95,2166148.0,47.3475,48.60870379003492,46.08629620996507,47.825833333333335,46.71783333333333,47.27183333333333,47.3475,0.7800000000000011,48.19425,46.50075,0,69.17043285937342,6.366797044763145,28.56367388472385,73.67106410408647,47.58081364097895,0.5761507982564295,22.223391373283853,88151782.0,1776804.74,0,0.49931356588954656,100.0,84.0,16.0,47.3475,47.4944878675065,47.03770653464571,0.16635844043503728,0.4710481879415198,0.30468974750648253
1510117200,2017-11-08,48.88,49.32,48.63,49.03,2273002.0,47.4735,48.871001699461736,46.07599830053827,47.95916666666666,46.84916666666667,47.40416666666667,47.4735,0.6899999999999977,48.32175,46.62525,0,69.68729950568789,5.4181896366372895,32.30540061451078,74.27542483221043,47.736603784434294,0.5842828840952558,24.118314934667183,90424784.0,1808492.64,0,0.44066750666852694,100.0,88.0,12.0,47.4735,47.64072711822017,47.1158356901498,0.1825736707676957,0.5329068359661022,0.3503331651984065
1510203600,2017-11-09,48.97,49.22,48.83,49.07,1410968.0,47.5875,49.109786109769914,46.06521389023008,48.06283333333334,46.977833333333336,47.52033333333333,47.5875,0.39000000000000057,48.417,46.757999999999996,0,69.95243432914737,4.872836076084636,35.41765036561186,74.54922937074538,47.829492728343084,0.570405535231309,25.877886813094563,91835752.0,1817594.38,0,0.4224952520343428,100.0,92.0,8.0,47.5875,47.776848345056344,47.19246958465373,0.18252503544696347,0.5784894595071108,0.39596442406014737
1510290000,2017-11-10,48.78,48.88,48.44,48.61,1670898.0,47.679500000000004,49.215383784665505,46.143616215334504,48.14716666666667,47.070166666666665,47.608666666666664,47.679500000000004,0.6300000000000026,48.517250000000004,46.841750000000005,0,63.25496129476493,3.9341458199700576,34.940648407295726,68.58825419439788,47.91387293755574,0.574662282714787,26.13880216062365,90164854.0,1808919.3,0,0.361824677031263,96.0,92.0,4.0,47.679500000000004,47.856196121717645,47.24805901270653,0.1399602303763791,0.5709147120306213,0.43095448165424216
1510549200,2017-11-13,48.63,49.19,48.56,49.13,1637308.0,47.814499999999995,49.36194272914974,46.26705727085025,48.27316666666667,47.189166666666665,47.73116666666667,47.814499999999995,0.6299999999999955,48.6575,46.97149999999999,0,67.01309026504833,5.815205685978899,36.146743452888614,68.45057362002575,48.01968919608367,0.5786149768065876,26.882402939262132,91802162.0,1817382.42,0,0.36178951921652874,100.0,96.0,4.0,47.814499999999995,47.97751077679216,47.321860620051375,0.13520074406369914,0.5999554117338661,0.464754667670167
1510635600,2017-11-14,49.02,49.96,48.91,49.93,1855205.0,47.96900000000001,49.70227320408481,46.235726795915205,48.44633333333333,47.30733333333333,47.87683333333333,47.96900000000001,1.0500000000000043,48.85325000000001,47.08475000000001,0,71.70033197713428,6.596925704526038,39.338615930367624,76.10348808047709,48.200400550958015,0.6122853356061173,28.526325683170086,93657367.0,1825042.9,0,0.3543751894293401,100.0,84.0,16.0,47.96900000000001,48.16346213138338,47.424140595735636,0.17194719529987046,0.6796886617950051,0.5077414664951346
1510722000,2017-11-15,50.01,50.19,49.29,49.32,1858202.0,48.1045,49.81518962702133,46.39381037297867,48.624833333333335,47.426833333333335,48.02583333333333,48.1045,0.8999999999999986,49.0285,47.1805,0,64.36011691066753,5.814202960738041,38.02066101724498,69.37974650429037,48.34819729972819,0.6328363830628232,30.27965503553333,91799165.0,1821859.68,0,0.3368860609760105,96.0,84.0,12.0,48.1045,48.273608595061155,47.49848802335385,0.14240764597125133,0.6857510239591988,0.5433433779879475
1510808400,2017-11-16,49.32,49.49,48.98,49.23,1787046.0,48.212,49.92187250986685,46.502127490133155,48.742333333333335,47.54033333333333,48.14133333333333,48.212,0.5100000000000051,49.139,47.285000000000004,0,63.35285393358508,4.566694987255732,36.533599440184936,63.39815321006907,48.44755564403851,0.6240623557011933,30.986590090821288,90012119.0,1824193.62,0,0.28845128648437696,92.0,84.0,8.0,48.212,48.36469349076962,47.56639045381056,0.10573043700336282,0.6755064242421511,0.5697759872387883
1510894800,2017-11-17,49.03,49.23,48.6,48.72,1796784.0,48.291000000000004,49.940386552630514,46.641613447369494,48.84666666666667,47.61366666666667,48.23016666666666,48.291000000000004,0.6299999999999955,49.24125000000001,47.34075,0,57.943620357534186,3.351718285956721,32.61236611380598,64.00105232842182,48.557161584394265,0.6244864731511077,30.640911840416035,88215335.0,1835256.86,0,0.22257882872140167,88.0,84.0,4.0,48.291000000000004,48.398532205934416,47.61163004385721,0.03945776129691869,0.6190981888599367,0.579640427563018
1511154000,2017-11-20,48.75,48.75,48.25,48.44,1618560.0,48.346999999999994,49.93564848220062,46.75835151779937,48.915000000000006,47.672,48.2935,48.346999999999994,0.5,49.30475,47.38924999999999,0,55.218902298333276,2.3668639053254386,28.21434527890475,57.290327062766735,48.64097937082411,0.6155945822117429,29.506190101399255,86596775.0,1834331.98,0,0.19270126315566585,84.0,76.0,8.0,48.346999999999994,48.40248151965494,47.64411514017654,-0.02730252597226357,0.5455122700976887,0.5728147960699522
1511240400,2017-11-21,48.46,48.7,48.42,48.5,1379601.0,48.403999999999996,49.927369948501784,46.88063005149821,48.969,47.748999999999995,48.358999999999995,48.403999999999996,0.28000000000000114,49.3445,47.463499999999996,0,55.68890252115286,2.4070945945945956,25.02133646978521,65.7929530016048,48.76566252800057,0.59162354062519,28.452519915169393,87976376.0,1834682.94,0,0.14541010101959537,80.0,76.0,4.0,48.403999999999996,48.41176899397352,47.67767925232648,-0.06910852047014082,0.4864291454822762,0.555537665952417
1511326800,2017-11-22,48.45,48.53,48.13,48.41,1547604.0,48.459999999999994,49.89524213984899,47.024757860151,49.02233333333333,47.82033333333333,48.42133333333333,48.459999999999994,0.3999999999999986,49.38325,47.53674999999999,0,54.781078724890804,2.3683654049481864,22.084177383087535,58.79544969450534,48.83170635542068,0.5779361448662478,26.81957648665516,86428772.0,1840434.66,0,0.0924308552241538,76.0,72.0,4.0,48.459999999999994,48.41160051835699,47.706397713019555,-0.10249724566652052,0.4274161088692665,0.529913354535787
1511499600,2017-11-24,48.59,48.81,48.53,48.81,669635.0,48.5395,49.862987438549496,47.2160125614505,49.07816666666666,47.90116666666667,48.489666666666665,48.5395,0.4000000000000057,49.452999999999996,47.626,0,57.985338026333295,3.367217280813222,20.982262348711735,57.40976518823497,48.86713246236732,0.5652264202329448,25.82025747334777,87098407.0,1821418.5,0,0.1233433495040788,72.0,68.0,4.0,48.5395,48.44954332613252,47.74967623407761,-0.09735563016068982,0.4082188168349248,0.5055744469956146
1511758800,2017-11-27,48.71,49.04,48.56,48.88,1191996.0,48.6015,49.86546637613439,47.33753362386561,49.14183333333334,47.97183333333333,48.55683333333333,48.6015,0.4799999999999969,49.509750000000004,47.69325,0,58.52670337854593,2.6028547439126823,20.326586681587305,55.07741406551108,48.92637387208196,0.5591388187877342,25.28777146399245,88290403.0,1784873.06,0,0.1305538115523598,68.0,52.0,16.0,48.6015,48.49053919983419,47.79400265627064,-0.08917141142606344,0.39411018271303533,0.48328159413909877
1511845200,2017-11-28,48.99,49.29,48.9,48.98,1332386.0,48.68,49.82790243487776,47.53209756512224,49.22533333333333,48.05833333333334,48.64183333333334,48.68,0.4099999999999966,49.58,47.78,0,59.315022423910776,3.311537650284751,20.11364438444193,53.402453453987135,48.95290839497313,0.5484860460171815,25.196826903767,89622789.0,1778634.46,0,0.01914404371178274,64.0,52.0,12.0,48.68,48.53715451413569,47.84051235602474,-0.077391408603812,0.38654233338433386,0.46393374198814585
1511931600,2017-11-29,48.92,49.34,48.75,49.02,1707405.0,48.755,49.77929487941622,47.730705120583785,49.312333333333335,48.126333333333335,48.71933333333333,48.755,0.5900000000000034,49.669250000000005,47.84075,0,59.63805176258957,3.156565656565656,20.068329205775516,44.208757031828874,48.95529025686498,0.5514513284445259,24.733248452354562,91330194.0,1780479.8,0,-0.003975573184366144,60.0,52.0,8.0,48.755,48.58313979850372,47.88676677343553,-0.06762783434499187,0.3793989490569061,0.44702678340189794
1512018000,2017-11-30,48.99,49.27,48.88,49.2,4895300.0,48.837,49.71806980427108,47.955930195728925,49.373000000000005,48.230000000000004,48.8015,48.837,0.39000000000000057,49.719,47.955000000000005,1,61.10102036390443,3.448275862068967,20.618230968228453,52.02713000861936,48.982164759160376,0.5399190906984884,24.302782747471582,96225494.0,1842426.76,1,0.10931066087903843,56.00000000000001,52.00000000000001,4.0,48.837,48.641888389122414,47.93826611565375,-0.050551330692566954,0.38383762003618926,0.4343889507287562
1512104400,2017-12-01,49.43,50.17,49.35,49.64,3628725.0,48.920500000000004,49.77315409164459,48.067845908355416,49.474833333333336,48.32683333333333,48.90083333333333,48.920500000000004,0.9699999999999989,49.8175,48.023500000000006,1,64.4194464636654,3.481342505732753,22.500880119061996,61.77922470964463,49.10271717238806,0.5706391556485964,25.235584930071287,99854219.0,1888510.28,0,0.0759970592040949,52.0,44.0,8.0,48.920500000000004,48.73694663777742,48.00500077778497,-0.013078593809538464,0.41804070846683317,0.43111930227637163
1512363600,2017-12-04,49.72,50.15,49.56,49.68,2264290.0,48.994,49.84241970745513,48.14558029254487,49.54566666666666,48.41466666666666,48.98016666666666,48.994,0.5899999999999963,49.87825,48.10975,1,64.7075571524322,3.0491599253266934,24.154842025215583,62.69939749465364,49.168274575466924,0.5720220731022678,26.10175838534244,102118509.0,1895781.92,0,-0.022660451007790672,48.0,44.0,4.0,48.994,48.82676124370338,48.070687021793404,0.009716467367326287,0.44326488648552953,0.43354841911820324
1512450000,2017-12-05,49.69,49.69,48.8,49.22,2278632.0,49.0385,49.83469783973472,48.242302160265275,49.6085,48.445499999999996,49.027,49.0385,0.8900000000000006,49.94675,48.13025,1,58.93105279484845,1.8415063107800551,23.094515770829453,55.08120637443373,49.145199209600726,0.5947347821663916,25.105612201806487,99839877.0,1913564.7,0,-0.08946543680710464,44.0,40.0,4.0,49.0385,48.86421255382687,48.11575811897798,-0.009814086711952497,0.4212808107282626,0.4310948974402151
1512536400,2017-12-06,49.29,49.58,49.19,49.4,1692665.0,49.061,49.871232065520886,48.250767934479114,49.62166666666666,48.49766666666667,49.059666666666665,49.061,0.39000000000000057,49.94,48.182,1,60.38762510433863,0.9193054136874274,22.830802238161183,61.54982906016938,49.12969952413335,0.5801108691545066,24.180619317094536,101532542.0,1919795.68,0,-0.022906416978732688,40.0,36.0,4.0,49.061,48.91523992965288,48.16612054568473,-0.013984019400695602,0.41361487318934564,0.42759889259004125
1512622800,2017-12-07,49.39,49.39,48.91,49.25,2653596.0,49.071999999999996,49.88621373115309,48.2577862688469,49.62066666666667,48.51766666666666,49.06916666666667,49.071999999999996,0.490000000000002,49.93599999999999,48.208,1,58.565592396965116,0.4487048745665896,21.832812227048926,59.69047256281286,49.12820335723439,0.5736743785006134,22.73923636606156,98878946.0,1947154.7,0,0.01759145175007707,36.0,32.0,4.0,49.071999999999996,48.94712184111451,48.20862562232454,-0.029335574075452564,0.3909294249957256,0.42026499907117815
1512709200,2017-12-08,49.19,49.49,48.99,49.48,1919136.0,49.0925,49.925899664025756,48.259100335974246,49.640166666666666,48.52616666666667,49.08316666666666,49.0925,0.5,49.96475,48.22025,1,60.489709132842044,0.8355410637864207,21.801664843292436,66.0905751438461,49.15836212468739,0.5684119228934267,21.58734407358972,100798082.0,1928953.08,0,0.12018218082895964,32.0,28.0,4.0,49.0925,48.99787214196075,48.25848344105691,-0.026573224965726894,0.3870484678640196,0.4136216928297465
1512968400,2017-12-11,49.48,49.91,49.29,49.85,1800938.0,49.1545,50.019010844349694,48.289989155650304,49.701166666666666,48.56916666666667,49.13516666666667,49.1545,0.6199999999999974,50.025999999999996,48.283,1,63.37012996725484,2.5509154494959927,23.025173603889986,71.85596463032752,49.228917225150234,0.572096785543896,21.248564993242066,102599020.0,1895154.32,0,0.1829855398569687,28.000000000000004,24.000000000000004,4.0,49.1545,49.079027176059725,48.32089585513311,-0.003607200104030983,0.40911269269970774,0.4127198928037387
1513054800,2017-12-12,49.66,49.78,48.66,48.72,1922796.0,49.134,50.01906270964166,48.24893729035834,49.730333333333334,48.54933333333334,49.13983333333333,49.134,1.1900000000000048,50.0475,48.2205,1,51.33810634101244,-0.8345206594748701,18.171137961560202,65.89490960896856,49.249687153223846,0.6162327294336182,19.78263993426091,100676224.0,1905253.74,0,0.14146996337395917,24.0,-24.0,48.0,49.134,49.04483411167308,48.33654699806907,-0.06490009385185769,0.3315947754889166,0.39649486934077427
1513141200,2017-12-13,49.16,49.71,48.88,49.38,2138359.0,49.1065,49.9223988907936,48.29060110920639,49.7055,48.5465,49.126,49.1065,0.990000000000002,50.015499999999996,48.1975,1,56.42479759400808,-1.101542159022626,16.77450542044777,71.64282300811183,49.30084116910126,0.6429303916169313,18.421423808064123,102814583.0,1912572.94,0,0.13267677545948142,20.0,-24.0,44.0,49.1065,49.07675467246612,48.37746672363499,-0.06141023197019718,0.31973207937802783,0.381142311348225
1513227600,2017-12-14,49.25,49.47,48.75,49.15,2066802.0,49.098,49.90834807335998,48.28765192664002,49.67266666666667,48.531666666666666,49.10216666666666,49.098,0.7199999999999989,49.9935,48.2025,1,54.3410981377163,-0.344687753446881,14.709172903796222,66.36229681501285,49.30161309057228,0.6484353636442933,17.403753231368814,100747781.0,1916693.78,0,0.11281961896801772,16.0,-24.0,40.0,49.098,49.083730417945546,48.407762146237545,-0.07415649269412156,0.2884466954805731,0.36260318817469467
1513314000,2017-12-15,49.39,49.61,49.18,49.39,3452658.0,49.106,49.92452061672156,48.287479383278445,49.67666666666666,48.54366666666667,49.11016666666667,49.106,0.46000000000000085,49.99775,48.21425,1,56.12094302086797,0.3250050782043544,13.934188332561801,68.63183155003395,49.32776765085147,0.6349756948125582,16.170615017205247,104200439.0,1961093.9,0,0.09111314951352446,12.0,-24.0,36.0,49.106,49.11289894956978,48.44628127775764,-0.06624774083045337,0.27979351213662795,0.3460412529670813
1513573200,2017-12-18,49.36,49.55,48.8,48.84,1673527.0,49.112,49.920816419218994,48.30318358078101,49.693333333333335,48.54833333333333,49.12083333333334,49.112,0.75,50.012750000000004,48.21125,1,51.29726059105744,0.24630541871922115,11.041982035396684,64.06181756406434,49.32538233857496,0.6431917166116612,15.750881740299022,102526912.0,1959680.6,0,0.0693991886748476,8.0,-24.0,32.0,49.112,49.086908573420274,48.4617212276495,-0.09607237948630842,0.22595077860919588,0.3220231580955043
1513659600,2017-12-19,48.79,48.89,47.8,47.84,1523827.0,49.082,50.02214041504354,48.141859584956464,49.70766666666667,48.50366666666667,49.105666666666664,49.082,1.0900000000000034,50.027,48.137,1,44.0508670787956,-1.238645747316256,5.006096197848069,64.45707261889923,49.28830056372736,0.6751065939965428,16.794580070306594,101003085.0,1947731.84,0,0.03240406328130425,4.0,-96.0,100.0,49.082,48.96815537595168,48.43734000303579,-0.17648309979299476,0.10141928335426087,0.2779023831472556
1513746000,2017-12-20,47.91,48.1,47.55,47.55,1138806.0,49.0345,50.16432255243833,47.904677447561674,49.68083333333334,48.44983333333333,49.065333333333335,49.0345,0.5500000000000043,49.99975,48.069250000000004,0,42.22981923392006,-1.958762886597944,-0.4394592824847058,56.34462474733241,49.25743954251287,0.6661704087110758,18.046300811648173,99864279.0,1933703.08,0,-0.10538823102307288,72.0,-28.0,100.0,49.0345,48.833092959194374,48.402542355857925,-0.23867215123843716,-0.020437805900790806,0.21823434533764635
1513832400,2017-12-21,47.28,47.73,47.14,47.37,1766819.0,48.9825,50.30227081343628,47.66272918656372,49.64316666666667,48.393166666666666,49.018166666666666,48.9825,0.5899999999999963,49.962,48.003,0,41.119206814994,-2.148316463540589,-5.112778127649861,47.27400120311144,49.08295353597745,0.660729665231713,19.636405958948355,98097460.0,1928487.8,0,-0.08854497361177932,68.0,-32.0,100.0,48.9825,48.69375077260443,48.36205049876546,-0.2786162356837089,-0.1300359492669898,0.1485802864167191
1513918800,2017-12-22,47.55,47.79,47.38,47.67,1362301.0,48.9255,50.36333830801598,47.487661691984016,49.594500000000004,48.3315,48.963,48.9255,0.4200000000000017,49.9065,47.9445,0,43.7160916746866,-2.3355869698832215,-7.642551888075204,45.39075427920721,48.95086135952932,0.6435346891437336,20.970951580328883,99459761.0,1916523.58,0,-0.021799618852664286,64.0,-32.0,96.0,48.9255,48.59625069902306,48.33491126351976,-0.2712561694669393,-0.19048992541695497,0.08076624404998431
1514264400,2017-12-26,47.86,47.97,47.33,47.35,708288.0,48.849000000000004,50.44273649013828,47.25526350986173,49.538666666666664,48.25966666666667,48.899166666666666,48.849000000000004,0.6400000000000006,49.842000000000006,47.856,0,41.65339863282432,-3.1301145662847816,-10.547895583100827,48.214005854889756,48.88721203966551,0.6432822113477527,21.777756168769663,98751473.0,1897839.6,0,-0.04388437590361514,60.0,-40.0,100.0,48.849000000000004,48.47756015625896,48.29628729240134,-0.27358130876915676,-0.26121039191146167,0.012370916857695119
1514350800,2017-12-27,47.63,47.91,47.49,47.79,1261335.0,48.7895,50.446816807372166,47.13218319262783,49.47383333333333,48.19183333333333,48.83283333333333,48.7895,0.5599999999999952,49.793749999999996,47.78525,0,45.38330383413343,-2.429563086974271,-11.235384998484264,47.23599997248703,48.79620150278142,0.63733348196577,22.5269318580361,100012808.0,1878197.98,0,-0.02846684876573905,56.00000000000001,-39.99999999999999,96.0,48.7895,48.41207823661525,48.276432888777755,-0.23273008796881867,-0.2785416931033282,-0.04581160513450955
1514437200,2017-12-28,47.99,48.15,47.79,48.11,1137268.0,48.744,50.42332605529668,47.06467394470332,49.41133333333333,48.15233333333334,48.78183333333334,48.744,0.35999999999999943,49.731,47.757,0,47.93148956970894,-1.8563851489188161,-10.63886053693115,55.01441290631942,48.7160338353539,0.6175239475396436,22.623723886112597,101150076.0,1869460.08,0,-0.0395375081704974,52.0,-40.0,92.0,48.744,48.38330888074713,48.269906108825694,-0.1740859303302618,-0.2634190180473368,-0.08933308771707502
1514523600,2017-12-29,48.11,48.46,48.05,48.29,1813261.0,48.698499999999996,50.375250130460195,47.021749869539796,49.36983333333333,48.10883333333333,48.739333333333335,48.698499999999996,0.4100000000000037,49.687,47.709999999999994,0,49.33122194255738,-1.8495934959349667,-9.541360151499076,54.7368490639136,48.63298109765851,0.6027008084296693,21.99658605554206,102963337.0,1883252.18,0,-0.10420601565413701,48.0,-40.0,88.0,48.698499999999996,48.374422320675976,48.27069410455802,-0.11590142412156103,-0.2342098678690263,-0.11830844374746528
1514869200,2018-01-02,48.29,48.49,47.79,48.26,4662441.0,48.62949999999999,50.258493247376514,47.00050675262347,49.286833333333334,48.03783333333333,48.662333333333336,48.62949999999999,0.7000000000000028,49.59774999999999,47.661249999999995,0,49.09965665751503,-2.7800161160354606,-8.753646048064217,42.07562534839886,48.482630206666876,0.6096507506846931,21.83393260133934,98300896.0,1942055.42,0,-0.08751833621948103,44.0,-40.0,84.0,48.62949999999999,48.36352495680207,48.270274727908685,-0.07419269309665494,-0.21104931011828398,-0.13685661702162905
1514955600,2018-01-03,48.1,48.42,47.61,47.84,2512152.0,48.5375,50.12612047072242,46.94887952927758,49.20583333333333,47.93483333333333,48.57033333333334,48.5375,0.8100000000000023,49.52225,47.55275,0,45.922890646822445,-3.7037037037036966,-9.35162121345116,41.24013737182299,48.3937676924986,0.6239614113500723,21.960354579885298,95788744.0,1968982.86,-1,-0.06242950766861025,40.0,-40.0,80.0,48.5375,48.313665437106636,48.253401209167166,-0.06971688810256693,-0.2240027271498377,-0.15428583904727078
1515042000,2018-01-04,47.78,47.85,47.09,47.16,2489756.0,48.4345,50.09811624180528,46.77088375819472,49.10583333333334,47.84783333333333,48.47683333333334,48.4345,0.759999999999998,49.4095,47.4595,0,41.3620505108864,-4.185290532303946,-11.786722927597241,32.921332273968574,48.22891092346963,0.6336784533964955,22.791706735517284,93298988.0,1985828.06,-1,-0.15119351606892278,36.0,-64.0,100.0,48.4345,48.203792538334575,48.2105227303763,-0.10524628261897939,-0.28584369232099505,-0.18059740970201565
1515128400,2018-01-05,47.27,47.45,46.9,47.25,2445750.0,48.327,50.00496424276512,46.64903575723488,49.004333333333335,47.73033333333333,48.367333333333335,48.327,0.5500000000000043,49.314,47.339999999999996,0,42.16232041585053,-4.352226720647771,-13.38290607020448,32.580461746336056,48.072727175154945,0.6277014210110318,23.79590102514295,95744738.0,1998305.3,0,-0.13349388833514228,32.0,-64.0,96.0,48.327,48.112955153731285,48.17285517232232,-0.11460817288215805,-0.3238576258047132,-0.20924945292255517
1515387600,2018-01-08,47.26,47.61,47.05,47.58,1951489.0,48.2435,49.895435531429214,46.59156446857078,48.91983333333334,47.63783333333333,48.27883333333333,48.2435,0.5600000000000023,49.235749999999996,47.25125,0,45.05647708856264,-3.39086294416244,-13.454439959521256,28.424499004047803,47.851666305315305,0.6228656052245297,24.312778023012022,97696227.0,1992280.06,0,-0.07215244502349634,28.000000000000004,-64.0,92.0,48.2435,48.06219752004259,48.149605949878314,-0.09150055814573155,-0.32362515060471964,-0.2321245924589881
1515474000,2018-01-09,47.54,47.68,46.97,47.22,2504921.0,48.1305,49.73721683877351,46.52378316122648,48.828833333333336,47.52583333333333,48.17733333333334,48.1305,0.7100000000000009,49.1385,47.122499999999995,0,42.60815334513962,-4.56750202101859,-14.509692568958238,27.630879762281737,47.725754028686076,0.6290894905656348,24.9029878891016,95191306.0,2007360.4,0,-0.04230787867698496,24.0,-64.0,88.0,48.1305,47.98198823241948,48.11315081458897,-0.09307866581592011,-0.34847292472888824,-0.25539425891296813
1515560400,2018-01-10,47.08,47.1,46.74,46.87,1838014.0,47.9815,49.47118822241379,46.49181177758621,48.676833333333335,47.39983333333333,48.038333333333334,47.9815,0.4799999999999969,48.979,46.983999999999995,0,40.36353383904584,-5.9779338014042205,-16.306121750436873,27.361941944447196,47.646068405560364,0.6184402412395178,25.763133214291226,93353292.0,2016219.64,0,-0.009156976111767853,20.0,-80.0,100.0,47.9815,47.876084591236676,48.06439980225215,-0.10919625729144128,-0.39188958052726974,-0.28269332323582846
1515646800,2018-01-11,46.73,47.03,46.61,47.02,2002398.0,47.8965,49.401854111164006,46.391145888836,48.5335,47.326499999999996,47.93,47.8965,0.4200000000000017,48.83625000000001,46.95675,0,41.74793188822698,-3.489326765188826,-17.175066209921994,26.56329744648147,47.58913871203128,0.6042659382938381,26.732756880943572,95355690.0,2013789.76,0,0.09815743539788306,16.0,-80.0,96.0,47.8965,47.79455272540461,48.02344294726187,-0.10142429249399704,-0.4094736888533248,-0.30804939635932777
1515733200,2018-01-12,46.94,47.32,46.79,46.89,3042304.0,47.772,49.17433519530759,46.369664804692405,48.40233333333334,47.22533333333333,47.813833333333335,47.772,0.5300000000000011,48.67725,46.866749999999996,0,40.88214454010113,-5.042527339003649,-18.227925360371287,35.56684022216071,47.539302211824925,0.5989612284157069,26.80157970674769,92313386.0,2029841.58,0,0.043328239766526125,12.0,-80.0,92.0,47.772,47.70840484679464,47.978994204231995,-0.09672401526984964,-0.4289544154466398,-0.3322304001767902
1516078800,2018-01-16,46.9,47.11,46.11,46.58,2404541.0,47.6435,48.986962318041854,46.30003768195815,48.290166666666664,47.085166666666666,47.687666666666665,47.6435,1.0,48.569750000000006,46.71725,0,38.85928463457389,-5.228891149542219,-19.91807479118048,29.97692372315808,47.46263198249028,0.6276068549574421,27.765263412688405,89908845.0,2020793.78,0,0.01881763319347287,8.0,-92.0,100.0,47.6435,47.600937718528485,47.92413168641898,-0.10546213449821396,-0.46405806829955765,-0.3585959338013437
1516165200,2018-01-17,46.58,47.22,46.52,47.12,2141587.0,47.53,48.624586679984006,46.435413320015996,48.18166666666667,46.949666666666666,47.56566666666667,47.53,0.6999999999999957,48.474250000000005,46.58575,0,43.94503118405233,-4.5960720793683,-19.128474113099283,35.24750412001717,47.42684531130605,0.6327777938890531,28.364927811796118,92050432.0,2019407.82,0,0.0860930424646747,4.0,-92.0,96.0,47.53,47.555134126287676,47.89259711048098,-0.06767972984667048,-0.44319559610968184,-0.37551586626301137
1516251600,2018-01-18,47.2,47.2,46.35,46.48,4397196.0,47.41199999999999,48.42180394136604,46.40219605863394,48.06733333333334,46.82533333333333,47.44633333333333,47.41199999999999,0.8500000000000014,48.363749999999996,46.46024999999999,0,39.813447173789704,-4.832104832104845,-20.20639874810074,28.59126729974635,47.322693031338886,0.6482936657541208,29.134867729487233,87653236.0,2077357.82,-1,-0.023199059889002185,16.0,-84.0,100.0,47.41199999999999,47.45274039997456,47.83720114536408,-0.07787036567413297,-0.4728538233556776,-0.39498345768154464
1516338000,2018-01-19,46.61,46.77,46.35,46.46,2353940.0,47.343,48.413179424208124,46.27282057579188,47.95133333333333,46.77633333333333,47.36383333333333,47.343,0.4200000000000017,48.2445,46.441500000000005,0,39.69069704586043,-2.8846153846153895,-21.10716106595192,24.52119401029873,47.24985248102991,0.6319869753431123,29.84981193877184,85299296.0,2074971.32,0,-0.07728148497966422,12.0,-88.0,100.0,47.343,47.35819369521508,47.783193257310586,-0.07785093003042454,-0.4922971202195754,-0.41444619018915085
1516597200,2018-01-22,46.71,46.88,46.32,46.44,2647096.0,47.2875,48.42216955542063,46.15283044457937,47.8925,46.7165,47.304500000000004,47.2875,0.5600000000000023,48.189750000000004,46.38525,0,39.56230145382955,-2.334384858044163,-21.88432023296477,26.049208412197757,47.15076730736926,0.6268450485328901,30.176929329857916,82652200.0,2084590.28,0,-0.12428867685569744,8.0,-92.0,100.0,47.2875,47.27074667662316,47.73051901192586,-0.07125560022193056,-0.5035156904665641,-0.4322600902446335
1516683600,2018-01-23,46.0,47.1,45.99,46.71,4150461.0,47.25449999999999,48.41573167369756,46.09326832630243,47.87783333333333,46.64983333333333,47.26383333333333,47.25449999999999,1.1099999999999994,48.19575,46.31324999999999,0,42.21849899751152,-1.3932868904369784,-21.40366323155361,37.68637067867987,46.95867493682374,0.6613561164948265,30.94280114277581,86802661.0,2122139.46,0,-0.13590052723310664,4.0,-92.0,96.0,47.25449999999999,47.217342231230475,47.690498658517,-0.042214837000459804,-0.48502863649520833,-0.44281379949474853
1516770000,2018-01-24,46.63,46.99,46.25,46.72,4845728.0,47.207,48.37406640770714,46.03993359229286,47.846333333333334,46.58533333333333,47.215833333333336,47.207,0.740000000000002,48.17225,46.24175,0,42.31733391598269,-1.9928676316341574,-20.968620445458438,47.823722323329505,46.85701254037307,0.6669735367451962,31.65396782619957,91648389.0,2190834.66,0,-0.06673628691677441,4.0,-88.0,92.0,47.207,47.16997630444662,47.65243988759477,-0.017124452191588257,-0.46421936473423386,-0.4470949125426456
1516856400,2018-01-25,46.72,49.59,46.68,49.35,6433063.0,47.307,48.80247450663609,45.811525493363916,48.00933333333334,46.52133333333333,47.26533333333333,47.307,2.9100000000000037,48.4425,46.1715,0,60.854275097486116,4.223864836325237,-10.317613639441083,58.618163643247605,47.07847187270941,0.8271897126919682,31.2432596458391,98081452.0,2286077.96,1,0.11089314278846998,100.0,12.0,88.0,47.307,47.37759760878504,47.719010872394975,0.17141594182098163,-0.2328249852664186,-0.4042409270874002
1516942800,2018-01-26,49.56,49.67,48.37,48.97,3907042.0,47.366,49.017961258625164,45.714038741374836,48.117000000000004,46.541000000000004,47.329,47.366,1.3000000000000043,48.557,46.175,0,58.01855166009115,2.469135802469135,-3.8100791897937936,65.58720904843707,47.24035718800047,0.8609618760711136,30.94375057552133,94174410.0,2331472.64,0,0.08557675436181121,96.0,12.0,84.0,47.366,47.529254979376944,47.76806926955596,0.26003817635073,-0.07919320664898777,-0.3392313829997178
1517202000,2018-01-29,48.55,48.79,47.54,47.72,3038706.0,47.3465,48.97186488211061,45.72113511788939,48.161500000000004,46.4965,47.32899999999999,47.3465,1.4299999999999997,48.61775,46.07525,0,49.957746396792196,-0.8106422781126597,-2.690920024691792,59.68603476526961,47.284582697407714,0.9016074563517484,29.328396435656657,91135704.0,2355142.66,0,-0.0019153218952249367,92.0,12.0,80.0,47.3465,47.547421171817234,47.76618420016161,0.22527387315212538,-0.05763904155956112,-0.2829129147116865
1517288400,2018-01-30,47.68,48.26,47.56,47.81,2511436.0,47.322500000000005,48.905040678781575,45.739959321218436,48.1565,46.4625,47.3095,47.322500000000005,0.6999999999999957,48.615500000000004,46.029500000000006,0,50.4791909897147,-0.993994615862491,-1.6316730928690892,59.636877106471665,47.31681411030798,0.8872069237551947,27.828424734353746,93647140.0,2368207.34,0,-0.0014045000133800036,88.0,12.0,76.0,47.322500000000005,47.57242867926321,47.767902466821944,0.1999979055093427,-0.03291553282500814,-0.23291343833435085
1517374800,2018-01-31,47.87,48.27,47.64,48.22,2920256.0,47.3205,48.898390680623486,45.74260931937652,48.14616666666667,46.45916666666667,47.30266666666667,47.3205,0.6300000000000026,48.608250000000005,46.03275,0,52.83587229936962,-0.08288437629506662,0.2824118549558306,64.50995298447361,47.37839246583498,0.8688350006298239,26.449048280550237,96567396.0,2390871.54,0,0.06203721213288082,84.0,12.0,72.0,47.3205,47.634102138380996,47.78563178184854,0.20195986750332573,0.01953639604480628,-0.18242347145851945
1517461200,2018-02-01,48.26,48.47,45.34,45.98,6032560.0,47.2275,48.88899179955799,45.566008200442006,48.19416666666667,46.275166666666664,47.23466666666666,47.2275,3.1299999999999955,48.68925,45.76575,0,41.482628787443076,-3.8879598662207493,-4.0318643791986775,59.48690911939618,47.30498155022594,1.0303467862991218,26.565842741627744,90534836.0,2475587.06,0,-0.05055566934589832,80.0,-20.0,100.0,47.2275,47.47656860139233,47.71482269236428,0.05131407031039367,-0.11828088357052735,-0.16959495388092102
1517547600,2018-02-02,44.63,45.54,44.36,45.36,6827492.0,47.1375,48.98810935910269,45.28689064089732,48.101166666666664,46.14016666666667,47.120666666666665,47.1375,1.6199999999999974,48.66375,45.611250000000005,0,39.03860500669769,-3.8167938931297654,-8.45843546187129,50.10458627277651,47.04463741708402,1.0724648729920416,27.362761584659903,83707344.0,2579765.7,0,0.07451332407053367,76.0,-24.0,100.0,47.1375,47.27499063935497,47.62247670442843,-0.08381855197945634,-0.27436814385524144,-0.1905495918757851
1517806800,2018-02-05,45.14,45.54,44.58,44.58,4463884.0,47.004000000000005,49.16249391937955,44.84550608062046,48.00666666666667,46.004666666666665,47.00566666666667,47.004000000000005,0.9600000000000009,48.56100000000001,45.447,0,36.21317189026019,-5.650793650793654,-13.22771547157086,48.43835054329925,46.894572185510846,1.0644316677783245,28.102757653189766,79243460.0,2641451.36,0,-0.004417763809033965,72.0,-28.0,100.0,47.004000000000005,47.018324864178304,47.503163892490065,-0.2121637281998016,-0.4557542521255371,-0.24359052392573552
1517893200,2018-02-06,44.09,44.28,43.38,43.98,3823823.0,46.824,49.33239709774958,44.31560290225042,47.847,45.811,46.829,46.824,1.1999999999999957,48.428999999999995,45.219,0,34.20843671277915,-7.566204287515767,-17.81015056200123,43.55272797886341,46.69487215512152,1.0741151200798724,29.501183754616587,75419637.0,2686975.74,0,-0.008662052148171801,68.0,-32.0,100.0,46.824,46.72896059139942,47.365000602588495,-0.31755585496059413,-0.6405353426264782,-0.322979487665884
1517979600,2018-02-07,43.98,44.49,43.47,43.48,3558722.0,46.637,49.5278967466858,43.7461032533142,47.68866666666666,45.62166666666666,46.655166666666666,46.637,1.0200000000000031,48.26525,45.00875,0,32.624181244412995,-7.920372723422283,-22.05547167980808,44.35570662892092,46.51796730543577,1.070249754359882,30.491142378282575,71860915.0,2744757.48,0,-0.01638248696439752,64.0,-36.0,100.0,46.637,46.4195357731709,47.2126476377811,-0.39593108514739495,-0.8178933441001277,-0.42196225895273276
1518066000,2018-02-08,43.42,43.68,42.88,42.88,2712821.0,46.4375,49.75566741590875,43.11933258409125,47.52283333333334,45.411833333333334,46.467333333333336,46.4375,0.7999999999999972,48.08975,44.78525,0,30.821168770545754,-8.512908043524632,-26.19523199264613,44.231248129771856,46.35958258907551,1.0509462004770331,31.739353131022565,69148094.0,2775173.98,0,-0.04378758710976576,60.0,-40.0,100.0,46.4375,46.082437128107,47.042739887279886,-0.4587434482406586,-0.995391569253556,-0.5366481210128974
1518152400,2018-02-09,43.01,43.89,42.75,43.58,3224033.0,46.265499999999996,49.79496157366794,42.73603842633205,47.38483333333333,45.20183333333333,46.29333333333334,46.265499999999996,1.1400000000000006,47.97174999999999,44.55925,0,35.21797014118553,-7.316035729476829,-27.534610375749974,44.57686710404937,46.1882306084592,1.0573071861572452,32.578947955242995,72372127.0,2813006.92,0,0.007683740845622491,56.00000000000001,-39.99999999999999,96.0,46.265499999999996,45.844109782573,46.90694616621009,-0.4245000478009143,-1.0672731807640403,-0.642773132963126
1518411600,2018-02-12,43.62,44.22,43.19,43.97,2416947.0,46.1195,49.77295028705724,42.46604971294276,47.2495,45.01649999999999,46.132999999999996,46.1195,1.0300000000000011,47.86325,44.375750000000004,0,37.545887862922704,-6.227340584346346,-27.566936276042682,42.71894681690234,46.056040313456265,1.0553566728602992,32.85980398993625,74789074.0,2827197.76,0,0.008090514650140075,52.0,-40.0,92.0,46.1195,45.66562313661366,46.79177180675087,-0.35003502500387274,-1.080316914217967,-0.7302818892140942
1518498000,2018-02-13,43.74,44.17,43.27,44.04,2053291.0,45.99249999999999,49.74824692970634,42.236753070293645,47.10583333333334,44.88283333333333,45.99433333333333,45.99249999999999,0.8999999999999986,47.72874999999999,44.256249999999994,0,37.967046162743564,-5.452984113353368,-27.415063658932876,39.57086478846853,45.917477487545014,1.044259767655992,33.120598879294285,76842365.0,2770357.58,0,0.011299732007639906,48.0,-40.0,88.0,45.99249999999999,45.5108018855076,46.683859186878294,-0.27388729987307825,-1.072641014055442,-0.7987537141823638
1518584400,2018-02-14,43.79,44.15,43.44,44.01,3015003.0,45.836999999999996,49.65023012680833,42.02376987319166,46.952,44.727999999999994,45.839999999999996,45.836999999999996,0.7100000000000009,47.574,44.099999999999994,0,37.85189414522399,-6.600169779286927,-27.337631051876755,34.83342981742328,45.46101595791413,1.0203840699662783,33.362765562269594,73827362.0,2758083.14,0,-0.05814404102338204,44.0,-40.0,84.0,45.836999999999996,45.36786837260212,46.57900196386346,-0.20643420092201592,-1.0567964653348838,-0.8503622644128679
1518670800,2018-02-15,44.21,44.77,44.06,44.76,3664166.0,45.751,49.57989487972688,41.922105120273116,46.837666666666664,44.62766666666666,45.73266666666667,45.751,0.7600000000000051,47.481249999999996,44.02075,0,42.44556564077259,-3.7005163511187584,-25.359824729307228,34.02040679094374,45.11779466729165,1.0017852078258302,32.588311765896556,77491528.0,2786080.66,0,0.018400519394810605,40.0,-40.0,80.0,45.751,45.30997614664001,46.50766855351588,-0.09771844504646565,-0.97251032072095,-0.8747918756744844
1518757200,2018-02-16,44.69,45.38,44.69,45.18,1864382.0,45.687,49.50913605200007,41.86486394799992,46.778999999999996,44.542,45.6605,45.687,0.6900000000000048,47.4375,43.936499999999995,0,44.84856299270186,-2.755058114507105,-22.720994163981796,38.78471714734482,44.937039262059194,0.9795148358382713,31.01194332205815,79355910.0,2777795.66,0,0.07887758781946959,36.0,-40.0,76.0,45.687,45.29759746600763,46.45560312004467,0.010323776274431595,-0.8618871553314449,-0.8722109316058765
1519102800,2018-02-20,44.88,45.1,44.3,44.46,1287966.0,45.588,49.42951324350168,41.74648675649832,46.69466666666667,44.43366666666667,45.564166666666665,45.588,0.8800000000000026,47.362500000000004,43.8135,0,41.70634551650248,-4.263565891472862,-21.744059623209804,39.920679716877416,44.774269690087124,0.9724066332783948,29.95199939345984,78067944.0,2769701.68,0,0.07973996339336867,32.0,-40.0,72.0,45.588,45.217826278768804,46.37734417416057,0.03950442068550519,-0.822830405748995,-0.8623348264345002
1519189200,2018-02-21,44.41,44.82,43.82,43.84,2153690.0,45.4445,49.32189332541835,41.567106674581645,46.567166666666665,44.317166666666665,45.442166666666665,45.4445,1.0,47.21075,43.67825,0,39.2158545090178,-6.144294583600937,-21.949075403147862,34.09316838774373,44.543489843827516,0.9743775880442237,29.430450200045694,75914254.0,2759703.56,0,-0.015021297021628273,28.000000000000004,-40.0,68.0,45.4445,45.08660472840987,46.27784048105623,0.02401818670947642,-0.8323120930476549,-0.8563302797571313
1519275600,2018-02-22,43.93,44.37,43.66,43.93,3431950.0,45.305,49.18954630555473,41.42045369444527,46.43233333333334,44.18533333333333,45.30883333333333,45.305,0.7100000000000009,47.069,43.541,0,39.76546575725525,-5.971746575342464,-21.88951077637614,36.3478549123302,44.22219794177303,0.9554934746124936,29.095275495716823,79346204.0,2789959.84,0,0.04576258610747866,24.0,-40.0,64.0,45.305,44.97645189713273,46.18576830532854,0.026603231681105233,-0.8230762401557499,-0.8496794718368551
1519362000,2018-02-23,44.02,45.54,43.93,45.45,2728551.0,45.11,48.52605035091682,41.69394964908318,46.189,44.072,45.1305,45.11,1.6099999999999994,46.7765,43.4435,0,48.10709285347871,-7.902735562310028,-18.128908598046934,47.00579439163034,44.12683369411167,1.0022439407116013,27.22222438882489,82074755.0,2808512.1,0,-0.007046703639744343,20.0,-40.0,60.0,45.11,45.02155171645342,46.156914646296045,0.13157811698224942,-0.6852068256090433,-0.8167849425912928
1519621200,2018-02-26,45.39,45.39,44.71,44.95,1868954.0,44.909,47.8301292337038,41.9878707662962,45.95866666666667,43.903666666666666,44.93116666666667,44.909,0.740000000000002,46.5335,43.2845,0,45.90581082264227,-8.209107616908303,-16.032885901547377,55.33509700994471,44.079530401732,0.9835122306607728,25.482962646710956,80205801.0,2807435.26,0,0.09600787077209577,16.0,-40.00000000000001,56.00000000000001,44.909,45.01473726726738,46.10958466016679,0.1660144395750497,-0.6092668931224807,-0.7752813326975304
1519707600,2018-02-27,45.06,45.21,43.85,43.86,1919067.0,44.716,47.36623319728643,42.065766802713576,45.778666666666666,43.712666666666664,44.74566666666667,44.716,1.3599999999999994,46.33525,43.09675,0,41.54362780668662,-8.088851634534786,-16.204321242199057,58.226950622805674,44.1129252182031,1.0104042141850031,24.769862930764564,78286734.0,2803049.42,0,0.01292654783612286,12.0,-40.0,52.0,44.716,44.90476228943239,46.02136565388574,0.11640254654617976,-0.6297781495148058,-0.7461806960609856
1519794000,2018-02-28,44.08,44.24,43.56,43.56,2213158.0,44.503499999999995,46.782932166132404,42.224067833867586,45.573166666666665,43.50916666666667,44.54116666666667,44.503499999999995,0.6799999999999997,46.121249999999996,42.885749999999994,0,40.430571208414584,-8.889353691696297,-16.822403761684075,60.48070870142915,44.12288362294445,0.9868039131717886,24.379805727029446,76073576.0,2805976.54,0,0.05035143122415412,8.0,-40.0,48.0,44.503499999999995,44.77668969043883,45.9248415105961,0.06686224712907174,-0.6626028871496459,-0.7294651342787176
1519880400,2018-03-01,43.56,44.12,43.14,43.22,3035884.0,44.253499999999995,45.83868484726518,42.66831515273481,45.363166666666665,43.26416666666667,44.31366666666666,44.253499999999995,0.9799999999999969,45.897499999999994,42.6095,1,39.17831654504242,-10.369141435089174,-17.85125859235851,59.891795381759174,44.14401672844465,0.9863179193738035,24.396252675088256,73037692.0,2797641.06,0,0.05483360164980738,4.0,-40.0,44.0,44.253499999999995,44.628433529444656,45.818769294494295,0.017258706418964542,-0.707891751255012,-0.7251504576739766
1519966800,2018-03-02,43.24,43.88,43.2,43.64,2962688.0,44.1365,45.528322905401104,42.74467709459889,45.0895,43.2355,44.1625,44.1365,0.6799999999999997,45.59675,42.676249999999996,1,41.53304079246132,-5.089169204001733,-17.708575682670816,59.60712889772916,44.16384831193779,0.9644380679899605,24.411524841142867,76000380.0,2823424.28,0,0.03793657852451615,4.0,-36.0,40.0,44.1365,44.534297002830876,45.73332736137687,0.01867791528000029,-0.7018030635739763,-0.7204809788539766
1520226000,2018-03-05,43.46,44.6,43.44,44.5,1986437.0,44.0935,45.3806717057173,42.8063282942827,45.043166666666664,43.19116666666666,44.11716666666667,44.0935,1.1600000000000037,45.51925,42.66775,1,46.0361272409096,-1.8959435626102281,-15.651861321923699,59.12355737642227,44.19098285347978,0.9784067774192493,23.397460497983708,77986817.0,2832676.48,0,0.05012338274495223,12.0,-24.0,36.0,44.0935,44.53103062160889,45.68496158249935,0.08003999915637716,-0.6204309799085053,-0.7004709790648824
1520312400,2018-03-06,44.37,44.4,43.61,43.7,2141920.0,44.0495,45.327271106262465,42.77172889373754,44.984833333333334,43.14983333333333,44.06733333333334,44.0495,0.8900000000000006,45.470000000000006,42.629,1,42.80770968535033,-1.9739793629430136,-15.331215931857828,53.024595467725256,44.19483199847565,0.9720920076035887,22.45582932219306,75844897.0,2852738.76,0,-0.040862926590151394,8.0,-24.0,32.0,44.0495,44.45188484812233,45.6071199518131,0.06963666468724394,-0.6134251482058275,-0.6830618128930714
1520398800,2018-03-07,43.68,43.99,43.27,43.4,2698392.0,44.0205,45.32921654685008,42.71178345314992,44.9595,43.1425,44.051,44.0205,0.7199999999999989,45.405,42.635999999999996,1,41.65462343468661,-1.3187812642110013,-15.563185633862986,44.72818776027091,44.172992880499635,0.9540854356319037,21.963069674816463,73146505.0,2871370.22,0,-0.1457861100827768,4.0,-24.000000000000004,28.000000000000004,44.0205,44.35170533877735,45.52056622821259,0.04654763217385993,-0.6248772726757466,-0.6714249048496065
1520485200,2018-03-08,43.55,44.04,43.55,43.84,2466952.0,44.0385,45.32672785251647,42.75027214748353,44.932833333333335,43.16883333333333,44.05083333333333,44.0385,0.6400000000000006,45.3945,42.6825,1,43.98410303737702,0.827966881324762,-14.777724791510611,42.620903662317836,44.105727313742754,0.9316507616581964,21.42844947569171,75613457.0,2893463.24,0,-0.2459806918114929,4.0,-20.0,24.0,44.0385,44.30297149698903,45.45466167024347,0.06383679488205707,-0.5916289112470352,-0.6554657061290923
1520571600,2018-03-09,43.85,44.13,43.67,44.13,1788125.0,44.101,45.27452290135267,42.92747709864733,44.95733333333333,43.227333333333334,44.092333333333336,44.101,0.46000000000000085,45.4315,42.7705,1,45.49390251116347,2.915111940298507,-13.512261728516545,42.40498649887201,44.04290072129865,0.8979614215397539,20.786667966104527,77401582.0,2915059.98,0,-0.2158193152134326,60.0,40.0,20.0,44.101,44.286498021085315,45.402714153763334,0.09580975508030742,-0.5357035122787082,-0.6315132673590156
1520827200,2018-03-12,44.25,44.95,43.83,43.99,3386188.0,44.121500000000005,45.27200032594484,42.97099967405517,44.99883333333334,43.27083333333333,44.13483333333333,44.121500000000005,1.1200000000000045,45.450500000000005,42.792500000000004,1,44.87920764172899,0.9407985314364473,-12.725736848760741,49.6302597766863,44.042342024410594,0.9138213200012003,19.605856624674352,74015394.0,2957557.04,0,-0.25012127566326886,56.00000000000001,40.00000000000001,16.0,44.121500000000005,44.25826011431529,45.3473135987138,0.10765019441274482,-0.4969505243430845,-0.6046007187558293
1520913600,2018-03-13,44.15,44.29,43.44,43.7,3170273.0,44.108,45.27155661658519,42.94444338341481,44.99066666666666,43.28066666666667,44.135666666666665,44.108,0.8500000000000014,45.4235,42.7925,1,43.59484435156568,-0.6140550375255766,-12.58488815012023,48.251189944201556,44.01468764297895,0.909262654286829,18.42789053963683,70845121.0,2998217.14,0,-0.21964518371467345,52.0,40.0,12.0,44.108,44.20509248438051,45.282713065430904,0.09643325816192305,-0.4840591460534256,-0.5804924042153486
1521000000,2018-03-14,43.78,44.32,43.75,44.09,2080572.0,44.1105,45.27367625491547,42.94732374508453,44.985499999999995,43.308499999999995,44.147000000000006,44.1105,0.6199999999999974,45.405,42.816,1,45.79097077416602,0.11353315168030033,-11.58676094540826,56.18276052279761,44.01981351477218,0.8886010361234838,17.291185882984653,72925693.0,3003563.36,0,-0.19275110287297148,48.0,40.0,8.0,44.1105,44.19413129539189,45.23594000404145,0.11452863641870281,-0.4373316086919701,-0.5518602451106729
1521086400,2018-03-15,44.11,44.62,44.01,44.39,2338438.0,44.1295,45.29789162954857,42.96110837045143,45.00416666666667,43.33716666666667,44.17066666666667,44.1295,0.6099999999999994,45.4165,42.8425,1,47.44774353584377,0.8634401272438141,-10.083372676981076,55.62600131114732,43.96540506427138,0.8687009621146636,16.308528876806903,75264131.0,2957083.3,0,-0.24923470010035909,44.0,40.0,4.0,44.1295,44.21278545773552,45.20276588623591,0.14404319223277628,-0.37180625481970253,-0.5158494470524788
1521172800,2018-03-16,44.49,45.09,44.45,44.92,5419563.0,44.1375,45.32508368126174,42.94991631873827,45.01516666666667,43.35516666666667,44.18516666666667,44.1375,0.7000000000000028,45.42,42.855000000000004,1,50.27396479309004,0.35746201966041935,-7.640842452119745,59.880141223535965,44.03631539821798,0.8566508933921879,16.01983470836494,80683694.0,3015231.52,1,-0.14353687695546669,40.0,-16.000000000000007,56.00000000000001,44.1375,44.28013922366547,45.19167702795215,0.19351762463329364,-0.27395241626086175,-0.4674700408941554
1521432000,2018-03-19,44.97,45.0,44.48,44.75,2464871.0,44.116,45.241244862240734,42.990755137759265,44.98966666666667,43.346666666666664,44.168166666666664,44.116,0.5200000000000031,45.38575,42.84625,1,49.377378153932824,-0.9517485613103137,-5.973496245757301,58.98056237271633,44.06839337423849,0.8326044010070319,15.751761551954543,78218823.0,3014733.82,0,-0.08943978838912038,36.0,-16.0,52.0,44.116,44.32488786903066,45.17435636018933,0.20779555900857016,-0.20772559213344266,-0.4155211511420128
1521518400,2018-03-20,44.78,44.92,44.32,44.46,1742245.0,44.116,45.241244862240734,42.990755137759265,44.977,43.354,44.1655,44.116,0.6000000000000014,45.36475,42.86725,1,47.84518733145169,0.0,-5.190298672160323,59.66404096169614,44.107977212068214,0.8159898009351012,15.226114397678968,76476578.0,3000663.72,0,-0.05648441850285414,32.0,-16.0,48.0,44.116,44.33775569102774,45.146342385279944,0.19113280960816909,-0.17660513913180154,-0.3677379487399706
1521604800,2018-03-21,44.55,44.92,44.07,44.3,1748447.0,44.139,45.259533801363965,43.01846619863604,44.983,43.375,44.179,44.139,0.8500000000000014,45.37650000000001,42.9015,1,46.99822390677964,1.0492700729926865,-4.878474444382838,61.68125985517738,44.17471769527872,0.8184191008683083,14.313115905066452,74728131.0,2996602.88,0,-0.010728802712747633,28.000000000000004,-15.999999999999996,44.0,44.139,44.334159910929856,45.113152487817985,0.16381119385628617,-0.16297395641961288,-0.32678515027589905
1521691200,2018-03-22,44.32,45.34,44.16,44.34,2310965.0,44.1595,45.27899050911527,43.040009490884735,45.03783333333333,43.38283333333333,44.21033333333334,44.1595,1.1800000000000068,45.43225,42.88675,1,47.243985931078676,0.9333029820168534,-4.5221256637965945,61.05153282773631,44.2529234775767,0.8442463079491438,14.094720676962552,77039096.0,2992723.76,0,-0.08023245081483033,24.0,-16.0,40.0,44.1595,44.334716109888916,45.08283278241336,0.14363122533353279,-0.14724611860898307,-0.29087734394251585
1521777600,2018-03-23,44.45,44.85,43.68,43.78,1535389.0,44.07600000000001,45.035737464101096,43.11626253589892,44.97233333333334,43.36133333333333,44.16683333333334,44.07600000000001,1.1700000000000017,45.31575000000001,42.83625000000001,1,44.222164619160026,-3.674367436743678,-5.474472444169389,56.215598545160624,44.250520090100764,0.8675144288099194,13.096891525378782,75503707.0,2986671.26,0,-0.16390686544487262,20.0,-16.0,36.0,44.07600000000001,44.28188600418521,45.0317413007501,0.09036740732633214,-0.1779180847846007,-0.26828549211093283
1522036800,2018-03-26,43.94,44.47,43.87,44.35,1615712.0,44.04600000000001,44.92902661341502,43.162973386584994,44.929,43.326,44.127500000000005,44.04600000000001,0.6899999999999977,45.28200000000001,42.81,1,47.79950367495331,-1.3348164627363768,-4.830048018609235,61.683189252788935,44.27095640732577,0.8548348267520678,12.170335884622423,77119419.0,2978937.54,0,-0.09093165810559517,16.0,-16.0,32.0,44.04600000000001,44.288373051405664,45.00500634777951,0.0910674452703964,-0.15445118552293735,-0.24551863079333375
1522123200,2018-03-27,44.41,45.76,44.29,45.17,3033038.0,44.1115,45.115656860255996,43.107343139744,44.972833333333334,43.35883333333333,44.16583333333333,44.1115,1.4699999999999989,45.35575,42.86725,1,52.420481475400734,2.986776105791159,-2.2603791883363074,69.6966591689961,44.39545701152265,0.8987751962697771,13.005714375936693,80152457.0,2978752.22,0,-0.023903029347017022,12.0,-16.000000000000004,28.000000000000004,44.1115,44.37233752270036,45.01147668708228,0.14130114035090677,-0.06889220535470031,-0.21019334570560708
1522209600,2018-03-28,45.16,45.6,44.89,45.08,2131103.0,44.18750000000001,45.242011735353934,43.13298826464608,45.0445,43.427499999999995,44.236000000000004,44.18750000000001,0.7100000000000009,45.43400000000001,42.941,1,51.88978503684161,3.4894398530762074,-0.4059428952636869,69.46598344993566,44.485707369631044,0.8852912536790788,13.781422975014229,78021354.0,2973283.46,0,-0.06565930916361394,8.0,-16.0,24.0,44.18750000000001,44.43973394910985,45.01416387582415,0.16155211083954163,-0.008253207156180054,-0.16980531799572168
1522296000,2018-03-29,45.29,45.79,45.13,45.43,2185316.0,44.298,45.38644108705944,43.209558912940565,45.126333333333335,43.54133333333333,44.33383333333333,44.298,0.7100000000000009,45.52425,43.07175,1,53.804257182640285,5.113373438223047,1.956503841829025,69.86902094324077,44.57152450809754,0.872770449844859,14.713918495887018,80206670.0,2974158.04,0,-0.12142132818417056,4.0,-16.0,20.0,44.298,44.53404500157558,45.03047117481144,0.18966046322028463,0.06727026102963407,-0.12239020219065054
1522641600,2018-04-02,45.53,46.07,44.94,45.23,2992072.0,44.377500000000005,45.493992274939295,43.261007725060715,45.24083333333333,43.61083333333333,44.42583333333333,44.377500000000005,1.1300000000000026,45.63750000000001,43.1175,1,52.546508234697285,3.6434463794683696,3.3732210704554317,60.8496809950972,44.67463426555443,0.8911439891416549,15.88455742502657,77214598.0,2946055.56,0,-0.09511744844409231,96.0,80.0,16.0,44.377500000000005,44.600326429996954,45.03829583462276,0.1856881944097945,0.10972004082159259,-0.07596815358820191
1522728000,2018-04-03,45.18,45.93,44.95,45.72,3015143.0,44.438500000000005,45.699107393282745,43.177892606717265,45.2995,43.6875,44.4935,44.438500000000005,0.9799999999999969,45.68500000000001,43.192,0,55.24464997124565,2.7415730337078625,5.715195391544372,69.7604147589362,44.82862977457463,0.897490847060108,16.971579287799006,80229741.0,2959279.62,0,-0.010206985419440958,100.0,88.0,12.0,44.438500000000005,44.70696200809248,45.06502933130422,0.20542761371474022,0.18081636355522335,-0.024611250159516866
1522814400,2018-04-04,45.62,46.1,45.31,45.9,2784174.0,44.548500000000004,45.911896860785255,43.18510313921475,45.392833333333336,43.780833333333334,44.58683333333333,44.548500000000004,0.7899999999999991,45.78750000000001,43.3095,0,56.20747938288583,5.034324942791752,8.053252412321244,70.44191962235216,44.94851712045109,0.8898129294129573,18.175060379293672,83013915.0,2962021.18,0,0.01754588001899697,100.0,92.0,8.0,44.548500000000004,44.82058467398844,45.09777327909621,0.21874259991202546,0.24881699973051496,0.0300743998184895
1522900800,2018-04-05,45.81,46.42,45.31,46.27,1977224.0,44.692,46.1429941419589,43.2410058580411,45.534666666666666,43.88366666666666,44.70916666666666,44.692,1.1099999999999994,45.96025,43.42375,0,58.15530644560261,6.612903225806463,10.84085678754346,70.20289233404995,45.048702229724384,0.9055405773120319,19.642553722375954,84991139.0,2918556.44,0,0.042553594592424616,100.0,96.0,4.0,44.692,44.95862422884669,45.14374295442577,0.23895967981402383,0.32877399958601927,0.08981431977199546
1522987200,2018-04-06,46.3,46.57,45.83,45.99,1993205.0,44.7995,46.29981296735016,43.29918703264985,45.66316666666667,43.98716666666667,44.82516666666667,44.7995,0.740000000000002,46.075250000000004,43.52375,0,56.1653143633873,4.904197080291968,12.296699572494278,67.04350338979415,45.15637213998939,0.8937162503611725,21.162922686556307,82997934.0,2861505.98,0,-0.06927696001559346,96.0,80.0,16.0,44.7995,45.05685049276605,45.1769295052326,0.22041692667040752,0.3653354781100049,0.14491855143959737
1523246400,2018-04-09,45.96,46.44,45.93,46.03,1865419.0,44.8945,46.45271019121267,43.336289808787335,45.7735,44.0925,44.933,44.8945,0.509999999999998,46.174,43.615,0,56.38971767043169,4.30546113754815,13.58708109461237,74.35336338007444,45.24821112080054,0.8663079467639457,22.57469386758092,84863353.0,2770153.1,0,-0.11034503585021867,92.0,80.0,12.0,44.8945,45.14953139821691,45.21038325012544,0.19847158049679853,0.39300802706059557,0.19453644656379704
1523332800,2018-04-10,46.17,46.18,45.68,45.73,1799706.0,44.9815,46.522191727763534,43.44080827223646,45.822833333333335,44.203833333333336,45.013333333333335,44.9815,0.5,46.2145,43.74849999999999,0,54.199223609343896,3.9554444191861666,13.717631446208578,74.09423444194418,45.322257107702214,0.8401430934236639,23.23026296511534,83063647.0,2728006.38,0,-0.12661729022295012,88.0,80.0,8.0,44.9815,45.20481412219625,45.23076037757151,0.15339360366392452,0.38627845114370274,0.23288484747977822
1523419200,2018-04-11,45.72,46.07,45.65,45.8,1559809.0,45.0865,46.54772243344365,43.62527756655635,45.902833333333334,44.32683333333333,45.11483333333334,45.0865,0.4200000000000017,46.28725,43.88575,0,54.63208036977046,4.805491990846669,13.996176685147852,74.42182345194078,45.39913298098676,0.8101328724648308,23.760487374762246,84623456.0,2698428.44,0,-0.11581525417220964,84.0,80.0,4.0,45.0865,45.26149849151089,45.253083500019684,0.1194425246822014,0.38218800333253,0.2627454786503286
1523505600,2018-04-12,45.81,46.05,45.19,45.21,1988663.0,45.1425,46.53069126924173,43.75430873075827,45.98883333333334,44.38383333333333,45.18633333333334,45.1425,0.8599999999999994,46.36125,43.92375,0,50.40558506227459,2.540258562032201,12.300422410562883,67.6602291427634,45.46421381066324,0.8136948101459142,23.12278674101382,82634793.0,2687972.98,0,-0.1265637117867827,80.0,64.0,16.0,45.1425,45.25659387327176,45.25139395099931,0.05185344957732407,0.3275622906219837,0.27570884104465965
1523592000,2018-04-13,45.37,45.75,45.37,45.51,1336558.0,45.1985,46.550643113726856,43.84635688627315,46.0375,44.4555,45.2465,45.1985,0.5399999999999991,46.412000000000006,43.985,0,52.377510044927305,2.5230907862131056,11.681861545232318,72.41117262791329,45.53671830088851,0.7941451808497774,22.530636152533138,83971351.0,2656299.02,0,-0.09696914955801046,76.0,64.0,12.0,45.1985,45.28072779010302,45.26153536468561,0.023403397478632737,0.30496308789295057,0.28155969041431783
1523851200,2018-04-16,45.72,46.13,45.58,46.01,1874297.0,45.253,46.64318128314222,43.86281871685778,46.08733333333333,44.51433333333333,45.30083333333333,45.253,0.6200000000000045,46.4605,44.0455,0,55.48285644284443,2.426536064113972,12.474892472784969,72.69986764697038,45.628567221056606,0.7817062393605079,22.613160571981634,85845648.0,2573133.76,0,-0.09329903837994799,72.0,64.0,8.0,45.253,45.35018228628369,45.29088691901166,0.03368651718050264,0.32366783688994616,0.2899813197094435
1523937600,2018-04-17,46.06,46.6,45.96,46.44,1944059.0,45.3375,46.79874433275168,43.876255667248316,46.17283333333334,44.587833333333336,45.38033333333333,45.3375,0.6400000000000006,46.554,44.120999999999995,0,57.96422814752584,3.776536312849157,14.219165584677748,71.75447788155687,45.73228503681742,0.7715843651204716,23.352752668970318,87789707.0,2475465.1,0,-0.08405949956534416,100.0,96.0,4.0,45.3375,45.453974449494766,45.335950177089636,0.06316376559993586,0.3689360267093633,0.30577226110942746
1524024000,2018-04-18,46.6,46.89,46.17,46.18,1620847.0,45.423500000000004,46.87043158096674,43.97656841903327,46.27116666666667,44.674166666666665,45.47266666666666,45.423500000000004,0.7199999999999989,46.64900000000001,44.198,0,55.97829118265382,3.8686459739091292,14.735431832126904,71.30540117126195,45.810371224910966,0.7678997676118664,24.39753345194439,86168860.0,2418604.36,0,-0.10576920350114255,96.0,64.0,32.0,45.423500000000004,45.52311974001908,45.369050170144945,0.058948124943769,0.37945741728913873,0.32050929234536973
1524110400,2018-04-19,46.0,46.25,45.7,46.15,1252569.0,45.516,46.898930222389716,44.13306977761028,46.336333333333336,44.769333333333336,45.55283333333333,45.516,0.5499999999999972,46.719,44.312999999999995,0,55.746313685688975,4.176072234762984,15.049815989188248,65.88338171475576,45.84846614503405,0.7523354984967329,24.22994345509388,84916291.0,2367179.28,0,-0.07373425434390041,92.0,64.0,28.000000000000004,45.516,45.58282262192202,45.39967565366867,0.04837913298130225,0.3809832085719975,0.33260407559069527
1524196800,2018-04-20,46.21,46.21,45.43,45.66,1663230.0,45.58200000000001,46.85582259361297,44.308177406387045,46.374,44.846999999999994,45.6105,45.58200000000001,0.7800000000000011,46.75500000000001,44.409000000000006,0,52.03862506073832,2.976995940460066,13.58984780680581,69.0995676043768,45.89217379622086,0.7543115343183949,23.49320767743245,83253061.0,2329269.44,0,-0.048392595675193634,88.0,64.0,24.0,45.58200000000001,45.590172848405636,45.40988445156402,0.004915636341734697,0.3387486210178636,0.33383298467612893
1524456000,2018-04-23,45.77,46.1,45.42,45.65,1417471.0,45.6755,46.64459184291213,44.70640815708787,46.4305,44.9525,45.6915,45.6755,0.6799999999999997,46.811749999999996,44.53925,1,51.96437904433353,4.271356783919592,12.367752630925008,61.527441262790674,45.92577514758308,0.7490035675813668,22.78751982875033,81835590.0,2303362.44,0,-0.1384682468140282,84.0,64.0,20.0,45.6755,45.595870672367006,45.41930074758112,-0.026265795340197462,0.3010007405008821,0.32726653584107956
1524542400,2018-04-24,45.71,46.19,45.53,45.83,2263714.0,45.7495,46.50489327505532,44.99410672494467,46.5145,45.0305,45.772499999999994,45.7495,0.6599999999999966,46.8835,44.6155,1,53.22875201112858,3.33709131905298,11.861788248695234,60.72117887328856,45.93645130094669,0.7426461698969832,22.28684937765093,84099304.0,2284156.06,0,-0.20575417015975714,80.0,64.0,16.0,45.7495,45.61816870357015,45.435406600617156,-0.035929263290213787,0.28235495672831235,0.31828422001852613
1524628800,2018-04-25,45.66,45.95,45.29,45.77,1827871.0,45.7795,46.486563646356394,45.0724363536436,46.50383333333333,45.100833333333334,45.80233333333334,45.7795,0.6600000000000037,46.85275,44.70625,1,52.74164919734017,1.3283152534868308,11.22527547069209,53.00958842385685,45.911348743238634,0.736742872047199,21.266807396870394,82271433.0,2272374.54,0,-0.23208709415710696,76.0,64.0,12.0,45.7795,45.63262882703965,45.44852791039688,-0.04683346274469491,0.25974239158765755,0.30657585433235246
1524715200,2018-04-26,45.8,46.39,45.51,46.27,1838300.0,45.839,46.49933022041913,45.178669779580865,46.55566666666667,45.135666666666665,45.845666666666666,45.839,0.8800000000000026,46.925,44.753,1,56.253326030613444,2.639751552795042,12.161796252472005,52.70228740057561,45.90439363555164,0.7469755240438278,21.088586771704076,84109733.0,2268074.72,0,-0.13179758944728345,72.0,64.0,8.0,45.839,45.693330843512065,45.480742502146015,-0.022099077842552717,0.27895200702916156,0.3010510848717143
1524801600,2018-04-27,46.2,46.94,46.08,46.74,1398804.0,45.9045,46.64462093606299,45.164379063937005,46.6225,45.1825,45.9025,45.9045,0.8599999999999994,47.00175,44.807249999999996,1,59.24953948636734,2.8835571208452615,14.28944074659399,51.797712396792186,45.926562139886414,0.75504870089784,21.71271067647376,85508537.0,2235750.74,0,-0.05525724216138107,100.0,96.0,4.0,45.9045,45.793013620320444,45.530125149120686,0.021812102326062177,0.328316212779292,0.30650411045322984
1525060800,2018-04-30,46.71,46.93,46.36,46.45,3201035.0,45.9655,46.67360945481524,45.257390545184755,46.652833333333334,45.268833333333326,45.96083333333333,45.9655,0.5700000000000003,47.02075,44.91025,1,56.72613183705096,2.6973247844351227,14.890994407536692,48.82278432326631,46.01412520203197,0.7418309365479943,22.29225430233132,82307502.0,2226488.12,-1,-0.08197647831248411,96.0,92.0,4.0,45.9655,45.8555837517185,45.56619867268458,0.026889890932457083,0.3401164741188012,0.3132265831863441
1525147200,2018-05-01,46.55,46.6,45.93,46.07,2517015.0,45.983,46.683231390326604,45.28276860967339,46.67066666666667,45.31766666666667,45.994166666666665,45.983,0.6700000000000017,47.015,44.95099999999999,1,53.57869816596485,0.7655293088363986,13.90720194108654,47.006380064653314,46.04240853530846,0.7367001553659948,21.811782977393392,79790487.0,2239540.78,0,-0.11796884590917468,92.0,84.0,8.0,45.983,45.876004346792925,45.58595558748126,0.001556598721786706,0.3151723315885775,0.3136157328667908
1525233600,2018-05-02,46.03,46.25,45.75,46.02,1859450.0,45.989,46.68833968856252,45.28966031143747,46.668,45.344,46.006,45.989,0.5,46.999249999999996,44.97875,1,53.17009319991473,0.2614379084967419,12.921797119129913,47.19866103523654,46.08259085745447,0.7197930014112809,20.976158787683115,77931037.0,2250970.46,0,-0.0399499039965107,88.0,84.0,4.0,45.989,45.88971821852693,45.6029769369918,-0.020453475489049577,0.28804888850547883,0.3085023639945284
1525320000,2018-05-03,45.32,45.9,45.12,45.39,1920733.0,45.945,46.67800750337138,45.21199249662862,46.625,45.333999999999996,45.9795,45.945,0.9000000000000057,46.9395,44.9505,1,48.28604380661414,-1.9018802679922249,9.714341328549827,41.21144388338956,46.06545232789442,0.732664929881904,19.943054609991435,76010304.0,2246311.32,0,-0.04806780459499827,84.0,44.0,40.0,45.945,45.842126007238654,45.59462490024703,-0.07619444398525332,0.21325930901296175,0.2894537529982151
1525406400,2018-05-04,45.56,45.68,45.23,45.52,1962829.0,45.921499999999995,46.67702035048617,45.16597964951382,46.57783333333333,45.31583333333333,45.94683333333334,45.921499999999995,0.45000000000000284,46.89424999999999,44.94875,1,49.297669258310144,-1.0219612959338962,7.562417001672663,41.3655385762932,46.033300183512445,0.7124745777474825,18.983743587849165,77973133.0,2216928.9,0,-0.0662455715564108,80.0,44.0,36.0,45.921499999999995,45.81144733988259,45.59169843357067,-0.10148016281553557,0.16260354947879563,0.2640837122943312
1525665600,2018-05-07,45.52,45.62,45.18,45.28,1773483.0,45.884,46.6872035856486,45.080796414351404,46.53566666666667,45.28066666666667,45.90816666666667,45.884,0.4399999999999977,46.8515,44.9165,1,47.49224622438865,-1.62937214859874,4.945279497925894,34.30251851751052,45.966273557264444,0.6930121079083763,18.1844865016123,76199650.0,2197827.54,0,-0.1398081143703643,76.0,44.0,32.0,45.884,45.760833307512826,45.57947496558751,-0.1297328438018623,0.10191765754200333,0.23165050134386564
1525752000,2018-05-08,45.17,45.26,44.11,44.19,2298320.0,45.807,46.89814801928922,44.71585198071078,46.501,45.181,45.841,45.807,1.1700000000000017,46.82475,44.78925,0,40.41607437885003,-3.367592390115896,-0.9655273918597779,27.519010040467435,45.81739908986603,0.7270826716292067,19.023400027110682,73901330.0,2206414.86,0,-0.15113431542396832,72.0,-28.0,100.0,45.807,45.61123013536874,45.524985751250746,-0.2123134338170654,-0.03374129092746614,0.17857214288959927
1525838400,2018-05-09,44.31,44.31,43.47,43.94,1866951.0,45.714000000000006,47.07529937926925,44.352700620730765,46.425333333333334,45.06333333333333,45.74433333333333,45.714000000000006,0.8400000000000034,46.763250000000006,44.664750000000005,0,39.01270614283415,-4.061135371179039,-6.3149159039237315,26.99233998797432,45.67939743862758,0.7351481950842637,20.47269047893803,72034379.0,2205372.54,0,-0.16846595334376324,68.0,-32.0,100.0,45.714000000000006,45.45206536057172,45.462829447280136,-0.2705259508494291,-0.15958529567218704,0.11094065517724203
1525924800,2018-05-10,44.36,44.7,44.07,44.68,1427137.0,45.6875,47.106427411814586,44.268572588185414,46.36383333333333,45.02483333333333,45.69433333333333,45.6875,0.7600000000000051,46.72925,44.64575,0,44.96673455691198,-1.1723070117230725,-7.832036910058377,32.31127810708975,45.6122270709876,0.7369233240068167,21.014544675825753,73461516.0,2189652.12,0,-0.0966894272804164,64.0,-32.0,96.0,45.6875,45.37853532623156,45.43213025326915,-0.24661736494644834,-0.19733105100581838,0.049286313940629954
1526011200,2018-05-11,44.72,44.79,44.49,44.75,1089082.0,45.6495,47.12498602162096,44.174013978379044,46.316500000000005,44.985499999999995,45.650999999999996,45.6495,0.29999999999999716,46.67325,44.625750000000004,0,45.49656647426307,-1.6699626455723975,-8.749389210212327,36.65084493872754,45.569048365963745,0.7057145151491867,21.33766052677897,74550598.0,2150716.08,0,-0.05170816970475917,60.0,-32.0,92.0,45.6495,45.31867481897141,45.405380047258596,-0.21468593415140985,-0.21907110374863237,-0.004385169597222509
1526270400,2018-05-14,44.76,44.93,44.16,44.35,2544036.0,45.566500000000005,47.13533746768073,43.99766253231928,46.256166666666665,44.90316666666667,45.57966666666667,45.566500000000005,0.7700000000000031,46.60150000000001,44.5315,0,43.00609706884427,-3.6079113236252915,-10.627185196969167,28.078941648992185,45.44528572462089,0.7103063354956737,22.02125445013649,72006562.0,2142343.04,0,-0.09051829902913955,56.00000000000001,-31.999999999999993,88.0,45.566500000000005,45.22642007430746,45.36399259442493,-0.20890482729669063,-0.2655162037180858,-0.056611376421395174
1526356800,2018-05-15,44.21,44.35,43.79,44.25,1684419.0,45.457,47.07172102853679,43.84227897146321,46.141999999999996,44.797,45.4695,45.457,0.5600000000000023,46.486000000000004,44.428,0,42.3953835130721,-4.715762273901804,-12.384672677587103,28.285744339352732,45.349373084464446,0.6995701686745542,23.051330069148282,70322143.0,2136302.68,0,-0.08178961434641109,52.0,-32.0,84.0,45.457,45.13342768627818,45.32030661032984,-0.20019585654214783,-0.30685619709907996,-0.10666034055693213
1526443200,2018-05-16,44.32,44.61,44.11,44.28,2855204.0,45.362,47.0184250662191,43.7055749337809,46.027,44.704,45.365500000000004,45.362,0.5,46.374500000000005,44.3495,0,42.6525528991077,-4.114335210047637,-13.68110354761145,30.627408890982153,45.201435029650746,0.6853151566263718,23.450827161512887,73177347.0,2150568.36,0,-0.15811190958040988,48.0,-32.0,80.0,45.362,45.0521488590136,45.279510272669846,-0.18135571290637498,-0.33335498168990085,-0.15199926878352588
1526529600,2018-05-17,44.33,44.49,43.91,44.02,1998705.0,45.2555,46.96850291885302,43.542497081146976,45.93383333333334,44.60783333333333,45.270833333333336,45.2555,0.5800000000000054,46.27025,44.24075,0,40.98339139489089,-4.615384615384606,-15.461104274330287,25.099981922643536,45.06145616199938,0.6777926454387743,24.052191480145364,71178642.0,2136574.62,0,-0.22342315358888948,44.0,-32.0,76.0,45.2555,44.95384896767897,45.2301177129573,-0.1752469539962485,-0.3710579612788365,-0.195811007282588
1526616000,2018-05-18,43.99,44.42,43.88,44.19,2151543.0,45.182,46.94469793214805,43.41930206785195,45.84166666666666,44.53966666666666,45.190666666666665,45.182,0.5399999999999991,46.17875,44.18525,0,42.53127000082104,-3.21944809461235,-16.255443035989934,33.76934383193594,44.81839614324334,0.667950313621719,24.645880007032268,73330185.0,2130266.44,0,-0.14204436690109554,40.0,-32.0,72.0,45.182,44.88110144694764,45.18932878303741,-0.1495971929219918,-0.3828074984350778,-0.23321030551308597
1526875200,2018-05-21,44.32,44.37,43.9,44.31,1955270.0,45.114999999999995,46.90313310466504,43.32686689533495,45.754666666666665,44.47366666666666,45.11416666666667,45.114999999999995,0.46999999999999886,46.096,44.13399999999999,0,43.6298223854845,-2.9353778751369033,-16.434434620615672,41.66130647130569,44.646794420076574,0.6538110055058819,25.197162210570106,75285455.0,2133609.34,0,-0.03829548086817564,36.0,-32.0,68.0,45.114999999999995,44.82671083295263,45.15484530134967,-0.1158940340509308,-0.3780778480767495,-0.2621838140258187
1526961600,2018-05-22,44.28,44.69,44.25,44.55,1961406.0,45.051,46.82374814906096,43.27825185093904,45.676,44.417,45.0465,45.051,0.4399999999999977,46.0155,44.0865,0,45.81059287344685,-2.7929303949378164,-15.622233151724544,48.73009320400511,44.544096475194294,0.6385387908268901,24.930953580394164,77246861.0,2105113.7,0,-0.017618680706675143,32.0,-32.0,64.0,45.051,44.80035742029047,45.13112587776733,-0.07098767113624183,-0.350918402946121,-0.27993073180987915
1527048000,2018-05-23,44.67,45.0,43.02,43.98,5538519.0,44.961499999999994,46.760558364811736,43.16244163518825,45.6585,44.2675,44.963,44.961499999999994,1.9799999999999969,46.025,43.89799999999999,0,41.770679040926595,-3.9108586410312562,-16.624360388943433,43.21214020654668,44.39005021843383,0.7343574486249692,26.109117652611058,71708342.0,2152478.62,-1,-0.0019661594355483356,28.000000000000004,-31.999999999999996,60.0,44.961499999999994,44.722228142167566,45.085983686482344,-0.07294393514783726,-0.37111065074467575,-0.2981667155968385
1527134400,2018-05-24,43.95,44.07,43.61,44.05,3112739.0,44.8505,46.58574032917609,43.1152596708239,45.530166666666666,44.18116666666666,44.855666666666664,44.8505,0.46000000000000085,45.8825,43.81849999999999,0,42.427012485117096,-4.79792522152584,-17.146802970347157,35.5277242723223,44.2776053466822,0.7147604880089,27.203127148241034,74821081.0,2173121.96,0,0.0686324886822051,24.0,-32.00000000000001,56.00000000000001,44.8505,44.65820641434208,45.04535687524774,-0.06316067641826945,-0.3771175611196753,-0.31395688470140587
1527220800,2018-05-25,44.18,44.18,43.74,43.76,3237692.0,44.701499999999996,46.265485613744325,43.13751438625567,45.3745,44.0675,44.721,44.701499999999996,0.4399999999999977,45.702,43.70099999999999,0,40.439259753613435,-6.375695335900736,-18.42032261701393,34.05723134078147,44.18378366931514,0.6951347388654069,27.959589727834615,71583389.0,2191107.04,0,0.007053861378372846,20.0,-80.0,100.0,44.701499999999996,44.57266294630951,44.99495072327724,-0.0693625698722703,-0.40066009704174377,-0.33129752716947347
1527566400,2018-05-29,43.86,44.56,43.84,44.19,3401981.0,44.588499999999996,45.94343579183638,43.233564208163614,45.26283333333333,43.94083333333334,44.60183333333333,44.588499999999996,0.8000000000000043,45.606249999999996,43.57075,0,44.497861834531015,-4.865446716899903,-17.634515985851657,42.7698799835028,44.162852969558415,0.7026251146607353,27.803741307922166,74985370.0,2150755.4,0,0.060931426935190366,16.0,-80.0,96.0,44.588499999999996,44.53621885618479,44.963384028246765,-0.03915172425200958,-0.38023718248448546,-0.3410854582324759
1527652800,2018-05-30,44.09,44.6,43.87,44.45,2477176.0,44.5075,45.67988005783079,43.33511994216921,45.171166666666664,43.84316666666666,44.50716666666666,44.5075,0.730000000000004,45.52975,43.48525,0,46.80497395085952,-3.5163881050575156,-15.913026559138633,49.02074095373273,44.18640429611376,0.7045804636135402,27.571083869849957,77462546.0,2151001.5,0,0.09478844952055544,12.0,-80.0,92.0,44.5075,44.528007536548145,44.943251321256696,0.0015384501896948954,-0.3391623954953573,-0.3407008456850522
1527739200,2018-05-31,44.46,44.67,44.19,44.4,2568053.0,44.4265,45.37149259256323,43.481507407436766,45.090833333333336,43.76483333333333,44.42783333333334,44.4265,0.480000000000004,45.44725,43.40575,1,46.414416496022845,-3.520208604954377,-14.676710186022316,50.61632755889944,44.191219709922244,0.688539001926859,27.193904705336813,74894493.0,2167517.66,0,0.04651401112696303,8.0,-80.0,88.0,44.4265,44.51581634259118,44.92194734787408,0.02687683651413092,-0.3071048000423886,-0.3339816365565195
1527825600,2018-06-01,44.07,44.28,43.24,43.4,2789289.0,44.327,45.26427477294518,43.38972522705482,45.01233333333333,43.660333333333334,44.336333333333336,44.327,1.1599999999999966,45.36725,43.28675,1,39.47909629342653,-4.384225600352505,-16.747352730627384,45.54701387625889,44.137238079433104,0.7222147875035116,28.005534502999506,72105204.0,2188334.5,0,-0.026868459956213137,4.0,-96.0,100.0,44.327,44.409548119487255,44.86226313815353,-0.019423298994430793,-0.358260760299558,-0.3388374613051272
1528084800,2018-06-04,43.54,43.75,43.16,43.17,2733594.0,44.209500000000006,45.107463807733645,43.31153619226637,44.913500000000006,43.5475,44.2305,44.209500000000006,0.5900000000000034,45.260250000000006,43.158750000000005,1,38.10077133374937,-5.162565905096664,-19.027568347671707,45.40269705138552,44.05933333350665,0.7127708741104039,28.84095086046031,69371610.0,2196787.08,0,-0.06189454302921567,4.0,-96.0,100.0,44.209500000000006,44.29149591763132,44.79589987783379,-0.05901407174146556,-0.4126050509819592,-0.35359097924049365
1528171200,2018-06-05,43.22,43.3,42.7,42.77,1782856.0,44.083999999999996,45.0476264836541,43.12037351634589,44.79966666666667,43.41766666666667,44.108666666666664,44.083999999999996,0.5999999999999943,45.14675,43.021249999999995,1,35.81190519600166,-5.543286219081268,-21.935870308466583,45.344030389980546,44.00372823054329,0.704715811673946,30.0621588760001,67588754.0,2201736.42,0,-0.12525940736894797,4.0,-96.0,100.0,44.083999999999996,44.146591544523574,44.7164528238011,-0.10303863000567048,-0.48238926674758176,-0.3793506367419113
1528257600,2018-06-06,42.8,42.81,41.62,41.72,2396539.0,43.9605,45.36869707427606,42.55230292572395,44.67816666666667,43.29216666666666,43.98516666666667,43.9605,1.1900000000000048,45.024750000000004,42.89625,0,30.7136279604388,-5.589499886852227,-26.923678393958916,38.46979441779966,43.85615646078016,0.7393789679829502,31.996634134650915,65192215.0,2217352.96,0,-0.15511206070984387,4.0,-96.0,100.0,43.9605,43.915487587902284,44.59894486992654,-0.188780994645117,-0.6153268800483076,-0.4265458854031906
1528344000,2018-06-07,41.76,42.14,41.34,41.69,2362515.0,43.848,45.56943660934688,42.12656339065312,44.567,43.185,43.876,43.848,0.7999999999999972,44.90925,42.78675,0,30.582685652007143,-5.12061902594447,-30.756497449562296,38.2330241402889,43.71042558484666,0.7437090416984535,33.960408736034154,62829700.0,2203942.5,0,-0.1290732247024517,8.0,-92.0,100.0,43.848,43.70353638905445,44.48486860051766,-0.2306522285081336,-0.7148611710383577,-0.48420894253022406
1528430400,2018-06-08,41.85,42.03,41.51,41.66,1567731.0,43.696999999999996,45.61824022443831,41.77575977556168,44.424,43.053000000000004,43.7385,43.696999999999996,0.5200000000000031,44.740249999999996,42.653749999999995,0,30.44605244578227,-6.759176365264108,-33.80490334106667,37.12651808798766,43.60289066084278,0.7277298244342785,35.783913723032875,61261969.0,2192675.06,0,-0.1569830140317173,4.0,-96.0,100.0,43.696999999999996,43.50891387581117,44.374089439713046,-0.24230522517257158,-0.7870904739959386,-0.544785248823367
1528689600,2018-06-11,41.7,41.72,41.04,41.12,1980636.0,43.515499999999996,45.67555069384954,41.355449306150454,44.273833333333336,42.86483333333334,43.56933333333334,43.515499999999996,0.6799999999999997,44.58725,42.443749999999994,0,28.069919652481943,-8.111731843575425,-37.372348817860455,31.985123170396008,43.4517759807607,0.7243205512604014,37.755698104620144,59281333.0,2188581.46,0,-0.23523722885539794,4.0,-96.0,100.0,43.515499999999996,43.28139826859106,44.24647808913606,-0.2664018927701983,-0.877787614786115,-0.6113857220159167
1528776000,2018-06-12,41.09,41.91,41.06,41.75,2150558.0,43.38549999999999,45.63990435592196,41.13109564407802,44.1325,42.7155,43.424,43.38549999999999,0.8499999999999943,44.463249999999995,42.30774999999999,0,34.36099504872654,-5.862457722660657,-37.310071552080146,32.072948383954326,43.29195513504444,0.7332976547418009,39.117245872538334,61431891.0,2171751.18,0,-0.21759430591575446,16.0,-80.0,96.0,43.38549999999999,43.13555081443953,44.14857698760132,-0.22176097463360023,-0.888586940307917,-0.6668259656743167
1528862400,2018-06-13,41.86,42.05,41.45,41.56,2543766.0,43.251,45.601956401127,40.900043598873,44.01233333333334,42.59133333333334,43.301833333333335,43.251,0.5999999999999943,44.33175,42.170249999999996,0,33.43272244394234,-6.079096045197735,-37.64617812820792,42.00774504436337,43.06392580418576,0.7237763936888147,40.035102721909844,58888125.0,2162323.64,0,-0.27726818804359715,12.0,-80.0,92.0,43.251,42.985498355921486,44.04706416455813,-0.18820186633311942,-0.9020782985907161,-0.7138764322575967
1528948800,2018-06-14,41.57,42.07,41.54,42.0,2947527.0,43.137,45.498407207577735,40.775592792422266,43.89066666666667,42.46666666666667,43.178666666666665,43.137,0.5300000000000011,44.22,42.054,0,37.54562249814148,-5.149051490514908,-35.97265995817182,50.61545594914215,42.88783101282097,0.7099352227110424,40.83599331619748,61835652.0,2165590.7,0,-0.2978446306093565,8.0,-80.0,88.0,43.137,42.89164136964325,43.966787138497025,-0.1227137673306764,-0.8672686414209423,-0.7445548740902659
1529035200,2018-06-15,42.03,42.55,41.76,42.49,4239372.0,43.060500000000005,45.40157219025816,40.71942780974185,43.8075,42.362500000000004,43.085,43.060500000000005,0.7899999999999991,44.15925000000001,41.96175,0,41.76357663475724,-3.4756928668786937,-32.574301095597605,61.062433288938834,42.72398592238246,0.7156541353745393,40.40154891071985,66075024.0,2210833.66,1,-0.10761605246261373,4.0,-80.0,84.0,43.060500000000005,42.85338981062961,43.908873917379495,-0.03717561719816154,-0.7910243955879679,-0.7538487783898064
1529294400,2018-06-18,42.44,42.86,42.39,42.85,2879971.0,42.9935,45.277437608604956,40.70956239139504,43.73083333333334,42.292833333333334,43.011833333333335,42.9935,0.46999999999999886,44.086999999999996,41.9,0,44.654294537821016,-3.0323602625028205,-28.45260112096424,60.355513249522566,42.5805875466311,0.6981074114192148,39.319558072019746,68954995.0,2228568.98,0,-0.02868395833746615,28.000000000000004,-52.0,80.0,42.9935,42.853066971522026,43.86734945003128,0.04823389982875381,-0.6935564036038642,-0.741790303432618
1529380800,2018-06-19,42.77,43.73,42.74,43.37,2489423.0,42.9465,45.15766507751008,40.73533492248992,43.71116666666667,42.22116666666667,42.966166666666666,42.9465,0.9899999999999949,44.079,41.814,0,48.53823806455702,-2.1214172872940753,-23.204592269415272,60.302523575578135,42.50905106877065,0.7189568820321277,36.743387680467116,71444418.0,2241049.06,0,-0.050694495977242085,24.0,-52.0,76.0,42.9465,42.90229868851993,43.84784555003005,0.1391863754984246,-0.5678073340595873,-0.7069937095580119
1529467200,2018-06-20,43.46,43.48,43.12,43.41,1271213.0,42.8895,44.98830418333874,40.790695816661255,43.649166666666666,42.16716666666667,42.908166666666666,42.8895,0.35999999999999943,44.016,41.763,0,48.8290055751679,-2.55892255892256,-18.95554284676431,58.68458369929006,42.396107065311384,0.6933171047441186,34.351229459739685,72715631.0,2230479.2,0,-0.02045817940806281,20.0,-52.0,72.0,42.8895,42.95065119437517,43.830675136303384,0.1978954786572379,-0.45962436123646455,-0.6575198398937024
1529553600,2018-06-21,43.26,43.54,43.14,43.33,1348734.0,42.857,44.90681072296937,40.80718927703063,43.537,42.213,42.875,42.857,0.3999999999999986,43.864999999999995,41.849000000000004,0,48.25500806337623,-1.4779445202364678,-15.76892556842978,64.07389975224625,42.32878636787372,0.6723658829766814,32.02776107685501,71366897.0,2226257.7,0,0.03564122705459836,16.0,-52.0,68.0,42.857,42.98677965205372,43.811040817232666,0.22520826890026968,-0.3760095037683655,-0.6012177726686352
1529640000,2018-06-22,44.01,44.13,43.47,43.58,3270183.0,42.8335,44.83834687694603,40.828653123053975,43.53783333333333,42.19383333333334,42.865833333333335,42.8335,0.8000000000000043,43.867,41.800000000000004,0,50.18142311883067,-1.066969353007943,-12.293177859778213,73.5053518088514,42.3815203730506,0.6814826056212046,30.54040557267357,74637080.0,2251888.1,0,0.048932514925417836,12.0,-52.0,64.0,42.8335,43.043276828048604,43.80198039302746,0.2519572107186223,-0.28627125927035735,-0.5382284699889797
1529899200,2018-06-25,43.78,44.62,43.78,44.59,3409867.0,42.875,44.9863739602449,40.7636260397551,43.57966666666666,42.19566666666667,42.88766666666667,42.875,1.0399999999999991,43.9535,41.7965,0,56.99070920707685,1.8967093235831936,-6.0362889228110035,80.26530660619437,42.54441199597166,0.7070909909339756,29.810546455192846,78046947.0,2293354.28,1,0.17669495472025887,100.0,40.0,60.0,42.875,43.19058379680588,43.832883122712666,0.3248776825897894,-0.13213136675174297,-0.45700904934153236
1529985600,2018-06-26,44.53,45.1,44.42,44.77,2806091.0,42.904,45.10101979963773,40.706980200362274,43.606,42.226,42.916000000000004,42.904,0.6799999999999997,43.9735,41.834500000000006,0,58.06594726294173,1.3125141434713858,-0.5830039800549313,87.55629897713371,42.7545588604252,0.7051559201529773,29.689060516298802,80853038.0,2311990.16,0,0.23351556034530957,100.0,43.99999999999999,56.00000000000001,42.904,43.34100438758628,43.86963280417492,0.369205840452744,0.00449825122439762,-0.3647075892283464
1530072000,2018-06-27,45.0,45.22,44.54,45.11,1746923.0,42.937,45.243036426425256,40.63096357357474,43.636,42.261,42.9485,42.937,0.6799999999999997,44.00275,41.871249999999996,0,60.05169253040229,1.484814398200217,4.749494067141525,94.27808143346452,42.93588171214962,0.703359068713479,29.707908197246116,82599961.0,2308047.44,0,0.28028939588452984,100.0,48.0,52.0,42.937,43.50948016019711,43.918274654991585,0.40265846595431837,0.13861549321455158,-0.2640429727397668
1530158400,2018-06-28,45.23,45.53,45.08,45.33,2065076.0,42.98350000000001,45.43836679883047,40.52863320116954,43.67916666666666,42.30716666666667,42.99316666666667,42.98350000000001,0.45000000000000284,44.047000000000004,41.92000000000001,0,61.29990603550379,2.094594594594594,9.607851809394335,94.38858839566308,43.12919659819122,0.6852619923768021,30.058531524302698,84665037.0,2316932.02,0,0.30172146735400845,100.0,52.0,48.0,42.98350000000001,43.682863002083096,43.97363643322721,0.4189650168077499,0.2596632982699205,-0.15930171853782935
1530244800,2018-06-29,45.19,45.82,44.89,45.59,2897572.0,43.093,45.79531086294677,40.390689137053236,43.763333333333335,42.40233333333333,43.08283333333333,43.093,0.9299999999999997,44.139250000000004,42.04675,0,62.7479050182493,5.046082949308768,14.202232951014382,100.0,43.41513072017749,0.7027432786356018,30.677676780613336,87562609.0,2349832.08,1,0.3766476690138731,100.0,56.0,44.0,43.093,43.864495097122806,44.03702323976732,0.42526772443684707,0.37228293700822945,-0.052984787428617605
1530504000,2018-07-02,45.58,45.96,45.4,45.91,1817121.0,43.23,46.198723631461846,40.26127636853815,43.88166666666667,42.52366666666667,43.202666666666666,43.23,0.5600000000000023,44.273999999999994,42.186,0,64.47017915525707,6.3470002316423315,18.72304209735486,100.0,43.64505217269004,0.6925473301616305,31.39110074608111,89379730.0,2352909.9,0,0.38440767966541733,100.0,60.0,40.0,43.23,44.059305087873014,44.11047330879605,0.42782960725318503,0.4818022216378637,0.05397261438467865
1530590400,2018-07-03,45.96,46.63,45.75,46.3,1537843.0,43.4065,46.651707389366656,40.161292610633346,44.06083333333333,42.67483333333333,43.36783333333334,43.4065,0.8800000000000026,44.4715,42.3415,0,66.45953157021397,8.253448678980579,23.31268257736589,100.0,43.90282894282925,0.705936806578657,32.64787151683176,90917573.0,2355317.34,0,0.4530056823314777,100.0,64.0,36.0,43.4065,44.272704603313684,44.19633710060797,0.4314046416694377,0.5932284164714758,0.1618237748020381
1530763200,2018-07-05,46.37,46.48,46.01,46.45,2615853.0,43.642999999999994,47.047609228678056,40.23839077132193,44.238,42.924,43.581,43.642999999999994,0.46999999999999886,44.653999999999996,42.63199999999999,0,67.20298885626227,11.337488015340375,27.34478097329986,100.0,44.260359305220184,0.6890841775373243,33.81487294681451,93533426.0,2362360.12,1,0.46065876305602865,100.0,68.0,32.0,43.642999999999994,44.480066069664765,44.28471603783903,0.41912779291015423,0.6857335159397309,0.26660572302957664
1530849600,2018-07-06,46.48,47.01,46.45,46.91,1805773.0,43.904,47.46640031439474,40.34159968560527,44.47933333333333,43.18933333333333,43.83433333333333,43.904,0.5599999999999952,44.897000000000006,42.911,0,69.39302025653141,12.520988246581913,31.625010039135876,100.0,44.667721392795734,0.6798638791418009,35.31385903917025,95339199.0,2361918.16,0,0.41956250330020894,100.0,72.0,28.000000000000004,43.904,44.71148834874431,44.38766835008064,0.4163870623395448,0.7870895509540077,0.37070248861446287
1531108800,2018-07-09,47.15,47.2,45.3,45.47,2475353.0,44.094500000000004,47.562770318184505,40.6262296818155,44.76116666666667,43.33316666666666,44.04716666666667,44.094500000000004,1.9000000000000057,45.191,42.998000000000005,0,56.87776641149213,9.145463274123866,29.128651079705392,91.62973867708095,44.95102081232309,0.7670164592031012,34.38013865800001,92863846.0,2374659.22,0,0.2731592350475859,96.0,72.0,24.0,44.094500000000004,44.7837275536258,44.430112728508846,0.2975644679345687,0.7426580735326738,0.44509360559810507
1531195200,2018-07-10,45.37,45.95,44.96,45.68,2152365.0,44.322500000000005,47.57122205643997,41.07377794356004,44.9885,43.5295,44.259,44.322500000000005,0.990000000000002,45.44225,43.20275000000001,0,58.03947703869828,11.089494163424131,27.69755125810106,84.31203325272504,45.124180898717796,0.7829438549743085,32.965084032971895,95016211.0,2389730.44,0,0.28569879626060213,92.0,72.0,20.0,44.322500000000005,44.869086834232874,44.479127915626144,0.21683382258697026,0.7161358838318179,0.49930206124484766
1531281600,2018-07-11,45.78,46.13,45.7,46.09,1872346.0,44.539500000000004,47.64869587675005,41.43030412324996,45.1875,43.7705,44.479,44.539500000000004,0.45000000000000284,45.629250000000006,43.44975,0,60.240759392030064,10.395209580838332,27.47866463150197,84.66397099058676,45.24555377689646,0.7591621510475725,31.861922003720657,96888557.0,2363156.66,0,0.3037813639517923,88.0,72.0,16.0,44.539500000000004,44.985364278591646,44.54229936991531,0.1764798313959317,0.7199018504897623,0.5434220190938306
1531368000,2018-07-12,46.16,46.22,45.8,46.0,2683638.0,44.7615,47.611252796296434,41.91174720370356,45.394499999999994,43.9955,44.695,44.7615,0.4200000000000017,45.83775,43.685249999999996,0,59.51927401626824,10.683349374398453,26.972778931971614,85.92227311905228,45.38480856830636,0.7349362831156031,30.945150956949337,94204919.0,2366489.12,0,0.2897303780857346,84.0,72.0,12.0,44.7615,45.081996252059106,44.59946410050687,0.13123750256170963,0.7074688972959677,0.5762313947342581
1531454400,2018-07-13,46.0,46.27,45.75,46.0,1961591.0,44.9615,47.558169212664424,42.36483078733558,45.600833333333334,44.20283333333333,44.90183333333333,44.9615,0.5200000000000031,46.037,43.886,0,59.51927401626824,9.523809523809524,26.571442801201,85.41087143596936,45.59337366952559,0.7195836914644888,30.15637716797519,96166510.0,2368531.94,0,0.3677214891759437,80.0,72.0,8.0,44.9615,45.16942518043443,44.65438707695758,0.09074740896109534,0.6896656559356273,0.598918246974532
1531713600,2018-07-16,46.03,46.13,45.64,45.92,2739862.0,45.132999999999996,47.49670979606194,42.76929020393805,45.76733333333333,44.39933333333333,45.08333333333333,45.132999999999996,0.490000000000002,46.18599999999999,44.08,0,58.82536585014356,8.072487644151565,25.943458427214814,76.33646643318865,45.75820191012037,0.7031848563598826,29.21010447668948,93426648.0,2384914.52,0,0.28662042204966115,76.0,72.0,4.0,45.132999999999996,45.240908496583536,44.704018956292586,0.05004623714532008,0.6614760434061822,0.6114298062608621
1531800000,2018-07-17,46.03,46.09,45.64,45.79,2097157.0,45.279999999999994,47.411806745462435,43.14819325453755,45.92333333333333,44.55733333333333,45.24033333333334,45.279999999999994,0.45000000000000284,46.3315,44.22849999999999,0,57.675192797959006,6.8611435239206475,24.929749933914835,68.95650542667266,45.8554576930499,0.6851002237627483,28.33142269192418,91329491.0,2387601.08,0,0.2676372108042762,72.0,64.0,8.0,45.279999999999994,45.293202925480344,44.746606448202684,0.008041439586972121,0.6214816057445773,0.6134401661576052
1531886400,2018-07-18,45.86,45.87,45.44,45.52,1629797.0,45.3875,47.33179293060463,43.44320706939538,46.011833333333335,44.70183333333333,45.356833333333334,45.3875,0.4299999999999997,46.397000000000006,44.378,0,55.31087481577404,4.957343786027221,23.048898849200466,63.526347350164194,45.894008618134805,0.6668787792082662,27.09783680227169,89699694.0,2384727.36,0,0.19601746818014132,68.0,64.0,4.0,45.3875,45.31480264686317,44.7769356070967,-0.04153128543564688,0.5615260593630467,0.6030573447986936
1531972800,2018-07-19,45.73,46.2,45.63,46.02,1900044.0,45.518,47.25295360168481,43.78304639831519,46.153000000000006,44.821999999999996,45.4875,45.518,0.6799999999999997,46.551500000000004,44.4845,0,58.617720120025105,6.012439530062212,22.726784437734878,63.36146862122471,45.93725751034313,0.6678160092648185,26.47088433428224,91599738.0,2376761.84,0,0.21267774872270334,64.0,60.0,4.0,45.518,45.381964299542865,44.82568323034781,-0.0440144972770109,0.54803922320243,0.5920537204794409
1532059200,2018-07-20,45.88,45.93,45.38,45.7,1846722.0,45.6365,47.051791842695,44.22120815730499,46.277166666666666,44.93116666666667,45.60416666666667,45.6365,0.6400000000000006,46.688,44.584999999999994,0,55.834356725191846,5.469651511654754,21.223160819733046,55.77042017726072,45.97043378748202,0.6658291514601887,25.361062353100476,89753016.0,2376357.26,0,0.18045993242516006,60.0,56.0,4.0,45.6365,45.41225341387212,44.85997016249104,-0.06908290685175844,0.505700086914743,0.5747829937665014
1532318400,2018-07-23,45.71,45.8,45.22,45.47,1447856.0,45.731,46.79261951752923,44.66938048247077,46.361666666666665,45.023666666666664,45.69266666666667,45.731,0.5799999999999983,46.766000000000005,44.696,0,53.89807522110569,4.336851766865537,19.117261945872244,50.21014066627488,45.96009158572677,0.6596984977844608,24.003611675101418,88305160.0,2376771.64,0,0.12394562584111629,56.00000000000001,52.00000000000001,4.0,45.731,45.41775308874144,44.88389290121688,-0.1010921097019637,0.4484178566390469,0.5495099663410106
1532404800,2018-07-24,45.34,45.89,44.72,45.75,2170519.0,45.789,46.71272939760461,44.86527060239539,46.434333333333335,45.063333333333325,45.74883333333334,45.789,1.1700000000000017,46.83375,44.74425,1,55.85966934640791,2.601480152500553,18.147877841502897,43.91737457448133,45.90873319238464,0.6961486050855709,22.761186166403622,90475679.0,2398400.38,0,0.16436215002322843,52.0,40.0,12.0,45.789,45.44939565171845,44.91785788548289,-0.10299627409176337,0.4207646237263063,0.5237608978180697
1532491200,2018-07-25,45.83,46.31,45.68,46.16,2277011.0,45.8585,46.66708580249653,45.04991419750347,46.49616666666667,45.13016666666667,45.81316666666667,45.8585,0.6300000000000026,46.8995,44.817499999999995,1,58.576362258096445,3.104757650212181,18.46061857212428,43.23209949750969,45.88338193444646,0.6914237047223161,21.41967047136191,92752690.0,2393059.88,0,0.12879779136171343,48.0,40.0,8.0,45.8585,45.51707225631669,44.96656934095415,-0.07740031852335227,0.4270104996638793,0.5044108181872315
1532577600,2018-07-26,46.44,47.09,46.44,46.95,2560096.0,45.9505,46.814316531445726,45.08668346855427,46.588166666666666,45.22516666666667,45.90666666666667,45.9505,0.9300000000000068,47.01025,44.89075,1,63.1734767147171,4.078918199955671,20.784321303833963,44.69980537932502,45.909468462012,0.7084648686707226,21.310691067376474,95312786.0,2410573.42,0,0.1354816922616296,100.0,96.0,4.0,45.9505,45.65354156523891,45.04435093542654,-0.011482479584088767,0.49005771870712067,0.5015401982912094
1532664000,2018-07-27,46.81,47.13,46.58,46.73,1281181.0,46.020500000000006,46.89862242882124,45.14237757117877,46.668166666666664,45.29516666666667,45.98166666666667,46.020500000000006,0.5500000000000043,47.08775000000001,44.953250000000004,1,61.183076646272035,3.088462386940213,21.744507022968147,46.53094685905252,45.94296476944506,0.6971459494799569,21.26139353913456,94031605.0,2379092.96,0,0.19179958601906974,96.0,92.0,4.0,46.020500000000006,45.756061416168535,45.11045482031178,0.011823143083870558,0.5163191271460477,0.5044959840621771
1532923200,2018-07-30,46.66,46.76,46.26,46.48,1964763.0,46.065000000000005,46.94155005561513,45.18844994438488,46.7,45.37,46.035000000000004,46.065000000000005,0.5,47.10000000000001,45.03,1,58.960974717702356,1.9521824961614243,21.52362647906098,46.76695900380235,46.01271900621903,0.6830640959456743,20.591160797200683,92066842.0,2378414.12,0,0.1503634174748198,92.0,88.0,4.0,46.065000000000005,45.82500794796201,45.164162474417196,0.005257057628623496,0.5110673060979565,0.505810248469333
1533009600,2018-07-31,46.68,47.3,46.4,47.23,2404158.0,46.131,47.139739807878556,45.122260192121445,46.778,45.414,46.096000000000004,46.131,0.8999999999999986,47.191500000000005,45.070499999999996,1,63.18350483670619,2.875190590285342,23.217301706748415,47.837955625152425,46.0952764387679,0.6985595176638403,20.701383013723838,94471000.0,2383466.42,0,0.16507838869217142,100.0,96.0,4.0,46.131,45.95881671482277,45.24517571071456,0.04411785120234801,0.560957562472268,0.51683971126992
1533096000,2018-08-01,46.73,46.73,46.13,46.47,2607300.0,46.1395,47.15662290309424,45.12237709690576,46.77483333333334,45.438833333333335,46.106833333333334,46.1395,1.0999999999999943,47.216499999999996,45.0625,1,56.934900727415034,0.3671706263498957,21.608397261540524,38.659193838680565,46.134922071313646,0.7272338378307085,20.28925494963992,91863700.0,2396507.02,0,0.18197236116495624,96.0,92.0,4.0,46.1395,46.0075008372206,45.29320803578458,0.012948959601303267,0.5330259107715491,0.5200769511702459
1533182400,2018-08-02,46.44,46.88,46.17,46.67,1533436.0,46.1505,47.18541980365575,45.115580196344254,46.79983333333333,45.43983333333333,46.11983333333333,46.1505,0.7100000000000009,47.2455,45.0555,1,58.08321319225004,0.4736275565123764,20.860163202604046,37.780153248818095,46.167383892842174,0.7260028494142293,20.11365022169806,93397136.0,2387947.62,0,0.20936849197634852,92.0,88.0,4.0,46.1505,46.07059599558054,45.34719987751852,0.0007561868017548212,0.5210221846724394,0.5202659978706846
1533268800,2018-08-03,46.79,47.45,46.46,47.39,1498141.0,46.1745,47.297290719590634,45.05170928040937,46.83683333333334,45.43383333333333,46.135333333333335,46.1745,0.990000000000002,47.301750000000006,45.04725,1,61.929986168782214,1.0232359837987721,21.993968078768237,45.04243386101618,46.245968066712464,0.7448597887417845,20.668972397270558,94895277.0,2307140.06,0,0.25290984940936917,100.0,76.0,24.0,46.1745,46.196253519810966,45.427309686243284,0.03427990461874186,0.563115878644112,0.5288359740253701
1533528000,2018-08-06,47.32,47.81,47.32,47.52,1100995.0,46.277,47.49414584171282,45.05985415828718,46.84433333333333,45.58233333333333,46.21333333333333,46.277,0.490000000000002,47.298500000000004,45.2555,0,62.58261943110781,4.508467121178809,23.16475741398259,50.97457250157428,46.333189093105304,0.7266555181173714,21.580484759057857,95996272.0,2266905.18,0,0.28146478041266565,100.0,80.0,20.0,46.277,46.3223246131623,45.509375973057274,0.05696991190612233,0.600048363908023,0.5430784520019006
1533614400,2018-08-07,47.52,47.62,46.97,47.44,1216820.0,46.364999999999995,47.64940647771598,45.08059352228401,46.918,45.69,46.304,46.364999999999995,0.6499999999999986,47.361,45.36899999999999,0,61.89528708749425,3.852889667250434,23.7909467422277,51.686157653352716,46.42648256477969,0.7211801239661304,21.717108605893298,94779452.0,2226487.74,0,0.34665465885426405,96.0,80.0,16.0,46.364999999999995,46.428769888099225,45.585086719211894,0.05814855628716453,0.6157641473608564,0.5576155910736919
1533700800,2018-08-08,47.25,47.57,47.05,47.41,1025441.0,46.431,47.78582692621558,45.07617307378442,46.991,45.754000000000005,46.3725,46.431,0.5200000000000031,47.432249999999996,45.42975,0,61.628109789126086,2.863961813842467,24.181027228465627,47.88916704031878,46.500497232094666,0.7068101151114071,21.84397360652621,93754011.0,2178956.94,0,0.34655717836500866,92.0,80.0,12.0,46.431,46.52222037494692,45.656651945909466,0.0488408595256542,0.6186666654807595,0.5698258059551053
1533787200,2018-08-09,47.43,47.64,47.22,47.56,1124298.0,46.509,47.93342830637373,45.08457169362627,47.06433333333334,45.82733333333333,46.44583333333334,46.509,0.4200000000000017,47.51025,45.50775,0,62.48051335727648,3.3913043478260922,24.84472648494816,54.20458221408523,46.60901588254151,0.6863236783177353,22.05457327287394,94878309.0,2151899.38,0,0.3731623308191058,100.0,92.0,8.0,46.509,46.621056529713876,45.73129304606988,0.044824313423481366,0.625856197734457,0.5810318843109756
1533873600,2018-08-10,47.68,48.07,47.6,47.72,1292882.0,46.595,48.091963593411236,45.09803640658876,47.15133333333333,45.919333333333334,46.535333333333334,46.595,0.509999999999998,47.5955,45.5945,0,63.39356351928663,3.7391304347826058,25.76155252707688,60.1537463414113,46.73978898166792,0.6737291298664684,22.79264653587544,96171191.0,2126395.96,0,0.35756805215234044,100.0,96.0,4.0,46.595,46.72571781259827,45.80928155406714,0.044870724992527866,0.6371202905516355,0.5922495655591077
1534132800,2018-08-13,47.82,48.06,47.63,48.03,1729767.0,46.7005,48.287036794404294,45.1139632055957,47.24883333333334,46.02283333333334,46.63583333333334,46.7005,0.4299999999999997,47.6965,45.704499999999996,0,65.1244816514336,4.594947735191636,27.23939114454239,68.86679950354606,46.943491728526865,0.6563199063045778,23.47800028009112,97900958.0,2105205.52,0,0.3573531344469119,100.0,60.0,40.0,46.7005,46.849935163779385,45.896368551946864,0.056931666860163044,0.6634141491343115,0.6064824822741485
1534219200,2018-08-14,47.89,48.34,47.87,48.07,1167178.0,46.8145,48.44986509685104,45.17913490314896,47.3625,46.134499999999996,46.7485,46.8145,0.47000000000000597,47.812000000000005,45.817,0,65.34703501661633,4.979253112033198,28.549652814466185,67.36693944295384,47.09351802848629,0.6430113415685369,24.45662868312049,99068136.0,2073877.2,0,0.31425648841641357,100.0,64.0,36.0,46.8145,46.96613181484801,45.981609000890124,0.05853030104071655,0.6796453585750442,0.6211150575343276
1534305600,2018-08-15,48.16,48.81,48.06,48.49,1413409.0,46.963,48.640058138526676,45.285941861473326,47.52066666666666,46.260666666666665,46.89066666666667,46.963,0.75,47.984500000000004,45.9415,0,67.63011116090331,6.524604569420032,30.612772277532507,65.61976839169313,47.21548284440716,0.6506533885993556,25.874889720583866,100481545.0,2066488.26,0,0.2726066185706675,100.0,68.0,32.0,46.963,47.11126211819582,46.07997727536502,0.07760487026141438,0.7181211453610956,0.6405162750996812
1534392000,2018-08-16,48.45,49.0,48.3,49.0,1979259.0,47.112,48.94931978708077,45.274680212919236,47.668,46.394999999999996,47.03150000000001,47.112,0.7000000000000028,48.135000000000005,46.089,0,70.14433545894562,6.475445458496298,33.45303014947786,72.89925572221739,47.378029118919294,0.6541781465565447,27.37922142985082,102460804.0,2058142.66,0,0.38011091474796155,100.0,72.0,28.000000000000004,47.112,47.291141916462884,46.19448797044874,0.11219980910877636,0.7807660364856517,0.6685662273768753
1534478400,2018-08-17,48.92,49.37,48.83,49.19,1307757.0,47.286500000000004,49.21492189367328,45.35807810632673,47.840500000000006,46.56849999999999,47.2045,47.286500000000004,0.5399999999999991,48.30200000000001,46.271,0,71.02684305009822,7.636761487964977,36.16192928238559,81.56587993102612,47.56569797311548,0.6460225646596486,29.116880954984946,103768561.0,2037047.5,0,0.4231664989492978,100.0,76.0,24.0,47.286500000000004,47.471985543466424,46.31195903043115,0.13403171261650426,0.8361058681475058,0.7020741555310015
1534737600,2018-08-20,49.21,49.42,48.94,49.1,982124.0,47.468,49.36137370848925,45.574626291510754,48.01833333333333,46.75633333333333,47.38733333333333,47.468,0.480000000000004,48.476000000000006,46.46,0,69.99520980233123,7.983285682867831,37.94704064259828,80.24832493847376,47.714624739271635,0.6341638100411026,30.774973906762558,102786437.0,2025335.36,0,0.3352836046320116,96.0,76.0,20.0,47.468,47.627034539326765,46.42129397041424,0.12854509712321327,0.8627555269350182,0.734210429811805
1534824000,2018-08-21,49.07,49.07,48.66,48.86,1059063.0,47.6235,49.43605924041072,45.81094075958928,48.15083333333333,46.96483333333333,47.557833333333335,47.6235,0.44000000000000483,48.576750000000004,46.670249999999996,0,67.25324916245785,6.797814207650273,38.26358241516468,86.909405731881,47.96047675863163,0.6202949664667384,31.528378807493116,101727374.0,2006903.9,0,0.3431850247892077,92.0,76.0,16.0,47.6235,47.74445982129565,46.51692950098623,0.09635775076712161,0.8546576182707071,0.7582998675035855
1534910400,2018-08-22,48.94,49.07,48.3,48.51,1279249.0,47.741,49.461161620313106,46.02083837968689,48.28666666666667,47.08666666666666,47.68666666666667,47.741,0.7700000000000031,48.704750000000004,46.777249999999995,0,63.43839217653909,5.090987868284232,36.831759760025086,79.23414049016142,48.12438827167466,0.6309881831476859,31.30984102563724,100448125.0,1989477.72,0,0.28153487908253827,88.0,76.0,12.0,47.741,47.81736840974368,46.59508912839854,0.04188265564328819,0.8106531870576958,0.7687705314144077
1534996800,2018-08-23,48.49,48.81,48.42,48.56,858207.0,47.8215,49.53674079942094,46.10625920057906,48.362166666666674,47.18816666666667,47.775166666666664,47.8215,0.39000000000000057,48.74475,46.89825,0,63.747620921486735,3.4291799787007444,35.776151943944086,73.25183682256338,48.23501447052745,0.6137747414942798,31.106913085342505,101306332.0,1955766.54,0,0.2029304367111253,84.0,76.0,8.0,47.8215,47.88809522786333,46.67214445669664,0.001725312362358844,0.7709271718673563,0.7692018595049974
1535083200,2018-08-24,48.63,48.86,48.27,48.82,1015191.0,47.926,49.61700443523905,46.23499556476095,48.456,47.278,47.867000000000004,47.926,0.5899999999999963,48.852250000000005,46.99975,0,65.35166634717957,4.472501604964698,35.51470993615006,73.15205580196672,48.30237513723227,0.6120765456732595,30.532142398952384,102321523.0,1917119.82,0,0.2658034020181941,80.0,76.0,4.0,47.926,47.976848063304914,46.75637408584579,-0.01395505008690201,0.75175804689637,0.7657130969832721
1535342400,2018-08-27,48.95,48.95,48.11,48.39,1174185.0,48.021499999999996,49.586073743867026,46.45692625613297,48.57216666666667,47.360166666666665,47.966166666666666,48.021499999999996,0.8400000000000034,48.97325,47.06974999999999,0,60.67774814257057,4.1092943201377015,33.17558338466186,73.21472208528306,48.38161794828932,0.628356792410884,29.592929121410926,101147338.0,1855816.08,0,0.21278462531529255,76.0,72.0,4.0,48.021499999999996,48.016195866799684,46.820437847185175,-0.057474106290842375,0.6938704641197191,0.7513445704105615
1535428800,2018-08-28,48.34,48.41,47.98,48.1,1383188.0,48.065000000000005,49.586926410835325,46.543073589164685,48.608000000000004,47.443,48.0255,48.065000000000005,0.4299999999999997,48.981500000000004,47.148500000000006,0,57.74583535725713,1.8420495447808696,29.87383543177819,67.54519505239699,48.42455284567948,0.6141884500958208,28.395491313702326,99764150.0,1825880.42,0,0.1518978565166835,72.0,68.0,4.0,48.065000000000005,48.02417721281876,46.8706167551387,-0.10709510752853535,0.6174756859998922,0.7245707935284276
1535515200,2018-08-29,48.3,48.4,48.03,48.37,990963.0,48.160000000000004,49.49789386723986,46.82210613276015,48.687666666666665,47.54566666666666,48.11666666666667,48.160000000000004,0.36999999999999744,49.021750000000004,47.29825,0,59.65630199288697,4.088659350118353,27.924297350592653,67.3347026402736,48.47633216639211,0.5967464179461192,27.283584777972912,100755113.0,1795911.22,0,0.16066157587389554,68.0,48.0,20.0,48.160000000000004,48.05711271635984,46.92941609807444,-0.12195749166829639,0.5721239289430571,0.6940814206113535
1535601600,2018-08-30,48.63,48.87,48.41,48.72,1449779.0,48.2625,49.43153165055441,47.093468349445594,48.779833333333336,47.66283333333333,48.221333333333334,48.2625,0.5,49.10850000000001,47.4165,0,62.00067389194961,4.3925433897578685,27.302897833717953,67.66609569480937,48.54124023016283,0.5898359595213964,27.12232123514395,102204892.0,1799482.54,0,0.22315697400701623,64.0,48.0,16.0,48.2625,48.120244838611285,46.99963507462054,-0.1088713583634835,0.5579922226569991,0.6668635810204826
1535688000,2018-08-31,48.66,48.88,48.3,48.56,1626717.0,48.321,49.42480976621786,47.217190233782134,48.83333333333333,47.757333333333335,48.29533333333333,48.321,0.5800000000000054,49.13625,47.50575,0,60.31412790163356,2.468875290145604,26.042332781073902,58.329068891673664,48.606868293702874,0.5891333909841542,26.668360089204953,100578175.0,1805042.2,0,0.13078650821885213,60.0,48.0,12.0,48.321,48.16212628255307,47.06082585600797,-0.11125250120768726,0.5277979545108735,0.6390504557185608
1536033600,2018-09-04,48.6,48.97,48.46,48.55,1496752.0,48.372499999999995,49.4165090995762,47.32849090042379,48.889833333333335,47.811833333333325,48.350833333333334,48.372499999999995,0.509999999999998,49.189249999999994,47.555749999999996,0,60.20638200974915,2.167508417508405,24.97162981790344,59.123070037468345,48.64455244179618,0.5834810059138574,26.41174738234576,99081423.0,1769573.58,0,0.08428547023698031,56.00000000000001,48.00000000000001,8.0,48.372499999999995,48.19906663659563,47.11922484204688,-0.11337719312165861,0.49732896431648754,0.6107061574381462
1536120000,2018-09-05,48.59,49.35,48.57,49.3,1140109.0,48.465500000000006,49.4919009937631,47.43909900623691,48.98283333333334,47.89183333333334,48.437333333333335,48.465500000000006,0.8000000000000043,49.29350000000001,47.6375,0,65.12490519370735,3.9207419898819555,26.249530481947964,58.52989132878518,48.68733817788502,0.5989466483485822,26.81633357038665,100221532.0,1724178.42,0,0.12992021446931884,100.0,96.0,4.0,48.465500000000006,48.303917433110335,47.204745436476415,-0.06646993264142909,0.5276187416363598,0.5940886742777889
1536206400,2018-09-06,49.24,49.67,49.07,49.4,1225325.0,48.565,49.54772071312139,47.5822792868786,49.08866666666667,47.989666666666665,48.53916666666667,48.565,0.6000000000000014,49.399,47.730999999999995,0,65.71958406754982,4.197426703227172,27.541864090233403,56.72568792806591,48.728055120738055,0.5990218877522551,27.65743282578968,101446857.0,1692563.1,0,0.026393478818136428,100.0,96.0,4.0,48.565,48.40830624900459,47.29083385073224,-0.032619333471720746,0.553314507438138,0.5859338409098588
1536292800,2018-09-07,49.02,49.28,48.72,48.86,1431451.0,48.63,49.50420821318368,47.755791786816324,49.16966666666667,48.056666666666665,48.613166666666665,48.63,0.6799999999999997,49.48350000000001,47.7765,0,59.91254148510016,2.73338940285954,25.953340080338304,48.62225900198833,48.71618228826359,0.604806038627094,27.433462057667164,100015406.0,1686253.66,0,-0.04109651449070871,96.0,92.0,4.0,48.63,48.451324701480345,47.352369778154504,-0.04949585978994753,0.5240640161724244,0.5735598759623719
1536552000,2018-09-10,48.95,49.42,48.84,49.24,1181362.0,48.706,49.51218608273635,47.89981391726366,49.24366666666667,48.11966666666667,48.681666666666665,48.706,0.5799999999999983,49.564750000000004,47.84725,1,62.37518106180991,3.185247275775363,25.771743164485333,49.219756622630975,48.72212333032628,0.6030341787251585,27.451381866512076,101196768.0,1668579.38,0,0.004171869277493251,92.0,80.0,12.0,48.706,48.52643663467269,47.426394492736684,-0.038457408430847995,0.525488115423812,0.56394552385466
1536638400,2018-09-11,49.36,49.53,49.06,49.21,1236670.0,48.765,49.53663462856312,47.99336537143688,49.31366666666666,48.18566666666667,48.74966666666667,48.765,0.46999999999999886,49.62675,47.90325,1,62.05836534675888,2.4567978346866535,25.486602778501165,55.835689864195544,48.75207734056952,0.5935317373876471,27.64488264086653,99960098.0,1635361.34,0,-0.019969748056952993,88.0,80.0,8.0,48.765,48.591537907561005,47.49633980674701,-0.036578633679292594,0.5182222317555443,0.5548008654348369
1536724800,2018-09-12,49.19,49.59,49.12,49.17,1409687.0,48.82,49.540777358133376,48.099222641866625,49.37366666666667,48.24566666666667,48.80966666666667,48.82,0.47000000000000597,49.68175,47.95825,1,61.61910157160585,2.2883295194508038,25.066022554148308,63.44364143683926,48.80448680216815,0.5847080418599584,27.922916938184734,98550411.0,1627212.66,0,-0.04980427218060653,84.0,80.0,4.0,48.82,48.64662953541234,47.56197353981576,-0.04109426178285536,0.5034330382062677,0.5445272999891231
1536811200,2018-09-13,49.15,49.49,48.93,49.48,972931.0,48.8695,49.62782644685367,48.11117355314634,49.40650000000001,48.2975,48.852,48.8695,0.5600000000000023,49.717000000000006,48.022,1,63.71436157932807,2.041658073829645,25.620181869789576,68.52278563819509,48.841728332631305,0.5829431817271045,27.589162277807446,99523342.0,1615914.42,0,0.017069239911080576,100.0,96.0,4.0,48.8695,48.72599815108735,47.63719026374455,-0.02695121655762256,0.5108382792920949,0.5377894958497175
1536897600,2018-09-14,49.27,49.44,48.76,49.42,1192849.0,48.890499999999996,49.68453967155155,48.096460328448444,49.4275,48.320499999999996,48.874,48.890499999999996,0.7199999999999989,49.7395,48.04149999999999,1,63.01351581980232,0.8571428571428606,25.77490783176267,62.152974555050314,48.87689795802077,0.5927329544608827,26.775405590046322,98330493.0,1587454.34,0,0.03058595352344006,96.0,92.0,4.0,48.890499999999996,48.79209356526951,47.707104371048686,-0.025405786507788797,0.5060322627149816,0.5314380492227704
1537156800,2018-09-17,49.45,49.63,49.17,49.6,1118076.0,48.911,49.754537788126704,48.0674622118733,49.440333333333335,48.34133333333334,48.89083333333333,48.911,0.46000000000000085,49.754000000000005,48.068,0,64.25515713687818,0.8335027444602637,26.432602404761152,68.59735957042417,48.9397078131796,0.5832520291422484,26.40554234921168,99448569.0,1573700.4,0,0.10705111530962137,100.0,96.0,4.0,48.911,48.86903703524384,47.781335572184034,-0.01646316734769404,0.5108590900381529,0.5273222573858469
1537243200,2018-09-18,49.49,49.69,49.28,49.5,953329.0,48.931,49.809746834985866,48.05225316501413,49.45366666666667,48.361666666666665,48.907666666666664,48.931,0.4099999999999966,49.76875,48.09325,0,63.01800909139801,0.8146639511201601,26.459608645040383,75.67988952144317,49.03143749091396,0.5708768842035161,26.18220319576673,98495240.0,1543259.92,0,0.14876744486814958,96.0,92.0,4.0,48.931,48.929128746173,47.84873417719642,-0.021184343214405876,0.5008418283678395,0.5220261715822454
1537329600,2018-09-19,49.47,49.47,47.98,48.25,1574893.0,48.9005,49.827979918918835,47.97302008108117,49.49283333333334,48.292833333333334,48.892833333333336,48.9005,1.5200000000000031,49.819250000000004,47.98175,0,50.280144959831084,-1.2484650020466628,20.211224430252916,67.80766519815552,49.0328753239648,0.6386713924746937,25.58613363496576,96920347.0,1531710.48,0,0.04208949105183179,92.0,52.0,40.0,48.9005,48.86444981796605,47.864470091816166,-0.10756425923889157,0.387570847533631,0.4951351067725226
1537416000,2018-09-20,48.16,48.46,47.87,48.44,1512969.0,48.897,49.83085437836832,47.963145621631675,49.465333333333334,48.28333333333333,48.87433333333333,48.897,0.5900000000000034,49.80225,47.991749999999996,0,51.83775465600103,-0.14430014430014487,16.04197964159084,59.652069168637176,48.9972722839222,0.6351948644407873,25.205742190623067,98433316.0,1524522.94,0,0.09207888076689727,88.0,52.0,36.0,48.897,48.82402602577881,47.8870398921371,-0.14845551706528676,0.3095657104409142,0.45802122750620095
1537502400,2018-09-21,48.28,48.99,48.1,48.75,3338899.0,48.9065,49.83025916774758,47.982740832252425,49.49116666666667,48.259166666666665,48.875166666666665,48.9065,0.8900000000000006,49.849250000000005,47.96375,1,54.29676425806864,0.3912685337726477,13.835611233164279,71.27765782704502,48.96678756044933,0.6533952312664455,23.71234773275707,101772215.0,1537628.16,1,0.1703576833791762,84.0,52.0,32.0,48.9065,48.81697592808558,47.92088146499447,-0.15069529807903448,0.2696521049074079,0.42034740298644235
1537761600,2018-09-24,48.5,48.83,48.17,48.21,1288162.0,48.876,49.84818105309541,47.903818946904586,49.48233333333333,48.24333333333333,48.862833333333334,48.876,0.6599999999999966,49.824,47.928,0,49.64872233636482,-1.2494879147890197,9.81676430750517,64.457377666833,48.953167529188086,0.6538670004616991,22.325624307595785,100484053.0,1524159.58,0,0.16381932013902747,80.0,52.0,28.000000000000004,48.876,48.75916869683934,47.9322194467594,-0.18249321838651322,0.1922308800033008,0.374724098389814
1537848000,2018-09-25,48.21,48.27,47.38,47.59,1646784.0,48.836,49.94155687325335,47.73044312674665,49.448,48.204,48.826,48.836,0.8900000000000006,49.78775,47.884249999999994,0,44.9936965935222,-1.6532341392849703,4.273456981963729,57.26410471768932,48.84741602267254,0.6707336432858634,22.31373240109865,98837269.0,1502298.02,0,0.06689372133207844,76.0,-24.0,100.0,48.836,48.64781929714036,47.91879907629825,-0.23584018238702947,0.07992387040602722,0.3157640527930567
1537934400,2018-09-26,47.77,47.92,47.17,47.21,1759886.0,48.7915,50.070081636031794,47.512918363968204,49.4275,48.151500000000006,48.789500000000004,48.7915,0.75,49.76725,47.81575,0,42.4272780630028,-1.8503118503118514,-1.318098652304587,49.92734301966708,48.695062704591166,0.6763955259083018,22.58468128035388,97077383.0,1495552.6,0,-0.017035877347463174,72.0,-28.0,100.0,48.7915,48.510884125984134,47.891003034090474,-0.2840433666979436,-0.039290155579372765,0.24475321111857082
1538020800,2018-09-27,47.37,47.84,47.23,47.49,1242471.0,48.747499999999995,50.1368433700845,47.35815662991549,49.40216666666667,48.10216666666667,48.75216666666667,48.747499999999995,0.6300000000000026,49.742749999999994,47.75225,0,44.86645096197039,-1.8193094893528952,-4.558569487062803,56.428131743128645,48.605499537062606,0.6730815597719947,22.836276668233733,98319854.0,1487806.08,0,0.00886805800826615,68.0,-28.0,96.0,48.747499999999995,48.413657066366596,47.87527742491046,-0.2837285885689937,-0.10990752459267128,0.1738210639763224
1538107200,2018-09-28,47.7,48.21,47.62,48.18,2100193.0,48.7205,50.1317473206344,47.3092526793656,49.3755,48.0625,48.71900000000001,48.7205,0.7199999999999989,49.73225,47.70875,0,50.325610834978,-1.1083743842364515,-4.52861973315469,58.22590479381716,48.5152041970853,0.6764328769311378,22.224050464159614,100420047.0,1491809.06,0,0.07587088938462731,64.0,-28.0,92.0,48.7205,48.39140401242692,47.887227329815936,-0.22620827571054405,-0.10893928066185765,0.1172689950486864
1538366400,2018-10-01,48.05,48.31,47.9,48.24,1065933.0,48.7045,50.129848729258136,47.27915127074187,49.3455,48.0495,48.697500000000005,48.7045,0.4100000000000037,49.703500000000005,47.7055,0,50.77178305207448,-0.6589785831960466,-4.2926582578936445,57.83499192461361,48.45293898306888,0.6574019571503426,21.438414469587663,101485980.0,1476193.28,0,0.1307517796753776,60.0,-28.0,88.0,48.7045,48.37698458267198,47.901061552176095,-0.1755375055744282,-0.10215288691934887,0.07338461865507935
1538452800,2018-10-02,48.29,48.87,48.29,48.75,1350793.0,48.7145,50.138177983252454,47.29082201674755,49.347833333333334,48.04483333333334,48.696333333333335,48.7145,0.6299999999999955,49.722500000000004,47.7065,0,54.43370455311005,0.41194644696190086,-2.3313372538211246,57.67866836898837,48.40859257378134,0.6554446744967464,20.203746223932114,102836773.0,1474252.02,0,0.22116200197641547,56.00000000000001,-27.999999999999993,84.0,48.7145,48.41250986051274,47.93435325601233,-0.10269810741824822,-0.05498801561773092,0.0477100918005173
1538539200,2018-10-03,48.7,48.86,47.49,47.91,1783419.0,48.644999999999996,50.08320026421837,47.20679973578162,49.328,47.965999999999994,48.647000000000006,48.644999999999996,1.3699999999999974,49.69575,47.594249999999995,0,48.215473373604375,-2.8194726166328614,-3.514004186928126,51.09773295236039,48.34286092575243,0.7064843406041215,19.76887104183612,101053354.0,1466510.02,0,0.1387416096613635,52.0,-28.0,80.0,48.644999999999996,48.36465177855914,47.93339822636479,-0.10570198070287765,-0.08441738407807975,0.02128459662479789
1538625600,2018-10-04,47.85,48.45,47.53,48.26,1034324.0,48.588,49.99194586790155,47.18405413209845,49.279,47.885000000000005,48.582,48.588,0.9200000000000017,49.66275,47.51325,0,50.68624279551882,-2.307692307692309,-3.251423268131485,51.53358213550266,48.283041663368955,0.7217354591323986,19.36505837274698,102087678.0,1441656.28,0,0.1160690689815735,48.0,-28.0,76.0,48.588,48.354684942505884,47.946206139056365,-0.07990154305867547,-0.07859233219854644,0.0013092108601290217
1538712000,2018-10-05,48.26,49.1,48.26,48.93,1752997.0,48.5915,49.9984864960254,47.18451350397461,49.2835,47.8615,48.572500000000005,48.5915,0.8400000000000034,49.678250000000006,47.50475,0,55.01154484173193,0.14326647564469971,-0.9159546666965607,52.8860704459604,48.261553971547734,0.7301829263372275,18.129730535244526,103840675.0,1425514.3,0,0.11595819692875463,44.0,-28.0,72.0,48.5915,48.409476852743424,47.98478629046593,-0.016795858730330775,-0.01968561255278445,-0.002889753822453672
1538971200,2018-10-08,49.13,49.59,48.81,49.27,1496515.0,48.593,50.00280991626454,47.18319008373547,49.29633333333334,47.85433333333333,48.57533333333333,48.593,0.7800000000000011,49.694750000000006,47.49125,0,57.02501231454427,0.06092607636068467,1.8826228516983783,54.01239630717248,48.2732413184257,0.7337412887417114,17.704934290522832,105337190.0,1429820.98,0,0.12187859076315301,40.0,-28.0,68.0,48.593,48.49143143819643,48.035186828094716,0.045362379346894036,0.05381322036116387,0.008450841014269838
1539057600,2018-10-09,49.37,49.88,49.19,49.69,1616237.0,48.617000000000004,50.083220992892215,47.15077900710779,49.32333333333334,47.85933333333334,48.59133333333334,48.617000000000004,0.6900000000000048,49.73525000000001,47.49875,0,59.38842796309001,0.9754115017272849,5.23751541358059,61.04549543528004,48.34547808713239,0.7306169109744466,17.697815252062046,106953427.0,1422850.46,0,0.19692227466778228,100.0,36.0,64.0,48.617000000000004,48.60558082503486,48.10008146228708,0.10867036198439149,0.1442887934947592,0.03561843151036771
1539144000,2018-10-10,49.64,50.21,49.41,49.44,2029022.0,48.6305,50.12159992958145,47.139400070418546,49.359500000000004,47.8625,48.611000000000004,48.6305,0.8000000000000043,49.7735,47.4875,0,57.41018158472873,0.5491153142159773,7.043668302143659,68.40491423907973,48.466966830577725,0.7355728459048435,18.105229106261138,104924405.0,1415347.74,0,0.05274992998883245,96.0,36.0,60.0,48.6305,48.685049317888684,48.15262728729543,0.1263747566821199,0.1935868773630176,0.0672121206808977
1539230400,2018-10-11,49.52,49.83,48.24,48.37,2607840.0,48.575,50.017324512721686,47.13267548727832,49.38666666666667,47.78666666666666,48.586666666666666,48.575,1.5899999999999963,49.79525,47.35475,0,49.91878603199307,-2.2433306386418743,5.143028557463894,55.874796340426,48.48516982372507,0.7966033569116401,17.006740596547804,102316565.0,1415358.54,0,-0.10887687381183293,92.0,35.99999999999999,56.00000000000001,48.575,48.65504462094691,48.161151707401494,0.06194909435839838,0.14464848862889568,0.0826993942704973
1539316800,2018-10-12,48.24,48.42,47.82,48.24,1906555.0,48.516000000000005,49.91099677418905,47.12100322581096,49.330333333333336,47.73833333333333,48.53433333333333,48.516000000000005,0.6000000000000014,49.727250000000005,47.304750000000006,0,49.09940481305659,-2.3876972885471464,3.3173778159528733,54.42243516960652,48.46317451837773,0.7825602599893802,16.51240864939319,100410010.0,1422820.92,0,-0.025006722565008323,88.0,36.0,52.0,48.516000000000005,48.615516561809116,48.16424379730732,0.009270612566144823,0.09428765997817834,0.08501704741203352
1539576000,2018-10-15,48.23,48.59,48.06,48.13,1801732.0,48.4425,49.753680765568916,47.13131923443109,49.2735,47.6745,48.474000000000004,48.4425,0.5300000000000011,49.659000000000006,47.226,0,48.39191446170274,-2.9637096774193523,1.5801033927583603,61.639636451577104,48.49773671063984,0.7645202414187102,15.802335022668464,98608278.0,1428892.74,0,-0.04421343512802352,84.0,36.0,48.0,48.4425,48.569276889255875,48.162900903295274,-0.03202824731200983,0.04498173827202123,0.07700998558403106
1539662400,2018-10-16,48.14,48.93,47.91,48.59,1929556.0,48.397,49.61831240884464,47.17568759115536,49.25333333333334,47.59333333333333,48.42333333333333,48.397,1.0200000000000031,49.65925,47.13475,1,51.470102919045644,-1.8383838383838316,1.4821400543530179,69.22041423971102,48.57500311941514,0.7827687956030883,14.693994193060934,100537834.0,1445463.96,0,0.04950823451476914,80.0,36.0,44.0,48.397,48.571250518850555,48.179649887479776,-0.027580558926027537,0.042534286926496634,0.07011484585252417
1539748800,2018-10-17,48.68,49.3,48.62,49.01,2160334.0,48.435,49.68266181315206,47.187338186847946,49.233333333333334,47.654333333333334,48.44383333333333,48.435,0.7099999999999937,49.636500000000005,47.2335,0,54.101255973048694,1.5751295336787523,2.55628845966367,70.42104293864585,48.66343414862187,0.7775710244885816,14.164228559145746,102698168.0,1464334.24,0,0.06800068313075856,76.0,36.0,40.0,48.435,48.61303618372193,48.21221263699037,0.00281717959939988,0.07363632035177403,0.07081914075237415
1539835200,2018-10-18,49.11,49.21,48.47,48.76,1762106.0,48.45100000000001,49.70668945205329,47.195310547946725,49.26866666666667,47.67466666666667,48.471666666666664,48.45100000000001,0.740000000000002,49.66375000000001,47.23825000000001,0,52.32378306186862,0.6606110652353433,2.689222973594251,62.78681867677486,48.73136239928587,0.7748873798822544,13.44469718947165,100936062.0,1479067.54,0,-0.02438052695289214,72.0,36.0,36.0,48.45100000000001,48.627032737653174,48.233694494363306,0.005122151452840215,0.07722183006842442,0.07209967861558421
1539921600,2018-10-19,48.9,49.97,48.81,49.66,1473066.0,48.496500000000005,49.85404594765623,47.13895405234378,49.3255,47.7045,48.515,48.496500000000005,1.2100000000000009,49.733250000000005,47.259750000000004,0,57.60235314396081,1.8666666666666596,5.197319194168556,63.45238766781392,48.80108598167718,0.8059668527478078,13.732015553389965,102409128.0,1486042.9,0,-0.024635223113430017,68.0,36.0,32.0,48.496500000000005,48.725410572162396,48.28962804360396,0.06307692994131642,0.15094584104222974,0.08786891110091333
1540180800,2018-10-22,49.66,49.96,49.37,49.56,1261537.0,48.564,49.990357598920355,47.137642401079646,49.38333333333334,47.769333333333336,48.57633333333333,48.564,0.5900000000000034,49.795500000000004,47.332499999999996,0,56.86597501712913,2.8002489110143154,6.862086953357031,63.35853580913205,48.85259074716855,0.7905406489801076,13.9988111770284,101147591.0,1485416.0,0,-0.07513502152919993,64.0,36.0,28.000000000000004,48.564,48.8048952795755,48.339446551697925,0.08891241495847371,0.1990094297990055,0.11009701484053178
1540267200,2018-10-23,49.68,50.04,49.29,49.64,1685161.0,48.6665,50.09278573574785,47.240214264252145,49.471833333333336,47.87183333333333,48.67183333333334,48.6665,0.75,49.8875,47.445499999999996,0,57.32538104381189,4.307627652868243,8.390611169417598,70.43901414403229,48.9635734504353,0.7876448883386713,14.246549970406948,102832752.0,1484523.88,0,-0.05187730025232402,60.0,36.0,24.0,48.6665,48.884429062473075,48.390448647709775,0.10454634037456165,0.24077994030873384,0.1362335999341722
1540353600,2018-10-24,49.86,51.2,49.59,50.87,1666344.0,48.84949999999999,50.41383340436037,47.285166595639616,49.670833333333334,47.98483333333333,48.82783333333333,48.84949999999999,1.6099999999999994,50.13499999999999,47.56399999999999,0,63.599781238775115,7.75259478923956,12.641323879188365,75.29197011888823,49.10524857805491,0.8463845391716234,15.714775074860887,104499096.0,1494507.2,0,-0.035616983698152326,100.0,80.0,20.0,48.84949999999999,49.07353105652326,48.487685955642725,0.18611860079866477,0.36888185093250314,0.18276325013383837
1540440000,2018-10-25,50.46,50.52,49.66,49.93,1881340.0,48.971500000000006,50.471983588713215,47.4710164112868,49.80916666666666,48.098166666666664,48.95366666666666,48.971500000000006,1.2100000000000009,50.30050000000001,47.642500000000005,0,56.872992608472074,5.137923773425979,13.065282596284533,67.89428595533488,49.19828408099558,0.872357072087936,17.078126957568116,102617756.0,1503865.82,0,-0.1044103199077664,96.0,80.0,16.0,48.971500000000006,49.15509952733056,48.54424729071556,0.16583504706128463,0.3900570589604442,0.22422201189915955
1540526400,2018-10-26,50.11,50.57,48.79,49.22,1887546.0,49.0235,50.48216068706798,47.564839312932016,49.944833333333335,48.11483333333333,49.02983333333333,49.0235,1.7800000000000011,50.432,47.614999999999995,0,52.461366968550784,2.1585720215857185,11.326285000207037,60.99869991039668,49.22097155659556,0.9371887097959407,16.85674892817347,100730210.0,1502031.56,0,-0.1512914766135943,92.0,80.0,12.0,49.0235,49.16128052472765,48.57074739696201,0.09707363074723965,0.34556405033320914,0.24849041958596949
1540785600,2018-10-29,49.44,50.21,49.3,50.13,1180983.0,49.118,50.60597311803595,47.630026881964056,50.056333333333335,48.17633333333333,49.11633333333333,49.118,0.990000000000002,50.57,47.666000000000004,0,56.96510158337163,3.917910447761195,12.03164471582863,60.3319349105706,49.22839241480569,0.9409609448105165,16.651183615164157,101911193.0,1499496.08,0,-0.14410441695317774,88.0,80.0,8.0,49.118,49.253539522372634,48.631894557865465,0.10469518135262235,0.3793593962767474,0.27466421492412507
1540872000,2018-10-30,50.41,50.5,49.52,50.21,1770937.0,49.190999999999995,50.74153410152682,47.640465898473174,50.14833333333333,48.22833333333334,49.18833333333333,49.190999999999995,0.9799999999999969,50.66925,47.71274999999999,0,57.33910968189825,2.9948717948717967,12.732732907975022,59.94066614241945,49.251310968228,0.9437494487526222,16.806544467307,103682130.0,1515272.34,0,-0.04150254332544047,84.0,80.0,4.0,49.190999999999995,49.344630996432386,48.69378104579231,0.1065852790977353,0.40789581379629425,0.30131053469855895
1540958400,2018-10-31,49.95,50.11,49.22,49.61,2328913.0,49.275999999999996,50.71897470525216,47.833025294747834,50.202333333333335,48.330333333333336,49.26633333333333,49.275999999999996,0.990000000000002,50.72575,47.826249999999995,1,53.6575747830169,3.5483197662283508,11.651576563594517,60.515022078298706,49.33484333916015,0.9470530595560065,16.449444202238066,101353217.0,1540669.34,-1,0.034703037028695496,80.0,76.0,4.0,49.275999999999996,49.3699042348674,48.729711200859285,0.061144990372638985,0.3777417726643577,0.3165967822917187
1541044800,2018-11-01,49.48,49.67,49.02,49.16,1822314.0,49.321,50.68859496927911,47.95340503072089,50.249,48.404,49.3265,49.321,0.6499999999999986,50.7505,47.89149999999999,1,51.06893038004425,1.8648984666390356,9.636302442737854,60.615019727523716,49.422038506570416,0.9258349838734344,15.792939379112807,99530903.0,1551530.64,0,-0.038311157117133295,76.0,60.0,16.0,49.321,49.349913355356215,48.74658527141383,-0.002145724857309017,0.3139146262200825,0.3160603510773915
1541131200,2018-11-02,49.85,50.21,48.28,48.77,2350425.0,49.313,50.691478871799475,47.93452112820053,50.31966666666667,48.36566666666666,49.34266666666666,49.313,1.9299999999999997,50.824250000000006,47.80175,1,48.91604370797694,-0.3269977518904488,7.075719001120179,52.24573512870378,49.47392191067381,0.9975610564539034,15.21514227070947,97180478.0,1581375.0,-1,-0.030764469249096926,72.0,60.0,12.0,49.313,49.29468351198896,48.74750349606427,-0.06947298735491508,0.22921911688374763,0.2986921042386627
1541394000,2018-11-05,48.96,49.59,48.79,49.34,1791804.0,49.3165,50.694879846050256,47.93812015394974,50.3215,48.365500000000004,49.3435,49.3165,0.8200000000000003,50.83075,47.802249999999994,1,52.02736340785847,0.1420742845544962,6.3129108209137375,52.04115298339436,49.53407173494904,0.9848781238500531,14.67861638433494,98972282.0,1596907.26,0,-0.02978523072637893,68.0,60.0,8.0,49.3165,49.29899936799001,48.77073865308136,-0.07437757286974833,0.20572013815147727,0.2800977110212256
1541480400,2018-11-06,49.38,49.81,49.3,49.77,823144.0,49.3205,50.70364822054527,47.93735177945474,50.314499999999995,48.3765,49.3455,49.3205,0.5100000000000051,50.821250000000006,47.81975,1,54.24051536178723,0.1609981887703872,6.646710298106276,49.38883276333252,49.58812985473887,0.9509582578607639,13.827373307714396,99795426.0,1589886.44,0,-0.015578354005253451,64.0,60.0,4.0,49.3205,49.34385657103858,48.809925372568365,-0.0486646787037317,0.21926686264156103,0.26793154134529273
1541566800,2018-11-07,50.0,50.55,49.8,50.49,1424713.0,49.373000000000005,50.84702985044318,47.89897014955683,50.34166666666666,48.40866666666666,49.375166666666665,49.373000000000005,0.779999999999994,50.87225000000001,47.87375,1,57.68154112582897,2.1237864077669992,8.439452430825487,56.17561142901234,49.688822296585236,0.9387469537278518,13.688714554559835,101220139.0,1590716.94,0,0.05177146164880129,60.0,28.0,32.0,49.373000000000005,49.45301308808252,48.87581065207549,0.013508785320105854,0.28481752299542507,0.2713087376753192
1541653200,2018-11-08,50.58,50.71,50.22,50.61,1404237.0,49.485,50.97745435441003,47.99254564558997,50.37166666666666,48.54866666666667,49.460166666666666,49.485,0.490000000000002,50.90175,48.06825,0,58.23256416544492,4.6309696092619435,10.094095026711326,56.10165148372318,49.7517714299714,0.9066935998901482,13.762140501486154,102624376.0,1598982.42,0,0.058167881266718346,56.00000000000001,28.000000000000004,28.000000000000004,49.485,49.56320231778895,48.943818077484295,0.056954404906412126,0.3425017438083344,0.2855473389019223
1541739600,2018-11-09,50.5,51.37,50.49,51.08,1374971.0,49.626999999999995,51.15852342456699,48.095476575433004,50.526666666666664,48.675666666666665,49.601166666666664,49.626999999999995,0.8799999999999955,51.06475,48.189249999999994,0,60.360511908537624,5.887230514096178,12.368081195997519,56.38356521325623,49.83053050581193,0.9047869141837087,14.591058922029612,103999347.0,1597486.26,0,0.09711842570103622,100.0,76.0,24.0,49.626999999999995,49.70765923990429,49.02758991758295,0.10859065497542592,0.42128565762120473,0.3126950026457788
1541998800,2018-11-12,50.77,51.96,50.64,51.35,1162253.0,49.788,51.3331291208172,48.242870879182796,50.719,48.789,49.754000000000005,49.788,1.3200000000000003,51.285,48.291,0,61.54523170194107,6.690214003739868,14.71985254194284,55.46524855930398,49.91886725640191,0.9344449917420153,15.932891760025438,105161600.0,1588196.98,0,0.10810130164369824,100.0,80.0,20.0,49.788,49.864072645627694,49.11866482277578,0.14964274316678505,0.4997484316042602,0.35010568843747514
1542085200,2018-11-13,51.46,51.73,51.0,51.58,1529844.0,49.9375,51.56637537890327,48.30862462109673,50.852500000000006,48.951499999999996,49.902,49.9375,0.7299999999999969,51.41275,48.46225,0,62.54890550318696,6.153529532825673,17.062948446992284,55.24772136048089,49.9745015321933,0.919841778046157,17.178879395307277,106691444.0,1588858.82,0,0.10513871907577624,100.0,84.0,16.0,49.9375,50.027494298425054,49.21518777090222,0.17901509281017947,0.5738745544501995,0.39485946164002006
1542171600,2018-11-14,50.71,51.62,50.71,51.31,1825662.0,50.0525,51.7273238713361,48.37767612866391,50.97583333333334,49.051833333333335,50.01383333333333,50.0525,0.9099999999999966,51.54275,48.562250000000006,0,60.5946166533365,4.6929198122832165,18.217566050264356,55.27875213299289,50.06907593961646,0.9191387939000026,17.786624101695974,104865782.0,1602569.88,0,0.16192089555835867,96.0,84.0,12.0,50.0525,50.14963769857505,49.29733727008253,0.16721021798565283,0.6038722341220861,0.4366620161364333
1542258000,2018-11-15,51.07,51.92,50.57,51.91,2555809.0,50.209999999999994,51.959788558654196,48.46021144134579,51.138999999999996,49.154,50.1465,50.209999999999994,1.3500000000000014,51.745999999999995,48.67399999999999,0,63.27844067064137,6.460213289581622,20.308281630413685,64.69517678475623,50.265931745336005,0.9499145943357169,18.67130617246135,107421591.0,1629179.56,0,0.30692747859223557,100.0,92.0,8.0,50.209999999999994,50.31729125109172,49.399794632040084,0.18535534925639846,0.6683562027069314,0.48300085345053295
1542344400,2018-11-16,52.52,52.58,51.88,52.57,2262875.0,50.3555,52.36311027094332,48.34788972905668,51.25916666666667,49.320166666666665,50.28966666666667,50.3555,0.6999999999999957,51.853249999999996,48.85775,0,65.96268962707026,5.859846959323407,23.219246270688785,66.39990657467546,50.47702965951379,0.9320635518831654,20.116752027731973,109684466.0,1645808.04,0,0.34347672641912363,100.0,96.0,4.0,50.3555,50.531834941463934,49.52411641117577,0.22472796384956906,0.7639108082624944,0.5391828444129253
1542603600,2018-11-19,52.53,52.9,52.3,52.84,2612362.0,50.51950000000001,52.762466562389434,48.27653343761058,51.412166666666664,49.472166666666666,50.442166666666665,50.51950000000001,0.6000000000000014,52.01800000000001,49.02100000000001,0,67.00139756035757,6.618240516545604,26.029847531475703,67.68250759078035,50.73283282743672,0.9083447267486536,21.726513078698172,112296828.0,1674428.04,1,0.3861390541322334,100.0,96.0,4.0,50.51950000000001,50.751660185134035,49.6541510617179,0.2499404868511208,0.8516084529768264,0.6016679661257056
1542690000,2018-11-20,53.15,53.57,52.53,53.04,2506508.0,50.6895,53.145345882786,48.233654117214,51.59616666666667,49.62716666666667,50.611666666666665,50.6895,1.0399999999999991,52.20975,49.169250000000005,0,67.76834128087586,6.849315068493148,28.644732033346987,77.01246486345792,51.060150600800256,0.9177486748380355,23.71881546044333,114803336.0,1699824.8,0,0.3928614681144036,100.0,92.0,8.0,50.6895,50.96959731035937,49.78692945145445,0.2599191552576122,0.926566910197721,0.6666477549401087
1542776400,2018-11-21,52.8,52.89,51.95,52.09,1723808.0,50.7505,53.28072904101525,48.220270958984756,51.6505,49.7485,50.6995,50.7505,1.0899999999999963,52.23175,49.26925000000001,0,60.71297642038539,2.3982701002555653,27.802573282348668,76.99097390015913,51.27288261481701,0.9300523409210326,24.481773087979445,113079528.0,1706107.22,0,0.38756264115352146,96.0,92.0,4.0,50.7505,51.076302328420375,49.87724594355427,0.18584371872450944,0.8989524033457457,0.7131086846212362
1542949200,2018-11-23,52.2,52.49,51.84,52.4,1343420.0,50.874,53.472187060239676,48.27581293976033,51.75033333333333,49.86933333333334,50.80983333333334,50.874,0.6499999999999986,52.313250000000004,49.43475,0,62.06940448377411,4.946925695974362,27.674247199339693,79.7643621612633,51.537545160010595,0.910048602283816,24.994854719666726,114422948.0,1713517.0,0,0.4910331658947469,92.0,48.0,44.0,50.874,51.202368773332715,49.9761774751796,0.14295463538376496,0.8918019788509426,0.7488473434671776
1543208400,2018-11-26,52.47,52.67,52.0,52.39,2325118.0,51.0325,53.59425623352356,48.47074376647644,51.83616666666667,50.06616666666667,50.95116666666667,51.0325,0.6700000000000017,52.3885,49.6765,0,61.99672178150755,6.440471353108496,27.54050640374462,80.29066720294283,51.77929877198504,0.8929022735492579,25.640286235277586,112097830.0,1736162.38,0,0.4688393288579531,88.0,48.0,40.0,51.0325,51.31547650920579,50.0708371820353,0.10111339571105749,0.8752390881059995,0.774125692394942
1543294800,2018-11-27,52.47,52.91,52.31,52.89,2403966.0,51.1705,53.8188162575487,48.5221837424513,51.96183333333333,50.222833333333334,51.092333333333336,51.1705,0.5999999999999943,52.497249999999994,49.84375,0,64.20293415761066,5.505685218432072,28.31784872320521,81.52224152083788,51.93024155993605,0.8719806825814533,26.462783410403574,114501796.0,1761880.18,0,0.4994010379955048,84.0,48.0,36.0,51.1705,51.46543112737666,50.18139258666136,0.0944388617374251,0.8921742695667234,0.7977354078292983
1543381200,2018-11-28,52.97,53.11,52.56,52.88,2051067.0,51.30400000000001,54.01365975723831,48.59434024276171,52.07899999999999,50.382999999999996,51.23100000000001,51.30400000000001,0.5499999999999972,52.59850000000001,50.00950000000001,0,64.12456285535765,5.317665803624779,28.916770277110754,82.00382295772583,52.08671532241091,0.8489820623970636,27.409545576929,112450729.0,1783834.94,0,0.4560535766911614,80.0,48.0,32.0,51.30400000000001,51.60015197238841,50.28722032836091,0.0773937738877879,0.8944776251890332,0.8170838513012453
1543467600,2018-11-29,52.88,52.91,52.12,52.6,2133227.0,51.4535,54.10205639924783,48.80494360075217,52.21883333333333,50.53283333333333,51.37583333333333,51.4535,0.7899999999999991,52.733,50.174,0,61.89761262252558,6.027010683329978,28.493993170887777,74.79322470343985,52.20118383002726,0.8447690579401305,27.409600436244936,110317502.0,1795001.62,0,0.430722179904251,76.0,48.0,28.000000000000004,51.4535,51.69537559406571,50.377917570385975,0.03733499015383146,0.8637525889935347,0.8264175988397032
1543554000,2018-11-30,52.77,53.63,52.57,53.59,3761035.0,51.675,54.25947286694919,49.090527133050806,52.43833333333333,50.711333333333336,51.57483333333333,51.675,1.0600000000000023,52.98524999999999,50.36475,0,66.25875935951854,9.011391375101724,29.945664433157642,76.86824280359194,52.389079397544535,0.8601426966586928,28.106358162462488,114078537.0,1839962.94,1,0.4963153023357181,100.0,76.0,24.0,51.675,51.8758160136785,50.503881587233586,0.06591495438007733,0.9088112918147999,0.8428963374347226
1543813200,2018-12-03,53.52,53.91,52.95,53.91,2216782.0,51.931999999999995,54.32501984947815,49.53898015052184,52.614999999999995,50.985,51.8,51.931999999999995,0.9599999999999937,53.16949999999999,50.6945,0,67.52352083958274,10.539265942177554,31.667520651831772,77.7020174835109,52.514148473103404,0.8672753611830715,28.992467280404433,116295319.0,1817520.6,0,0.5476841814012731,100.0,80.0,20.0,51.931999999999995,52.06954782189959,50.63745485832247,0.09311007885127143,0.9592839359988119,0.8661738571475405
1543899600,2018-12-04,54.09,54.76,53.97,54.07,2870160.0,52.16850000000001,54.42090560290469,49.91609439709533,52.86583333333333,51.23683333333334,52.05133333333333,52.16850000000001,0.8500000000000014,53.40825000000001,50.92875000000001,0,68.15183719757385,9.58654235914065,33.327409186436526,78.70211143661251,52.71905850875758,0.8660414068128521,30.445589639848027,119165479.0,1849160.56,0,0.4317424970293774,100.0,84.0,16.0,52.16850000000001,52.26006707695677,50.772064471721585,0.10758855631545705,1.0006595525418618,0.8930709962264047
1544072400,2018-12-06,54.3,54.44,53.11,54.22,2669724.0,52.391,54.52793144485178,50.254068555148216,53.12166666666667,51.41066666666667,52.26616666666666,52.391,1.3299999999999983,53.692249999999994,51.08975,0,68.74849865322331,8.941129194293742,34.933124384434265,76.45665151284678,52.89743066543633,0.8991813063262197,30.31074534096374,121835203.0,1869619.36,0,0.4568737544071967,100.0,88.0,12.0,52.391,52.44672735534184,50.90727762969329,0.11245410736386341,1.0336386304312342,0.9211845230673708
1544158800,2018-12-07,54.25,54.68,53.82,54.47,1442141.0,52.589999999999996,54.72301664315969,50.456983356840304,53.32933333333333,51.60733333333334,52.46833333333334,52.589999999999996,0.8599999999999994,53.89724999999999,51.28275,0,69.742976128569,7.88274905921964,36.67401725533704,75.72656935944057,53.07418575765161,0.8963826415886326,30.390356672385813,123277344.0,1863264.46,0,0.417541649025472,100.0,92.0,8.0,52.589999999999996,52.63941998816642,51.046992232450414,0.11716486286625538,1.06764060165019,0.9504757387839347
1544418000,2018-12-10,54.44,54.75,53.47,54.61,2099563.0,52.79,54.89279813581717,50.687201864182825,53.557,51.75600000000001,52.656499999999994,52.79,1.2800000000000011,54.156499999999994,51.423500000000004,0,70.30008955663703,7.903576368306658,38.34263369363866,69.00255053312551,53.204119137623806,0.9237838814751589,29.90761158711437,125376907.0,1880406.3,0,0.4023126280581133,100.0,96.0,4.0,52.79,52.82709427500772,51.18671802725628,0.11424466448926984,1.093281569395522,0.9790369049062522
1544504400,2018-12-11,54.77,55.16,54.28,55.03,1618780.0,52.9875,55.15185556228548,50.82314443771451,53.74916666666667,51.948166666666665,52.84866666666667,52.9875,0.8799999999999955,54.35399999999999,51.621,0,71.9321072978193,7.732967893500398,40.42293470102346,68.09110982601752,53.33215707091403,0.9206564613697902,29.83901301410424,126995687.0,1870778.04,0,0.38467586726593533,100.0,96.0,4.0,52.9875,53.036894820245074,51.33743496736388,0.12430317285040893,1.1344158709692636,1.0101126981188546
1544590800,2018-12-12,54.89,55.29,54.44,54.46,2531650.0,53.142999999999994,55.26080169043186,51.025198309568125,53.89633333333334,52.142333333333326,53.01933333333333,53.142999999999994,0.8500000000000014,54.47424999999999,51.811749999999996,0,66.69641420143948,6.05647517039922,39.89502641896092,59.8899254010491,53.46855889458783,0.9156095712719481,29.893132646231738,124464037.0,1900092.38,0,0.30856335019240433,96.0,92.0,4.0,53.142999999999994,53.1724286468884,51.45988849805549,0.07850640027212274,1.108245698459008,1.0297392981868854
1544677200,2018-12-13,54.52,55.26,54.52,55.08,2091450.0,53.318000000000005,55.468438094899746,51.167561905100264,54.07266666666667,52.31766666666666,53.19516666666666,53.318000000000005,0.7999999999999972,54.654500000000006,51.981500000000004,0,69.25836937400592,6.785575804575417,40.50525211595255,65.80457609884955,53.63024376596851,0.907351744752523,29.943386590350126,126555487.0,1914905.52,0,0.3773533418798632,100.0,96.0,4.0,53.318000000000005,53.3541021090895,51.60185365499449,0.07586545016834867,1.124571110897321,1.0487056607289724
1544763600,2018-12-14,55.11,55.31,54.49,54.71,2094214.0,53.488,55.510351107002926,51.46564889299707,54.24933333333333,52.50333333333333,53.376333333333335,53.488,0.8200000000000003,54.81775,52.15825,0,66.06577675887327,6.626388618203076,39.54810797610121,64.11298468423124,53.76611078920096,0.901112334413057,30.0408591818423,124461273.0,1921121.42,0,0.3084806280558115,96.0,92.0,4.0,53.488,53.483235241557175,51.7237417469555,0.03705977660634785,1.0950303814869073,1.0579706048805595
1545022800,2018-12-17,54.91,55.01,52.9,53.13,2588550.0,53.549,55.44706111598018,51.650938884019816,54.39799999999999,52.576,53.487,53.549,2.1099999999999994,54.93575,52.16225,0,54.72616867742778,2.350221537276066,32.89219738663538,56.544842383588815,53.86011616687455,0.9874614533835528,28.09551356029806,121872723.0,1952205.94,0,0.23212064314237457,92.0,88.0,4.0,53.549,53.449593789980305,51.77888912942783,-0.09968282740736689,0.933367070621351,1.033049898028718
1545109200,2018-12-18,53.34,53.92,52.8,52.98,2150084.0,53.56949999999999,55.43337204496336,51.70562795503662,54.463499999999996,52.5995,53.531499999999994,53.56949999999999,1.1200000000000045,54.98774999999999,52.15124999999999,0,53.80329775685629,0.7799124976222116,27.350674761735277,49.6695240780154,53.90446333944409,0.9969284924275852,26.40917197503486,119722639.0,1960147.68,0,0.11937518315119575,88.0,76.0,12.0,53.56949999999999,53.40487057188694,51.82599151650909,-0.19915567222906516,0.7841053077423865,0.9832609799714517
1545195600,2018-12-19,53.22,53.87,52.7,53.17,2060708.0,53.586,55.42947931911262,51.742520680887374,54.520333333333326,52.599333333333334,53.55983333333334,53.586,1.1699999999999946,55.047,52.125,0,54.81916946088121,0.6245268735806174,23.4359195398455,49.70783098136373,53.92943384161817,1.0092907429684714,24.96801043374709,121783347.0,1971431.54,0,0.09642681252664245,84.0,76.0,8.0,53.586,53.38250194599294,51.87869773154795,-0.2479021013677174,0.673383353261805,0.9212854546295224
1545282000,2018-12-20,53.2,53.84,52.34,53.07,2574313.0,53.5875,55.429247811182606,51.74575218881739,54.545166666666674,52.57816666666666,53.56166666666667,53.5875,1.5,55.083,52.092,0,54.159351492233405,0.05656108597285282,20.03068004023683,49.01714380344705,53.95319824796209,1.0443414041850092,24.0730858030587,119209034.0,1990593.06,0,0.07902539557831068,80.0,76.0,4.0,53.5875,53.35273985589837,51.92541546756568,-0.28024093099778313,0.5709842908822935,0.8512252218800767
1545368400,2018-12-21,52.83,54.35,52.52,52.52,5077462.0,53.609,55.389335923357145,51.82866407664286,54.63066666666667,52.574666666666666,53.602666666666664,53.609,1.8299999999999983,55.16,52.05800000000001,0,50.63118657932213,0.8254943367248986,15.603763553516522,50.94388031656538,53.906693195479534,1.1004598753146513,22.505478264027737,114131572.0,2051561.86,-1,-0.1750021495678838,76.0,72.0,4.0,53.609,53.27343129819376,51.948732508053304,-0.32867976318658965,0.4403755178968396,0.7690552810834292
1545627600,2018-12-24,52.65,52.9,50.06,50.08,1006917.0,53.492999999999995,55.79825573418568,51.18774426581431,54.678666666666665,52.403666666666666,53.54116666666666,53.492999999999995,2.8399999999999963,55.20824999999999,51.77775,0,38.821231183944086,-4.427480916030535,5.272682056648337,46.172985802229945,53.83942976440929,1.2247127413636048,23.305747056668896,113124655.0,2019543.4,0,-0.2790682038588226,72.0,-28.0,100.0,53.492999999999995,52.96929498408007,51.875448880286505,-0.5045367783956217,0.13838430808890223,0.642921086484524
1545800400,2018-12-26,50.2,50.85,49.47,50.76,1303185.0,53.411500000000004,55.968484747705006,50.854515252295,54.6145,52.2685,53.4415,53.411500000000004,1.3800000000000026,55.18,51.64300000000001,0,42.739386350075584,-3.11128077877458,-0.6053208010537507,39.37845033984204,53.65543709140737,1.2358046884090617,24.413140441155527,114427840.0,2007476.0,0,-0.1883763212221409,68.0,-28.0,96.0,53.411500000000004,52.758885937977205,51.83170578694194,-0.5507772744077529,-0.04555050652516712,0.5052267678825858
1545886800,2018-12-27,50.77,51.18,50.02,51.18,2672762.0,53.326,56.05555234424915,50.59644765575085,54.547000000000004,52.145,53.346000000000004,53.326,1.1599999999999966,55.1365,51.5155,0,45.02833758954267,-3.233125354509361,-3.9312283699150816,47.692726688556455,53.38828742893636,1.2303900678084143,25.002315451939914,117100602.0,2024896.6,0,-0.1600538407374043,64.0,-28.0,92.0,53.326,52.60851584864604,51.806148697257946,-0.528689903840208,-0.15563561191767405,0.37305429192253386
1545973200,2018-12-28,51.22,51.74,50.94,51.1,1242815.0,53.237,56.13009591959826,50.34390408040174,54.48,52.05300000000001,53.26649999999999,53.237,0.8000000000000043,55.066250000000004,51.40775,0,44.67030991304839,-3.366111951588504,-6.606614870919309,47.230743489707244,53.25992932176279,1.1996479201078134,24.839882694822453,115857787.0,2011161.78,0,-0.20876203720311406,60.0,-28.0,88.0,53.237,52.46484767258452,51.77845659148312,-0.49563764736907245,-0.24649276728880665,0.24914488008026578
1546232400,2018-12-31,51.08,51.4,50.56,51.39,1752865.0,53.1765,56.16923971470893,50.183760285291065,54.41116666666667,51.97916666666667,53.19516666666666,53.1765,0.8399999999999963,55.009499999999996,51.3435,0,46.29957887345746,-2.3003802281368837,-7.977576759291387,47.93533721894237,53.0684321781366,1.173958782957255,24.975395166889932,117610652.0,2003012.4,0,-0.20881179562694005,56.00000000000001,-27.999999999999993,84.0,53.1765,52.36248122757647,51.76322299966026,-0.43270327267110814,-0.2917342107586194,0.14096906191248876
1546405200,2019-01-02,51.3,51.32,49.89,50.16,1799762.0,53.004999999999995,56.26452450519952,49.74547549480047,54.28933333333333,51.82033333333334,53.05483333333333,53.004999999999995,1.5,54.870999999999995,51.138999999999996,0,40.91994088195563,-6.400447844747166,-11.504317243019225,42.44607781997338,52.8247439594897,1.197247441317451,25.570498279705607,115810890.0,2003765.52,0,-0.2806398694209092,52.0,-28.0,80.0,53.004999999999995,52.15272111066442,51.70035150947751,-0.4503551198147556,-0.4219748378559558,0.028380281958799852
1546491600,2019-01-03,50.21,50.72,49.93,50.13,1469624.0,52.815999999999995,56.275904044911684,49.35609595508831,54.11433333333334,51.662333333333336,52.888333333333335,52.815999999999995,0.7899999999999991,54.66924999999999,50.96275,0,40.79823545921899,-7.011686143572611,-14.26725665206299,44.19505759532988,52.53721731311595,1.1681583383662044,26.12309402732016,114341266.0,2003696.68,0,-0.23416272232145535,48.0,-28.0,76.0,52.815999999999995,51.96008100488686,51.63876909734114,-0.4399838636018701,-0.5215995475435378,-0.08161568394166768
1546578000,2019-01-04,49.89,50.78,49.86,50.64,1664325.0,52.64450000000001,56.17802218048739,49.11097781951263,53.92883333333333,51.46383333333333,52.696333333333335,52.64450000000001,0.9200000000000017,54.50300000000001,50.78600000000001,0,43.78991119518291,-6.3436286295542805,-15.1658033535922,43.07081087150955,52.24643218037848,1.1504327427686185,26.687424426922295,116005591.0,2011752.44,0,-0.23471311658192048,44.0,-28.0,72.0,52.64450000000001,51.83435900442145,51.59960168175913,-0.3771275968049475,-0.553025179947852,-0.17589758314290455
1546837200,2019-01-07,50.38,50.94,50.2,50.51,1337843.0,52.459,56.03152235822205,48.88647764177796,53.73066666666667,51.324666666666666,52.52766666666666,52.459,0.7399999999999949,54.273250000000004,50.64475,0,43.20410434608332,-6.842493544817413,-16.113402141316694,48.96704162225959,51.97835763224658,1.1211161182851455,26.96468005276797,114667748.0,2004806.08,0,-0.2146438719029602,40.0,-28.0,68.0,52.459,51.70822957542893,51.556872204043096,-0.3246535263132281,-0.5817144910344396,-0.25706096472121154
1546923600,2019-01-08,50.44,51.6,50.28,51.44,1721022.0,52.307500000000005,55.7816840768728,48.83331592312721,53.59283333333333,51.14083333333333,52.36683333333334,52.307500000000005,1.3200000000000003,54.15625,50.45875000000001,0,48.4020182973779,-5.5626950615017465,-14.538597622946877,56.804650595166194,51.76620515384829,1.1353221098362065,26.26390587551246,116388770.0,2005899.64,0,-0.1017656700128787,36.0,-28.0,64.0,52.307500000000005,51.68268390157856,51.55228898035513,-0.21305091810967897,-0.5233746123583103,-0.3103236942486313
1547010000,2019-01-09,51.36,51.69,51.02,51.16,1629354.0,52.135000000000005,55.47475747622437,48.79524252377564,53.413,51.022000000000006,52.217499999999994,52.135000000000005,0.6699999999999946,53.938,50.33200000000001,0,47.037718363618424,-6.317524262955508,-13.81536515402024,63.97611183953497,51.62230438188488,1.1020848162764771,25.488803210432174,114759416.0,2000859.92,0,-0.08501306450831048,32.0,-28.0,60.0,52.135000000000005,51.632904482380596,51.53690509877258,-0.1469718681963052,-0.49403852949401283,-0.34706666129770763
1547096400,2019-01-10,51.27,52.26,51.07,52.19,1902911.0,51.992999999999995,55.058570746206414,48.927429253793576,53.27933333333333,50.85733333333333,52.06833333333334,51.992999999999995,1.1899999999999977,53.81925,50.16674999999999,0,52.249431693583965,-5.160821370161736,-10.757161224705133,63.69080766155787,51.514292461911474,1.1083644722567285,24.010243200866118,116662327.0,2001167.22,0,-0.008757916111052628,28.000000000000004,-28.000000000000004,56.00000000000001,51.992999999999995,51.68596119834435,51.562516663526594,-0.028953957450126466,-0.3832591081103658,-0.3543051506602393
1547182800,2019-01-11,52.12,52.34,51.7,52.14,1481878.0,51.876999999999995,54.72849153952745,49.025508460472544,53.135333333333335,50.73433333333334,51.93483333333334,51.876999999999995,0.6400000000000006,53.68749999999999,50.0665,0,51.98801923705491,-4.2600073448402505,-8.456815597840093,72.2804110179606,51.39034033036326,1.0749098670955337,22.5345871988618,115180449.0,2007185.12,0,0.014830758618082076,24.0,-28.0,52.0,51.876999999999995,51.72920298897822,51.585163068878494,0.04657444614917472,-0.2960870929737709,-0.3426615391229456
1547442000,2019-01-14,51.62,51.96,51.14,51.81,2569940.0,51.713499999999996,54.15749897708585,49.26950102291414,52.9735,50.564499999999995,51.76899999999999,51.713499999999996,1.0,53.538999999999994,49.888,0,50.24167775164306,-5.936819172113283,-7.2720202466020165,58.083050026192296,51.04222140475716,1.0695591623029956,21.811502524441494,112610509.0,2023165.18,0,0.3011525747489822,20.0,-28.0,48.0,51.713499999999996,51.736897942408866,51.59398020343228,0.07353682765314218,-0.25074050455651786,-0.32427733220966004
1547528400,2019-01-15,51.59,52.87,51.59,52.47,1679259.0,51.6015,53.66101717642673,49.54198282357327,52.87016666666667,50.415166666666664,51.64266666666667,51.6015,1.279999999999994,53.4615,49.7415,0,53.52809545844362,-4.094315481630419,-4.814014521844657,63.46378317632207,51.131294255773746,1.084590650709924,20.49861459172666,114289768.0,2010172.1,0,0.3597627092471601,16.0,-28.0,44.0,51.6015,51.80671718598897,51.62833392094474,0.13165743667060986,-0.15970553637139773,-0.2913629730420076
1547614800,2019-01-16,52.32,52.75,52.25,52.67,2371661.0,51.5785,53.57864274490516,49.578357255094836,52.73350000000001,50.4395,51.5865,51.5785,0.5,53.31775,49.83925,0,54.486955835775824,-0.8658008658008673,-2.401590754511454,70.18216427700972,51.30466694794938,1.0428341756592152,19.279504368491455,116661429.0,2021159.04,0,0.3635232734737776,12.0,-28.0,40.0,51.5785,51.888934596847164,51.669183571103765,0.17660444140803003,-0.07060742128197006,-0.2472118626900001
1547701200,2019-01-17,52.72,53.28,52.55,53.16,1749024.0,51.5875,53.61423012510219,49.56076987489781,52.70216666666666,50.44716666666667,51.574666666666666,51.5875,0.730000000000004,53.2975,49.8775,0,56.78642493361234,0.3397508493771229,0.6217767143492373,69.15873428464435,51.482164524622775,1.020488877397843,18.747035564790625,118410453.0,2009131.02,0,0.31580680278250123,8.0,-28.0,36.0,51.5875,52.00998844476648,51.72764696047225,0.22904289519986396,0.03909175630982986,-0.1899511388900341
1547787600,2019-01-18,53.22,53.58,53.1,53.47,1694422.0,51.6025,53.67966994971445,49.52533005028555,52.6745,50.4885,51.58149999999999,51.6025,0.4799999999999969,53.260749999999994,49.944250000000004,0,58.193062014341876,0.5642279480910234,3.725864206603712,69.8024541676449,51.62305669175944,0.9818825290122827,18.56952073578829,120104875.0,2007183.38,0,0.377073604797917,4.0,-28.0,32.0,51.6025,52.149037164312524,51.79597453064981,0.27141871915135574,0.1493222600491606,-0.12209645910219516
1548133200,2019-01-22,53.57,53.96,52.79,53.32,1961778.0,51.614999999999995,53.73000827421472,49.49999172578527,52.67166666666667,50.51866666666667,51.59516666666667,51.614999999999995,1.1700000000000017,53.24849999999999,49.9815,0,57.24399310743208,0.4710759374411155,5.8967081225520515,68.9909560876809,51.794375551284986,0.9953194912256912,18.78887326118537,118143097.0,2029956.06,0,0.2982032376355405,4.0,-24.000000000000004,28.000000000000004,51.614999999999995,52.260557434378,51.85574023533021,0.2752913274307558,0.22201770018624956,-0.05327362724450621
1548219600,2019-01-23,53.27,53.99,53.27,53.96,1435697.0,51.687,54.008319452379766,49.36568054762023,52.64666666666667,50.60466666666667,51.62566666666667,51.687,0.7199999999999989,53.237249999999996,50.13675,0,60.16201790066801,2.741812642802737,9.00709894975761,75.73936383581321,52.00520452850081,0.975653813280999,19.022957430177957,119578794.0,2030175.74,0,0.4013602187283194,100.0,76.0,24.0,51.687,52.42240910729438,51.938260226101576,0.3046163673279794,0.3274968319154681,0.022880464587488644
1548306000,2019-01-24,54.14,54.18,53.54,54.09,1691364.0,51.8875,54.30950639966055,49.46549360033946,52.682833333333335,50.86083333333333,51.77183333333333,51.8875,0.6400000000000006,53.27275,50.502250000000004,0,60.73499500625933,8.007188498402567,11.797686336156385,81.74396084330381,52.239494926132,0.9516785409037849,19.439170342134727,121270158.0,2035918.28,0,0.47577344785062364,100.0,80.0,20.0,51.8875,52.58122728755205,52.02264217801917,0.31511594035326207,0.4167753900290663,0.10165944967580418
1548392400,2019-01-25,53.92,54.18,53.1,53.16,1396712.0,52.00749999999999,54.43198241899102,49.58301758100897,52.82383333333333,51.03183333333333,51.92783333333333,52.00749999999999,1.0799999999999983,53.37024999999999,50.644749999999995,0,54.79980112375689,4.728132387706853,11.671270368843405,75.82768588337866,52.432395456418256,0.9608443594106573,19.096184819862426,119873446.0,2036353.1,0,0.3835018977111104,96.0,80.0,16.0,52.00749999999999,52.63634849826138,52.06724444554783,0.24490073386922095,0.40778536701233037,0.16288463314310941
1548651600,2019-01-28,53.27,53.46,52.68,53.02,1647358.0,52.0995,54.5310301766576,49.667969823342396,52.91783333333333,51.163833333333336,52.04083333333333,52.0995,0.7800000000000011,53.433749999999996,50.76525,0,53.964154298549424,3.5951543571707765,11.20994681986164,69.52476849483637,52.57442989370983,0.9479269051670389,18.142569266213737,118226088.0,2046055.2,0,0.3789715712863461,92.0,80.0,12.0,52.0995,52.6728867365222,52.10460740846752,0.1776336405480195,0.3849266838281338,0.20729304328011428
1548738000,2019-01-29,53.2,53.54,53.02,53.21,1645456.0,52.205,54.637007401303805,49.77299259869619,53.00366666666666,51.27766666666666,52.14066666666666,52.205,0.519999999999996,53.518249999999995,50.89175,0,54.945636888011826,4.1291585127201555,11.23041606946872,69.51722932119793,52.72121634011502,0.9173606976551073,17.362509582999895,119871544.0,2048367.44,0,0.30984869156756556,88.0,80.0,8.0,52.205,52.72404038066294,52.147956137547226,0.13639558568977128,0.3777875253923284,0.24139193970255712
1548824400,2019-01-30,52.89,53.54,52.83,53.39,1633888.0,52.30499999999999,54.75911083694206,49.85088916305793,53.104,51.391,52.2475,52.30499999999999,0.7100000000000009,53.60849999999999,51.00149999999999,0,55.88359171021197,3.891807744697412,11.627378246969853,62.974888461462506,52.84998561032705,0.9025492192511712,16.343197387163517,121505432.0,2044531.96,0,0.38589194855682324,84.0,80.0,4.0,52.30499999999999,52.78746510631409,52.19666373999635,0.11268474508419973,0.3822478710578068,0.26956312597360704
1548910800,2019-01-31,53.84,55.16,53.32,54.84,5026810.0,52.539,55.02268194421032,50.055318055789684,53.32366666666667,51.56966666666667,52.44666666666667,52.539,1.8399999999999963,53.868,51.21,0,62.50292629729283,9.330143540669871,14.966681244677485,67.32690132063811,53.204265597989306,0.9695099893046587,17.205099760816545,126532242.0,2093951.98,1,0.3999646404281636,100.0,76.0,24.0,52.539,52.98294461999846,52.30032398548669,0.1819941859790996,0.49705585844748157,0.31506167246838196
1548997200,2019-02-01,54.84,54.94,54.03,54.63,2101890.0,52.763999999999996,55.14727002246834,50.38072997753165,53.54333333333334,51.77733333333333,52.660333333333334,52.763999999999996,0.9099999999999966,54.102,51.425999999999995,0,61.105206584123614,8.976660682226212,17.01393502198678,68.12909244058096,53.36120234161604,0.9652592757828972,18.00543767920864,124430352.0,2090732.28,0,0.3952852893438738,96.0,76.0,20.0,52.763999999999996,53.139807037141466,52.3916838291931,0.19962149829523768,0.5645885453374291,0.3649670470421914
1549256400,2019-02-04,54.23,54.53,53.76,54.53,2005311.0,52.958499999999994,55.249816433842376,50.66718356615761,53.72816666666667,51.97716666666666,52.852666666666664,52.958499999999994,0.8700000000000045,54.29274999999999,51.624249999999996,0,60.42785520493869,7.681674565560822,18.367086801491457,69.21133806253661,53.58448760744677,0.9584550417984048,18.307690643469634,122425041.0,2078591.26,0,0.4166393919034969,92.0,76.0,16.0,52.958499999999994,53.27220636693752,52.47553936530318,0.19049636607410403,0.6030875046348214,0.4125911385607174
1549342800,2019-02-05,54.56,54.88,54.23,54.76,1520627.0,53.17100000000001,55.2969247399652,51.045075260034814,53.92733333333333,52.18533333333333,53.05633333333334,53.17100000000001,0.6500000000000057,54.49850000000001,51.843500000000006,0,61.462110981418746,8.41417541080974,19.91031122590182,69.11307165141625,53.7179031411833,0.9364225388128048,18.937665774228584,123945668.0,2058873.64,0,0.43082542470119467,88.0,76.0,12.0,53.17100000000001,53.41390099865775,52.56512605685992,0.18570732371568122,0.6447252932053189,0.4590179694896377
1549429200,2019-02-06,54.67,54.96,54.39,54.53,1288468.0,53.3255,55.373469482193514,51.27753051780648,54.06583333333333,52.398833333333336,53.23233333333334,53.3255,0.5700000000000003,54.59675,52.054249999999996,0,59.81646835381157,6.006998444790054,20.4917544046101,67.9520170848357,53.86436385017914,0.9102495003261758,19.60199137257897,122657200.0,2050166.84,0,0.3635985932578208,84.0,76.0,8.0,53.3255,53.52019614164273,52.64217993698306,0.15410771808152396,0.6516526170915427,0.4975448990100187
1549515600,2019-02-07,54.58,55.32,54.32,55.32,1852675.0,53.533500000000004,55.50297988057657,51.56402011942344,54.26716666666666,52.567166666666665,53.417166666666674,53.533500000000004,1.0,54.8295,52.237500000000004,0,63.363147207078654,8.131352619233784,22.49854856674616,68.15453914881736,53.99806486131477,0.9166602503028775,20.571488927868337,124509875.0,2060351.94,0,0.38742486515103935,100.0,96.0,4.0,53.533500000000004,53.69160603291485,52.74719248847393,0.17210304876799487,0.7126737099700122,0.5405706612020174
1549602000,2019-02-08,55.15,55.37,54.83,55.35,2295870.0,53.6915,55.710888768909,51.672111231090994,54.40183333333333,52.76683333333333,53.58433333333333,53.6915,0.5399999999999991,54.93875,52.44425,0,63.491952268777894,6.054799770070902,24.171204745440413,68.92964786630819,54.13487587374262,0.8897559467098147,21.520350950846282,126805745.0,2059766.98,0,0.42287356830945494,100.0,92.0,8.0,53.6915,53.84954831549439,52.84926337127887,0.17134649759377174,0.7547537831942321,0.5834072856004604
1549861200,2019-02-11,55.08,55.69,55.06,55.43,1725619.0,53.85600000000001,55.87905116099316,51.83294883900686,54.568,52.934000000000005,53.751,53.85600000000001,0.6299999999999955,55.102500000000006,52.60950000000001,0,63.848718381007835,6.309934790947446,25.692615556473182,75.81223183823474,54.27050468370842,0.8712019505162562,22.71133534314613,128531364.0,2046200.04,0,0.4443496610791583,100.0,96.0,4.0,53.85600000000001,54.00006752354254,52.95046872926794,0.16167663967931212,0.7855030851996005,0.6238264455202884
1549947600,2019-02-12,55.61,55.8,55.08,55.53,1391814.0,54.04200000000001,55.959702792404414,52.1242972075956,54.75466666666667,53.13066666666667,53.94266666666666,54.04200000000001,0.7199999999999989,55.267500000000005,52.81650000000001,0,64.30765892729374,7.180081065431382,27.14366473400557,75.81304195997527,54.359805693132984,0.8604018111936663,23.92190523707564,129923178.0,2033014.98,0,0.40950513067578725,100.0,92.0,8.0,54.04200000000001,54.145775378443254,53.05162681831626,0.1478348632207811,0.8086200245462649,0.6607851613254838
1550034000,2019-02-13,55.35,55.51,55.03,55.35,1576312.0,54.186,56.041418012199834,52.330581987800166,54.864,53.32000000000001,54.092,54.186,0.5,55.353,53.019,0,62.79715588432265,5.488850771869645,27.74221354762698,69.84028893116636,54.44068225360439,0.834658824679833,24.931571914719317,128346866.0,2021876.68,0,0.3857816194861718,96.0,92.0,4.0,54.186,54.26046343763914,53.14175909995092,0.11389792641057395,0.8031575693387012,0.6892596429281272
1550120400,2019-02-14,55.46,55.69,55.09,55.39,1874090.0,54.322,56.110536832160726,52.53346316783928,55.010666666666665,53.45666666666667,54.23366666666667,54.322,0.5999999999999943,55.496500000000005,53.1475,0,63.00044740209578,5.164230112018224,28.323434571061775,75.38708882070634,54.55381507670916,0.8178974800598445,26.057512781175923,130220956.0,1984137.78,0,0.4241108775855772,92.0,80.0,12.0,54.322,54.36803834834017,53.22992540975677,0.08292505233203062,0.7929159583431655,0.7099909060111349
1550206800,2019-02-15,55.58,55.79,55.21,55.46,1865696.0,54.437,56.207571659096416,52.66642834090358,55.12766666666666,53.58866666666667,54.35816666666667,54.437,0.5799999999999983,55.600249999999996,53.27375,0,63.369173835846254,4.326561324303997,28.957749558593953,81.39385799074171,54.70531012768689,0.8009048029127126,27.208263042099368,132086652.0,1977116.06,0,0.41912114474456824,88.0,80.0,8.0,54.437,54.4720346961173,53.3173793152565,0.057159171535943853,0.7814398704310648,0.7242806988951209
1550552400,2019-02-19,55.46,55.71,55.16,55.62,1731253.0,54.544500000000006,56.32819812468237,52.76080187531764,55.23683333333334,53.69083333333333,54.46383333333333,54.544500000000006,0.5500000000000043,55.71300000000001,53.376000000000005,0,64.22692711142469,4.020946325042077,29.83128678976925,81.49661760508518,54.839898653498324,0.7829830312760906,28.142772798399967,133817905.0,1954337.92,0,0.47547435215814426,100.0,96.0,4.0,54.544500000000006,54.581364725058506,53.4076781656386,0.04162093573006631,0.7763068685577039,0.7346859328276376
1550638800,2019-02-20,55.54,55.71,55.32,55.52,2376251.0,54.6545,56.39335565818308,52.915644341816915,55.30583333333334,53.837833333333336,54.57183333333334,54.6545,0.39000000000000057,55.7645,53.5445,0,63.252499071953466,4.1260315078769745,30.177027991167055,87.55094233815373,54.98659955001544,0.7549128147563698,29.010531857821952,131441654.0,1948468.46,0,0.4323223460067467,96.0,92.0,4.0,54.6545,54.67075856076722,53.490514316005715,0.016620274534125512,0.7554612759952946,0.738841001461169
1550725200,2019-02-21,55.31,55.76,54.9,55.73,3238741.0,54.74300000000001,56.51137891866967,52.97462108133035,55.399,53.916999999999994,54.658,54.74300000000001,0.8599999999999994,55.86350000000001,53.62250000000001,0,64.44492103160353,3.2802075611564048,30.9357291589493,74.62613702757557,55.14647031047851,0.7624190422737719,28.674514966001585,134680395.0,1984400.46,1,0.4512255832053704,100.0,96.0,4.0,54.74300000000001,54.77163869783701,53.57833728400549,0.006744919208738542,0.7472721504720923,0.7405272312633537
1550811600,2019-02-22,55.31,55.74,55.13,55.54,2626073.0,54.8155,56.58973194650396,53.04126805349604,55.47416666666667,53.99516666666667,54.73466666666667,54.8155,0.6099999999999994,55.933749999999996,53.697250000000004,0,62.51302663411797,2.68071732298021,30.763333002942655,75.14732300598891,55.22460157904865,0.7515319678256452,28.36249928073982,132054322.0,1994930.66,0,0.4511415481445831,96.0,68.0,28.000000000000004,54.8155,54.844815964709674,53.65526523365234,-0.018674943540750832,0.7171835518374152,0.735858495378166
1551070800,2019-02-25,54.9,55.18,54.56,54.81,2905069.0,54.898,56.5019152097275,53.29408479027251,55.51966666666666,54.086666666666666,54.80316666666666,54.898,0.9799999999999969,56.00875,53.78725000000001,0,55.75355284031569,3.1038374717833066,27.44598062066143,72.71729872175337,55.253585910065404,0.7678511129809561,26.7225487317091,129149253.0,2020656.44,0,0.3459539882969848,92.0,68.0,24.0,54.898,54.84150015854685,53.7005489499797,-0.08692422567449865,0.6272032132850427,0.7141274389595413
1551157200,2019-02-26,54.91,55.12,54.45,55.04,2970735.0,54.999,56.35192128373943,53.646078716260575,55.605000000000004,54.18300000000001,54.894000000000005,54.999,0.6699999999999946,56.1015,53.8965,0,57.28534770249905,3.8098830629950884,25.30664436436466,74.0456817055782,55.247490313326985,0.7608617477680303,24.96908658174305,132119988.0,2029438.14,0,0.37288892464743867,88.0,68.0,20.0,54.999,54.86040490535191,53.753076442137356,-0.11697734283029404,0.5679057604216737,0.6848831032519678
1551243600,2019-02-27,54.85,55.08,54.65,55.04,1457171.0,55.090500000000006,56.16620395555427,54.01479604444574,55.68383333333334,54.27083333333333,54.977333333333334,55.090500000000006,0.4299999999999997,56.18625,53.99475000000001,1,57.28534770249905,3.4392031573012556,23.548425505305566,74.19730274973267,55.25845010211504,0.7372287657845995,23.340871728203144,133577159.0,2016752.56,0,0.432402302664321,84.0,68.0,16.0,55.090500000000006,54.877509200080304,53.803544032641774,-0.13592585735052998,0.5149757815638054,0.6509016389143354
1551330000,2019-02-28,55.04,55.39,54.7,55.16,2761741.0,55.178999999999995,55.91956464943652,54.438435350563466,55.77433333333333,54.36333333333333,55.06883333333334,55.178999999999995,0.6899999999999977,56.27324999999999,54.08475,1,58.12345429063413,3.3152275707061176,22.41287420178788,74.95925367830682,55.2590962553512,0.7338552825142708,22.464946672402924,136338900.0,2030103.1,0,0.38937209808575374,80.0,68.0,12.0,55.178999999999995,54.90441308578694,53.856738384302886,-0.13895298744662454,0.4772104046060548,0.6161633920526793
1551416400,2019-03-01,55.23,55.24,54.48,55.1,2918473.0,55.19200000000001,55.9172751202096,54.46672487979041,55.745333333333335,54.44233333333334,55.09383333333333,55.19200000000001,0.7600000000000051,56.20525000000001,54.17875000000001,1,57.52935601663119,0.47410649161195845,21.194901838416545,66.20549337356466,55.23499201683599,0.7357227623346804,21.13557175763223,133420427.0,2036701.56,0,0.3726630032154107,76.0,68.0,8.0,55.19200000000001,54.92304041095009,53.90549374178121,-0.14301269259389282,0.43739752631031337,0.5804102189042062
1551675600,2019-03-04,55.65,55.65,54.58,54.92,2516313.0,55.20649999999999,55.89701502517688,54.515984974823105,55.77916666666666,54.460166666666666,55.119666666666674,55.20649999999999,1.0700000000000003,56.23174999999999,54.18124999999999,1,55.730495747463486,0.5308438586857023,19.353108994696992,67.02139723648884,55.21205688030355,0.7595997078822032,20.694076713239177,130904114.0,2044026.14,0,0.3256858421106844,72.0,68.0,4.0,55.20649999999999,54.92275084800246,53.94527830092704,-0.15483894412997812,0.38686153874173357,0.5417004828717117
1551762000,2019-03-05,54.83,54.91,54.45,54.61,2279871.0,55.2105,55.886058287637,54.53494171236301,55.782833333333336,54.49483333333334,55.13883333333333,55.2105,0.46999999999999886,56.20575,54.215250000000005,1,52.740844169113316,0.1467082339996301,16.396268859540008,61.05262068002558,55.162953090109234,0.7389140144620457,19.972675300429934,128624243.0,2048409.4,0,0.2854700175885083,68.0,64.0,4.0,55.2105,54.8929650529546,53.97134581853775,-0.17885655185400584,0.3181297930542044,0.49698634490821025
1551848400,2019-03-06,54.76,55.11,54.46,55.0,2103074.0,55.222500000000004,55.87371041146087,54.57128958853914,55.794500000000006,54.506499999999996,55.1505,55.222500000000004,0.6499999999999986,56.21775,54.227250000000005,1,55.87547918832373,0.4382761139517933,15.240141942897816,66.34660161303827,55.13752769992378,0.7325630134290424,19.680389857768603,130727317.0,2038984.62,0,0.3067476919795577,64.0,60.0,4.0,55.222500000000004,54.903158857435116,54.01168519820293,-0.16417640783373183,0.2917658351160455,0.4559422429497773
1551934800,2019-03-07,55.01,55.58,55.01,55.25,2506221.0,55.258500000000005,55.826946127610185,54.690053872389825,55.82716666666666,54.53916666666667,55.18316666666667,55.258500000000005,0.5799999999999983,56.2545,54.26250000000001,1,57.765723236386584,1.3203741059966971,15.137338289728511,66.96557003425937,55.13413890872444,0.7216656553269678,20.191044001644816,133233538.0,1987559.8,0,0.28953575561800726,60.0,48.0,12.0,55.258500000000005,54.9361913472032,54.06024656297929,-0.13457110181902532,0.2877283656759957,0.422299467495021
1552021200,2019-03-08,55.43,55.64,55.02,55.48,2109615.0,55.26650000000001,55.84263453289576,54.69036546710426,55.82783333333333,54.57783333333333,55.20283333333333,55.26650000000001,0.6199999999999974,56.23400000000001,54.29900000000001,1,59.44806297322918,0.289226319595077,15.834282710096161,67.19672547875422,55.1301089098902,0.7144038228036128,20.757101930849405,135343153.0,2009613.76,0,0.32453501719459904,56.00000000000001,48.00000000000001,8.0,55.26650000000001,54.98798264746956,54.115923168352644,-0.09813259099075106,0.29963372875658223,0.3977663197473333
1552276800,2019-03-11,55.54,55.97,55.37,55.96,2275544.0,55.297000000000004,55.94738757675327,54.64661242324674,55.86,54.604000000000006,55.23199999999999,55.297000000000004,0.6000000000000014,56.269000000000005,54.325,1,62.71107241873452,1.10207768744354,18.01066218862696,67.71980012315737,55.1533337201705,0.7062321211747834,21.766947485860644,137618697.0,2029060.94,0,0.34902902719750023,100.0,96.0,4.0,55.297000000000004,55.08055572866293,54.18823990684862,-0.043143246736451535,0.34383726132676884,0.3869805080632204
1552363200,2019-03-12,56.17,56.33,55.85,56.14,2285250.0,55.332499999999996,56.078526138948874,54.58647386105112,55.88816666666666,54.64716666666666,55.26766666666667,55.332499999999996,0.4799999999999969,56.29324999999999,54.37175,1,63.85900016356357,1.280894822298396,20.337384653020983,67.65782501590161,55.190961400549085,0.6900726839480129,23.16849767238814,139903947.0,2021310.7,0,0.36181519248260297,100.0,92.0,8.0,55.332499999999996,55.18145518307598,54.26477951834476,0.0015438012695119796,0.3889102596501104,0.3873664583805984
1552449600,2019-03-13,56.03,56.4,55.96,56.21,1519965.0,55.366499999999995,56.202042338840435,54.530957661159555,55.91016666666667,54.69716666666666,55.30366666666667,55.366499999999995,0.4399999999999977,56.30624999999999,54.42675,1,64.3087779545413,1.2245632991175937,22.43712202005235,75.78665728545232,55.21010866568888,0.6722103493802976,24.555588591187973,141423912.0,2026853.7,0,0.29611254328877756,100.0,96.0,4.0,55.366499999999995,55.27941183230684,54.3410626744881,0.030407539022035524,0.4253758821581428,0.3949683431361073
1552536000,2019-03-14,56.33,56.75,56.04,56.47,2194927.0,55.4225,56.386385366625575,54.458614633374424,55.97783333333333,54.74183333333333,55.359833333333334,55.4225,0.7100000000000009,56.378,54.467,0,65.96484268867293,2.0234869015356773,24.96553016526616,75.49511583534041,55.27025777571813,0.6749096101388478,26.250536915596545,143618839.0,2035694.94,0,0.2865809769221286,100.0,28.0,72.0,55.4225,55.39280118161095,54.424550412743464,0.059896498821222555,0.46983896666263547,0.4099424678414129
1552622400,2019-03-15,56.23,57.3,56.18,57.11,10326704.0,55.50849999999999,56.720445130769065,54.29655486923092,56.0775,54.7895,55.4335,55.50849999999999,1.1199999999999974,56.50299999999999,54.51399999999999,0,69.61760127604668,3.105253655894564,28.93311210341744,87.28437258835966,55.709582380250474,0.7067017808432156,28.355547891592686,153945543.0,2206233.78,1,0.4173030132609305,100.0,32.0,68.0,55.50849999999999,55.556343926219434,54.52986216126333,0.11234567169990284,0.5503745574662915,0.43802888576638865
1552881600,2019-03-18,57.1,57.14,56.48,56.74,2522528.0,55.572500000000005,56.897367917943086,54.247632082056924,56.1465,54.8505,55.4985,55.572500000000005,0.6600000000000037,56.57300000000001,54.572,0,65.3495100927804,2.307969707897586,30.089786343720093,80.72220876122982,55.84059024970051,0.7033659393544147,30.310200940731956,151423015.0,2227291.86,0,0.35170421825748444,96.0,32.0,64.0,55.572500000000005,55.669073076103295,54.61653423337066,0.11172449004627977,0.5776844983242384,0.46596000827795864
1552968000,2019-03-19,56.63,56.63,55.74,55.9,1980509.0,55.5865,56.91897551572058,54.25402448427942,56.19316666666667,54.86316666666668,55.528166666666664,55.5865,1.0,56.62075,54.55225,0,56.998617255269096,0.503416037396622,26.681108557020572,76.05574923928751,55.886012707460544,0.7245540865433852,30.0869821580316,149442506.0,2233615.54,0,0.28623281985287463,92.0,32.0,60.0,55.5865,55.69106611647441,54.66686622421887,0.04762345697751158,0.5254893294998482,0.4778658725223366
1553054400,2019-03-20,56.26,56.44,55.74,55.91,2507014.0,55.605999999999995,56.945408824815935,54.266591175184054,56.234333333333325,54.873333333333335,55.55383333333333,55.605999999999995,0.6999999999999957,56.66349999999999,54.5485,0,57.067367650720236,0.7024495677233311,24.12636803789077,69.66192325314684,55.95038293621343,0.7228002232188573,29.879707574095555,151949520.0,2256998.96,0,0.23286943363108323,88.0,31.999999999999993,56.00000000000001,55.605999999999995,55.71191696252447,54.71561656836715,0.0012312356795404766,0.47940491712176225,0.4781736814422218
1553140800,2019-03-21,55.95,56.53,55.66,56.42,1486108.0,55.640499999999996,57.025671108561966,54.255328891438026,56.27183333333333,54.90983333333334,55.59083333333333,55.640499999999996,0.8700000000000045,56.69875,54.582249999999995,0,60.4610017314722,1.238112327292311,23.639083410103463,75.995129878157,56.03648428976255,0.7333144929889392,29.818285978502377,153435628.0,2252300.68,0,0.2225264182298291,84.0,32.0,52.0,55.640499999999996,55.77935344228405,54.78245513431354,0.00027653709643110647,0.4785193528127607,0.4782428157163296
1553227200,2019-03-22,56.68,57.45,56.55,57.08,1668593.0,55.717499999999994,57.23651119153045,54.19848880846954,56.36416666666666,54.97316666666667,55.66866666666666,55.717499999999994,1.0300000000000011,56.807249999999996,54.62774999999999,0,64.30461528702759,2.7727763773856666,25.133755499810906,75.50415703008767,56.145961678292174,0.7545063149183008,30.86217738090095,155104221.0,2253085.46,0,0.25966147418758856,80.0,32.0,48.0,55.717499999999994,55.9032245430189,54.872554932967915,0.03742326364585885,0.5250218952736532,0.4875986316277943
1553486400,2019-03-25,57.11,57.32,56.85,57.15,1804658.0,55.834500000000006,57.415113488489425,54.253886511510586,56.469500000000004,55.09349999999999,55.78150000000001,55.834500000000006,0.46999999999999886,56.886,54.78300000000001,0,64.68785338179866,4.269293924466331,26.45874923255419,81.18968292442011,56.283506510513384,0.7341844352812792,31.83150511169962,156908879.0,2251120.4,0,0.29496326957164143,100.0,56.0,44.0,55.834500000000006,56.02196506273139,54.961866504224076,0.0587662156931027,0.5610564012441728,0.5022901855510701
1553572800,2019-03-26,57.3,57.54,56.96,57.29,1196039.0,55.947,57.60385364471176,54.29014635528824,56.58466666666666,55.21766666666666,55.90116666666667,55.947,0.5799999999999983,56.99175,54.90225,0,65.46836634535653,4.087936046511628,27.861450300849512,80.75995100470917,56.3981914858793,0.7231712613326163,32.95704354271033,158104918.0,2245403.62,0,0.2686121262994484,100.0,60.0,40.0,55.947,56.142730294852214,55.053165856999605,0.07341813161297484,0.5940628500672887,0.5206447184543138
1553659200,2019-03-27,57.36,57.4,56.59,56.72,1754461.0,56.03099999999999,57.66559964517143,54.39640035482855,56.702666666666666,55.29766666666667,56.000166666666665,56.03099999999999,0.8099999999999952,57.10424999999999,54.95774999999999,0,59.80330756213651,3.0523255813953485,26.34235623942359,75.43117454272392,56.50171347325377,0.7293733140945721,33.01881183453283,156350457.0,2229094.04,0,0.2519515083763773,96.0,60.0,36.0,56.03099999999999,56.197708362009145,55.118531901823154,0.037630281988020764,0.5676825709393398,0.5300522889513191
1553745600,2019-03-28,56.83,56.95,55.77,56.01,2079840.0,56.0735,57.65876054640699,54.48823945359302,56.78516666666667,55.331166666666675,56.05816666666666,56.0735,1.1799999999999997,57.1835,54.9635,0,53.709560759639714,1.540971718636696,22.052467917999515,69.62306540913873,56.55308662718963,0.7615609345163883,31.33559456130795,154270617.0,2237105.66,0,0.1888349938836672,92.0,60.0,32.0,56.0735,56.17983137515113,55.153491435084995,-0.03691641724478367,0.48390676739533944,0.5208231846401231
1553832000,2019-03-29,55.91,56.52,55.69,56.49,2868249.0,56.142999999999994,57.67234103456178,54.613658965438205,56.85333333333333,55.392333333333326,56.12283333333333,56.142999999999994,0.8300000000000054,57.25824999999999,55.02775,0,56.83929199602065,2.5226860254083494,20.096612046716825,62.25692289384605,56.577189539007556,0.7664494391937895,29.62584066359969,157138866.0,2247037.42,0,0.1984852554170985,88.0,60.0,28.000000000000004,56.142999999999994,56.20937124418436,55.205903535669904,-0.05582139144638165,0.4510464453321461,0.5068678367785278
1554091200,2019-04-01,56.48,56.5,55.74,56.28,2270701.0,56.211,57.6340235416164,54.787976458383596,56.894000000000005,55.464,56.178999999999995,56.211,0.759999999999998,57.303,55.119,0,55.12295453330806,2.4763292061179887,17.763788314341348,56.01387414894679,56.581562795211326,0.7659887649656615,28.03821204429916,154868165.0,2257470.96,0,0.21183170906579177,84.0,60.0,24.0,56.211,56.21609779235728,55.24802496564364,-0.08276714016270348,0.40340891157514847,0.48617605173785194
1554177600,2019-04-02,56.5,56.5,55.97,56.32,1558367.0,56.296499999999995,57.51530720378345,55.07769279621654,56.97783333333333,55.54083333333333,56.25933333333334,56.296499999999995,0.5300000000000011,57.392999999999994,55.199999999999996,0,55.39302301680498,3.131294634682294,16.060702680903873,56.062639592205635,56.58430291171703,0.7491324246109715,26.563985469234385,156426532.0,2254749.86,0,0.2196854107698324,80.0,60.0,20.0,56.296499999999995,56.225993240704206,55.29006320228507,-0.09719709088679612,0.3646796881293568,0.4618767790161529
1554264000,2019-04-03,55.78,56.36,55.73,56.14,1844990.0,56.3535,57.4217747773838,55.28522522261619,57.03783333333333,55.60283333333334,56.32033333333332,56.3535,0.6300000000000026,57.448499999999996,55.2585,1,53.85774605980243,2.0727272727272736,14.010994261707024,50.52236676070483,56.56824573877345,0.740622965710188,24.69092195983983,154581542.0,2252414.1,0,0.22441333090382165,76.0,60.0,16.0,56.3535,56.21780340825618,55.323394057097424,-0.11684429424816034,0.31582141120595253,0.43266570545411287
1554350400,2019-04-04,56.37,56.5,55.75,56.02,1747154.0,56.391999999999996,57.348025104269965,55.43597489573003,57.08733333333333,55.63433333333334,56.36083333333333,56.391999999999996,0.75,57.49975,55.28424999999999,1,52.83020520598991,1.3936651583710464,11.905217274215945,34.80293233540378,56.42596052581611,0.741292753873746,23.233875492687837,152834388.0,2258643.24,0,0.027015224231298443,72.0,60.0,12.0,56.391999999999996,56.19896498842226,55.35071193721125,-0.13463626001108076,0.26437038044026195,0.3990066404513427
1554436800,2019-04-05,55.6,56.63,55.01,56.6,1287752.0,56.448,57.31040593689652,55.58559406310348,57.172333333333334,55.61933333333334,56.395833333333336,56.448,1.6200000000000045,57.63075,55.26525,1,57.003746200076115,2.018745493871674,11.954908953891808,36.48595679244061,56.37393856874399,0.8040575571684788,22.63937597503257,154122140.0,2250571.0,0,0.09642747320029642,68.0,60.0,8.0,56.448,56.237158799048714,55.399703625948064,-0.10535348660105454,0.2673147822000246,0.3726682688010791
1554696000,2019-04-08,56.64,56.64,56.12,56.23,1697691.0,56.46149999999999,57.30107787011947,55.6219221298805,57.19649999999999,55.6515,56.424,56.46149999999999,0.5200000000000031,57.638249999999985,55.28474999999999,1,53.80685101051308,0.48248749106503935,10.59532121585187,43.454075996138954,56.39286438073845,0.7837677316564449,22.065405370694204,152424449.0,2256590.58,0,0.10869873216458445,64.0,60.0,4.0,56.46149999999999,56.23647700866312,55.43226426806775,-0.10848688875632956,0.23705965785566718,0.34554654661199674
1554782400,2019-04-09,56.36,56.4,56.07,56.36,1501083.0,56.472500000000004,57.30062740565348,55.64437259434653,57.197500000000005,55.667500000000004,56.43249999999999,56.472500000000004,0.3299999999999983,57.638000000000005,55.307,1,54.74550333967703,0.3918774492340557,9.911532572015089,45.19529644909856,56.42255399520665,0.7513557508238415,21.618963609542,153925532.0,2253665.08,0,0.2110923828378776,60.0,56.0,4.0,56.472500000000004,56.248241103076154,55.46864606147686,-0.09961776815861584,0.22102433641372699,0.3206421045723428
1554868800,2019-04-10,56.6,56.85,55.93,55.98,1606630.0,56.461,57.30952578039466,55.61247421960534,57.22466666666668,55.64666666666667,56.435666666666656,56.461,0.9200000000000017,57.6625,55.259499999999996,1,51.52403617906079,-0.4091798612346628,7.947514534733681,39.02650956770952,56.42472027893255,0.7634017686221386,20.20446575213683,152318902.0,2252888.56,0,0.10791281625927826,56.00000000000001,52.00000000000001,4.0,56.461,56.22269433135462,55.48869915710522,-0.11601059228686356,0.17562886421376334,0.2916394565006269
1554955200,2019-04-11,55.63,56.35,55.63,56.21,1559233.0,56.448,57.30351388065558,55.59248611934442,57.20733333333334,55.628333333333345,56.41783333333334,56.448,0.7199999999999989,57.65025,55.24575,1,53.27576971853246,-0.4604214627235665,7.106466796800934,32.42880474791917,56.36143983340146,0.7603016422919858,19.451021404748207,153878135.0,2251395.46,0,0.1348745670494383,52.0,48.0,4.0,56.448,56.22148534741608,55.51698546466972,-0.10818458850035978,0.1564087208751772,0.264593309375537
1555041600,2019-04-12,55.97,56.33,55.64,56.28,1318995.0,56.40650000000001,57.2083796667795,55.60462033322052,57.14683333333333,55.61083333333333,56.37883333333333,56.40650000000001,0.6899999999999977,57.57650000000001,55.23650000000001,1,53.81049595131896,-1.4533356680091023,6.654430108929965,30.991550016104256,56.29097391543475,0.7552800964139867,18.751394510744486,155197130.0,2177239.16,0,0.16345197765334785,48.0,19.999999999999996,28.000000000000004,56.40650000000001,56.22705817147169,55.54690760331013,-0.09555319627404707,0.14515181403297817,0.24070501030702524
1555300800,2019-04-15,56.25,56.61,56.19,56.36,1951443.0,56.3875,57.174745196869694,55.60025480313031,57.11483333333333,55.60283333333333,56.35883333333334,56.3875,0.4200000000000017,57.539500000000004,55.2355,1,54.43777759102202,-0.6697215368346889,6.5485618870997975,33.026467955480584,56.25199691795691,0.731331518098702,17.4785853619068,157148573.0,2174230.22,0,0.13709523091827788,44.0,20.0,24.0,56.3875,56.23971929799819,55.57879357965091,-0.07971607642149406,0.14105991478015767,0.22077599120165173
1555387200,2019-04-16,56.28,56.6,55.72,55.86,1569773.0,56.3855,57.17787554227424,55.59312445772576,57.112833333333334,55.60183333333333,56.35733333333334,56.3855,0.8800000000000026,57.5285,55.2425,1,49.972893533745,-0.07155635062611655,4.57224840005705,33.30619916250059,56.193910614880174,0.7419506953773664,17.1864319743799,155578800.0,2165519.46,0,0.1429805713149324,40.0,-60.0,100.0,56.3855,56.2035555553317,55.5898212824097,-0.09953243254151661,0.09636045052475595,0.19589288306627256
1555473600,2019-04-17,55.84,56.13,55.65,55.9,1469841.0,56.385000000000005,57.17858679424144,55.59141320575857,57.09499999999999,55.605999999999995,56.3505,56.385000000000005,0.480000000000004,57.511500000000005,55.258500000000005,1,50.31605008605481,-0.017885888034337348,3.1082681769365186,34.157587217612715,56.171454967532036,0.7232399314218405,17.037444822142753,157048641.0,2164503.74,0,0.19997671002405512,36.0,-60.0,96.0,56.385000000000005,56.174645502442964,55.60198515368776,-0.10596849753710083,0.06343226114489653,0.16940075868199736
1555560000,2019-04-18,56.17,56.3,55.69,55.7,1661561.0,56.349000000000004,57.196464453528534,55.50153554647147,57.06666666666666,55.60366666666666,56.335166666666666,56.349000000000004,0.6099999999999994,57.456,55.242000000000004,1,48.5628266480048,-1.2761432116270806,1.155400748059377,43.14200396625787,56.14394122499072,0.715151364891709,16.494929256695844,155387080.0,2171965.6,0,0.025247163459914977,32.0,-68.0,100.0,56.349000000000004,56.129441168876966,55.60582887315098,-0.1187553817881811,0.02095653144677101,0.1397119132349521
1555905600,2019-04-22,55.64,55.95,55.56,55.73,2119334.0,56.28150000000001,57.09987094278478,55.463129057215234,56.97716666666666,55.56516666666666,56.27116666666667,56.28150000000001,0.39000000000000057,57.340500000000006,55.22250000000001,1,48.84427107812918,-2.365101611772953,-0.3417540255223537,43.45796875375934,56.104249417467194,0.6919262673994442,16.242848945118517,157506414.0,2177298.78,0,-0.028215783652777014,28.000000000000004,-68.0,96.0,56.28150000000001,56.09139915279345,55.61069832910585,-0.11990379669612519,-0.010167832635204377,0.10973596406092082
1555992000,2019-04-23,55.9,56.15,55.62,56.05,2565642.0,56.2265,56.945868473033435,55.50713152696657,56.92183333333334,55.50383333333334,56.212833333333336,56.2265,0.5300000000000011,57.290000000000006,55.163,1,51.80515428145089,-1.9247594050743684,-0.3494129394172115,45.813797080051835,56.07624586480362,0.6803601054423412,15.520103189467758,160072056.0,2182694.22,1,0.01889676173267682,24.0,-68.0,92.0,56.2265,56.08745637633693,55.6279258456115,-0.09491683517343026,-0.008910079905867008,0.08600675526756325
1556078400,2019-04-24,56.05,56.6,56.05,56.42,1563388.0,56.18300000000001,56.722633208758026,55.64336679124199,56.875,55.46,56.1675,56.18300000000001,0.5500000000000043,57.24425000000001,55.121750000000006,1,54.97684659002261,-1.5185896316983722,1.0791870269209176,52.99464920838833,56.09477418973798,0.6710486693393171,14.944096599497982,161635444.0,2179449.6,0,0.01842999954830467,20.0,-68.0,88.0,56.18300000000001,56.11912719763818,55.65898757715615,-0.05145136598446373,0.021692547786983596,0.07314391377144733
1556164800,2019-04-25,56.16,56.72,56.04,56.4,1896746.0,56.166999999999994,56.65885770299394,55.67514229700605,56.84266666666667,55.44066666666667,56.14166666666667,56.166999999999994,0.6799999999999997,57.2185,55.11549999999999,1,54.77175315300601,-0.5641748942172078,2.164945806259594,53.310159016684196,56.11841777948345,0.6716880501007944,14.643547026763912,159738698.0,2189548.24,0,0.043589518912141245,16.0,-68.0,84.0,56.166999999999994,56.14587698833931,55.688046887855904,-0.023454078714889776,0.0438263153778351,0.06728039409272488
1556251200,2019-04-26,56.92,57.15,56.49,56.55,1221209.0,56.194,56.70724068427442,55.68075931572559,56.840999999999994,55.491,56.16600000000001,56.194,0.75,57.21325,55.17475,1,56.06569094201807,0.9641135511515787,3.6494467207977186,58.63309144027755,56.15201507791553,0.6772817608078805,15.131678502856142,160959907.0,2182446.18,0,-0.05076008108794846,12.0,-68.0,80.0,56.194,56.18436489421176,55.72184897068509,0.004282847172744672,0.07263395305865572,0.06835110588591105
1556510400,2019-04-29,56.42,56.64,56.03,56.2,1216098.0,56.1795,56.67453434223746,55.68446565776254,56.83283333333334,55.50483333333334,56.16883333333334,56.1795,0.6099999999999994,57.182249999999996,55.17675,1,52.38472744010547,-0.5133651973800658,3.3858115886357036,52.520331149470756,56.146228920926205,0.6724759207501746,14.528539022773558,159743809.0,2169286.34,0,-0.03281430092748746,8.0,-68.0,76.0,56.1795,56.185853951905884,55.74059999144254,-0.0015160252817577047,0.06645607428371392,0.06797209956547162
1556596800,2019-04-30,56.29,57.07,56.13,57.06,1868612.0,56.218500000000006,56.84460781818667,55.592392181813345,56.87083333333332,55.52483333333333,56.197833333333335,56.218500000000006,0.9399999999999977,57.234750000000005,55.20225000000001,1,59.29668298986143,1.3859275053304925,6.520727563088083,59.66709451931569,56.186021383720586,0.6915847835537334,14.696190800760155,161612421.0,2169344.66,0,-0.002980684334624535,4.0,-68.0,72.0,56.218500000000006,56.26910595648628,55.79234116824871,0.04919232858314468,0.12946251029440248,0.0802701817112578
1556683200,2019-05-01,56.83,57.21,56.55,56.64,1843454.0,56.234500000000004,56.88600518032818,55.582994819671825,56.90416666666666,55.54516666666666,56.224666666666664,56.234500000000004,0.6600000000000037,57.26050000000001,55.2085,1,55.178975180979506,0.5681818181818187,7.157936718900119,66.84480682477567,56.228988091063364,0.6893287275856099,15.070783057240522,159768967.0,2171588.68,0,0.000881104258217046,96.0,28.0,68.0,56.234500000000004,56.30442919872568,55.825582691062486,0.05086137252295539,0.14384689736495204,0.09298552484199665
1556769600,2019-05-02,57.41,57.73,56.84,56.95,2432819.0,56.275,56.99506944109192,55.554930558908076,56.972,55.587,56.279500000000006,56.275,1.0899999999999963,57.335499999999996,55.2145,1,57.473403782773694,1.4428215176344894,8.771190333103958,74.35903496302365,56.332462896042195,0.7179481041866376,16.153599409816092,162201786.0,2172720.04,0,-0.1118802191720462,92.0,28.0,64.0,56.275,56.36591213218038,55.86967748749141,0.06817700424046183,0.17820678014257396,0.11002977590211213
1556856000,2019-05-03,57.03,57.41,56.82,57.39,1002452.0,56.343500000000006,57.20103775426766,55.48596224573235,57.01983333333334,55.65083333333333,56.335333333333324,56.343500000000006,0.5899999999999963,57.39200000000001,55.295,1,60.494843472202795,2.445555158871827,11.550198569303824,74.04891846020712,56.3818817124656,0.7088089538875917,17.109813351032304,163204238.0,2127994.26,0,-0.12126249141458385,100.0,40.0,60.0,56.343500000000006,56.463444310067956,55.92929797817802,0.10253280713772678,0.23819578482427062,0.13566297768654384
1557115200,2019-05-06,57.41,57.62,57.04,57.22,1128652.0,56.37449999999999,57.30831957571812,55.44068042428186,57.028499999999994,55.7635,56.396,56.37449999999999,0.5799999999999983,57.34499999999999,55.40399999999999,1,58.795922587386514,1.0954063604240238,12.971369692961446,73.16320186279924,56.425149635159755,0.6996083143241921,18.282058029265574,162075586.0,2098045.84,0,-0.1278916261734924,96.0,39.99999999999999,56.00000000000001,56.37449999999999,56.53549723291863,55.979913743739665,0.10660560331283997,0.2689199818275938,0.16231437851475383
1557201600,2019-05-07,58.27,58.34,56.72,56.94,1425269.0,56.410000000000004,57.37268374869133,55.44731625130868,57.13366666666667,55.75866666666667,56.44616666666667,56.410000000000004,1.6200000000000045,57.463,55.357000000000006,1,56.06606267715275,1.2626711719722583,12.882610643292558,79.68702192331395,56.50491055627676,0.7653505775867501,20.190138807390138,160650317.0,2068449.84,0,-0.1273082405222675,92.0,40.0,52.0,56.410000000000004,56.57402130597399,56.01756418516164,0.08422117609438562,0.26759084863273586,0.18336967253835024
1557288000,2019-05-08,56.85,56.91,56.01,56.05,1444934.0,56.394499999999994,57.369804567811705,55.41919543218828,57.1645,55.732499999999995,56.4485,56.394499999999994,0.9299999999999997,57.49249999999999,55.296499999999995,1,48.52748663541025,-0.5500354861604014,9.118825954461055,79.73347433795166,56.53212515856019,0.7771112506162678,20.357668464239783,159205383.0,2037933.82,0,-0.18634627502859644,88.0,40.0,48.0,56.394499999999994,56.52411451492885,56.0188361779004,0.007306570452445982,0.19250288560390771,0.18519631515146173
1557374400,2019-05-09,55.78,56.44,55.78,56.09,1137491.0,56.4,57.367098754003116,55.43290124599688,57.14399999999999,55.738,56.44100000000001,56.4,0.6599999999999966,57.4785,55.3215,1,48.852841386785286,0.1964987495534236,6.3878268594675784,74.34341787120312,56.55697006893757,0.7687461612865343,20.064506082401966,160342874.0,2031540.22,0,-0.12334968840801686,84.0,40.0,44.0,56.4,56.482770275411816,56.02162691602196,-0.040420729678706385,0.13467040305307876,0.17509113273178514
1557460800,2019-05-10,56.1,57.15,55.99,57.14,979354.0,56.44649999999999,57.46086236128632,55.43213763871367,57.200833333333335,55.75083333333333,56.475833333333334,56.44649999999999,1.1599999999999966,57.55799999999999,55.334999999999994,1,56.45781482063445,1.6545098736879555,7.77523866929377,82.63929279251082,56.645165371451505,0.7966928640517815,20.66335455934672,161322228.0,1995892.48,0,-0.07301571733563589,80.0,40.0,40.0,56.44649999999999,56.54536358251545,56.0654846840211,-0.0028040807542356605,0.17158603178899057,0.17439011254322623
1557720000,2019-05-13,57.03,58.18,56.76,58.12,1402063.0,56.5385,57.78334979013306,55.29365020986694,57.317499999999995,55.794500000000006,56.556,56.5385,1.4200000000000017,57.70475,55.37225,0,62.007710571470376,3.2693674484719195,11.798192893310256,81.70824110787989,56.804165775361454,0.8412148023337973,22.166642696666077,162724291.0,1965564.28,0,-0.09241292899794663,100.0,64.0,36.0,56.5385,56.69532895560921,56.14605391209871,0.08187172975609291,0.27672977473834237,0.19485804498224946
1557806400,2019-05-14,58.01,58.31,57.58,57.8,1516253.0,56.6105,57.967267850442475,55.25373214955753,57.408500000000004,55.854499999999994,56.631499999999996,56.6105,0.730000000000004,57.800000000000004,55.421,0,59.40516060302588,2.555003548616036,13.564805709465826,81.70320743133955,56.9190122712333,0.8332708878813835,23.664862029541506,161208038.0,1945563.08,0,-0.1483115281535865,96.0,64.0,32.0,56.6105,56.800535721741674,56.2109145429968,0.10845489995785834,0.33042666992957237,0.22197176997171403
1557892800,2019-05-15,57.86,58.16,57.65,57.81,1254602.0,56.70799999999999,58.114379749567746,55.30162025043224,57.480666666666664,55.96366666666667,56.72216666666666,56.70799999999999,0.509999999999998,57.86974999999999,55.54624999999999,0,59.46113010389658,3.4908700322234205,14.913897347897281,74.74242144880876,57.03006688870034,0.8101801101755702,25.056065695782973,162462640.0,1925057.7,0,-0.18223708084595877,92.0,64.0,28.000000000000004,56.70799999999999,56.89667517681389,56.273623776604765,0.1180458333517399,0.3695290616613889,0.251483228309649
1557979200,2019-05-16,57.65,58.38,57.55,58.23,1338463.0,56.8245,58.32661151383451,55.322388486165494,57.606166666666674,56.054166666666674,56.83016666666667,56.8245,0.8300000000000054,58.0125,55.6365,0,61.79019258931208,4.168157423971374,17.053906067335376,74.92874703149486,57.1169105029605,0.8115958165916013,26.53475147657391,163801103.0,1909765.48,0,-0.0884315873084934,100.0,76.0,24.0,56.8245,57.023658493307806,56.35034441281634,0.14237978116481986,0.42945795476567383,0.28707817360085397
1558065600,2019-05-17,57.81,58.76,57.75,58.55,1401612.0,56.967,58.55372114752219,55.38027885247781,57.749,56.157000000000004,56.952999999999996,56.967,1.009999999999998,58.185,55.748999999999995,0,63.473245135438034,5.116696588868931,19.51396666202106,81.14425818287847,57.2526452974148,0.8257675439779153,28.21325940744615,165202715.0,1887673.3,0,-0.020358649853583148,100.0,80.0,20.0,56.967,57.16902435108801,56.43660541623531,0.16797246033838736,0.4970437490238382,0.3290712886854508
1558324800,2019-05-20,58.67,58.98,58.5,58.63,1279143.0,57.112,58.7492733430903,55.4747266569097,57.90133333333333,56.300333333333334,57.100833333333334,57.112,0.4799999999999969,58.33675,55.88725,0,63.891793021776515,5.203660506011135,21.63342750741708,80.62496551726124,57.395021377327716,0.8010698622652068,29.939080062211087,166481858.0,1871063.86,0,-0.1442767264287855,100.0,84.0,16.0,57.112,57.30816488907963,56.522620890108435,0.17731339488017045,0.5507130322856639,0.3733996374054935
1558411200,2019-05-21,58.62,59.05,58.43,58.71,1149192.0,57.245000000000005,58.946487584437236,55.54351241556277,58.045333333333325,56.43533333333333,57.24033333333333,57.245000000000005,0.6199999999999974,58.4765,56.01350000000001,0,64.32213069564887,4.745762711864414,23.516195636860573,79.96158566104614,57.53428665634253,0.7881363006748348,31.541627813064245,167631050.0,1848536.82,0,-0.08450020899670109,100.0,88.0,12.0,57.245000000000005,57.44167299488157,56.60840046304536,0.17557425041777985,0.5928674504277183,0.4172932000099384
1558497600,2019-05-22,58.86,59.16,58.63,59.14,1042250.0,57.38099999999999,59.225764483611385,55.5362355163886,58.175333333333334,56.56733333333333,57.37133333333334,57.38099999999999,0.529999999999994,58.61099999999999,56.150999999999996,0,66.57594166696492,4.820985466146754,26.04402581940481,78.42050480668863,57.67035632877436,0.7696979934837748,33.1196808253569,168673300.0,1823676.82,0,0.06848662503360016,100.0,92.0,8.0,57.38099999999999,57.60341842394047,56.70767887625927,0.18891750902333643,0.653440086289109,0.46452257726577256
1558584000,2019-05-23,59.27,60.05,58.96,60.02,2382765.0,57.562,59.67682954395713,55.44717045604286,58.36033333333332,56.711333333333336,57.53583333333332,57.562,1.0899999999999963,58.82275,56.301249999999996,0,70.57960612262589,6.418439716312065,30.01886464726087,80.0938943101303,57.94815427052394,0.7925767082349334,35.20529523922691,171056065.0,1840932.82,1,0.13323499428849733,100.0,96.0,4.0,57.562,57.83356905023185,56.83757382228832,0.23930201751320723,0.7636500991572817,0.5243480816440744
1558670400,2019-05-24,60.03,60.5,59.94,60.05,972180.0,57.737,60.05717326939043,55.41682673060957,58.527,56.888,57.707499999999996,57.737,0.5600000000000023,58.9835,56.490500000000004,0,70.70552740927528,6.18921308576481,33.18689815628385,79.98092317044572,58.10262847810266,0.7759640862181526,37.39102608054765,172028245.0,1816477.88,0,0.12568941837412373,100.0,96.0,4.0,57.737,58.04465771211453,56.96355131945348,0.2554715926820591,0.8436875724966484,0.5882159798145893
1559016000,2019-05-28,60.21,60.34,59.35,59.45,2298485.0,57.8995,60.221563521954955,55.57743647804505,58.717166666666664,57.040166666666664,57.87866666666666,57.8995,0.990000000000002,59.1745,56.624500000000005,0,64.86110739273144,5.782918149466192,33.24627174642869,68.95090348745093,58.34747186921992,0.7912523657739989,38.05192474565452,169729760.0,1655913.5,0,0.07947534880543061,96.0,92.0,4.0,57.8995,58.17849983477029,57.06105911084746,0.2085608750079665,0.8489170735745475,0.640356198566581
1559102400,2019-05-29,59.58,59.58,58.2,58.46,1509289.0,57.9695,60.270425683283534,55.66857431671646,58.83883333333333,57.11783333333333,57.97833333333333,57.9695,1.3799999999999955,59.277499999999996,56.6615,0,56.71834204753649,2.4535576586049745,29.3812712006622,68.51459429349373,58.52685555611272,0.8333057682187129,36.62068737393339,168220471.0,1635648.72,0,0.09833344281465597,92.0,48.0,44.0,57.9695,58.20530937431598,57.11591953787305,0.09920754787446351,0.7643656334096605,0.665158085535197
1559188800,2019-05-30,58.5,58.92,58.37,58.68,956009.0,58.0715,60.307588325624415,55.835411674375585,58.92616666666667,57.21616666666667,58.071166666666656,58.0715,0.5500000000000043,59.371249999999996,56.771750000000004,0,57.953109919677956,3.601694915254236,26.895197015982887,68.97856254132886,58.67472977764729,0.8130696419173766,35.29168124304949,169176480.0,1615158.72,0,0.10903368453332865,88.0,48.0,40.0,58.0715,58.250518005333504,57.17725602658391,0.03344214410245705,0.7069607656632684,0.6735186215608113
1559275200,2019-05-31,58.22,59.34,58.15,59.22,6320855.0,58.185,60.41228983295703,55.957710167042976,59.02766666666666,57.28766666666667,58.15766666666667,58.185,1.1900000000000048,59.49225,56.877750000000006,0,60.839636868068546,3.985952589991213,26.122706752055702,75.70919441794065,58.8084826141468,0.8399932389232786,34.50487174529321,175497335.0,1691435.54,1,0.2500789201949074,84.0,48.0,36.0,58.185,58.34284962387317,57.25736363338454,0.018789768403529195,0.6970058320652228,0.6782160636616936
1559534400,2019-06-03,59.47,60.05,59.24,60.01,3302641.0,58.315999999999995,60.64664282977759,55.9853571702224,59.166666666666664,57.404666666666664,58.28566666666667,58.315999999999995,0.8299999999999983,59.64124999999999,56.99075,0,64.58378956754049,4.565255270953124,27.173118103864415,77.50455400048085,58.98575550886299,0.8392794361430443,34.43452398298429,178799976.0,1727766.2,1,0.29564069348437166,80.0,48.0,32.0,58.315999999999995,58.50162585017096,57.36531015756554,0.05285374049439606,0.7442832392796888,0.6914294987852927
1559620800,2019-06-04,60.02,60.02,58.43,59.66,3927297.0,58.43799999999999,60.781796919529,56.094203080470976,59.321000000000005,57.458000000000006,58.38950000000001,58.43799999999999,1.5900000000000034,59.838999999999984,57.03699999999999,0,61.827007612793416,4.264243271583359,26.743204746293607,65.8613780282281,59.09422985245276,0.8929023335613986,33.12539458138716,174872679.0,1772940.28,0,0.36560664176347824,76.0,48.0,28.000000000000004,58.43799999999999,58.61194719777372,57.455297994523754,0.04279388476443036,0.7449218547408307,0.7021279699764004
1559707200,2019-06-05,60.02,60.02,58.43,59.66,3927297.0,58.574,60.86948600518357,56.27851399481643,59.42133333333334,57.56133333333334,58.49133333333333,58.574,1.5900000000000034,59.97275,57.17525,0,61.827007612793416,4.7769582016157335,26.409895944700413,68.76119804095985,59.17643600811943,0.942695024021299,31.909774422761256,178799976.0,1815393.06,0,0.41713993403457617,72.0,48.0,24.0,58.574,58.711761750366705,57.54175689669929,0.027844069253940562,0.7369330565438261,0.7090889872898856
1559793600,2019-06-06,61.31,62.03,61.17,61.63,1887676.0,58.85300000000001,61.20918420332401,56.49681579667601,59.68366666666666,57.82766666666667,58.75566666666667,58.85300000000001,2.3700000000000045,60.359750000000005,57.34625000000001,0,69.85263836695336,9.955396966993765,29.970929034953098,69.47563086680073,59.36486725769743,1.0446453794483495,32.41631929028536,180687652.0,1829225.8,0,0.3877153695208377,100.0,80.0,20.0,58.85300000000001,58.98968920271274,57.70208015565226,0.13627035117442798,0.8794269262579206,0.7431565750834926
1559880000,2019-06-07,62.18,62.34,61.19,61.19,1573064.0,59.10799999999999,61.31185661965415,56.90414338034583,59.98166666666666,58.07666666666667,59.029166666666676,59.10799999999999,1.1500000000000057,60.65149999999999,57.56449999999999,0,66.56249078467604,9.092529862720616,31.1220466944169,64.05743278870423,59.5152550792709,1.0521707094877535,33.075610884627984,179114588.0,1825597.86,0,0.31214075030326854,96.0,80.0,16.0,59.10799999999999,59.19924261197819,57.83886132601884,0.16223133841268977,0.9459457480993549,0.7837144096866652
1560139200,2019-06-10,61.05,61.19,60.44,60.97,1233616.0,59.2995,61.451034103841586,57.14796589615842,60.1665,58.302499999999995,59.23449999999999,59.2995,0.75,60.812250000000006,57.78675,0,64.95231388793913,6.7028351417570855,31.265984924136003,59.647663898150775,59.598551540820075,1.0305870873814853,32.660784654281414,177880972.0,1808673.38,0,0.34632455250295513,92.0,80.0,12.0,59.2995,59.367886172742175,57.96165107793967,0.14881388671647755,0.9697317680822621,0.8209178813657846
1560225600,2019-06-11,60.82,61.13,60.22,60.54,1545315.0,59.42049999999999,61.56527481335298,57.275725186647,60.28816666666667,58.47516666666667,59.381666666666675,59.42049999999999,0.9100000000000037,60.89499999999999,57.94599999999999,0,61.87290943344304,4.163799036476259,29.993678558687044,54.84013337921,59.67738805757322,1.0219737239970939,31.993144090565785,176335657.0,1782214.7,0,0.3315893448472133,88.0,80.0,8.0,59.42049999999999,59.47951606105245,58.06276280037341,0.09767727102096924,0.9430144701419962,0.845337199121027
1560312000,2019-06-12,60.82,61.43,60.82,61.36,937783.0,59.5985,61.766552351764894,57.43044764823511,60.44749999999999,58.6465,59.547000000000004,59.5985,0.8900000000000006,61.085,58.112,0,65.18610111017546,6.159169550173014,30.399820983456472,54.733496742295266,59.74333406571675,1.012547029425873,31.612213996474477,177273440.0,1755556.34,0,0.325291863585104,84.0,80.0,4.0,59.5985,59.65860976952365,58.19206621996661,0.1051291334797092,0.9767486159706635,0.8716194824909543
1560398400,2019-06-13,61.48,61.59,61.02,61.49,2167343.0,59.782500000000006,61.936759733642454,57.62824026635756,60.625166666666665,58.81816666666666,59.72166666666667,59.782500000000006,0.5700000000000003,61.273500000000006,58.291500000000006,0,65.68374500061584,6.3656806780833755,30.926464651993925,54.490953488817595,59.85627329097926,0.9809365273240249,31.38657680324781,179440783.0,1767735.86,0,0.30149935162334274,80.0,76.0,4.0,59.782500000000006,59.833027886711875,58.32139695643851,0.10463868145954103,1.0024178343153807,0.8977791528558396
1560484800,2019-06-14,61.61,62.17,61.43,62.08,1590198.0,59.975,62.225835400466494,57.72416459953351,60.812666666666665,59.01466666666666,59.913666666666664,59.975,0.740000000000002,61.459250000000004,58.49075,0,67.87736893863894,6.611712175854373,32.293736274703924,55.526094827827706,59.94491370071461,0.963726775372309,31.622346937136466,181030981.0,1762640.02,0,0.34994615490949554,100.0,96.0,4.0,59.975,60.04702523083455,58.46879315422524,0.12831348353238936,1.0581710072713264,0.929857523738937
1560744000,2019-06-17,62.11,62.21,61.18,61.35,1819895.0,60.11500000000001,62.342074313980824,57.887925686019194,60.975,59.175,60.075,60.11500000000001,1.0300000000000011,61.60075000000001,58.629250000000006,0,62.66057248493368,4.782237403928273,31.110301567360043,56.33410115501623,60.05219670140836,0.9684605771314299,31.467288448880936,179211086.0,1764094.84,0,0.3738762335843629,96.0,88.0,8.0,60.11500000000001,60.17111806599316,58.58178165798111,0.08136175784312172,1.0315597210428393,0.9501979631997176
1560830400,2019-06-18,61.93,61.93,60.86,61.18,1678617.0,60.24249999999999,62.40597752472566,58.07902247527433,61.1355,59.2765,60.205999999999996,60.24249999999999,1.0700000000000003,61.772499999999994,58.71249999999999,0,61.50187594256935,4.349309227358003,29.67562458801325,55.87325773165351,60.17706657116027,0.9757133930506134,30.853019132485574,177532469.0,1771912.14,0,0.38004276999250813,92.0,88.0,4.0,60.24249999999999,60.267202059708104,58.6836725733544,0.028156431694426165,0.9853935028177503,0.9572370711233241
1560916800,2019-06-19,60.94,62.1,60.83,61.89,1484967.0,60.4015,62.55850046360519,58.244499536394805,61.31183333333333,59.38783333333333,60.349833333333336,60.4015,1.2700000000000031,61.98025,58.82275,0,64.39626393331851,5.416453755748594,29.698150418330915,59.901104405911525,60.284156179460055,0.9967338649755699,30.43840894421381,179017436.0,1767657.66,0,0.400139897796558,88.0,84.0,4.0,60.4015,60.42175424449781,58.80941090381109,0.02991595100074218,0.9946320098742518,0.9647160588735096
1561003200,2019-06-20,62.12,62.45,61.47,62.18,2176972.0,60.55350000000001,62.76134306507347,58.345656934926545,61.48716666666667,59.51816666666667,60.50266666666666,60.55350000000001,0.980000000000004,62.16600000000001,58.941,0,65.51110387042186,5.140344944200201,30.181706086789394,53.73428495207681,60.712694359535796,0.9955385889058866,30.3692477185616,181194408.0,1781175.44,0,0.31773679108012454,100.0,96.0,4.0,60.55350000000001,60.58920622121231,58.94159086836752,0.03916253037561146,1.013669221843024,0.9745066914674126
1561089600,2019-06-21,61.99,62.26,61.61,62.08,4857500.0,60.65650000000001,62.94587786308704,58.367122136912975,61.58050000000001,59.655499999999996,60.61800000000001,60.65650000000001,0.6499999999999986,62.23600000000001,59.077000000000005,0,64.77489330068997,3.432189270243244,30.266489622262107,38.36217132559865,61.014455508294404,0.9708572611268946,30.305026580455976,176336908.0,1846192.84,0,0.27543228263454106,96.0,64.0,32.0,60.65650000000001,60.73118658109685,59.064665736274684,0.027638984765546715,1.0090554224243462,0.9814164376587995
1561348800,2019-06-24,62.42,62.45,61.87,62.07,1627871.0,60.75749999999999,63.10834559254599,58.406654407454,61.67983333333334,59.75283333333333,60.71633333333333,60.75749999999999,0.5800000000000054,62.338499999999996,59.17649999999999,0,64.69835888159099,3.3638634471273994,30.304679217642043,48.38429926788056,61.30469665548552,0.9429388853321168,30.42580579564875,174709037.0,1847565.6,0,0.20454847911849977,92.0,64.0,28.000000000000004,60.75749999999999,60.85869262099239,59.18252198191097,0.009381805408248733,0.9931436944191105,0.9837618890108618
1561435200,2019-06-25,62.14,62.32,61.53,61.74,2093545.0,60.872,63.179636019824805,58.564363980175195,61.77733333333333,59.87033333333333,60.82383333333333,60.872,0.7899999999999991,62.438,59.306,0,62.14762610520827,3.8519764507989893,29.3133643151738,44.57267587678581,61.63338903038556,0.9320146792369656,29.92928692208555,172615492.0,1863056.6,0,0.10129096721402038,88.0,64.0,24.0,60.872,60.94262665708836,59.28281523752231,-0.03258184907309469,0.9430345776694935,0.9756164267425882
1561521600,2019-06-26,61.68,61.69,60.37,60.45,2490761.0,60.971500000000006,63.01053187812081,58.932468121879204,61.87883333333334,59.97783333333334,60.92833333333333,60.971500000000006,1.3700000000000045,62.53675000000001,59.40625,0,53.47286855175471,3.4040369483407487,24.58023364847793,36.71192037504262,61.56225722395012,0.9632993450057541,27.80564937925995,170124731.0,1873842.96,0,0.013979425034093365,84.0,64.0,20.0,60.971500000000006,60.89570983260376,59.32858718899202,-0.1483951554221774,0.7901224824648665,0.9385176378870439
1561608000,2019-06-27,60.96,60.96,60.3,60.48,1888999.0,61.0615,62.828806142125025,59.29419385787498,61.980500000000006,60.06849999999999,61.0245,61.0615,0.6600000000000037,62.635000000000005,59.488,0,53.63130882331806,3.0674846625766823,20.8942669245186,36.331638449808395,61.49438202319672,0.9416351060767719,25.921426737245806,172013730.0,1880227.48,0,0.039710649327691645,80.0,64.0,16.0,61.0615,60.85611841997483,59.37374063256096,-0.21984732914942695,0.6637084764502603,0.8835558055996873
1561694400,2019-06-28,60.44,61.01,60.37,60.76,3462312.0,61.1385,62.70042541435012,59.57657458564988,62.043499999999995,60.18649999999999,61.114999999999995,61.1385,0.6400000000000006,62.670750000000005,59.606249999999996,0,55.13239411034234,2.600472813238769,18.468417660931113,45.12638745689307,61.42966907649203,0.9200897413570025,24.103853924189714,175476042.0,1920076.9,0,0.04504170544499629,76.0,64.0,12.0,61.1385,60.84696428473913,59.42810374500955,-0.2432936708632919,0.5794387170205724,0.8227323878838643
1561953600,2019-07-01,60.75,60.77,59.97,60.68,2088123.0,61.172000000000004,62.66279307752377,59.681206922476235,62.07833333333333,60.22233333333334,61.150333333333336,61.172000000000004,0.8000000000000043,62.702000000000005,59.642,1,54.600790633683836,1.116480586568908,16.271100648588202,44.337793943511436,61.40460044814044,0.9115119026886455,22.947507716035012,173387919.0,1928608.14,0,0.11263116986438701,72.0,64.0,8.0,61.172000000000004,60.831062924287785,59.477197715793494,-0.2578416346080108,0.5004303446238509,0.7582719792318617
1562040000,2019-07-02,60.95,61.71,60.81,61.48,1921220.0,61.26300000000001,62.5862853055909,59.939714694409126,62.141999999999996,60.355,61.24849999999999,61.26300000000001,1.0300000000000011,62.75100000000002,59.775000000000006,1,58.78411888830222,3.0506201810258133,16.133960981125377,46.08544010837378,61.40625364893256,0.9199753382108852,21.969290834143496,175309139.0,1924645.86,0,0.11601072342325114,68.0,64.0,4.0,61.26300000000001,60.892866455307995,59.55573898184081,-0.2093024217322048,0.4966439520666057,0.7059463737988105
1562126400,2019-07-03,61.67,62.27,61.67,61.85,856601.0,61.3725,62.49415725602464,60.25084274397536,62.220499999999994,60.53249999999999,61.3765,61.3725,0.7900000000000063,62.80050000000001,59.9445,1,60.55369058348,3.670801206838761,16.786701010497758,43.749083310709,61.42404603431059,0.9106913854815366,21.661248546336548,176165740.0,1890465.04,0,0.0628289427635976,64.0,60.0,4.0,61.3725,60.98402203099295,59.645710002160776,-0.1507304473835014,0.5175333145694339,0.6682637619529352
1562299200,2019-07-05,61.3,61.87,60.7,61.75,1700592.0,61.378499999999995,62.506866518464946,60.250133481535045,62.227500000000006,60.50849999999999,61.367999999999995,61.378499999999995,1.1699999999999946,62.716499999999996,60.040499999999994,1,59.822978519906385,0.19471036832710925,17.02201000006662,38.288812865431304,61.40019273942391,0.9292134293757123,20.137232212156754,174465148.0,1893209.12,0,0.06751992436339357,60.0,56.0,4.0,61.378499999999995,61.05697231375553,59.72823117854663,-0.11859132900652247,0.5200246006947822,0.6386159297013047
1562558400,2019-07-08,61.82,62.11,61.46,61.79,2457496.0,61.408500000000004,62.547082891138245,60.26991710886176,62.213166666666666,60.54416666666667,61.37866666666666,61.408500000000004,0.6499999999999986,62.709,60.108000000000004,1,60.02608265063916,0.9805523778395187,17.298775264745146,45.51368955158525,61.42041415076983,0.9092696129917328,18.990971173907493,176922644.0,1904424.12,0,0.10695104693326989,56.00000000000001,48.00000000000001,8.0,61.408500000000004,61.12678447435024,59.80908485781931,-0.09549983179395749,0.5192411399588579,0.6147409717528154
1562644800,2019-07-09,61.67,61.82,61.29,61.72,1711974.0,61.446000000000005,62.57369499422171,60.3183050057783,62.239333333333335,60.59233333333333,61.41583333333333,61.446000000000005,0.5300000000000011,62.730000000000004,60.162000000000006,1,59.472261022277756,1.230113170411678,17.314137370667314,45.45272107648568,61.43623324337672,0.8821789263494663,17.71837955240485,175210670.0,1914239.42,0,0.16331130156208182,52.0,48.0,4.0,61.446000000000005,61.18328119107879,59.88402270653228,-0.08609198227211934,0.5071259939126662,0.5932179761847856
1562731200,2019-07-10,61.93,62.49,61.67,62.29,1473433.0,61.533500000000004,62.63775133008418,60.42924866991583,62.310833333333335,60.67283333333332,61.49183333333333,61.533500000000004,0.8200000000000003,62.810750000000006,60.25625,1,62.442426503576385,2.8906508093822265,18.576200196371246,45.45531360582911,61.462155570809465,0.8777375744673616,17.286565792071894,176684103.0,1919386.12,0,0.15560838826171058,100.0,96.0,4.0,61.533500000000004,61.28868298240462,59.9783747572565,-0.04471442715867224,0.5373249422364452,0.5820393693951175
1562817600,2019-07-11,62.33,62.63,61.98,62.6,2080194.0,61.595499999999994,62.789425877093144,60.401574122906844,62.37283333333333,60.73083333333334,61.551833333333335,61.595499999999994,0.6500000000000057,62.854749999999996,60.33624999999999,1,63.954732776424336,2.0208604954367697,20.28898927415756,45.304128840978734,61.485417696915555,0.8614706048625503,17.032893069976016,178764297.0,1923617.76,0,0.18575494768513898,100.0,40.0,60.0,61.595499999999994,61.41357031741371,60.081183590305265,-0.0019586391170367534,0.5795910704988216,0.5815497096158584
1562904000,2019-07-12,62.52,62.6,61.97,62.19,2013367.0,61.6305,62.85075366215088,60.41024633784912,62.420166666666674,60.77216666666667,61.59616666666667,61.6305,0.6300000000000026,62.89425,60.366749999999996,1,60.55984412829619,1.1383964872336896,20.3382372589667,49.95343551570363,61.45410663960716,0.8449369902295112,16.782776084273305,176750930.0,1927016.02,0,0.10515324245042615,96.0,39.99999999999999,56.00000000000001,61.6305,61.487516001469544,60.16388227303839,-0.006524584250537702,0.5733939793026863,0.579918563553224
1563163200,2019-07-15,62.08,62.5,61.83,62.36,1516345.0,61.64450000000001,62.8911992419957,60.397800758004315,62.433499999999995,60.7925,61.613,61.64450000000001,0.6700000000000017,62.90300000000001,60.386,1,61.452914842366866,0.4510309278350534,20.754524779487763,44.22252315822927,61.4568540696735,0.8324414909274033,16.33711002462503,178267275.0,1908686.54,0,0.15557944182460143,92.0,40.0,52.0,61.64450000000001,61.570609715615305,60.250004536840805,-0.0034824047135795233,0.5755655576612497,0.5790479623748293
1563249600,2019-07-16,61.63,62.34,61.43,61.83,1986221.0,61.668499999999995,62.910067960279505,60.426932039720484,62.44183333333333,60.81283333333333,61.62733333333333,61.668499999999995,0.9299999999999997,62.9195,60.41749999999999,1,57.20218789222643,0.7823960880195548,19.29769876640247,44.39515523525463,61.455515646339606,0.8394099558611601,15.33179398599643,176281054.0,1928361.92,0,0.18296427070626153,88.0,40.0,48.0,61.668499999999995,61.595313552223374,60.311965143239206,-0.040495503672951516,0.5284285827836399,0.5689240864565914
1563336000,2019-07-17,62.27,62.48,61.98,62.04,2304402.0,61.7115,62.94193528882774,60.48106471117226,62.455499999999994,60.883500000000005,61.669500000000006,61.7115,0.6499999999999986,62.931000000000004,60.492,0,58.4022678835952,1.4056881333769196,18.599950071169097,53.08496240900658,61.57132171411244,0.8258806732996485,14.589989772730563,178585456.0,1951876.92,0,0.20013761846920167,84.0,40.0,44.0,61.7115,61.63766464248781,60.37973121605335,-0.053356818716088994,0.5022280630614802,0.5555848817775692
1563422400,2019-07-18,62.08,62.89,61.71,62.88,1594748.0,61.761,63.09174264979845,60.43025735020156,62.495333333333335,60.93233333333334,61.71383333333333,61.761,1.1799999999999997,62.97375,60.54825,0,62.794924034582486,1.5996122152205559,19.980246329960462,59.49908758749188,61.694374626354666,0.8511749109211022,14.44230810993575,180180204.0,1955266.5,0,0.2916178118986949,100.0,60.0,40.0,61.761,61.75598229558421,60.47778097228656,-0.01007931292350528,0.5429857406231875,0.5530650535466928
1563508800,2019-07-19,62.65,62.98,61.55,61.57,2080449.0,61.73049999999999,63.04934002062137,60.41165997937861,62.51783333333334,60.909833333333324,61.71383333333333,61.73049999999999,1.4299999999999997,62.977,60.48399999999999,0,53.51760249698677,-0.9810228369250554,16.70639206812701,49.346472446383956,61.85345281508443,0.8925195601410234,14.044685622060124,178099755.0,1967976.8,0,0.19944622765737438,96.0,60.0,36.0,61.73049999999999,61.738269696004764,60.52061309102042,-0.07106876460210587,0.4642290977940604,0.5352978623961663
1563768000,2019-07-22,61.71,61.89,60.9,61.68,1244799.0,61.7105,63.01962909981889,60.401370900181114,62.51016666666667,60.86816666666666,61.689166666666665,61.7105,0.990000000000002,62.9825,60.438500000000005,0,54.116772159964135,-0.6443298969072142,14.470158086392976,50.934746854101036,61.950856752982524,0.899482448702379,13.3732890420936,179344554.0,1970122.96,0,0.17004201968565313,92.0,60.0,32.0,61.7105,61.73272020114717,60.56607924431374,-0.10343049468837318,0.4060097440356998,0.509440238724073
1563854400,2019-07-23,61.73,61.73,61.15,61.55,2133469.0,61.6845,62.984661143855874,60.384338856144126,62.4775,60.8355,61.65650000000001,61.6845,0.5799999999999983,62.9565,60.4125,0,53.262667152947635,-0.837763815047532,12.326890659889598,42.93847703477636,61.95780307841257,0.8766622737950661,12.749849360696112,177211085.0,1993205.26,0,0.16343842171496967,88.0,60.0,28.000000000000004,61.6845,61.71531827722839,60.60466437198772,-0.13123296842236265,0.3453990281961197,0.4766319966184823
1563940800,2019-07-24,61.62,61.74,60.87,61.29,1974898.0,61.662,62.973069792189804,60.350930207810194,62.45333333333333,60.80333333333334,61.62833333333333,61.662,0.8700000000000045,62.94,60.384,0,51.549841694989624,-0.7288629737609376,9.841331559222652,37.881459701794434,61.90926246277762,0.8761863970954188,12.568825391617915,175236187.0,2004661.96,0,0.16693135794025182,84.0,60.0,24.0,61.662,61.67481177463521,60.63154027896859,-0.16271752680323398,0.27323508811443986,0.43595261491767384
1564027200,2019-07-25,61.29,61.51,60.66,61.11,1958386.0,61.69499999999999,62.91225100122883,60.477748998771155,62.44266666666666,60.83966666666667,61.64116666666666,61.69499999999999,0.8500000000000014,62.934,60.45599999999999,1,50.36943190256921,1.0918114143920539,7.317024947220463,37.531643143774595,61.8791126423148,0.8743159401600318,12.689692222932308,173277801.0,2013504.62,0,0.11869997416632007,80.0,60.0,20.0,61.69499999999999,61.6210201770509,60.65030340528355,-0.1893831926674745,0.19922362408333072,0.3886068167508052
1564113600,2019-07-26,61.1,61.4,60.85,61.14,1708977.0,61.727999999999994,62.84321477751713,60.612785222482856,62.464666666666666,60.87266666666667,61.668666666666674,61.727999999999994,0.5499999999999972,62.958749999999995,60.497249999999994,1,50.56801335231287,1.0912698412698474,5.350010173637104,35.67554106393007,61.8382684694002,0.8511505158628864,12.801925709152815,174986778.0,2022592.12,0,0.12429536528061315,76.0,60.0,16.0,61.727999999999994,61.57520873161749,60.66950719331165,-0.19779725978614543,0.14136024201812347,0.3391575018042689
1564372800,2019-07-29,61.39,61.72,61.1,61.6,1157629.0,61.769999999999996,62.795923973787815,60.74407602621218,62.501666666666665,60.91166666666667,61.70666666666667,61.769999999999996,0.6199999999999974,62.999249999999996,60.540749999999996,1,53.56670561864144,1.3824884792626784,4.974263646313588,41.02201918614628,61.837013091668325,0.8346397647298228,12.304191676978078,176144407.0,2018975.44,0,0.11289783882870769,72.0,60.0,12.0,61.769999999999996,61.577569804796774,60.70599710729943,-0.16643808369445556,0.13110989718619948,0.29754798088065504
1564459200,2019-07-30,61.31,61.96,61.09,61.38,1654145.0,61.80499999999999,62.72174423913792,60.888255760862066,62.55533333333334,60.958333333333336,61.75683333333334,61.80499999999999,0.8699999999999974,63.03949999999999,60.570499999999996,1,51.97927307231565,1.153592617007256,4.01167733812524,41.402063503845056,61.795402997611504,0.8371654958205496,11.433645067451966,174490262.0,2024026.1,0,0.06069115817516226,68.0,60.0,8.0,61.80499999999999,61.55875363291137,60.73242859328769,-0.1548103744598936,0.10403501280578809,0.2588453872656817
1564545600,2019-07-31,61.24,61.62,60.5,60.84,2213949.0,61.77299999999999,62.7737217395423,60.772278260457675,62.549,60.92999999999999,61.7395,61.77299999999999,1.1199999999999974,63.01424999999999,60.53174999999999,1,48.28238319081253,-1.0409889394925074,1.6241028707008525,33.0247760439169,61.67579059982654,0.8573679604047958,11.535139524641407,172276313.0,2042722.22,0,-0.04760431236600345,64.0,60.0,4.0,61.77299999999999,61.49030090596743,60.73664707982543,-0.1762283183846378,0.038559989284884466,0.21478830766952225
1564632000,2019-08-01,60.74,61.8,60.64,61.39,2690816.0,61.75,62.76364688131153,60.73635311868847,62.54433333333334,60.86933333333334,61.706833333333336,61.75,1.1599999999999966,63.019,60.481,1,51.946557636604624,-0.7437348423605511,1.2738276915086966,42.42651378206643,61.59048015058259,0.8789845346615959,11.300257483305161,174967129.0,2073554.7,0,0.006864972174808345,60.0,56.0,4.0,61.75,61.480748438732434,60.76226876296953,-0.1472729599507602,0.030697107731072037,0.17797006768183224
1564718400,2019-08-02,61.55,62.36,61.18,61.51,2168526.0,61.738,62.75703091218696,60.718969087813036,62.556999999999995,60.88100000000001,61.718999999999994,61.738,1.1799999999999997,63.00775,60.46825,1,52.715948928501554,-0.38866396761133926,1.3368889016187644,49.50196300391332,61.56188551893845,0.9004856393286247,10.834455462668828,177135655.0,2096080.22,0,-0.06171152378577415,56.00000000000001,48.00000000000001,8.0,61.738,61.4835343017103,60.791591556578574,-0.11536840980270882,0.03375955542844622,0.14912796523115504
1564977600,2019-08-05,61.71,62.28,61.06,61.39,2880364.0,61.718,62.74780774904475,60.688192250955254,62.575,60.842,61.7085,61.718,1.2199999999999989,63.0305,60.4055,1,51.84220806447556,-0.6473539407671122,1.0313890278935884,47.92361452402052,61.54161624682456,0.9233080936622943,10.199707596632026,174255291.0,2106032.2,0,-0.0986948524370931,52.0,48.0,4.0,61.718,61.47462627297598,60.81505855435981,-0.09834114403574541,0.02620153518647328,0.12454267922221869
1565064000,2019-08-06,61.31,62.29,60.54,62.11,1993472.0,61.7375,62.78139415171874,60.69360584828125,62.63783333333333,60.782833333333336,61.710333333333324,61.7375,1.75,63.14149999999999,60.3335,1,56.40570651945828,0.6318859364873631,2.8770271936323715,47.295439734173776,61.496780366626965,0.982357515543559,10.14738894850649,176248763.0,2126458.04,0,0.02165078769709216,48.0,-36.0,84.0,61.7375,61.53513805650208,60.865840571835896,-0.03770029233923171,0.07741731379817907,0.11511760613741077
1565150400,2019-08-07,62.12,62.85,61.46,62.47,1974147.0,61.746500000000005,62.81216927327037,60.68083072672964,62.67183333333334,60.75983333333333,61.71583333333333,61.746500000000005,1.3900000000000006,63.193250000000006,60.29975,1,58.47665853190529,0.28897094236635046,5.3676295301491335,48.01133604329194,61.49381482003358,1.0114748358618761,9.645027484348175,178222910.0,2119971.28,0,-0.00282197045516229,44.0,-36.0,80.0,61.746500000000005,61.62417252731141,60.92874878470508,0.02420938405003832,0.1453793361999587,0.12116995214992037
1565236800,2019-08-08,62.46,63.11,61.91,62.89,1518866.0,61.76099999999999,62.879318380423285,60.64268161957669,62.711,60.74399999999999,61.7275,61.76099999999999,1.2000000000000028,63.24899999999999,60.27299999999999,1,60.76557960552509,0.4632587859424907,8.506905583543062,54.65271312052575,61.51630631672174,1.0249409190145995,9.554633443309072,179741776.0,2120162.82,0,0.10654184115534004,100.0,24.0,76.0,61.76099999999999,61.74472752471032,61.005660597069586,0.08744280938405458,0.23047346387998857,0.143030654495934
1565323200,2019-08-09,63.07,63.26,62.68,62.9,1331187.0,61.7965,63.00821407518134,60.58478592481866,62.74316666666666,60.78116666666667,61.762166666666666,61.7965,0.5799999999999983,63.28075,60.312250000000006,1,60.81970901438381,1.1416626467277713,11.04285403975682,59.39058753958832,61.58709966238445,0.9931594247992709,9.68444288339424,181072963.0,2127666.38,0,0.06826435074943843,100.0,28.0,72.0,61.7965,61.854753474737905,61.07994841679235,0.12182659225137824,0.2953138948101568,0.17348730255877856
1565582400,2019-08-12,63.06,63.09,62.19,62.3,971023.0,61.793499999999995,62.999904161130324,60.587095838869665,62.76950000000001,60.7845,61.777,61.793499999999995,0.9000000000000057,63.294999999999995,60.291999999999994,1,55.94493526521361,-0.0962155227710107,11.093363756808715,61.981901017336995,61.63092046224444,0.986505180170752,9.00026664299699,180101940.0,2020669.74,0,0.012395761903309209,96.0,28.0,68.0,61.793499999999995,61.89715790571525,61.127793576918144,0.09711908104111236,0.29488615386016903,0.19776707281905667
1565668800,2019-08-13,62.21,62.7,61.92,62.48,1545647.0,61.826,63.06905108502932,60.58294891497068,62.788,60.815999999999995,61.802,61.826,0.7800000000000011,63.31625,60.335750000000004,1,57.03248227839143,1.051269610221573,11.61249837919278,62.94347158422557,61.700417445210114,0.9717548101585555,8.776178625091829,181647587.0,1985529.86,0,0.041392560240671214,92.0,28.0,64.0,61.826,61.952666676599506,61.180821279784105,0.0862259238034011,0.3055494775733081,0.21932355376990698
1565755200,2019-08-14,62.71,62.84,61.68,61.88,2153733.0,61.818000000000005,63.05749344491715,60.57850655508286,62.81933333333334,60.78133333333333,61.800333333333334,61.818000000000005,1.1600000000000037,63.346500000000006,60.289500000000004,1,52.48623786336059,-0.25789813023855024,10.024744545262662,62.38725654204052,61.78212343702181,0.9852008951472303,8.919660209437577,179493854.0,1950058.58,0,-0.017706242266369087,88.0,28.0,60.0,61.818000000000005,61.945746040732885,61.20824005312591,0.03458806920983509,0.2625586402822009,0.2279705710723658
1565841600,2019-08-15,61.83,63.45,61.73,63.21,1762097.0,61.83449999999999,63.13727357971082,60.53172642028916,62.8615,60.76950000000001,61.8155,61.83449999999999,1.720000000000006,63.403499999999994,60.26549999999999,1,59.937724179982595,0.5248091603053407,12.278012874396053,62.53171005846155,61.89367909688754,1.037686545493857,8.502882176836234,181255951.0,1906754.58,0,0.027577071708059404,100.0,43.99999999999999,56.00000000000001,61.83449999999999,62.0661511797107,61.286740443199406,0.08320842729679864,0.3319811051933641,0.24877267789656546
1565928000,2019-08-16,63.25,63.42,62.84,63.07,1625036.0,61.9095,63.31164799503923,60.50735200496077,62.872833333333325,60.86583333333334,61.86933333333333,61.9095,0.5799999999999983,63.414750000000005,60.40425,1,58.913972595563294,2.4362514211466624,13.532819524132083,63.24822774144964,61.98668853528019,1.0049946493871529,8.115874003706416,179630915.0,1901501.78,0,-0.012396431663255266,96.0,44.0,52.0,61.9095,62.16175582926206,61.356672190524925,0.09811831660620302,0.37142057365431924,0.2733022570481162
1566187200,2019-08-19,63.1,63.64,62.83,63.33,1588983.0,61.992,63.51903110642596,60.46496889357403,62.952666666666666,60.963666666666676,61.95816666666667,61.992,0.8100000000000023,63.48375,60.500249999999994,0,60.241507516320866,2.675097276264589,15.137311492508163,63.22220217900224,62.09561163275764,0.9910664601452136,8.10097460625024,181219898.0,1901820.16,0,0.022553363175961662,100.0,52.0,48.0,61.992,62.27301717885615,61.43405759481807,0.11642097016734215,0.41882846975729393,0.3024074995899518
1566273600,2019-08-20,63.55,63.61,63.09,63.44,1363229.0,62.0865,63.72246179661766,60.450538203382344,63.04483333333333,61.06183333333333,62.05333333333333,62.0865,0.519999999999996,63.573750000000004,60.59925,0,60.805499163760295,3.0706742485783924,16.66093419078034,70.5811118189564,62.26012222609612,0.9574188558491266,8.087139451469506,182583127.0,1904412.42,0,0.07577949571940482,100.0,56.0,44.0,62.0865,62.38415839991747,61.51272200286442,0.12605269077613057,0.45997336306011505,0.3339206722839845
1566360000,2019-08-21,63.21,63.83,63.1,63.81,1074602.0,62.2125,63.96751424495427,60.457485755045724,63.15183333333334,61.18283333333333,62.16733333333333,62.2125,0.7299999999999969,63.68925,60.735749999999996,0,62.679935039853,4.111600587371518,18.743109272813232,68.68128511969924,62.4298293858984,0.941174651859903,8.433199198984287,183657729.0,1894998.16,0,0.0903721814696977,100.0,60.0,40.0,62.2125,62.51995283802057,61.60281133608542,0.1460500208967655,0.5164831984049414,0.3704331775081759
1566446400,2019-08-22,63.74,64.09,63.39,63.98,1606453.0,62.35600000000001,64.19431879716016,60.51768120283985,63.280666666666676,61.32666666666667,62.30366666666667,62.35600000000001,0.7000000000000028,63.82150000000001,60.89050000000001,0,63.52362088527569,4.696449026345929,20.79873926601006,68.01302849008376,62.59452502779923,0.9239478910127673,9.158365410209756,185264182.0,1908371.56,0,0.1805000053305747,100.0,64.0,36.0,62.35600000000001,62.65900494868528,61.69603442094482,0.15839961085122212,0.5684326910722035,0.4100330802209814
1566532800,2019-08-23,64.18,64.3,63.24,63.49,2011037.0,62.4735,64.28613647761826,60.66086352238174,63.4335,61.4285,62.431,62.4735,1.0599999999999952,63.97725,60.969750000000005,0,59.446195778458794,3.8436375531566918,20.74652740487765,70.38350226730475,62.82135185493067,0.9336658987975693,10.142623196634403,183253145.0,1905245.44,0,0.1990001034546618,96.0,64.0,32.0,62.4735,62.738147334524776,61.76638601228032,0.1228276766449844,0.5635676760272119,0.4407399993822275
1566792000,2019-08-26,63.57,64.14,63.45,64.11,918627.0,62.599000000000004,64.4978617643189,60.7001382356811,63.55833333333334,61.54633333333334,62.55233333333333,62.599000000000004,0.6899999999999977,64.108,61.09,0,62.64014450176798,4.074675324675321,22.105590130990098,68.97581621387995,62.976755403103255,0.9162611917406,11.05657685545729,184171772.0,1891814.02,0,0.1742505620452987,100.0,72.0,28.000000000000004,62.599000000000004,62.86879996933194,61.858292443171294,0.1296418567770018,0.6027923203534797,0.47315046357647794
1566878400,2019-08-27,64.39,65.08,64.3,64.61,1640739.0,62.7605,64.76374212215903,60.75725787784096,63.713166666666666,61.710166666666666,62.711666666666666,62.7605,0.9699999999999989,64.277,61.244,0,64.98140514474866,5.262300423590741,24.270829155598783,68.58467634173927,63.174858922909344,0.9200996780448427,13.101027882411291,185812511.0,1888230.9,0,0.11867724980727787,100.0,76.0,24.0,62.7605,63.03462854368128,61.96620254343909,0.15471202196475464,0.6665404910324213,0.5118284690676667
1566964800,2019-08-28,64.84,65.07,63.93,64.39,1471787.0,62.938,64.85642226842585,61.01957773157415,63.888,61.883,62.88549999999999,62.938,1.1399999999999935,64.456,61.42,0,63.148513547675776,5.834976988823138,25.197823901337763,61.46339040495783,63.30369383632941,0.9358068438987821,14.158162056192355,184340724.0,1884094.3,0,0.05979101115006818,96.0,76.0,20.0,62.938,63.16371153952116,62.061253424088534,0.14360912748082288,0.6913398784186953,0.5477307509378724
1567051200,2019-08-29,64.57,64.82,63.79,64.49,1355338.0,63.092999999999996,64.98686483149989,61.1991351685001,64.036,62.044,63.04,63.092999999999996,1.029999999999994,64.60125,61.58475,0,63.63923429065311,5.049682358690331,26.149592025075403,55.037178354125096,63.39454774965358,0.9425349264774401,14.836310092633287,185696062.0,1881501.72,0,0.09804657426603874,92.0,76.0,16.0,63.092999999999996,63.29002472623343,62.15649838784977,0.13051003022977814,0.710868288725095,0.5803582584953169
1567137600,2019-08-30,64.6,64.75,64.17,64.26,1603378.0,63.23049999999999,65.04221162164183,61.41878837835816,64.1415,62.209500000000006,63.1755,63.23049999999999,0.5799999999999983,64.69375,61.76724999999999,0,61.651637651249644,4.470817753210872,26.08079501540158,60.825015943148465,63.50707473542349,0.9166395745861943,15.466018983614154,184092684.0,1870029.84,0,0.07806026488878251,88.0,76.0,12.0,63.23049999999999,63.38240332373501,62.23898864714979,0.0954891402621394,0.6997196838229911,0.6042305435608517
1567483200,2019-09-03,64.18,65.35,64.06,65.34,2703953.0,63.428,65.25523397516355,61.60076602483644,64.312,62.373000000000005,63.342499999999994,63.428,1.289999999999992,64.8965,61.9595,0,66.77996468308393,6.434272682847373,28.299205322407346,69.55956110317041,63.75071040964858,0.9433081764014656,16.823560351437276,186796637.0,1826958.9,1,0.16101278354770093,100.0,92.0,8.0,63.428,63.568841102426916,62.36059693549686,0.1319474487718203,0.7691648545256271,0.6372174057538068
1567569600,2019-09-04,66.65,66.65,65.62,66.16,2247602.0,63.6305,65.70898478464288,61.55201521535712,64.50083333333333,62.633833333333335,63.56733333333334,63.6305,1.3100000000000023,65.066,62.195,0,69.98767420784716,6.520689099983895,31.636165920025494,78.94858203016244,64.13642912579907,0.9695004495156468,19.24723294183116,189044239.0,1839353.52,0,0.22652744593567523,100.0,96.0,4.0,63.6305,63.81561814029102,62.509593134104826,0.1944030018097651,0.8802211580160133,0.6858181562062482
1567656000,2019-09-05,65.76,65.95,64.94,65.79,2479385.0,63.7965,66.00403505068253,61.58896494931748,64.64683333333332,62.81783333333334,63.73233333333334,63.7965,1.2199999999999989,65.21925,62.37375,0,66.91860900458556,5.314550984472559,32.84407575800625,69.00793297274025,64.38507136447305,0.9873932745502435,20.17554185239465,186564854.0,1847070.32,0,0.23754480418814702,96.0,92.0,4.0,63.7965,64.00365450788236,62.63823654061052,0.19349299706671919,0.9276844025396471,0.7341914054729279
1567742400,2019-09-06,65.85,66.13,65.72,66.04,1908002.0,63.95400000000001,66.32387257041215,61.584127429587866,64.77366666666667,63.02366666666667,63.89866666666667,63.95400000000001,0.4099999999999966,65.31750000000001,62.590500000000006,0,67.91917281518707,5.008745428526007,34.23372867396959,69.47427970693178,64.59711572595663,0.9461508977966544,21.20122346874272,188472856.0,1835415.14,0,0.29341321457752045,92.0,84.0,8.0,63.95400000000001,64.19759217379833,62.77163902921403,0.19204033414075006,0.9742418231488656,0.7822014890081156
1568001600,2019-09-09,65.62,66.12,65.43,65.6,3088197.0,64.089,66.51037894597104,61.667621054028956,64.91766666666666,63.15666666666666,64.03716666666666,64.089,0.6899999999999977,65.46074999999999,62.71725,0,64.31533980050517,4.29252782193958,33.72121313051213,59.075636626556424,64.81584149673422,0.9278544050968932,21.621009637854808,185384659.0,1859399.1,0,0.2000142032182699,88.0,84.0,4.0,64.089,64.33115482391277,62.882555145715436,0.14585180776831008,0.9645162487185033,0.8186644409501932
1568088000,2019-09-10,65.46,65.68,64.92,65.66,2801385.0,64.257,66.62421017233194,61.88978982766807,65.05533333333332,63.30833333333334,64.18183333333333,64.257,0.7600000000000051,65.61825,62.89575000000001,0,64.58507249898308,5.393258426966292,33.425080300940294,50.85850948562653,64.95147120896061,0.9158648047328297,21.14849100394341,188186044.0,1846180.56,0,0.27041074554102745,84.0,56.0,28.000000000000004,64.257,64.45771150734964,62.99147455176582,0.10562139387681713,0.9506911832962146,0.8450697894193975
1568174400,2019-09-11,65.31,66.12,65.06,65.9,1930658.0,64.428,66.75072770681192,62.10527229318808,65.23566666666667,63.46066666666667,64.34816666666667,64.428,1.0600000000000023,65.81025,63.04575,0,65.67743834123476,5.473751600512179,33.62434746572805,52.450185891892964,65.0561319857354,0.9261601758233421,21.202124884189892,190116702.0,1843031.26,0,0.26616269579791463,80.0,56.0,24.0,64.428,64.59507231617349,63.1055343732652,0.08248080119988144,0.9481707909192494,0.865689989719368
1568260800,2019-09-12,66.29,66.74,66.09,66.45,1802856.0,64.6565,66.82570515396579,62.48729484603421,65.42483333333332,63.70083333333334,64.56283333333333,64.6565,0.8399999999999892,66.01474999999999,63.298249999999996,0,68.05439220545352,7.385261797026503,34.781593282806995,52.89954981953805,65.21550950369651,0.9200058775502454,21.863288847066283,191919558.0,1840663.98,0,0.2318426613875752,100.0,80.0,20.0,64.6565,64.77173209558553,63.236689888039116,0.0908603308349053,0.9792654032629997,0.8884050724280944
1568347200,2019-09-13,66.17,66.63,65.98,66.07,1918949.0,64.7995,66.94537487985475,62.65362512014523,65.54283333333333,63.92583333333333,64.73433333333334,64.7995,0.6499999999999915,66.07749999999999,63.521499999999996,0,64.7911160961708,4.524600537889563,34.29749634558537,52.92771817236324,65.39616520042776,0.900719743439513,22.286108985015918,190000609.0,1861910.94,0,0.2209437076579048,96.0,80.0,16.0,64.7995,64.89537665791072,63.34780008850817,0.058999277275283424,0.9621541690221989,0.9031548917469154
1568606400,2019-09-16,66.25,66.25,65.91,66.12,1319434.0,64.952,67.0165251269945,62.887474873005495,65.67999999999999,64.087,64.8835,64.952,0.3400000000000034,66.21199999999999,63.692,0,65.02341006261,4.83589662280007,34.00038652375357,48.94168328054563,65.47731660237555,0.8606683331938337,22.55221627721672,191320043.0,1854287.78,0,0.19912514264756168,92.0,80.0,12.0,64.952,65.01200745239541,63.45651381052746,0.030893538988749247,0.941771815482852,0.9108782764941028
1568692800,2019-09-17,66.07,66.91,66.07,66.69,1869149.0,65.12,67.17604474659275,63.06395525340726,65.84599999999999,64.25,65.04799999999999,65.12,0.8400000000000034,66.38225,63.85775000000001,0,67.58939474003269,5.305542396968261,34.80831032180652,49.44172576762433,65.59496543043942,0.8591920236799887,23.451342119179827,193189192.0,1842520.84,0,0.2405689180618447,100.0,92.0,8.0,65.12,65.17181626645299,63.58331719050678,0.03972968136706623,0.9605403782029356,0.9208106968358694
1568779200,2019-09-18,66.9,67.06,66.39,66.86,1834873.0,65.291,67.32849748465895,63.25350251534104,66.023,64.412,65.2175,65.291,0.6700000000000017,66.5645,64.0175,0,68.31906236998364,5.390920554854984,35.76772196160775,55.17941539292772,65.72736814543873,0.8456783077028468,24.422041747190836,195024065.0,1844978.82,0,0.2730015529244332,100.0,96.0,4.0,65.291,65.33259566964794,63.71181455558495,0.045639456171070236,0.9778600170497072,0.9322205608786369
1568865600,2019-09-19,67.24,67.32,66.99,67.18,2181276.0,65.4595,67.53623277048146,63.38276722951856,66.18216666666666,64.61116666666666,65.39666666666668,65.4595,0.45999999999999375,66.71275,64.20625000000001,0,69.67194448887513,5.281303870866642,37.124597287145285,60.99636818100795,65.8949868110393,0.818129857152643,25.556698692541797,197205341.0,1859135.68,0,0.26013976116047255,100.0,92.0,8.0,65.4595,65.50853893920528,63.847821827914956,0.05887386833209962,1.0058128962937616,0.946939027961662
1568952000,2019-09-20,67.24,67.49,66.92,67.2,4258882.0,65.6205,67.71268044154695,63.52831955845307,66.34483333333333,64.78683333333333,65.56583333333333,65.6205,0.5699999999999932,66.864,64.37700000000001,0,69.75691035698577,5.032822757111607,38.264945844242995,64.33212247536001,66.14169913262081,0.8004062959274537,26.760569435090193,201464223.0,1902709.44,0,0.27065955476199743,100.0,96.0,4.0,65.6205,65.66963046880478,63.9792797954477,0.05672596693219689,1.0178464866269081,0.9611205196947112
1569211200,2019-09-23,67.28,67.66,67.03,67.39,1444406.0,65.8155,67.80133458525415,63.829665414745854,66.5075,64.9925,65.75,65.8155,0.6299999999999955,67.02674999999999,64.60425000000001,0,70.58109854154075,6.142699637738224,39.54848846125868,62.97821424479908,66.30486923018803,0.7882344176469209,28.02885761345187,202908629.0,1891330.22,0,0.20262753192701952,100.0,96.0,4.0,65.8155,65.83347518606146,64.11303352895956,0.055769038833754836,1.030831818236905,0.9750627794031501
1569297600,2019-09-24,67.66,68.47,67.47,68.33,2225151.0,66.02650000000001,68.13558771747206,63.917412282527955,66.73249999999999,65.1865,65.9595,66.02650000000001,1.0799999999999983,67.26700000000001,64.78600000000002,0,74.23738945507704,6.5824364373732625,42.25871092082716,63.02927579087302,66.44443428603412,0.8090748163864265,29.832644592493335,205133780.0,1905506.34,0,0.25083827001343956,100.0,96.0,4.0,66.02650000000001,66.07123945405561,64.278404763118,0.10334489242266831,1.1042438949314857,1.0008990025088174
1569384000,2019-09-25,68.29,68.46,67.97,68.32,1479924.0,66.212,68.43940746160003,63.98459253839998,66.89733333333332,65.38033333333333,66.13883333333334,66.212,0.4899999999999949,67.4165,65.00750000000001,0,74.13421278366647,5.742145178764887,44.38197656119458,70.01068812739811,66.60625879313169,0.78628375807311,31.50758964446041,203653856.0,1895380.4,0,0.22393219791409907,96.0,84.0,12.0,66.212,66.28540712509793,64.43689869397612,0.11798382393536655,1.1483787824280256,1.030394958492659
1569470400,2019-09-26,68.5,69.02,68.33,68.82,1479301.0,66.43350000000001,68.77048331187697,64.09651668812305,67.08783333333334,65.61583333333333,66.35183333333335,66.43350000000001,0.7000000000000028,67.605,65.26200000000001,0,75.8972891020303,6.879950302842045,46.91836378777639,69.64388370488554,66.75333406772658,0.7801206324964596,33.43807192607254,205133157.0,1878878.38,0,0.21203362944474818,100.0,92.0,8.0,66.43350000000001,66.52679692270766,64.60878501970255,0.14348923335191266,1.20975650018255,1.0662672668306374
1569556800,2019-09-27,68.96,69.11,68.34,68.88,1598477.0,66.653,69.0426451619417,64.2633548380583,67.29533333333333,65.84933333333335,66.57233333333333,66.653,0.769999999999996,67.805,65.501,0,76.10304186457273,6.80725693906032,49.05619625500065,78.91151193766223,66.98199804278275,0.7793977301752836,35.287196375841674,206731634.0,1878952.96,0,0.3017801281184654,100.0,96.0,4.0,66.653,66.75091150149741,64.77628364638089,0.14606169182514872,1.2488443816120736,1.1027826897869248
1569816000,2019-09-30,69.01,69.36,68.75,68.99,2630428.0,66.8895,69.2205296008398,64.5584703991602,67.52883333333334,66.07983333333333,66.80433333333335,66.8895,0.6099999999999994,68.04374999999999,65.73525000000001,0,76.49033873228686,7.360722066604403,50.9731472289489,88.6227650427701,67.3313127675632,0.7672978923056204,37.161170024150614,209362062.0,1889952.54,0,0.18871220936283462,100.0,96.0,4.0,66.8895,66.96415802516432,64.94152742495419,0.13698334745823426,1.2740118741097177,1.1370285266514835
1569902400,2019-10-01,68.66,68.97,68.23,68.9,1381236.0,67.0675,69.44135656685305,64.69364343314695,67.6905,66.29650000000001,66.99350000000001,67.0675,0.7599999999999909,68.18199999999999,65.953,0,75.43737324048051,5.448423630241815,52.124329574870764,83.301612555612,67.51555996579,0.7667766142837896,37.656015261777966,207980826.0,1892681.28,0,0.19215261745433287,96.0,80.0,16.0,67.0675,67.14852392752962,65.09676164358343,0.10800266187636165,1.2720318539969355,1.1640291921205739
1569988800,2019-10-02,68.92,69.0,67.94,68.14,2502727.0,67.16650000000001,69.54585516474346,64.78714483525657,67.80283333333333,66.40583333333333,67.10433333333333,67.16650000000001,1.0600000000000023,68.26225000000001,66.07075000000002,0,67.21290718590524,2.992744860943174,49.39477280756018,74.76120164333551,67.66050697963826,0.7877211418349477,37.48895404136505,205478099.0,1900066.44,0,0.125059629480289,92.0,80.0,12.0,67.16650000000001,67.24295022014584,65.21610432422723,0.02506279514895393,1.1953576860567665,1.1702948909078126
1570075200,2019-10-03,68.22,68.37,67.8,68.33,2476644.0,67.2935,69.63627847864268,64.95072152135731,67.91116666666667,66.55816666666666,67.23466666666667,67.2935,0.5700000000000074,68.34049999999999,66.2465,0,68.12734832231502,3.860769113847077,47.51136507445255,73.15655522401214,67.80014356820334,0.7721696317038804,37.03729670779775,207954743.0,1910101.36,0,0.24523460007512526,88.0,80.0,8.0,67.2935,67.34647877060814,65.3382178801399,-0.026780138645006613,1.1368197176015542,1.1635998562465608
1570161600,2019-10-04,68.44,69.18,68.27,69.1,1693417.0,67.44649999999999,69.84095421756007,65.0520457824399,68.0805,66.6775,67.37899999999999,67.44649999999999,0.9100000000000108,68.53099999999998,66.362,0,71.51628179989338,4.633555420956977,47.302262470175656,77.97382310564407,67.9388372391219,0.7820146580107469,37.40692895812257,209648160.0,1904801.98,0,0.2794274844504431,100.0,96.0,4.0,67.44649999999999,67.51348079245498,65.48573874758539,-0.019339142700822043,1.1394259278705334,1.1587650705713555
1570420800,2019-10-07,68.86,69.17,68.67,68.91,1787231.0,67.612,69.92939163716262,65.29460836283737,68.23100000000001,66.84700000000001,67.539,67.612,0.5,68.68225,66.54175,0,69.59426331579022,5.045731707317077,46.247833763253546,77.9600418883147,68.08831932115996,0.761870753867122,37.75015890485276,207860929.0,1906367.06,0,0.24703047587623803,96.0,92.0,4.0,67.612,67.646482621745,65.62002350258204,-0.03635107686723682,1.1133262244873094,1.1496773013545463
1570507200,2019-10-08,68.94,69.08,68.48,68.49,1538547.0,67.7535,69.9173694507736,65.5896305492264,68.38616666666667,67.01816666666666,67.70216666666667,67.7535,0.5999999999999943,68.81175,66.69525,0,65.49831165571297,4.310082241851963,43.466913393955004,72.36763673286109,68.20459125766722,0.7503085571623271,37.643954670764586,206322382.0,1913985.42,0,0.17193760022847826,92.0,76.0,16.0,67.7535,67.72681761015023,65.73257160052,-0.08239305141592235,1.0466859870846434,1.1290790385005658
1570593600,2019-10-09,68.55,69.63,68.55,69.49,2031141.0,67.933,70.04710595760743,65.81889404239259,68.56366666666666,67.19366666666667,67.87866666666666,67.933,1.1400000000000006,68.99725000000001,66.86875,0,69.93331571898645,5.447647951441562,43.0742981988136,72.28404143619922,68.35674191554688,0.7781436602221609,38.07052827163551,208353523.0,1921525.34,0,0.2139975729615597,100.0,88.0,12.0,67.933,67.89473974251688,65.87992173383294,-0.053408023432623075,1.0623190092097872,1.1157270326424102
1570680000,2019-10-10,69.13,69.38,68.46,69.04,1661835.0,68.0625,70.11374230650384,66.01125769349616,68.70383333333334,67.30683333333333,68.00533333333333,68.0625,1.0300000000000011,69.141,66.984,0,65.91950820768233,3.897667419112119,40.81935386314885,63.16571066916975,68.58484220022022,0.7961333987777209,38.26224435872155,206691688.0,1910483.06,0,0.25503043360830446,96.0,88.0,8.0,68.0625,68.00381214799145,66.00384637172185,-0.07133085168609266,1.0265634680347944,1.097894319720887
1570766400,2019-10-11,68.77,69.42,68.53,69.07,1282729.0,68.2125,70.09042305486439,66.33457694513562,68.85483333333333,67.43383333333334,68.14433333333332,68.2125,0.8900000000000006,69.30900000000001,67.116,0,66.0562236947249,4.54063871651279,39.134779545198775,62.982995330645856,68.6744954621071,0.8028381560078838,38.480241370917064,207974417.0,1882321.32,0,0.25924987394832555,92.0,88.0,4.0,68.2125,68.10535384818274,66.12408769047785,-0.08692001512725422,0.9892443008118192,1.0761643159390735
1571025600,2019-10-14,69.25,69.31,68.38,68.41,959737.0,68.327,69.94138657080364,66.71261342919635,69.01466666666667,67.53466666666667,68.27466666666666,68.327,0.9300000000000068,69.46775,67.18625,0,60.441289655672215,3.463399879007852,35.08881760095073,57.18685056235072,68.72857243577967,0.811921144864464,38.31175160272028,207014680.0,1858145.54,0,0.17061437485834247,88.0,84.0,4.0,68.327,68.13436776740343,66.21373131045911,-0.14406535270480214,0.8960826250580709,1.040147977762873
1571112000,2019-10-15,68.52,68.72,67.63,67.87,2199136.0,68.386,69.83449439073513,66.93750560926486,69.103,67.598,68.3505,68.386,1.0900000000000034,69.54549999999999,67.2265,0,56.31834929629994,1.7693807167491482,29.83721513568071,49.7506194747932,68.6995227156063,0.8317839202312882,36.549236237687076,204815544.0,1844520.98,0,0.09180920451449294,84.0,80.0,4.0,68.386,68.10918988479358,66.27868302377443,-0.21627516839178218,0.7698040172731453,0.9860791856649275
1571198400,2019-10-16,67.78,68.37,67.45,68.27,1788269.0,68.4565,69.72740951683869,67.18559048316132,69.1785,67.6485,68.4135,68.4565,0.9200000000000017,69.63475000000001,67.27825,0,58.52436693164573,2.1088842357164173,26.612060588474236,43.383031997569574,68.65124873323418,0.8380850687861964,34.5802669544256,206603813.0,1840416.92,0,0.12116165052566073,80.0,72.0,8.0,68.4565,68.12450513386085,66.3567738855872,-0.2336602104056229,0.6940039226578989,0.9276641330635218
1571284800,2019-10-17,68.24,68.87,68.18,68.71,1197282.0,68.53299999999999,69.66382447797663,67.40217552202334,69.26766666666666,67.70166666666667,68.48466666666667,68.53299999999999,0.6899999999999977,69.72849999999998,67.33749999999999,1,60.81571439550235,2.2774635308127222,25.04751878829701,42.46990366463532,68.64019434965758,0.8275075638728965,33.461345622551825,207801095.0,1824879.62,0,0.12303538192279803,76.0,72.0,4.0,68.53299999999999,68.18026654968362,66.449057262623,-0.2126855283468947,0.6618072226299034,0.8744927509767981
1571371200,2019-10-18,68.54,69.22,68.25,69.09,1509483.0,68.6275,69.60203322159438,67.65296677840561,69.37016666666666,67.76416666666667,68.56716666666667,68.6275,0.9699999999999989,69.853,67.402,1,62.68956743153469,2.812500000000001,24.643763956841546,39.75791299520735,68.61052290003136,0.8376855950248324,32.86256352078748,209310578.0,1824691.96,0,0.19814667876083414,72.0,68.0,4.0,68.6275,68.26690783066614,66.55262364448092,-0.1721115483714577,0.659353315512476,0.8314648638839337
1571630400,2019-10-21,69.13,69.57,68.87,69.53,1772161.0,68.7345,69.60658887161294,67.86241112838705,69.47183333333334,67.85883333333334,68.66533333333334,68.7345,0.6999999999999886,69.96525,67.50375,1,64.74449271682354,3.1755453331354806,25.262951165986756,46.427644505787086,68.6572282289466,0.827850909665915,32.711454215663665,211082739.0,1833511.44,0,0.21340248085481603,100.0,96.0,4.0,68.7345,68.38720232298365,66.6693835015601,-0.11715872637656455,0.6850164559132281,0.8021751822897927
1571716800,2019-10-22,69.71,69.85,69.15,69.3,1117687.0,68.78299999999999,69.6675134255573,67.89848657444267,69.524,67.941,68.73249999999999,68.78299999999999,0.6999999999999886,69.98524999999998,67.58075,1,62.8401099518447,1.4195814429972178,24.938679403644603,54.07764854434718,68.72723921162181,0.8187187018326345,32.87385183358108,209965052.0,1836444.72,0,0.2662018993351047,96.0,92.0,4.0,68.78299999999999,68.47413543508044,66.77254493287148,-0.0985650488242118,0.6789688712595279,0.7775339200837397
1571803200,2019-10-23,69.46,69.61,69.02,69.46,1571424.0,68.84,69.7445219731942,67.93547802680581,69.58466666666666,67.99166666666667,68.78816666666667,68.84,0.5900000000000034,70.04975,67.63025,1,63.623610920406165,1.6686182669789238,25.020250433685675,56.20334861665244,68.83524028204513,0.8023816517017323,32.738390322733274,211536476.0,1836960.26,0,0.21574171276899207,92.0,88.0,4.0,68.84,68.56802729840611,66.87793532766084,-0.0786217513438251,0.6792567309039583,0.7578784822477834
1571889600,2019-10-24,69.43,69.84,69.31,69.58,1034247.0,68.878,69.83811665957379,67.91788334042621,69.61933333333333,68.04233333333335,68.83083333333333,68.878,0.5300000000000011,70.075,67.681,1,64.21920822289931,1.1043301365882088,25.34252442989151,54.88017898409686,68.8698226699857,0.7829258194373229,32.87656400875595,212570723.0,1814570.54,0,0.15821740027935505,100.0,96.0,4.0,68.878,68.66440565093886,66.98389864814473,-0.06125151052553457,0.6813140940908653,0.7425656046163999
1571976000,2019-10-25,69.68,69.86,68.77,68.86,1593893.0,68.877,69.83714790526831,67.91685209473168,69.65466666666666,68.04566666666666,68.85016666666667,68.877,1.0900000000000034,70.098,67.65599999999999,1,58.200698358714874,-0.02903600464575497,23.026954409685224,46.95377419272041,68.88789169342694,0.8048596894775144,31.85793358338082,210976830.0,1811206.46,0,0.10042139733097728,96.0,92.0,4.0,68.877,68.68303368418277,67.05747125017828,-0.09987182152576501,0.6177258277091937,0.7175976492349587
1572235200,2019-10-28,68.36,68.73,67.46,67.68,1519579.0,68.8115,69.90178941111574,67.72121058888425,69.63383333333333,67.95883333333333,68.79633333333334,68.8115,1.4000000000000057,70.09174999999999,67.53125,1,50.100558737792824,-1.8988259167995192,17.19076384986485,47.03107905741907,68.83608285535541,0.8473697116576924,30.264991514646063,209457251.0,1809097.32,0,0.1237777455816262,92.0,-8.0,100.0,68.8115,68.58750666664156,67.08188414232815,-0.20068988244180308,0.46673529618270493,0.667425178624508
1572321600,2019-10-29,66.77,67.09,66.36,66.91,2321464.0,68.712,70.07973681678573,67.34426318321428,69.53766666666667,67.86366666666666,68.70066666666666,68.712,1.3200000000000074,70.03425,67.38975,0,45.72895582774827,-2.888243831640071,10.35548503977016,37.04790371973412,68.57855926936004,0.8811290179678577,29.928026067328634,207135787.0,1823746.94,0,0.10687713581766245,88.0,-12.0,100.0,68.712,68.42774412696141,67.07514358772706,-0.3085845836845318,0.28169444901884333,0.5902790327033751
1572408000,2019-10-30,66.96,67.62,66.74,67.19,2736626.0,68.6645,70.16767630369533,67.16132369630468,69.46983333333334,67.81383333333333,68.64183333333332,68.6645,0.8800000000000097,69.97325000000001,67.35575,0,47.483004773082,-1.3941884355738228,5.859151925705855,47.28275957783665,68.38159595005251,0.8810483738272971,28.861564770769185,209872413.0,1851214.88,0,0.08536754462338438,84.0,-12.0,96.0,68.6645,68.30986373391747,67.07964776075737,-0.34754689376503356,0.1558454154970832,0.5033923092621168
1572494400,2019-10-31,67.31,67.84,66.96,67.59,1816587.0,68.6275,70.19676575186969,67.0582342481303,69.45016666666666,67.76316666666666,68.60666666666665,68.6275,0.8800000000000097,69.9595,67.29549999999999,0,49.917120250183004,-1.082979657544263,3.4022975075345405,48.41859306678997,68.27484750008014,0.8809734899824908,27.573895095642246,211689000.0,1866054.58,0,0.10546559406655723,80.0,-12.0,92.0,68.6275,68.24130528306819,67.099661574061,-0.33281099850027446,0.08737856113677367,0.4201895596370481
1572580800,2019-11-01,67.67,67.79,66.74,66.82,1698942.0,68.5135,70.2511337358578,66.77586626414218,69.3705,67.6695,68.52000000000001,68.5135,1.0500000000000114,69.856,67.17099999999999,0,45.63150454506004,-3.2995658465991333,-0.5259775093887578,46.988071366840735,68.17534846183894,0.8930468121265994,26.61720370543808,209990058.0,1867904.36,0,0.0794906589793716,76.0,-24.0,100.0,68.5135,68.10594287515693,67.0886944535096,-0.3590987114922624,-0.028683829728279875,0.33041488176398254
1572843600,2019-11-04,66.68,66.77,65.38,65.72,1829514.0,68.354,70.46276646407117,66.24523353592883,69.267,67.477,68.372,68.354,1.4399999999999977,69.767,66.941,0,40.41388234089813,-4.6292265273545175,-6.2018343860964915,47.84137881216222,68.01221669303168,0.9321148969746993,26.95414865991259,208160544.0,1864273.9,0,0.0933413625452129,72.0,-28.0,100.0,68.354,67.87871022038007,67.03502016121512,-0.42996255248492377,-0.20703830884217211,0.22292424364275165
1572930000,2019-11-05,65.42,65.93,65.0,65.44,2349915.0,68.2015,70.66085987606353,65.74214012393647,69.12216666666667,67.29916666666666,68.21066666666665,68.2015,0.9300000000000068,69.63925,66.76374999999999,0,39.21251913746603,-4.4532048474229775,-11.100073289070664,46.89795817371971,67.76138882984519,0.9319638329050784,27.54529062255711,205810629.0,1892899.66,0,0.02776771839561935,68.0,-32.0,100.0,68.2015,67.6464521041534,66.97247035097138,-0.4717405913234419,-0.36675149551155073,0.10498909581189118
1573016400,2019-11-06,65.45,65.88,65.12,65.69,2122514.0,68.0115,70.62560233158368,65.39739766841632,68.92316666666667,67.13216666666666,68.02766666666668,68.0115,0.7599999999999909,69.42075,66.60225,0,40.86466795846493,-5.468412721254853,-14.18203399038173,48.69242607872616,67.53519511454653,0.9196807019832864,28.094208159298457,207933143.0,1902535.16,0,0.04351326008263332,64.0,-32.0,96.0,68.0115,67.46012333232926,66.92217739603133,-0.45819958497221736,-0.4677603854033805,-0.009560800431163155
1573102800,2019-11-07,65.12,65.47,63.54,64.08,2378897.0,67.7635,70.84039632584383,64.68660367415616,68.74383333333334,66.85183333333333,67.79783333333333,67.7635,2.1499999999999986,69.25675,66.27024999999999,0,34.50691788712747,-7.184241019698737,-19.720913668188462,41.33096153825169,67.16651886645697,1.007560651841623,29.597736227567108,205554246.0,1920677.36,0,-0.04117811319027441,60.0,-40.0,100.0,67.7635,67.13820682448838,66.81071945893207,-0.5283520398948983,-0.6700008502997861,-0.14164881040488772
1573189200,2019-11-08,63.86,64.25,63.43,64.1,1508971.0,67.515,70.91546173335202,64.11453826664798,68.48633333333333,66.60133333333333,67.54383333333334,67.515,0.8200000000000003,69.003,66.027,0,34.639886393295484,-7.1955986680179524,-23.819684669586135,34.787388542265916,66.8262463264045,0.9941634624243642,31.05144805100037,207063217.0,1923750.02,0,-0.06553558232816324,56.00000000000001,-39.99999999999999,96.0,67.515,66.84885379358472,66.70441673505239,-0.5420574141274644,-0.8192205780642183,-0.2771631639367539
1573448400,2019-11-11,64.07,64.21,63.7,64.0,1738091.0,67.2945,70.9930806737168,63.595919326283195,68.22883333333333,66.38583333333332,67.30733333333333,67.2945,0.5099999999999909,68.751,65.838,0,34.273651152337536,-6.446425961116792,-27.164039479153107,36.04281375983667,66.52578393959308,0.9595803579654804,32.40132331561698,205325126.0,1926444.28,0,-0.02792941170222049,52.0,-48.0,100.0,67.2945,66.57753438467189,66.59836117681505,-0.526087054545185,-0.9347719821182352,-0.4086849275730502
1573534800,2019-11-12,63.98,64.19,63.68,63.92,1548831.0,67.09700000000001,71.0636968626291,63.130303137370916,67.99266666666668,66.20766666666665,67.10016666666667,67.09700000000001,0.509999999999998,68.51,65.68400000000001,0,33.97119606590441,-5.819949904228676,-29.944118085542087,36.25026414062523,66.20211797756662,0.9274674752536602,33.66668804294489,203776295.0,1903341.84,0,-0.060914037270206965,48.0,-52.0,100.0,67.09700000000001,66.32443587184599,66.49332740517524,-0.48987830047120595,-1.0210328031620577,-0.5311545026908517
1573621200,2019-11-13,64.19,65.32,64.0,65.31,2222033.0,66.949,70.95031928243567,62.947680717564324,67.85499999999999,66.03,66.94250000000001,66.949,1.3999999999999915,68.398,65.5,0,43.14719992537261,-4.3357257946389245,-28.05674883352205,38.79799440090109,65.96713123200782,0.9612197984498267,33.03457665901271,205998328.0,1902830.46,0,0.020923992471450884,44.0,-52.0,96.0,66.949,66.22782293167019,66.44692240889385,-0.3479541379824367,-0.9660971751688976,-0.6181430371864609
1573707600,2019-11-14,65.51,65.53,65.08,65.22,2717666.0,66.7745,70.75776737741664,62.791232622583365,67.6775,65.87650000000001,66.777,66.7745,0.45000000000000284,68.2055,65.3435,0,42.74236053301571,-5.079318876437193,-26.738723262150398,46.87510046238925,65.72262240361123,0.9247040985605536,32.15671509602233,203280662.0,1907596.08,0,0.030762551299213663,40.0,-52.0,92.0,66.7745,66.13183979532064,66.39880780462352,-0.2408665892491022,-0.9192262737478387,-0.6783596844987365
1573794000,2019-11-15,65.36,65.73,65.03,65.6,2573045.0,66.6,70.46629021155832,62.73370978844167,67.494,65.72,66.607,66.6,0.7000000000000028,68.01075,65.18924999999999,0,45.03448365037039,-5.051382255029684,-24.622482265367413,53.98621786374192,65.58435205320399,0.9086538058062285,31.062279162473505,205853707.0,1920896.94,0,0.11796742167547161,36.0,-52.0,88.0,66.6,66.08118838624249,66.36748200836378,-0.13068437570519276,-0.8417151541302275,-0.7110307784250347
1574053200,2019-11-18,65.92,66.91,65.86,66.31,2553022.0,66.439,70.0645145841648,62.81348541583518,67.36333333333333,65.55433333333333,66.45883333333333,66.439,1.3100000000000023,67.8955,64.98249999999999,0,49.04621719606512,-4.6310944915863645,-20.987983700291966,62.26255028273064,65.55713630438535,0.9373213911057837,29.065112818208974,208406729.0,1910193.44,0,0.06531817234517681,32.0,-52.0,84.0,66.439,66.10297996850511,66.36522781195735,-0.0029807347262866823,-0.7147566968328931,-0.7117759621066064
1574139600,2019-11-19,66.09,66.7,65.81,66.35,1982091.0,66.2915,69.6711229079576,62.911877092042396,67.21549999999999,65.38749999999999,66.3015,66.2915,0.8900000000000006,67.76225,64.82075,0,49.265811224430244,-4.256854256854261,-18.00267835475178,54.308625044859205,65.45368295747457,0.9339412917410849,27.153699980330632,210388820.0,1893807.56,0,0.07944455468499467,28.000000000000004,-52.0,80.0,66.2915,66.12650568579033,66.36463064286099,0.08625952058158037,-0.6039515613796311,-0.6902110819612115
1574226000,2019-11-20,66.48,67.09,66.21,66.59,2550024.0,66.148,69.2056827827608,63.09031721723919,67.09333333333333,65.23633333333332,66.16483333333333,66.148,0.8800000000000097,67.6405,64.65549999999999,0,50.61015217291099,-4.131874460120919,-14.96132464337003,55.41928513585891,65.43181563140571,0.9300883423310081,25.80411630176129,212938844.0,1906194.88,0,0.0394616444554081,24.0,-52.0,76.0,66.148,66.17064800142936,66.37346865686644,0.1592804791323167,-0.4911104830458157,-0.6503909621781324
1574312400,2019-11-21,66.58,66.87,65.57,66.36,3161705.0,65.987,68.61359551510922,63.360404484890765,66.96633333333334,65.03233333333333,65.99933333333334,65.987,1.3000000000000114,67.53725,64.43674999999999,0,49.29255390298024,-4.627766599597584,-12.94446095282105,52.82982187517578,65.42467933935066,0.9565106035930798,24.122906738249515,209777139.0,1933371.86,0,0.1055166486303909,20.0,-52.0,72.0,65.987,66.18868152510275,66.37294047424423,0.18795028296165972,-0.41545310847605776,-0.6034033914377175
1574398800,2019-11-22,66.49,66.7,65.83,66.37,2348383.0,65.8625,68.14625020525276,63.578749794747246,66.81216666666667,64.90016666666666,65.85616666666667,65.8625,0.8700000000000045,67.39625,64.32875,0,49.35289990673289,-3.616032529770542,-11.263200499678911,59.42985586587137,65.45876227080333,0.950331274765003,22.561783572131443,212125522.0,1941960.54,0,0.15107146341661912,16.0,-52.0,68.0,65.8625,66.20594995128344,66.37282516152878,0.2022065863478656,-0.3506451585028856,-0.5528517448507512
1574658000,2019-11-25,66.39,66.65,66.05,66.31,1944362.0,65.79400000000001,67.93319050109896,63.65480949890105,66.69766666666666,64.85266666666666,65.77516666666665,65.79400000000001,0.6000000000000085,67.26775000000002,64.32025,0,48.98471581849651,-2.024231678487004,-9.993271307127555,66.4286167028528,65.51336859839037,0.925307612281789,21.112169203593226,210181160.0,1954459.1,0,0.14878622898455643,12.0,-52.0,64.0,65.79400000000001,66.21585947973264,66.37036142970412,0.20175334173159942,-0.30066006768625186,-0.5024134094178513
1574744400,2019-11-26,66.23,66.94,66.18,66.77,4336797.0,65.787,67.9124091370821,63.66159086291792,66.69133333333335,64.84333333333333,65.76733333333333,65.787,0.7599999999999909,67.21875000000001,64.35525,0,51.88169664726267,-0.20923628755044177,-7.688456588593495,68.71079134915385,65.65448897841227,0.913499925690232,19.823230566272322,214517957.0,2003812.06,1,0.17875707911622335,8.0,-52.0,60.0,65.787,66.26863476737715,66.38603353050004,0.22482954573927993,-0.22137647724375142,-0.44620602298303136
1574830800,2019-11-27,66.95,67.03,66.63,66.91,2454153.0,65.773,67.86467970779276,63.68132029220723,66.651,64.851,65.751,65.773,0.4000000000000057,67.16875,64.37724999999999,0,52.74144693567913,-0.4167286798630766,-5.393155906326152,75.77956151495485,65.83350212156418,0.8768213595695016,18.744990713571756,216972110.0,2016197.66,0,0.23868451397384896,4.0,-52.00000000000001,56.00000000000001,65.773,66.32971717048409,66.40658123518631,0.24050977512284588,-0.14556880407947403,-0.3860785792023199
1575003600,2019-11-29,67.09,67.39,66.62,66.7,1038143.0,65.7285,67.6979595705401,63.75904042945989,66.61749999999999,64.82849999999999,65.723,65.7285,0.769999999999996,67.116,64.341,0,51.294344863098466,-1.3167628347388673,-3.995843745076691,79.89013650802673,65.95373715489661,0.8691912624573941,18.21151752925561,215933967.0,1993335.0,0,0.188427137235646,4.0,-48.0,52.0,65.7285,66.36498220186655,66.41808785341429,0.22784801459740767,-0.10126856095556036,-0.329116575552968
1575262800,2019-12-02,66.45,66.65,65.99,66.2,2738151.0,65.6975,67.6161232042775,63.77887679572251,66.55616666666666,64.80616666666666,65.68116666666666,65.6975,0.710000000000008,67.0595,64.33550000000001,0,47.99398681921286,-0.9278659084106411,-4.110760231507515,72.47840659794605,66.0807923248356,0.8578204579961523,17.01677271176135,213195816.0,1962920.38,0,0.14479467581009386,4.0,-44.0,48.0,65.6975,66.3492696112126,66.40953538857453,0.17905936006061024,-0.10529237547720527,-0.2843517355378155
1575349200,2019-12-03,66.46,66.63,65.89,66.21,1904018.0,65.72200000000001,67.65361693924858,63.79038306075143,66.538,64.853,65.6955,65.72200000000001,0.7399999999999949,67.03150000000001,64.41250000000001,0,48.06433674485782,0.7455873402312765,-4.177638285220532,71.61843883451198,66.18624759518319,0.8494047109964268,16.04266247894437,215099834.0,1972112.62,0,0.13849112535506514,12.0,-32.0,44.0,65.72200000000001,66.33600583871616,66.40171047137552,0.14232354618741636,-0.10644730280354509,-0.24877084899096144
1575435600,2019-12-04,66.14,67.06,65.99,67.01,2501747.0,65.8005,67.80608694650519,63.79491305349481,66.6065,64.9075,65.757,65.8005,1.0700000000000074,67.1205,64.48049999999999,0,53.37551096999165,2.39914425427874,-1.9383919075549074,71.89731587916663,66.30582973575854,0.8651615173538254,15.25909164999605,217601581.0,1977644.54,0,0.13966443710926027,8.0,-32.0,40.0,65.8005,66.40019575883844,66.42556496269414,0.16515954167123537,-0.04232142190191723,-0.2074809635731526
1575522000,2019-12-05,66.82,66.91,66.16,66.32,2699142.0,65.832,67.84941022104876,63.81458977895123,66.651,64.953,65.80199999999999,65.832,0.8500000000000085,67.15875,64.50524999999999,0,48.84086189650488,0.9590500837265876,-2.010241355449447,64.15444558682626,66.39845776959424,0.8640785518285528,14.531490165972611,214902439.0,2002028.9,0,0.12476576392378183,4.0,-32.0,36.0,65.832,66.39255806752048,66.42142516023554,0.1286721414522094,-0.04664078675789085,-0.17531292821010025
1575608400,2019-12-06,66.11,66.44,65.46,65.54,2337743.0,65.905,67.76289666020261,64.04710333979739,66.676,65.07300000000001,65.8745,65.905,0.980000000000004,67.144,64.666,0,44.356686035633416,2.2784019975031335,-4.150508706640923,57.223421657266066,66.42925351874317,0.8723586552693706,14.134750920760771,212564696.0,2019197.74,0,0.022186636581317823,92.0,60.0,32.0,65.905,66.31136206108995,66.38685946767728,0.05087785632220765,-0.11171560780734069,-0.16259346412954834
1575867600,2019-12-09,65.59,65.6,64.77,65.15,2480631.0,65.95750000000001,67.66136472467505,64.25363527532497,66.73883333333333,65.13483333333333,65.93683333333334,65.95750000000001,0.8299999999999983,67.19725000000001,64.71775000000001,0,42.312077966496425,1.6380655226209226,-6.825981354494215,50.01047994213003,66.34401811202743,0.869333037035844,14.574504265540273,210084065.0,2036840.82,0,0.026743682956366744,88.0,60.0,28.000000000000004,65.95750000000001,66.20075615050996,66.3383551748272,-0.02395575108439088,-0.19253815298503696,-0.16858240190064608
1575954000,2019-12-10,65.19,65.51,65.08,65.36,1358595.0,66.0255,67.50526315672204,64.54573684327795,66.80216666666666,65.20616666666666,66.00416666666666,66.0255,0.4300000000000068,67.25925,64.79175,0,43.78088935788979,2.124999999999999,-8.318954826472668,54.91389478995217,66.30614683746724,0.8379521058189985,14.982846657121241,211442660.0,2011404.16,0,0.02686980191828502,84.0,60.0,24.0,66.0255,66.12068413617567,66.29998830522614,-0.05466556340182133,-0.23691435615292278,-0.18224879275110145
1576040400,2019-12-11,65.32,65.78,64.96,65.66,1809728.0,66.1125,67.25246271868511,64.97253728131489,66.8945,65.2675,66.081,66.1125,0.8200000000000074,67.3695,64.85549999999999,1,45.85401558107817,2.7221526908635716,-8.621370961158688,53.85664505463999,66.23532743109229,0.8366698125462134,14.903215346374944,213252388.0,2019974.0,0,0.0766284718197403,80.0,60.0,20.0,66.1125,66.07680945653989,66.27489072462903,-0.050241393049789584,-0.24505053406333843,-0.19480914101354885
1576126800,2019-12-12,65.63,65.8,65.17,65.26,1243965.0,66.11,67.25718786604111,64.96281213395889,66.88666666666668,65.32866666666666,66.10766666666666,66.11,0.6299999999999955,67.30925,64.91075,1,43.59759803419357,-0.07655795437145484,-9.854583018358543,57.19863415617247,66.19924011841687,0.8219076830786264,14.794773354649953,212008423.0,1994798.76,0,0.031026608938863595,76.0,60.0,16.0,66.11,65.99901807972657,66.23509108836907,-0.06858569971416398,-0.2805412656562538,-0.21195556594208984
1576213200,2019-12-13,65.26,65.77,64.77,65.65,1132634.0,66.1315,67.22607343289152,65.03692656710848,66.92016666666667,65.30716666666666,66.11366666666666,66.1315,1.0,67.37200000000001,64.89099999999999,1,46.309182404252546,0.6593069610549016,-9.668135960218512,51.70287574298492,66.16102624013826,0.8346285628587244,15.211971211388844,213141057.0,1967918.56,0,0.042089766139941844,72.0,60.0,12.0,66.1315,65.96577826260975,66.21214633980559,-0.049666932706771694,-0.27403923182555445,-0.22437229911878276
1576472400,2019-12-16,65.77,66.23,65.53,66.23,1779921.0,66.163,67.23050362996663,65.09549637003336,66.94733333333333,65.33433333333332,66.14083333333333,66.163,0.7000000000000028,67.40350000000001,64.92249999999999,1,50.0671389567,0.9603658536585513,-7.795026979246118,51.420887394313276,66.13976017267336,0.8250122369402444,14.789964062918912,214920978.0,1969648.64,0,0.11071513242421765,68.0,60.0,8.0,66.163,65.9909422375993,66.21284648334262,0.0038544110556578137,-0.2195542852992105,-0.22340869635486832
1576558800,2019-12-17,66.36,66.97,66.24,66.83,1221278.0,66.189,67.29422214961153,65.08377785038846,66.94733333333333,65.36633333333333,66.15683333333334,66.189,0.7399999999999949,67.38674999999999,64.99125,1,53.603348765865725,0.7841954456341366,-4.588035434278857,45.70726733393989,66.08484272364237,0.8189399343016551,14.161684952859721,216142256.0,1958329.58,0,0.06206791826621716,64.0,60.0,4.0,66.189,66.07085250068508,66.23704858203506,0.07752587057887178,-0.1265013581312786,-0.2040272287101504
1576645200,2019-12-18,67.16,67.57,66.78,67.47,3373973.0,66.245,67.48273179646964,65.00726820353037,66.99166666666667,65.42066666666668,66.20616666666668,66.245,0.789999999999992,67.43525000000001,65.05475,0,57.02089252732842,1.6880180859080705,-0.321147351430222,47.576150501499775,66.1614461464642,0.8168727961372506,14.309514624202569,219516229.0,1995038.1,0,0.1156909398771426,100.0,28.0,72.0,66.245,66.20410464347697,66.28539961803368,0.1623410620555696,-0.0011009011406883928,-0.163441963196258
1576731600,2019-12-19,67.49,68.16,67.39,68.06,2569130.0,66.3185,67.78322215795076,64.85377784204924,67.04816666666667,65.48816666666667,66.26816666666666,66.3185,0.769999999999996,67.5005,65.1365,0,59.888038355092036,2.2075386694698884,4.517967660890721,50.422478658073445,66.28560499804875,0.8135247392703039,15.065465698828259,222085359.0,2005797.88,0,0.20306897883276104,100.0,32.0,68.0,66.3185,66.38085658219345,66.3549917898755,0.24613388503358524,0.14422539309572358,-0.10190849193786168
1576818000,2019-12-20,68.22,69.31,68.1,68.71,5849865.0,66.436,68.23424803628197,64.63775196371805,67.16566666666667,65.61466666666666,66.39016666666666,66.436,1.25,67.61425000000001,65.25775,0,62.76836805409888,3.5412899336949883,9.827787593663317,63.9298027572786,66.7250715111754,0.8447015436081393,16.724154249112395,227935224.0,2089558.48,1,0.21584375886482693,100.0,36.0,64.0,66.436,66.6026797648417,66.44734505301763,0.32816141991889847,0.3082932829607614,-0.01986813695813707
1577077200,2019-12-23,68.8,68.9,67.67,68.01,2191213.0,66.518,68.44190852173172,64.59409147826828,67.27833333333334,65.69133333333333,66.48483333333334,66.518,1.230000000000004,67.72325000000001,65.31275,0,58.04356754011609,2.470995931896942,11.933361994180206,63.245332295982024,66.85209356366718,0.872222861921844,17.60256250621625,225744011.0,2107728.16,0,0.19174204783875534,96.0,36.0,60.0,66.518,66.7367102634282,66.5086256391738,0.3178806950941855,0.3774827319095948,0.05960203681540931
1577163600,2019-12-24,67.98,68.3,67.63,68.2,544456.0,66.6125,68.66746350332357,64.55753649667642,67.36716666666668,65.77316666666665,66.57016666666667,66.6125,0.6700000000000017,67.823,65.402,0,58.926915705985515,2.850248831247173,13.968719095075155,59.10358689803609,66.88682239367581,0.8577783717845696,18.356783093640985,226288467.0,2099422.54,0,0.1423599043698849,92.0,35.99999999999999,56.00000000000001,66.6125,66.87607119072075,66.57495404548071,0.30635508036775433,0.44254588727510225,0.13619080690734792
1577336400,2019-12-26,68.27,68.51,67.89,68.48,951287.0,66.69800000000001,68.90847144292613,64.48752855707389,67.44333333333333,65.86333333333333,66.65333333333334,66.69800000000001,0.6200000000000045,67.89800000000001,65.498,0,60.22593083220745,2.561030402875555,16.15825209484731,65.9675363487919,66.97283739302682,0.8407942023713864,19.24353172807991,227239754.0,2074465.56,0,0.23442483791541352,88.0,36.0,52.0,66.69800000000001,67.02882631541401,66.64966172997165,0.2996987290837546,0.5108142182620412,0.2111154891782866
1577422800,2019-12-27,68.48,68.67,68.3,68.49,1619192.0,66.77700000000002,69.12103156975157,64.43296843024847,67.52333333333334,65.94633333333333,66.73483333333334,66.77700000000002,0.37000000000000455,67.97475000000001,65.57925000000002,0,60.27316532086036,2.3613809594978306,17.919212957471313,73.33896187875324,67.15636249341709,0.8071660450591448,20.21006372948769,228858946.0,2071084.02,0,0.31151681677004633,84.0,36.0,48.0,66.77700000000002,67.16798571394601,66.72183185820806,0.27852943146837966,0.5592772785137612,0.2807478470453815
1577682000,2019-12-30,68.32,68.58,68.06,68.57,1466474.0,66.8705,69.34058076790859,64.40041923209142,67.58583333333334,66.03383333333332,66.80983333333333,66.8705,0.519999999999996,68.04950000000001,65.6915,0,60.66652325216425,2.8035982008995357,19.512888523413004,75.80139452294489,67.40525176211368,0.7866541846977769,20.68394507330093,230325420.0,2076467.86,0,0.3828958587480541,80.0,36.0,44.0,66.8705,67.3015108840464,66.79430904023911,0.25320584136882873,0.5972551487564175,0.34404930738758877
1577768400,2019-12-31,68.6,69.12,68.55,69.1,1900835.0,67.0155,69.64635898519701,64.384641014803,67.7135,66.17049999999999,66.942,67.0155,0.5700000000000074,68.18400000000001,65.847,0,63.20708865452234,4.380664652567963,21.904866921333465,76.34849988560202,67.61220822382066,0.7711788857907934,21.634291792421784,232226255.0,2084294.9,0,0.42444809829863533,100.0,60.0,40.0,67.0155,67.47279556175626,66.88472829356307,0.2547467670476553,0.662482766197158,0.40773599914950265
1577941200,2020-01-02,69.07,69.07,67.49,67.61,4153702.0,67.0855,69.70136295512434,64.46963704487565,67.84616666666668,66.21916666666667,67.03266666666666,67.0855,1.6099999999999994,68.31925,65.85175,0,53.064301953071755,2.1144842168856757,19.190238750113426,64.35959497768022,67.80318791838658,0.8310946796628796,20.87901292506197,228072553.0,2131925.72,0,0.2311778390054622,96.0,60.0,36.0,67.0855,67.4858626511128,66.91317032126649,0.14355277257013105,0.5871769648621665,0.4436241922920355
1578027600,2020-01-03,67.53,67.84,67.18,67.31,2479971.0,67.1005,69.71789928172831,64.48310071827169,67.8635,66.2775,67.0705,67.1005,0.6599999999999966,68.3035,65.8975,0,51.318959202523416,0.4476943739740295,16.215427324470106,61.75193689747761,67.86992985598472,0.8188736311155308,19.772005986146116,225592582.0,2159171.4,0,0.2023565070130489,92.0,60.0,32.0,67.1005,67.46911382719729,66.92873226945213,0.04314352124341586,0.4975535938463054,0.4544100726028895
1578286800,2020-01-06,67.46,68.03,67.42,67.67,3131769.0,67.168,69.77099519784264,64.56500480215738,67.91866666666667,66.34666666666666,67.13266666666667,67.168,0.7199999999999989,68.36125000000001,65.97475,0,53.26081530435396,2.0355850422195547,14.653644073515434,67.36983442664778,67.93883711190936,0.8118112288929928,18.964748878436357,228724351.0,2190378.3,0,0.14728830941864857,88.0,60.0,28.000000000000004,67.168,67.48824584365468,66.95780159221871,-0.0032211178309064503,0.4503836753142565,0.45360479314516294
1578373200,2020-01-07,67.67,67.67,66.68,67.16,2770141.0,67.249,69.74284762966622,64.75515237033378,67.987,66.414,67.2005,67.249,0.9899999999999949,68.443,66.05499999999999,0,50.27051637365302,2.4717729630759693,11.996709933468198,60.333883622875334,67.9776154675309,0.8245389982577788,17.938374465517764,225954210.0,2225096.18,0,0.08856476965045551,84.0,60.0,24.0,67.249,67.45698433473518,66.96573094154348,-0.06879515591160917,0.3676108482556515,0.43640600416726066
1578459600,2020-01-08,67.11,67.56,66.89,67.22,1882063.0,67.35249999999999,69.65368121841627,65.05131878158372,68.0815,66.5245,67.303,67.35249999999999,0.6700000000000017,68.5345,66.17049999999999,0,50.61389168709246,3.1772831926323764,10.032406128501195,61.08796150612576,67.98234951151964,0.8135004983822233,16.985312510664784,227836273.0,2230859.58,0,0.06450062396658363,80.0,60.0,20.0,67.35249999999999,67.43441439809374,66.97570227716923,-0.10643890725724009,0.3033573700957106,0.4097962773529507
1578546000,2020-01-09,67.06,67.84,67.05,67.75,1527806.0,67.47200000000001,69.58763323853447,65.35636676146555,68.211,66.61800000000001,67.4145,67.47200000000001,0.7900000000000063,68.68100000000001,66.263,0,53.59334380134584,3.6566707466340276,9.649948754791199,58.945106400325564,68.03460956340733,0.8118218913549221,15.818918179218722,229364079.0,2231024.12,0,0.02754230503057513,76.0,60.0,16.0,67.47200000000001,67.46447016970386,67.00606689375083,-0.0943662505336969,0.2918384641858296,0.3862047147195265
1578632400,2020-01-10,67.94,68.69,67.94,68.57,2476427.0,67.61749999999999,69.61140947637844,65.62359052362154,68.35416666666667,66.76816666666666,67.56116666666665,67.61749999999999,0.9399999999999977,68.8355,66.39949999999999,0,57.74502355995605,4.431922022540355,11.165824157798825,58.853957949603455,68.07491182504344,0.8209774705438562,15.7363230729999,231840506.0,2234123.38,0,0.021007213859320115,72.0,60.0,12.0,67.61749999999999,67.56975872497016,67.06739760379982,-0.03304297873340911,0.3449009913027652,0.3779439700361743
1578891600,2020-01-13,68.63,69.31,68.57,69.17,1964323.0,67.813,69.5999762169631,66.0260237830369,68.53999999999999,66.94300000000001,67.7415,67.813,0.7400000000000091,69.03925000000001,66.58675,0,60.46895197962389,5.991418939626105,13.635752069342042,53.308791338480695,68.01139525587688,0.81519336550501,16.267409554393687,233804829.0,2218677.32,0,0.0641716594113664,100.0,92.0,8.0,67.813,67.72216265592537,67.14985259972924,0.04197038280687754,0.43040694854477124,0.3884365657378937
1578978000,2020-01-14,69.18,69.79,69.17,69.74,2719755.0,68.0175,69.70063843755995,66.33436156244005,68.7295,67.17049999999999,67.95,68.0175,0.6200000000000045,69.21525,66.81975,0,62.86295746948195,6.230007616146213,16.729897744846877,61.641389789946764,68.14088241582064,0.8012509822546524,17.181756223285962,236524584.0,2236740.68,0,0.17323466437601026,100.0,96.0,4.0,68.0175,67.91433764107533,67.251427007583,0.11962191410276307,0.5379639583663476,0.4183420442635845
1579064400,2020-01-15,70.02,71.26,69.98,70.93,2475353.0,68.2525,70.16810825848911,66.33689174151088,68.99483333333333,67.37783333333333,68.18633333333334,68.2525,1.5200000000000102,69.51175,66.99324999999999,0,67.2248946839903,7.096481956817156,21.406545025412438,65.81877632969046,68.34538029863671,0.8525901978078922,19.054238526743756,238999937.0,2252268.9,0,0.18854503254517013,100.0,88.0,12.0,68.2525,68.20154358002054,67.39568477199151,0.23415068653569993,0.7110304024332095,0.47687971589750955
1579150800,2020-01-16,70.83,71.33,70.83,71.29,2316228.0,68.4755,70.69162702704328,66.25937297295671,69.20683333333332,67.61283333333333,68.40983333333332,68.4755,0.5,69.71675,67.23424999999999,0,68.40657693457047,6.673649558581488,25.599962997581375,67.3327023599591,68.54443280198437,0.8274051836787572,20.83442521961448,241316165.0,2262003.18,0,0.2137564035385844,100.0,92.0,8.0,68.4755,68.49568228668525,67.54840301622714,0.31228727403461176,0.8672388084407743,0.5549515344061625
1579237200,2020-01-17,71.0,72.15,71.0,72.08,2452708.0,68.70599999999999,71.36963961526173,66.04236038473825,69.44833333333334,67.81833333333333,68.63333333333333,68.70599999999999,1.1500000000000057,69.97425,67.43774999999998,0,70.83549162503124,6.832666370238624,30.11665691627486,68.24932861979272,68.77990371286808,0.8504476705588464,22.945762451610058,243768873.0,2264059.04,0,0.2710614522727457,100.0,96.0,4.0,68.70599999999999,68.8370458784295,67.72611270186529,0.3902477255942204,1.042761191398938,0.6525134658047177
1579582800,2020-01-21,72.24,72.99,71.97,72.95,2617790.0,68.9505,72.17147795707945,65.72952204292056,69.69916666666667,68.04416666666665,68.87166666666667,68.9505,1.019999999999996,70.23750000000001,67.6635,0,73.22199651319022,7.184836908610051,34.86804176868841,73.59757045377918,69.08528859795891,0.8625585512332142,25.303763311324552,246386663.0,2273964.56,0,0.2908591852255554,100.0,96.0,4.0,68.9505,69.22875579476955,67.93097102728234,0.4682269224648953,1.2377971188858368,0.7695701964209415
1579669200,2020-01-22,72.6,73.32,72.01,73.07,1703619.0,69.1685,72.85185322769777,65.48514677230222,69.90883333333333,68.24383333333333,69.07633333333334,69.1685,1.309999999999988,70.46,67.877,0,73.53640545609824,6.345510114975986,38.66727708837132,73.52075276436213,69.27669287789502,0.8945186547165552,27.635869448227613,248090282.0,2260459.0,0,0.2719186920577524,100.0,96.0,4.0,69.1685,69.59458857622008,68.13250157523204,0.4931996384468007,1.3860697444794425,0.8928701060326418
1579755600,2020-01-23,73.12,74.14,73.04,74.12,2165913.0,69.474,73.69641826445364,65.25158173554637,70.181,68.529,69.35499999999999,69.474,1.0999999999999943,70.75575,68.19225,0,76.11898617541185,8.983972945155124,42.95381743593277,84.4965174226461,69.72928676358747,0.9091958936653723,30.12615894720761,250256195.0,2273597.84,0,0.46009806582859514,100.0,96.0,4.0,69.474,70.0255801403896,68.36730543502686,0.5418661336869297,1.570202773141304,1.0283366394543743
1579842000,2020-01-24,73.93,74.84,73.88,74.58,2209948.0,69.79299999999999,74.51649489255483,65.06950510744515,70.515,68.834,69.6745,69.79299999999999,0.960000000000008,71.09649999999999,68.48949999999999,0,77.14744013156538,9.354838709677413,46.78136357045787,91.8256061791526,70.22490206360288,0.9128247584035607,32.680770887213235,252466143.0,2283034.98,0,0.5415491489548789,100.0,48.0,52.0,69.79299999999999,70.45933441273344,68.6109405160062,0.5639448084639689,1.7332676500343354,1.1693228415703665
1580101200,2020-01-27,74.47,74.85,74.03,74.22,1897348.0,70.08,75.1353733788902,65.0246266211098,70.82866666666666,69.12766666666667,69.97816666666667,70.08,0.8199999999999932,71.3985,68.7615,0,74.50421590983534,8.382009345794385,48.6423799324821,85.16449774189282,70.7298793635965,0.9061944185175915,35.056295071640015,250568795.0,2290005.32,0,0.5484497162835008,96.0,48.0,48.0,70.08,70.81749304009216,68.83090363302556,0.5145855232280239,1.8125547456053965,1.2979692223773727
1580187600,2020-01-28,74.34,74.8,73.99,74.56,1978547.0,70.3835,75.74044045141362,65.02655954858638,71.14883333333333,69.40383333333334,70.27633333333333,70.3835,0.8100000000000023,71.735,69.032,0,75.34403791485218,8.862607679953289,50.46285709408457,93.4873648092512,71.29661290259595,0.899323388623478,37.19163312195566,252547342.0,2285135.6,0,0.5920253175104843,92.0,48.0,44.0,70.3835,71.17392227436909,69.05557407878926,0.46653732410861926,1.8811408775131468,1.4146035534045276
1580274000,2020-01-29,74.63,75.16,74.25,75.05,1566438.0,70.70750000000001,76.36209061294376,65.05290938705626,71.48916666666666,69.70516666666666,70.59716666666665,70.70750000000001,0.9099999999999966,72.08825000000002,69.32675,0,76.51746835754084,9.450196879101656,52.402454009054765,93.45923500446298,71.73506884824278,0.9000860037218008,39.31091713247729,254113780.0,2262111.04,0,0.6386692958938863,100.0,60.0,40.0,70.70750000000001,71.54307253395298,69.29064960511126,0.43033897100103036,1.9525272671558156,1.5221882961547852
1580360400,2020-01-30,74.94,75.78,74.81,75.72,1690284.0,71.0385,77.04219644469067,65.03480355530932,71.83483333333334,70.01083333333334,70.92283333333333,71.0385,0.9699999999999989,72.44925,69.62774999999999,0,78.02289954275155,9.580318379160644,54.58951430405323,93.53212551673234,72.15365495968024,0.905079860598815,41.49616366941474,255804064.0,2244455.82,0,0.6452084317748045,100.0,64.0,36.0,71.0385,71.94087514976698,69.54278099314611,0.4139717992124776,2.0396530451703825,1.6256812459579049
1580446800,2020-01-31,75.72,76.0,74.74,75.09,7391516.0,71.4125,77.44713959155735,65.37786040844264,72.17983333333333,70.38783333333333,71.28383333333333,71.4125,1.2600000000000051,72.797,70.02799999999999,0,73.36745066249026,11.06345215204852,54.30047816022652,72.84443053610691,73.074840034041,0.9304312991274715,43.59819141606215,248412548.0,2341225.7,-1,0.41361814119976803,96.0,64.0,32.0,71.4125,72.24079180217012,69.76031899341488,0.3269859334402452,2.0344136627582117,1.7074277293179665
1580706000,2020-02-03,75.25,75.36,74.61,75.07,1642838.0,71.8005,77.72705540765388,65.87394459234612,72.56283333333333,70.76183333333333,71.66233333333334,71.8005,0.75,73.19175,70.40925,0,73.22145375237184,11.528747585797044,54.00745032861285,67.89241680536149,73.39515996189114,0.9175433491897949,45.2922714048778,246769710.0,2334440.64,0,0.39306826321433913,92.0,64.0,28.000000000000004,71.8005,72.51024020196346,69.96854177798684,0.23848108905559995,2.0055290906374665,1.7670480015818666
1580792400,2020-02-04,74.75,74.96,73.47,73.6,2850882.0,72.097,77.75454752520837,66.43945247479162,72.922,71.03299999999999,71.97749999999999,72.097,1.5999999999999943,73.55425,70.63974999999999,0,63.45240928481705,8.763115117481886,49.15189544303226,59.9794474108621,73.74314636909034,0.9662902528190948,44.87835509595724,243918828.0,2340457.8,0,0.25902598130816107,88.0,64.0,24.0,72.097,72.61402684939551,70.11095190434031,0.06058458931683175,1.8427787382279064,1.7821941489110746
1580878800,2020-02-05,73.41,73.59,72.93,73.51,2406965.0,72.4145,77.6230640055577,67.20593599444231,73.21416666666667,71.35816666666666,72.28616666666667,72.4145,0.6699999999999875,73.84775,70.98125,0,62.91147417498078,9.45503275759382,45.09721101205358,53.15845124881439,73.92980661941401,0.9451266633320156,43.714990467843485,241511863.0,2325363.0,0,0.2774311015696942,84.0,64.0,20.0,72.4145,72.69935762564357,70.24424790809167,-0.07608494818309786,1.6870879636822025,1.7631729118653003
1580965200,2020-02-06,73.77,74.19,73.6,73.81,1441310.0,72.744,77.40101363536667,68.08698636463333,73.54233333333333,71.69433333333333,72.61833333333333,72.744,0.6799999999999926,74.178,71.31,0,63.98866203719256,9.803629872061892,42.221363009606875,52.07462319784602,74.11641415412647,0.9261890445225853,43.07107171662572,242953173.0,2307221.54,0,0.21516075330169154,80.0,64.0,16.0,72.744,72.805133089868,70.38408132346062,-0.15468747958305196,1.5698135623864857,1.7245010419695377
1581051600,2020-02-07,74.01,74.11,73.45,73.58,1452487.0,73.0355,77.09747722790159,68.9735227720984,73.84416666666667,72.00916666666667,72.92666666666666,73.0355,0.6599999999999966,74.45975,71.61125,0,62.52319511837773,8.605166051660513,39.24225923166912,46.36203458109795,74.27497433392037,0.9071755413424004,42.25653373374037,241500686.0,2297384.04,0,0.12977142302759676,76.0,64.0,12.0,73.0355,72.87892993845199,70.50941146763864,-0.22624505969120512,1.4416947173555315,1.6679397770467366
1581310800,2020-02-10,73.68,74.22,73.6,74.22,1434187.0,73.31800000000001,76.8496998739971,69.78630012600293,74.11833333333333,72.29633333333334,73.20733333333334,73.31800000000001,0.6400000000000006,74.71975,71.91625000000002,0,64.87914782182993,8.239754994895735,37.6588840773462,44.45957388257651,74.39791567084845,0.8880915741036576,41.58544317963899,242934873.0,2239331.84,0,0.10386412892768872,72.0,64.0,8.0,73.31800000000001,73.00665089669467,70.65492474341752,-0.23359880844340908,1.3759412664924753,1.6095400749358844
1581397200,2020-02-11,74.27,74.53,73.99,74.07,1086022.0,73.563,76.54707841719868,70.57892158280133,74.36733333333333,72.56533333333334,73.46633333333334,73.563,0.5400000000000063,74.94975,72.17625000000001,0,63.888286378577625,7.083995952002301,35.95131904020015,43.421677891020344,74.47812402954997,0.8632278902391111,41.20374489456094,241848851.0,2211969.22,0,0.047689470438315215,68.0,64.0,4.0,73.563,73.1079222398666,70.78884926328351,-0.25020887935486824,1.2967789757422992,1.5469878550971674
1581483600,2020-02-12,73.74,74.47,73.61,74.13,1400908.0,73.7825,76.20184598600342,71.36315401399658,74.6045,72.7785,73.69149999999999,73.7825,0.8599999999999994,75.18724999999999,72.37775,0,64.11901872897069,6.294809291654718,34.63968983220412,37.45143895473673,74.50995393821326,0.8629973266506031,40.24280288548456,243249759.0,2219224.52,0,-0.010027278690559365,64.0,60.0,4.0,73.7825,73.20526297892692,70.91987478237043,-0.2577779202571575,1.2247654547757207,1.4825433750328783
1581570000,2020-02-13,74.21,75.18,73.92,75.12,1607293.0,73.99199999999999,76.09154852289505,71.89245147710493,74.80433333333333,72.98033333333333,73.89233333333333,73.99199999999999,1.2600000000000051,75.37724999999999,72.60674999999999,0,67.7031276426379,5.907232482729448,34.96852574054188,36.20395652913162,74.52801533553176,0.8913546604612748,39.92555765963617,244857052.0,2196607.36,0,0.004556474739401988,60.0,56.0,4.0,73.99199999999999,73.3876188856958,71.08458557521865,-0.1993454816984035,1.233361522909874,1.4327070046082775
1581656400,2020-02-14,75.37,76.2,75.37,76.08,1338689.0,74.2315,76.12634854275765,72.33665145724234,75.0575,73.2005,74.12899999999999,74.2315,1.0799999999999983,75.66024999999999,72.80275,0,70.69142632752404,6.719034927759843,36.56482985748401,41.50804296789684,74.60041554622747,0.9048293275711836,40.30527483753189,246195741.0,2185300.78,0,0.0718949152373257,100.0,96.0,4.0,74.2315,73.64403613467715,71.28048418011204,-0.10406790069718186,1.3026221287368003,1.4066900294339821
1582002000,2020-02-18,76.46,77.09,76.15,77.02,1914440.0,74.47850000000001,76.47243354954242,72.4845664504576,75.29749999999999,73.4615,74.37950000000001,74.47850000000001,1.0100000000000051,75.89675000000001,73.06025000000001,0,73.24313869922707,6.8534961154273,39.063579994590846,41.49831896385167,74.75163362009167,0.9123415184589565,41.132706553028584,248110181.0,2173554.64,0,0.10022223405575077,100.0,96.0,4.0,74.47850000000001,73.96555650280314,71.50556323187234,0.008269732063245883,1.4170271945130395,1.4087574624497936
1582088400,2020-02-19,77.04,77.11,76.6,76.6,1859295.0,74.661,76.7287127460048,72.5932872539952,75.47866666666667,73.69366666666667,74.58616666666667,74.661,0.5100000000000051,76.041,73.281,0,70.36194342688151,5.0034270047977945,39.77494734827169,42.17429266047215,74.87514320764491,0.8836028385690314,41.91110267867474,246250886.0,2156757.7,0,-0.004001514839485763,96.0,92.0,4.0,74.661,74.21645588348855,71.70534506591656,0.0386004792355763,1.457008061494264,1.4184075822586877
1582174800,2020-02-20,78.85,80.76,76.98,77.7,2438436.0,74.89250000000001,77.21670201359322,72.5682979864068,75.88616666666667,73.85416666666667,74.87016666666666,74.89250000000001,4.160000000000011,76.48625000000001,73.29875000000001,0,73.26168666475132,6.336389763240742,41.684987423098555,43.79819985002629,75.13422164894317,1.1176312072426728,43.88582109388144,248689322.0,2158771.56,0,-0.10271833306494244,100.0,96.0,4.0,74.89250000000001,74.54822198982298,71.94042957313552,0.11285578207531999,1.5594773098528378,1.4466215277775178
1582261200,2020-02-21,77.75,78.99,77.54,77.95,3038176.0,75.08399999999999,77.73079730995606,72.43720269004392,76.12333333333333,74.05633333333334,75.08983333333333,75.08399999999999,1.4499999999999886,76.704,73.46399999999998,0,73.87321902640478,5.1672962763086865,43.45311283789448,50.943530249804674,75.44836124287369,1.1413718352967668,45.71948819371624,251727498.0,2169922.46,0,-0.04413854291956888,100.0,96.0,4.0,75.08399999999999,74.87220084793508,72.17609900164001,0.15624732437068345,1.6419306832408722,1.4856833588701888
1582520400,2020-02-24,77.88,78.34,77.26,77.34,2465140.0,75.22200000000001,78.03206476793521,72.4119352320648,76.28999999999999,74.211,75.2505,75.22200000000001,1.0799999999999983,76.85100000000001,73.593,0,69.7744978391357,3.7007240547063627,43.05954532550144,49.226891272930494,75.67779784954844,1.136988132775569,47.04087833344949,249262358.0,2192053.36,0,-0.1352582600495382,96.0,92.0,4.0,75.22200000000001,75.10722933860794,72.37860492314432,0.12278009299796055,1.6391584751176396,1.516378382119679
1582606800,2020-02-25,77.42,78.12,75.62,75.85,2407688.0,75.3035,78.08701773840059,72.51998226159941,76.48216666666667,74.23516666666667,75.35866666666666,75.3035,2.5,77.0585,73.5485,0,61.063360125622886,2.196173538129878,38.556020121544584,49.886061339144085,75.93668957827805,1.2343461232915998,46.32442238559919,246854670.0,2204012.56,0,-0.1227523397650077,92.0,88.0,4.0,75.3035,75.17796940159765,72.51473806341318,-0.013545705964847166,1.4994462496636203,1.5129919556284674
1582693200,2020-02-26,75.9,76.95,75.58,75.92,2803193.0,75.3715,78.14547386433087,72.59752613566913,76.59516666666666,74.29216666666666,75.44366666666667,75.3715,1.3700000000000045,77.1685,73.5745,0,61.30227968639671,1.8240343347639476,35.20041075301108,48.98007934900943,76.19299415843702,1.2440356859136286,45.616736447213675,249657863.0,2235197.12,0,-0.2421593929061534,88.0,84.0,4.0,75.3715,75.24863898239788,72.64827774720091,-0.10760840978271302,1.3784814434000765,1.4860898531827895
1582779600,2020-02-27,75.88,76.3,72.67,72.72,2644084.0,75.25500000000001,78.25934019378478,72.25065980621524,76.685,74.11,75.39750000000001,75.25500000000001,3.6299999999999955,77.25600000000001,73.254,0,47.32774433687554,-3.1045969353764136,24.748853021913146,41.911359379155826,76.09551405810204,1.414461708348369,42.490053596883534,247013779.0,2265426.12,0,-0.3090179782862809,84.0,-16.0,100.0,75.25500000000001,75.00781622216951,72.65109038456558,-0.3786890013215154,1.0127286015308954,1.3914176028524108
1582866000,2020-02-28,71.48,71.48,68.62,70.23,4201217.0,74.9805,78.68610912671461,71.2748908732854,76.51316666666666,73.74916666666667,75.13116666666667,74.9805,4.099999999999994,77.21625,72.74475000000001,0,39.88120068319729,-7.2503961965134645,12.213794349073815,38.50951776914354,75.38770632639884,1.6062858720377708,41.32598737968018,242812562.0,2313852.04,0,-0.2353033088043835,80.0,-20.0,100.0,74.9805,74.55278610577241,72.55614566360222,-0.7003368327840325,0.5159965618723703,1.2163333946564028
1583125200,2020-03-02,70.35,76.12,70.35,76.05,3558514.0,75.0285,78.76329463960076,71.29370536039923,76.68350000000001,73.4685,75.076,75.0285,5.890000000000001,77.61149999999999,72.4455,0,56.65908070938735,1.2784658409908027,11.805430991481058,42.441731110696956,75.31597148519292,1.9122654526065015,38.788537320260566,246371076.0,2360596.76,0,-0.1578427877134856,76.0,-20.0,96.0,75.0285,74.69537790522267,72.69315955914723,-0.5048969241271271,0.5852122394974941,1.0901091636246212
1583211600,2020-03-03,75.99,77.72,74.86,75.52,2902597.0,75.051,78.79194052345004,71.31005947654997,76.84,73.414,75.127,75.051,2.8599999999999994,77.79225,72.30975000000001,0,55.18283027920033,0.5994405221793031,10.74517206196873,45.53440825058301,75.41133971762407,1.9799607774203227,37.01131948808061,243468479.0,2351169.24,0,-0.17264818870081466,72.0,-20.0,92.0,75.051,74.77391334282052,72.80401604702382,-0.39969312360047116,0.5904927591240323,0.9901858827245035
1583298000,2020-03-04,76.16,80.62,76.16,80.54,2204267.0,75.398,79.77038424660856,71.02561575339143,77.24333333333334,73.52033333333334,75.38183333333333,75.398,5.1000000000000085,78.40174999999999,72.39425,0,64.424421025133,9.429347826086973,15.455770373968203,50.844546190872606,75.69465578955003,2.2028207218903004,36.24539441025616,245672746.0,2343871.98,0,-0.11695269324587204,100.0,12.0,88.0,75.398,75.3230644530281,73.10738796674838,-0.0014635088842510635,0.9883564966191898,0.9898200055034408
1583384400,2020-03-05,79.48,80.85,78.82,79.64,2272205.0,75.70450000000001,80.35508910246764,71.05391089753238,77.63316666666667,73.77316666666667,75.70316666666666,75.70450000000001,2.030000000000001,78.81025000000001,72.59875000000001,0,62.0112506612327,8.339001496395042,17.3425315664122,51.941348099864484,75.99410226999281,2.190476384612422,35.59806442450621,243400541.0,2272318.78,0,-0.16724644572657124,96.0,12.0,84.0,75.70450000000001,75.73420117178732,73.36356883079746,0.18175592069817847,1.2170149063761642,1.0352589856779857
1583470800,2020-03-06,77.8,79.12,76.25,78.76,2578031.0,75.952,80.69882462283901,71.20517537716098,77.956,73.86800000000001,75.912,75.952,3.3900000000000006,79.261,72.643,0,59.709300076221396,6.706408345752611,17.559186151969612,46.54076378377378,76.13976228937535,2.276156642854392,33.83952873887692,240822510.0,2280055.14,0,-0.13541374506780743,92.0,12.0,80.0,75.952,76.02237248875996,73.5751935825309,0.22146856119137404,1.3120946871672032,1.0906261259758292
1583726400,2020-03-09,74.7,77.31,73.56,75.65,4232134.0,76.0555,80.67961710491751,71.43138289508248,78.20016666666666,73.80316666666667,76.00166666666667,76.0555,5.200000000000003,79.705,72.40599999999999,0,52.46422515451846,2.8132644740418695,14.159557952763707,38.994232095023555,76.04245152816694,2.4850025969362215,31.633720091787833,236590376.0,2353808.7,0,-0.1563752094607795,88.0,12.0,76.0,76.0555,75.98690844221139,73.6565585400787,0.026333962272464317,1.1235435788164096,1.0972096165439453
1583812800,2020-03-10,76.29,77.1,71.47,74.49,4016059.0,76.06899999999999,80.67313683549813,71.46486316450185,78.46766666666667,73.56966666666668,76.01866666666668,76.06899999999999,5.6299999999999955,80.09275,72.04524999999998,0,50.07846959895943,0.36378334680678526,10.541431029597685,32.56909367928246,75.84762426834646,2.709645268583634,30.244552930421623,232574317.0,2415104.14,0,-0.09677459246050645,84.0,12.0,72.0,76.06899999999999,75.84434573342935,73.68924251889915,-0.18138463442530472,0.8704788235123146,1.0518634579376194
1583899200,2020-03-11,72.93,73.22,70.5,71.75,3081483.0,75.953,80.85971009944451,71.0462899005555,78.458,73.342,75.9,75.953,3.989999999999995,80.2355,71.6705,0,44.99146864641006,-3.1321722694748124,5.296483051819431,26.279015091768457,75.40381438883742,2.801099177970517,29.23918548455968,229492834.0,2444349.96,0,-0.06558705260605137,80.0,12.0,68.0,75.953,75.4544080445313,73.61319379266781,-0.4865201816204079,0.4437132309121097,0.9302334125325176
1583985600,2020-03-12,68.42,69.02,60.4,67.53,3845321.0,75.623,81.71930412627117,69.52669587372884,78.425,72.533,75.479,75.623,11.350000000000001,80.69225,70.55375000000001,0,38.629794108839754,-8.90327802509105,-2.061203921514228,26.156461592311047,74.34206312964523,3.411734950972623,30.324703154452266,225647513.0,2491926.9,0,0.024409787836100167,76.0,-24.0,100.0,75.623,74.6997025164807,73.37463717334751,-0.9300603410540602,-0.2323420137850576,0.6977183272690026
1584072000,2020-03-13,70.2,72.49,66.55,72.36,4919027.0,75.485,81.74340075418559,69.22659924581441,78.44533333333334,72.08533333333334,75.26533333333333,75.485,5.939999999999998,80.90525,70.06475,0,47.562698496875875,-3.6741214057508054,-3.3634356599897672,35.24366286260069,73.74622383013525,3.5923253116174356,30.1883315198281,230566540.0,2552290.74,0,0.17208591117960692,72.0,-24.0,96.0,75.485,74.4768737053873,73.33484748027506,-0.8574290688240478,-0.37406800876105706,0.48336106006299073
1584331200,2020-03-16,66.48,68.74,62.5,63.08,5088891.0,74.83500000000001,83.09233492114683,66.57766507885319,78.16033333333333,71.25933333333333,74.70983333333332,74.83500000000001,9.86,80.91375000000001,68.75625000000001,0,36.74546714101808,-17.087276550998947,-10.355318092279783,33.78533794936362,72.66312661084979,4.040016360787619,30.687346982332485,225477649.0,2570994.52,0,0.11748889773265819,68.0,-32.0,100.0,74.83500000000001,73.39145716201709,72.93269659869564,-1.3635919766167612,-1.2211289107079608,0.14246306590880042
1584417600,2020-03-17,64.26,73.69,64.26,71.28,6151097.0,74.54799999999999,82.88027843989809,66.21572156010188,78.23433333333334,70.48433333333334,74.35933333333332,74.54799999999999,10.61,81.34674999999999,67.74924999999999,0,47.78996314577645,-7.452609711763173,-9.257467158702863,43.33800300640372,72.12662695109974,4.509300906445646,29.791573869393385,231628746.0,2644417.04,0,0.19536005141670038,64.0,-32.0,96.0,74.54799999999999,73.19036600372975,72.86788496737425,-1.0873573018462601,-1.2167335613990247,-0.1293762595527646
1584504000,2020-03-18,68.0,72.53,64.11,70.49,4960765.0,74.24249999999999,82.69855552252294,65.78644447747705,78.24350000000001,69.7025,73.97299999999998,74.24249999999999,8.420000000000002,81.63449999999999,66.8505,0,46.95847160283064,-7.976501305483029,-8.948047952617733,41.692923660096014,71.7567874018859,4.788636555985243,28.986131993506493,226667981.0,2680996.96,0,0.281927205364793,60.0,-32.0,92.0,74.24249999999999,72.93318828908883,72.77463457649684,-0.9064541484728972,-1.262443945143886,-0.3559897966709889
1584590400,2020-03-19,70.88,70.88,61.67,62.97,3931601.0,73.506,83.11631404273507,63.89568595726493,77.84966666666666,68.76566666666666,73.30766666666668,73.506,9.209999999999994,81.27674999999999,65.73525000000001,0,39.98723722940633,-18.957528957528964,-12.251124271564452,42.1091782333197,71.40389755420057,5.104448230557726,28.664076702559292,222736380.0,2704226.16,0,0.2209969143410798,56.00000000000001,-43.99999999999999,100.0,73.506,71.98431321393753,72.39013910290873,-1.2222130731925922,-1.8837561381617292,-0.661543064969137
1584676800,2020-03-20,63.35,63.55,55.1,55.85,5123827.0,72.40100000000001,84.47870988225795,60.32329011774208,77.2,67.416,72.308,72.40100000000001,8.449999999999996,80.69675000000001,64.10525000000001,0,34.83340571485449,-28.35150737652341,-17.374277271718423,34.9206685968863,69.9993750048027,5.343416214089316,29.309220391058336,217612553.0,2769061.44,0,0.0757652221913957,52.0,-48.0,100.0,72.40100000000001,70.44771195546728,71.74150619691231,-1.80440482556777,-2.9170490969288494,-1.1126442713610794
1584936000,2020-03-23,55.32,55.49,49.6,50.86,3724637.0,71.077,86.13632813906354,56.01767186093646,76.15733333333333,65.89233333333333,71.02483333333333,71.077,6.25,79.7605,62.3935,0,31.808899964051847,-34.238427721748124,-22.605900591918893,29.425942940749877,68.49183265337113,5.408172198797223,30.51480919501856,213887916.0,2812998.06,0,0.06453367587612739,48.0,-52.0,100.0,71.077,68.5822155787561,70.92262360095498,-2.3830278314473596,-4.091429060670279,-1.7084012292229196
1585022400,2020-03-24,52.88,59.22,50.64,58.39,2935181.0,70.20400000000001,86.05866921761508,54.34933078238494,75.439,64.566,70.0025,70.20400000000001,8.579999999999998,79.3435,61.06450000000001,0,40.07394108497142,-23.019116677653255,-22.439744777342536,29.246363053284057,67.43979524058564,5.634731327454564,30.688994693852617,216823097.0,2822173.14,0,0.06796214134245884,44.0,-52.0,96.0,70.20400000000001,67.61152838077933,70.43114816562341,-2.1246530886022543,-4.364217589975738,-2.2395645013734833
1585108800,2020-03-25,57.41,60.93,55.58,58.76,2540946.0,69.346,85.7192823831995,52.97271761680051,74.75166666666667,63.48066666666667,69.11616666666667,69.346,5.350000000000001,78.784,59.908,0,40.44727897995208,-22.6027397260274,-22.14977602861081,28.63588254999968,66.54835489115277,5.614393375493525,30.44444761794553,219364043.0,2833705.6,0,0.08368025982157026,40.0,-52.0,92.0,69.346,66.76852567784796,69.973456080697,-1.8073007619338766,-4.498690453790829,-2.691389691856952
1585195200,2020-03-26,58.84,64.96,58.44,64.35,3381238.0,68.9275,85.36218998794898,52.49281001205101,74.3305,62.770500000000006,68.5505,68.9275,6.519999999999996,78.58224999999999,59.272749999999995,0,45.81569701979896,-11.509900990099016,-19.438393593672885,34.108444720174035,65.80539869184223,5.679079562958273,29.32699255388432,222745281.0,2846935.26,0,0.0966275002592679,36.0,-52.0,88.0,68.9275,66.5381898990053,69.75292839125791,-1.1323711525305349,-4.106853632520121,-2.974482479989586
1585281600,2020-03-27,62.47,68.35,61.64,66.17,2037196.0,68.7245,85.19009015037089,52.25890984962912,74.28683333333333,62.34183333333334,68.31433333333332,68.7245,6.709999999999994,78.575,58.87400000000001,0,47.43952483027799,-5.781005268403819,-16.680483188841304,39.535124731950035,65.05347621702336,5.752716737032681,27.621066479306325,224782477.0,2838172.12,0,0.10452671545833488,32.0,-52.0,84.0,68.7245,66.50312419433813,69.6124213955223,-0.5067116448061397,-3.6078720359972607,-3.101160391191121
1585540800,2020-03-30,67.54,68.65,65.11,68.37,2926163.0,68.34049999999999,84.45938268460287,52.22161731539711,73.8355,62.1135,67.9745,68.34049999999999,3.5400000000000063,78.01474999999999,58.66624999999999,0,49.370162197633604,-10.098619329388551,-13.715261609153078,46.26707813989983,64.49442389194688,5.594665541530347,25.978943854184568,227708640.0,2850370.82,0,0.146335208227331,28.000000000000004,-52.0,80.0,68.34049999999999,66.68092189011544,69.56369898785476,0.08067382304459914,-3.000318112385372,-3.0809919354299713
1585627200,2020-03-31,66.86,67.62,63.78,63.92,3695129.0,67.76050000000001,83.63727231051674,51.88372768948328,73.33816666666665,61.51816666666667,67.42816666666667,67.76050000000001,4.590000000000003,77.56450000000001,57.956500000000005,0,45.789058755842824,-15.360169491525417,-12.773191042857867,46.01568042294873,64.12668558042093,5.522903717135322,24.695881784403642,224013511.0,2875219.24,0,0.08722929615545441,24.0,-52.0,76.0,67.76050000000001,66.41797694819968,69.34237745891927,0.18870681101189524,-2.8451084216651026,-3.033815232676998
1585713600,2020-04-01,61.71,63.08,61.3,62.11,2651268.0,66.839,81.75200626969594,51.92599373030405,72.357,60.80500000000001,66.58099999999999,66.839,2.6200000000000045,76.457,57.221000000000004,0,44.40986056078006,-22.883039483486474,-12.583373784721255,47.18247395262229,63.922068848040524,5.315553451625656,23.941573981743467,221362243.0,2875888.8,0,0.038213712219713605,20.0,-52.0,72.0,66.839,66.00769342932352,69.05875481347147,0.1586762149285601,-2.8354699640162977,-2.994146178944858
1585800000,2020-04-02,60.91,65.29,60.91,64.8,3276611.0,66.09700000000001,79.81756427411027,52.376435725889756,71.66933333333333,59.882333333333335,65.77583333333334,66.09700000000001,4.38000000000001,75.89125000000001,56.30275,0,46.9114494093095,-18.633852335509797,-11.421923600337323,44.985497038738195,63.29202229597901,5.248728205080967,22.751880917328467,224638854.0,2907348.64,0,-0.0017955058019087063,16.0,-52.0,68.0,66.09700000000001,65.89267500748319,68.89174482078631,0.3305021245570616,-2.581018523248531,-2.9115206478055926
1585886400,2020-04-03,63.91,64.64,60.81,61.35,2693711.0,65.2265,77.78274509955068,52.670254900449315,70.9285,59.04549999999999,64.987,65.2265,3.989999999999995,75.06575000000001,55.38725,0,44.2247051782902,-22.105129507364147,-11.53176846668747,47.293039700797806,63.086138389310115,5.158819047575184,21.666476392658854,221945143.0,2917904.6,0,0.04226765059650107,12.0,-52.0,64.0,65.2265,65.4600392924848,68.59599012193195,0.22724664620777535,-2.6274623400458736,-2.854708986253649
1586145600,2020-04-06,63.81,67.74,63.04,67.09,1955615.0,64.7985,76.45573856665851,53.14126143334149,70.49849999999999,58.52049999999999,64.5095,64.7985,6.3899999999999935,74.727,54.870000000000005,0,49.309178736340414,-11.315267680105752,-9.51339861846336,41.75665596764741,62.31519345678608,5.246760544176957,20.26067086276543,223900758.0,2912817.94,0,0.011394759246668986,8.0,-52.0,60.0,64.7985,65.61527364558148,68.53693168577774,0.5429546952930941,-2.1760156171372813,-2.7189703124303755
1586232000,2020-04-07,68.04,68.65,64.93,65.2,3031010.0,64.334,75.11710604603287,53.55089395396713,69.99833333333332,58.211333333333336,64.10483333333333,64.334,3.719999999999999,74.11925,54.548750000000005,0,47.79892959939153,-12.471472680896754,-8.503926088816618,51.33466582879694,61.82731290271314,5.137706219592888,19.14626252199711,220869748.0,2935491.18,0,-0.10535984031232355,4.0,-52.00000000000001,56.00000000000001,64.334,65.57572377457373,68.40607161966882,0.6165447505784329,-1.9482893742073344,-2.5648341247857673
1586318400,2020-04-08,65.58,68.68,64.48,68.12,2248427.0,64.1525,74.54533190473082,53.75966809526919,69.83583333333334,57.90083333333333,63.868333333333325,64.1525,4.200000000000003,73.9535,54.3515,0,50.275706508531066,-5.059233449477345,-6.678597856068021,59.18994156067281,61.796168305730184,5.070727203907682,18.004408793829715,223118175.0,2940888.78,0,-0.0036755014160423935,4.0,-48.0,52.0,64.1525,65.81803579604289,68.39485312477986,0.8400799584173049,-1.5147341767641365,-2.3548141351814413
1586404800,2020-04-09,69.02,74.37,68.77,73.64,2667469.0,64.458,75.56469455778769,53.35130544221231,70.01533333333333,58.382333333333335,64.19883333333334,64.458,6.25,73.8765,55.0395,0,54.56540496073381,9.047830593810158,-3.3488368734345757,69.37718960599624,62.965773532259675,5.154960975057134,18.072789989375885,225785644.0,2962909.4,0,0.15167033718385436,4.0,-44.0,48.0,64.458,66.56298476784833,68.60054515910223,1.3098910117570646,-0.7174503704851105,-2.027341382242175
1586750400,2020-04-13,72.52,73.39,69.86,70.88,3084036.0,64.384,75.29715059916204,53.47084940083796,69.94033333333334,58.54833333333333,64.24433333333334,64.384,3.780000000000001,73.6405,55.1275,0,52.195465160889654,-2.0453289110005586,-1.6087559948434773,68.65035163565939,64.67431816813209,5.0567494768387675,18.136286813811612,222701608.0,2990784.44,0,0.17535079093671135,4.0,-40.0,44.0,64.384,66.9741290756723,68.6899355450198,1.378038959169002,-0.30479268328092246,-1.6828316424499246
1586836800,2020-04-14,72.66,74.97,72.38,74.7,2685036.0,64.965,76.74169308422321,53.1883069157768,70.22,59.193000000000005,64.7065,64.965,4.090000000000003,73.78875000000001,56.14125,0,55.04040444988808,18.421052631578956,0.9949123439376028,69.06749289505647,65.96826335318,4.987695942778856,18.484234552684946,225386644.0,2896654.84,0,0.1702517985546144,100.0,60.0,40.0,64.965,67.70992630656065,68.92562434717587,1.6076392236640331,0.3267173871301168,-1.2809218365339163
1586923200,2020-04-15,73.4,74.24,71.45,72.67,1974075.0,65.03450000000001,76.97471519906534,53.09428480093468,70.04016666666666,59.677166666666665,64.85866666666666,65.03450000000001,3.25,73.30625,56.76275000000001,0,53.267144552262764,1.9500561167227843,2.3890542223556155,63.39646283118739,66.82010016902748,4.863574804008938,18.537804073527052,223412569.0,2903279.58,0,0.15378415862630163,96.0,60.0,36.0,65.03450000000001,68.1823142773644,69.07246260807094,1.5494011790782873,0.6558296373139427,-0.8935715417643446
1587009600,2020-04-16,73.1,73.81,72.58,73.39,2070658.0,65.1795,77.44714113430088,52.91185886569914,69.8915,60.2475,65.0695,65.1795,1.230000000000004,72.912,57.447,0,53.82257962216136,4.114058731735006,3.72926992131093,62.519172655108896,67.56774978184366,4.604033746579729,18.587547200023298,225483227.0,2887675.1,0,0.1026857918285513,92.0,60.0,32.0,65.1795,68.67828434618683,69.24177779991129,1.4857717700461988,0.9636431707934037,-0.5221285992527951
1587096000,2020-04-17,74.77,75.31,72.87,74.83,1758109.0,65.77250000000001,78.68522531265151,52.85977468734851,70.01116666666667,61.04416666666666,65.52766666666666,65.77250000000001,2.4399999999999977,72.99725000000001,58.54775000000001,0,54.94981332419793,18.83436557090678,5.267398219610759,62.48144804197178,68.01287455752826,4.44945990753832,18.94680644591643,227241336.0,2874697.98,0,0.11307811554459854,100.0,72.0,28.000000000000004,65.77250000000001,69.26416202750237,69.46092376854223,1.4646610605353656,1.308697726416412,-0.1559633341189537
1587355200,2020-04-20,75.21,76.42,71.54,71.73,2123654.0,66.56649999999999,78.88006532447002,54.25293467552996,70.58583333333334,61.975833333333334,66.28083333333333,66.56649999999999,4.8799999999999955,73.52349999999998,59.60949999999999,0,52.06947758265124,28.43330349149508,5.435387469681318,55.5121876284515,68.37319995046796,4.480212771285583,18.84539765318213,225117682.0,2888344.86,0,-0.00750747836319879,96.0,72.0,24.0,66.56649999999999,69.49900373916881,69.54990715016802,1.1782364538770955,1.3168322332274158,0.13859577935032025
1587441600,2020-04-21,70.71,72.27,70.43,71.27,2027082.0,67.587,77.71339936008802,57.46060063991198,71.35033333333334,63.14533333333334,67.24783333333332,67.587,1.8399999999999892,74.21325,60.960750000000004,0,51.646622697869404,40.12976799056232,5.4088291336508565,57.770665948855914,68.90026947813644,4.291626144765183,18.395277931413272,223090600.0,2899836.76,0,0.08700953840388626,92.0,72.0,20.0,67.587,69.66767004972417,69.61736177173006,0.9063262809139058,1.2715036304927025,0.3651773495787968
1587528000,2020-04-22,72.33,72.8,71.49,71.93,1600596.0,68.264,77.62167150524056,58.906328494759435,71.78633333333333,64.30833333333334,68.04733333333334,68.264,1.5300000000000011,74.36149999999999,62.1665,0,52.2324952947205,23.18890220928242,5.60266361108942,64.00091373933668,69.59132126237321,4.094367134424813,18.110605795635344,224691196.0,2903164.94,0,0.08111571871839766,88.0,72.0,16.0,68.264,69.88313004498853,69.70805346695634,0.7271775369271071,1.2741492707376807,0.5469717338105736
1587614400,2020-04-23,71.78,72.31,69.59,70.75,1586884.0,68.8635,77.18811716837425,60.538882831625756,72.27783333333333,65.06283333333333,68.67033333333333,68.8635,2.719999999999999,74.76375,62.96325,0,51.06799488808473,20.405037440435674,5.321706432408191,57.35744429582796,70.27255071383149,3.996198053394469,17.22429200212419,223104312.0,2913182.18,0,-0.0026702120387724643,84.0,72.0,12.0,68.8635,69.96568908832296,69.74891411531101,0.4964792466001815,1.1675707920608005,0.671091545460619
1587700800,2020-04-24,70.88,71.25,69.28,70.75,1882643.0,69.18350000000001,77.27838054266346,61.088619457336556,72.4425,65.68249999999999,69.0625,69.18350000000001,1.9699999999999989,74.7425,63.62450000000001,0,51.06799488808473,9.945609945609956,5.085769124599163,58.28247775681932,70.98457136567362,3.8514696210091492,16.301650123251008,224986955.0,2922816.88,0,0.0904693952382391,80.0,72.0,8.0,69.18350000000001,70.04038536562554,69.78817238529882,0.3197375515721379,1.0707634849257914,0.7510259333536535
1587960000,2020-04-27,71.11,71.42,69.75,69.94,1971409.0,69.372,77.35217443418321,61.39182556581679,72.43966666666667,66.18366666666665,69.31166666666665,69.372,1.6700000000000017,74.553,64.191,0,50.216463239894175,5.697445972495082,4.562559505288808,52.12960730628474,71.26528673227077,3.695650362365639,15.497769423851354,223015546.0,2930099.2,0,-0.005227442417334258,76.0,72.0,4.0,69.372,70.03082485461358,69.79412640940475,0.13365884262106442,0.9180994866299841,0.7844406440089197
1588046400,2020-04-28,70.54,71.65,70.06,70.47,1637387.0,69.477,77.4569375937404,61.4970624062596,72.50966666666666,66.44866666666667,69.47916666666666,69.477,1.710000000000008,74.52075,64.43325,0,50.78171987203775,3.071522597630531,4.316838372873635,50.19468568156878,71.7526803266699,3.553818193625237,14.826876837396425,224652933.0,2936073.16,0,0.05585530031133386,72.0,68.0,4.0,69.477,70.0726510589361,69.82063125609477,0.036693461611677525,0.8303074710235165,0.793614009411839
1588132800,2020-04-29,71.23,71.23,67.81,68.14,2620719.0,69.688,77.28291830107418,62.09308169892583,72.68633333333334,66.66733333333333,69.67683333333335,69.688,3.4200000000000017,74.644,64.732,0,48.24668551787075,6.602002503128909,3.116854110695268,42.41588448238416,71.86785281154934,3.5442597512234344,14.127893697274883,222032214.0,2950198.74,0,-0.07161651290210842,68.0,64.0,4.0,69.688,69.88858905332314,69.75472414801263,-0.1819364766955338,0.5661934135424218,0.7481298902379556
1588219200,2020-04-30,67.66,67.91,65.56,65.96,4498784.0,69.88050000000001,76.86827067454217,62.89272932545785,72.93050000000001,66.8545,69.89250000000001,69.88050000000001,2.5799999999999983,74.83350000000002,64.92750000000001,0,45.98580702015836,6.19867976171308,1.1629799346551517,31.798057138114842,71.06522076787236,3.475384054707475,14.168193167054413,217533430.0,3002988.52,-1,-0.22415423098810777,64.0,36.0,28.000000000000004,69.88050000000001,69.51443771491141,69.60591143632587,-0.45537514024297876,0.1789109649342322,0.634286105177211
1588305600,2020-05-01,65.56,66.07,64.84,65.28,1704507.0,69.9045,76.82528456535033,62.98371543464967,72.8595,67.0985,69.979,69.9045,1.2299999999999898,74.62125,65.18775,0,45.288970343236684,0.7407407407407469,-0.7782278866378475,33.41913295415408,70.71279685548946,3.314999479371226,14.411810408760791,215828923.0,2988309.94,0,-0.2073166504181155,60.0,36.0,24.0,69.9045,69.11115793253889,69.4362678505876,-0.652068356586381,-0.1807993405557653,0.4712690160306157
1588564800,2020-05-04,65.64,66.43,64.88,66.04,1380942.0,70.139,76.14135587082201,64.13664412917798,72.92133333333334,67.38833333333335,70.15483333333333,70.139,1.5500000000000114,74.67275,65.60525,0,46.247242806876834,7.644661776691124,-2.0752166254871964,29.868991302739914,70.16911795388005,3.1889280879875677,14.487735302541882,217209865.0,2955165.26,0,-0.2665994807379824,56.00000000000001,36.00000000000001,20.0,70.139,68.81866670086852,69.30308087605475,-0.6969643984258577,-0.3999364820017064,0.2970279164241513
1588651200,2020-05-05,66.01,67.47,66.01,66.19,2111085.0,70.09400000000001,76.19971994116923,63.98828005883079,72.78933333333335,67.58033333333334,70.18483333333333,70.09400000000001,1.4599999999999937,74.25800000000001,65.93,0,46.44213365656483,-1.3414815918914973,-3.106973626542704,36.87068244750345,69.72757634646432,3.0654332245598837,14.123249097819045,219320950.0,2948084.16,0,-0.31168653071846675,52.0,36.0,16.0,70.09400000000001,68.568317491262,69.18099927307222,-0.6817036394691816,-0.5551016329123257,0.12660200655685588
1588737600,2020-05-06,66.14,66.52,62.25,62.33,2153611.0,69.9505,76.61856861092411,63.28243138907589,72.68883333333333,67.42483333333334,70.05683333333333,69.9505,4.269999999999996,74.15575000000001,65.74525,0,42.288872418344155,-4.401840490797553,-5.761413163310471,29.57457030136821,69.02911441803558,3.1514737085198914,14.887410159281265,217167339.0,2943002.62,0,-0.40473020567123913,48.0,36.0,12.0,69.9505,67.97419201590371,68.91233263491252,-0.8838928488261028,-0.9782640544757726,-0.0943712056496698
1588824000,2020-05-07,64.5,66.47,63.03,63.46,2024658.0,69.7175,76.92868263532351,62.506317364676484,72.51216666666667,67.32416666666667,69.91816666666668,69.7175,4.140000000000001,73.91825,65.51675,0,43.83661209501198,-6.840869054609517,-7.383151979006963,29.558206283796835,68.38576335247934,3.222082729339899,15.596988287781897,219191997.0,2927431.92,0,-0.4892006171553865,44.0,36.0,8.0,69.7175,67.54426896677002,68.69851566883752,-0.8913116801139798,-1.2085108057921445,-0.3171991256781648
1588910400,2020-05-08,63.46,64.57,63.03,63.58,1562301.0,69.2145,76.66068687651548,61.76831312348452,71.88250000000001,67.1005,69.4915,69.2145,1.539999999999992,73.062,65.367,0,44.004481219752286,-13.66105377512222,-8.675750741962883,30.406641351988753,67.77502617785332,3.1019339629584772,16.255882264246768,220754298.0,2905796.26,0,-0.44618290639451735,40.0,36.0,4.0,69.2145,67.16671954136335,68.49778956417722,-0.8386876652053334,-1.3655587071848316,-0.5268710419794982
1589169600,2020-05-11,63.39,63.6,62.16,62.95,1624377.0,68.818,76.69904460081221,60.93695539918778,71.35433333333333,66.78133333333334,69.06783333333333,68.818,1.4400000000000048,72.49,65.146,0,43.289433333018316,-11.187923250564324,-10.067161454254167,31.08269573545651,67.24236655017239,2.9832243941757293,17.119671800456594,219129921.0,2854259.46,0,-0.4407345995245297,36.0,-52.0,88.0,68.818,66.76512720409065,68.28022918911145,-0.7971403043676835,-1.5232964224391026,-0.7261561180714191
1589256000,2020-05-12,64.13,64.55,61.54,61.85,2440913.0,68.17550000000001,76.12852829116001,60.22247170884002,70.80683333333334,66.19183333333334,68.49933333333334,68.17550000000001,3.009999999999998,71.76650000000001,64.58450000000002,0,42.03407349117593,-17.202141900937082,-11.777031020011563,24.54988027475764,66.59339439520205,2.9851369374488916,17.442367457109224,216689008.0,2831907.44,0,-0.47643262948190723,32.0,-68.0,100.0,68.17550000000001,66.2970198513201,68.02806333855806,-0.7928910150158995,-1.7172698868412937,-0.9243788718253941
1589342400,2020-05-13,61.35,62.9,61.2,62.64,1920008.0,67.674,75.69477901453415,59.653220985465865,70.22533333333334,65.71933333333334,67.97233333333334,67.674,1.6999999999999957,71.14875,64.19925,0,43.27759070362849,-13.802119168845467,-12.729731694429653,24.461440193331967,66.08030019650558,2.8933414419168275,17.85259525412451,218609016.0,2812255.66,0,-0.4180312553376416,28.000000000000004,-68.0,96.0,67.674,65.94873224643247,67.81676673704598,-0.6898196454332057,-1.7866534286169014,-1.0968337831836956
1589428800,2020-05-14,62.17,63.3,60.16,63.15,2035675.0,67.162,74.96219897182063,59.36180102817939,69.768,65.071,67.4195,67.162,3.1400000000000006,70.78,63.54400000000001,0,44.09260967714516,-13.952854612345009,-13.205121579134385,24.53640453222546,65.53880934798732,2.91095991035134,18.568775932608286,220644691.0,2808883.82,0,-0.3850811484533833,24.0,-68.0,92.0,67.162,65.6821863182008,67.63375627676967,-0.5465083893353397,-1.7799692698528702,-1.2334608805175304
1589515200,2020-05-15,62.11,62.75,60.77,62.43,6969066.0,66.542,73.75478198755455,59.329218012445445,69.12733333333334,64.47633333333334,66.80183333333333,66.542,2.3799999999999955,70.1555,62.92850000000001,0,43.170798756161595,-16.570894026459975,-13.984109998182076,21.322696105796865,64.54980672134255,2.873034202469101,19.233800848343225,213675625.0,2902821.04,0,-0.14970578079171717,20.0,-68.0,88.0,66.542,65.37245428789596,67.42968740317087,-0.46273828813034146,-1.8118837406804573,-1.3491454525501159
1589774400,2020-05-18,64.4,65.65,63.69,65.22,1807081.0,66.2165,73.04049377197776,59.39250622802222,68.5625,64.20349999999999,66.38300000000001,66.2165,3.220000000000006,69.7055,62.7275,0,47.63615085981115,-9.075700543705569,-12.6856284088861,21.37145340367792,64.27536224079184,2.8978174737213083,18.344186442085753,215482706.0,2887402.04,0,-0.09712802615462442,16.0,-68.0,84.0,66.2165,65.35793483190588,67.3430329952034,-0.19562412227603732,-1.5936756053951626,-1.3980514831191253
1589860800,2020-05-19,64.89,65.31,64.2,64.4,1586270.0,65.873,72.32647069412975,59.419529305870256,68.19166666666668,63.90566666666666,66.04866666666666,65.873,1.1099999999999994,69.30725000000001,62.438750000000006,0,46.505637233846976,-9.639399466816318,-12.057538583909539,22.14706934429651,63.92153846276671,2.7701162255983576,17.51811592198953,213896436.0,2834484.76,0,-0.06756349642612072,12.0,-68.0,80.0,65.873,65.26670294315294,67.22761993656798,-0.05753191406005875,-1.4699663756941987,-1.41243446163414
1589947200,2020-05-20,64.96,66.0,64.47,65.36,1558395.0,65.5445,71.36951665233599,59.71948334766401,67.86283333333333,63.55483333333334,65.70883333333333,65.5445,1.5999999999999943,68.984,62.105000000000004,0,48.025700144112605,-9.133880161267909,-10.839572332826993,29.550250348807964,63.61766921201948,2.6865364951984745,16.41890853154653,215454831.0,2785331.48,0,0.030343517262722285,8.0,-68.0,76.0,65.5445,65.27558837713836,67.1543799390555,0.10617937740275218,-1.2797102398806999,-1.385889617283452
1590033600,2020-05-21,65.13,65.39,64.46,64.89,1765028.0,65.2515,70.56691635245929,59.936083647540705,67.47483333333335,63.345833333333324,65.41033333333334,65.2515,0.9300000000000068,68.55675,61.94624999999999,0,47.33256707020403,-8.282685512367491,-10.10074560171007,29.503620286651525,63.59357598717407,2.5610696026842983,15.402964172305856,213689803.0,2759002.38,0,0.04166675604369615,4.0,-68.0,72.0,65.2515,65.23886567455375,67.06558072575922,0.18586493396377257,-1.1535584498287363,-1.339423383792509
1590120000,2020-05-22,64.87,65.65,64.17,64.59,1148959.0,64.9435,69.62484713517291,60.26215286482709,67.16916666666667,63.08916666666668,65.12916666666666,64.9435,1.480000000000004,68.212,61.675,0,46.87798568158783,-8.706713780918724,-9.664417199581077,25.095561514081226,63.54036520209482,2.4838503453497056,14.604698880151961,212540844.0,2705075.14,0,0.0034610964013252546,12.0,-56.0,68.0,64.9435,65.17706894364387,66.96849912867063,0.2191329182561519,-1.0655072359723192,-1.284640154228471
1590465600,2020-05-26,65.69,65.72,64.01,64.22,1524793.0,64.6575,68.74400400709357,60.57099599290644,66.88516666666666,62.80116666666667,64.84316666666668,64.6575,1.7099999999999937,67.929,61.385999999999996,0,46.300693137279794,-8.178438661710036,-9.53282592039161,18.287354341874263,63.38513514834904,2.428575320681869,13.946852454025246,211016051.0,2637190.46,0,0.018144814916099972,8.0,-56.0,64.0,64.6575,65.0859195204397,66.86071484911491,0.21659662008505753,-1.0138943791221493,-1.2304909992072068
1590552000,2020-05-27,65.08,65.08,62.49,63.78,2145692.0,64.32300000000001,67.42927172024469,61.21672827975533,66.58800000000001,62.403999999999996,64.49600000000001,64.32300000000001,2.5899999999999963,67.6605,60.98550000000001,1,45.59778575037056,-9.493401447424434,-9.714933463307721,18.29047390750044,63.39099019391796,2.4401056549188778,14.085370859835892,208870359.0,2578326.48,0,0.08671181207812013,4.0,-56.0,60.0,64.32300000000001,64.96154623277877,66.7399025020908,0.18679094427382203,-0.9970023188649293,-1.1837932631387513
1590638400,2020-05-28,64.78,66.8,64.33,66.59,2328362.0,64.2455,67.02738047909897,61.46361952090105,66.38283333333334,62.29383333333334,64.33833333333334,64.2455,3.019999999999996,67.55300000000001,60.93800000000001,1,50.63573015470404,-2.2747285001467525,-7.543590847768076,19.2728047256752,63.521722640447045,2.481526679567529,13.228540644249678,211198721.0,2501871.78,0,0.19930062679560703,4.0,-52.00000000000001,56.00000000000001,64.2455,65.11663706775222,66.73402397259704,0.34843748669243135,-0.7482464047732122,-1.0966838914656436
1590724800,2020-05-29,66.33,69.31,66.33,68.9,4611211.0,64.3925,67.76850281397866,61.01649718602134,66.4995,62.347500000000004,64.42349999999999,64.3925,2.980000000000004,67.72999999999999,61.055,0,54.298028993396095,4.457246816252293,-3.8821081744046277,31.98786520126896,64.15401281655548,2.517131916741277,13.283672473707474,215809932.0,2494880.7,0,0.29435508449534215,4.0,-48.0,52.0,64.3925,65.47695734701391,66.8189642089658,0.5889058001672073,-0.3605516412566345,-0.9494574414238418
1590984000,2020-06-01,68.96,70.94,68.49,70.45,2080231.0,64.651,68.93016300226945,60.37183699773054,66.78866666666667,62.51466666666666,64.65166666666667,64.651,2.450000000000003,68.08,61.221999999999994,0,56.57360304294472,7.919730392156865,0.29837501116138937,37.9990770718506,64.56995235279788,2.512336779831186,13.94473166530059,217890163.0,2457853.3,0,0.32253853540083954,8.0,-40.0,48.0,64.651,65.95058045682211,66.96135776939852,0.8163286664177205,0.07095339159830871,-0.7453752748194118
1591070400,2020-06-02,70.91,71.18,69.65,70.61,2046889.0,64.87950000000001,69.8613128226572,59.89768717734281,67.02250000000001,62.7505,64.8865,64.87950000000001,1.5300000000000011,68.307,61.452000000000005,0,56.8072882345128,6.920048455481516,3.8053575165699884,44.762322667899326,65.07078612862732,2.442169866986102,14.644325091832345,219937052.0,2396314.54,0,0.39969803658743264,100.0,56.0,44.0,64.87950000000001,66.39433469902953,67.10444177844171,0.9330858857694146,0.42098208239235646,-0.5121038033770582
1591156800,2020-06-03,71.09,72.67,70.81,71.56,1751011.0,65.148,70.90233957982943,59.39366042017056,67.29866666666666,62.986666666666665,65.14266666666666,65.148,2.0600000000000023,68.62049999999999,61.6755,0,58.21269417021643,8.113008007251858,7.391841056766781,50.37685699034441,65.58025313424581,2.4148720193442372,15.805398496312426,221688063.0,2356842.02,0,0.3516125056702114,100.0,60.0,40.0,65.148,66.88630282293148,67.27916955183616,1.0226486781626472,0.7662070443262508,-0.2564416338363964
1591243200,2020-06-04,71.02,71.41,69.41,70.41,1399736.0,65.55199999999999,71.58599237652744,59.518007623472535,67.52066666666667,63.43566666666667,65.47816666666668,65.55199999999999,2.1500000000000057,68.8655,62.238499999999995,0,55.89521124078804,12.963260067383281,9.326783363362026,51.03165277322773,65.99692632363572,2.395952589391078,16.072299290611266,220288327.0,2326133.12,0,0.30217959010002915,96.0,60.0,36.0,65.55199999999999,67.22189303027135,67.40194721647005,0.9541235837939617,0.9362128459060557,-0.01791073788790598
1591329600,2020-06-05,70.9,72.22,70.25,71.23,1904808.0,65.9405,72.37307172521157,59.507928274788426,67.79283333333333,63.85483333333334,65.82383333333333,65.9405,1.9699999999999989,69.09125,62.78975,0,57.174857890009555,12.243933186259065,11.512926434826944,66.42796712785747,67.36885144811237,2.365527404434572,16.614887550078986,222193135.0,2313410.36,0,0.18663477732545475,92.0,60.0,32.0,65.9405,67.60361750357885,67.55206693347122,0.9136504204273621,1.1241522876462966,0.21050186721893455
1591588800,2020-06-08,71.14,72.43,70.41,72.25,1631267.0,66.374,73.26412742988046,59.48387257011952,68.21533333333335,64.22933333333333,66.22233333333332,66.374,2.0200000000000102,69.56075,63.18724999999999,0,58.742232320485236,13.636363636363638,14.047472826693436,66.4236636758136,67.79113846533684,2.340846875546389,17.195691898196035,223824402.0,2278410.94,0,0.19970415079824227,100.0,72.0,28.000000000000004,66.374,68.04613012228563,67.73629960274685,0.9035624727019603,1.339954958096385,0.43639248539442466
1591675200,2020-06-09,71.77,71.77,69.62,70.2,1599203.0,66.7365,73.63078248623388,59.84221751376613,68.63216666666668,64.57516666666666,66.60366666666667,66.7365,2.6299999999999955,70.0125,63.4605,0,54.52074210179502,11.517077045274027,14.146979706633664,66.05985082682503,68.13242378670368,2.361500670150218,17.252955603056865,222225199.0,2269651.08,0,0.2097305314713595,96.0,72.0,24.0,66.7365,68.25126058682986,67.83291530459992,0.7150685868029059,1.330228218898057,0.6151596320951511
1591761600,2020-06-10,70.35,71.56,70.3,71.01,1627241.0,67.1945,73.94498583436713,60.444014165632886,68.96016666666667,65.07816666666668,67.01916666666666,67.1945,1.3599999999999994,70.34675,64.04225000000001,0,55.84065571870058,14.810024252223124,14.812969812356446,66.3069142716887,68.46060474662679,2.2899649079966307,17.306129043284777,223852440.0,2243672.64,0,0.2074651106370155,92.0,72.0,20.0,67.1945,68.51399767379844,67.95750686128228,0.6055232086898787,1.3720636429574995,0.7665404342676208
1591848000,2020-06-11,70.8,70.95,68.45,69.44,3060579.0,67.53450000000001,74.01264934992943,61.05635065007058,69.36850000000001,65.4065,67.3875,67.53450000000001,2.5600000000000023,70.75125000000001,64.31775,0,52.71896384455759,10.85568326947637,13.820753299749148,63.01811015789833,68.79979588933908,2.309253128854014,16.275766129759585,220791861.0,2230981.64,0,0.18069688556818317,88.0,72.0,16.0,67.53450000000001,68.60218837153192,68.01564384711435,0.39793762574283087,1.2639624664461593,0.8660248407033284
1591934400,2020-06-12,70.43,70.94,68.48,69.41,2678447.0,67.8475,74.04695763756726,61.64804236243273,69.70483333333333,65.81083333333333,67.75783333333332,67.8475,2.4599999999999937,71.01325,64.68175,0,52.65975094581787,9.912905779889151,12.990116360868912,59.65351123499364,69.02230257969838,2.3200207625072986,15.31900056720048,218113414.0,2231525.22,0,0.16645490177983982,84.0,72.0,12.0,67.8475,68.6791228123384,68.07032448056084,0.23715654297283506,1.1624705194193723,0.9253139764465372
1592193600,2020-06-15,68.33,70.42,67.74,69.37,2198620.0,68.1945,73.8993557387537,62.48964426124631,70.0995,66.13550000000001,68.1175,68.1945,2.680000000000007,71.38275,65.00625000000001,0,52.57686912020054,11.11645042447542,12.267657308076103,58.169420613204935,69.24784993020327,2.3457335651853493,14.431226236456698,215914794.0,2209965.4,0,0.21519220670157954,80.0,72.0,8.0,68.1945,68.74492063973474,68.12129214798983,0.11296131982546287,1.066515626228366,0.9535543064029031
1592280000,2020-06-16,70.81,71.4,69.11,69.3,2128801.0,68.3985,73.95312068911919,62.84387931088081,70.37016666666668,66.37316666666666,68.37166666666667,68.3985,2.2900000000000063,71.517,65.28,0,52.424873057288536,6.2557497700091975,11.594270734246749,64.72893994345732,69.67274688295106,2.3417525962435386,13.73840044059479,213785993.0,2198667.2,0,0.15838592637465904,76.0,72.0,4.0,68.3985,68.79778534071238,68.16751598532358,0.016035931911781987,0.9735992212926305,0.9575632893808486
1592366400,2020-06-17,69.69,70.47,68.76,70.0,1489015.0,68.6785,73.95633772012657,63.40066227987343,70.6555,66.59849999999999,68.627,68.6785,1.7099999999999937,71.842,65.515,0,53.829869154594554,8.695652173913034,11.606761292011338,58.98745315217973,69.96651604293332,2.2966274107975715,12.887828135582682,215275008.0,2189335.2,0,0.12101011604885797,72.0,60.0,12.0,68.6785,68.91228197493025,68.23937810354619,-0.009613210578827136,0.9455467761573146,0.9551599867361418
1592452800,2020-06-18,69.6,70.18,68.87,69.74,1452788.0,68.89750000000001,73.96569445167516,63.829305548324854,70.8605,66.8255,68.843,68.89750000000001,1.3100000000000023,72.03925000000001,65.75575,0,53.21542222680633,6.701346389228879,11.337989340044265,49.06312372117892,70.25121393650558,2.226154024312031,12.098010995214297,213822220.0,2157770.76,0,0.029202018790038753,68.0,60.0,8.0,68.89750000000001,68.99111226303214,68.29822602105418,-0.05048625966953191,0.892052162149227,0.9425384218187589
1592539200,2020-06-19,70.67,70.67,68.08,68.24,8170332.0,69.065,73.80301857320028,64.32698142679972,71.14766666666667,66.94666666666667,69.04716666666667,69.065,2.5900000000000034,72.33125,65.79875,0,49.76568997883201,5.162582832485736,9.46966578212643,33.935771035534444,69.96018668806438,2.2521430225754573,11.594921105143438,205651888.0,2276208.86,-1,-0.22991624438062458,64.0,60.0,4.0,69.065,68.91957776179098,68.2959426476795,-0.17777756044405812,0.7203164712636863,0.8980940317077444
1592798400,2020-06-22,68.23,69.95,67.81,69.3,1828789.0,69.3005,73.5704998829029,65.0305001170971,71.3915,67.1245,69.25800000000001,69.3005,2.1400000000000006,72.61625,65.98475,0,52.076617581094936,7.292150487691583,8.891678116191377,33.41762725122628,69.8756378008927,2.2441328066772104,11.292440713680888,207480677.0,2259435.26,0,-0.22548310845109484,60.0,31.999999999999996,28.000000000000004,69.3005,68.95580845114421,68.33531744580972,-0.18878291645455803,0.662115386139547,0.850898302594105
1592884800,2020-06-23,69.88,70.29,68.45,68.65,2492287.0,69.522,73.1218588861219,65.92214111387811,71.622,67.34200000000001,69.482,69.522,1.8400000000000034,72.84750000000001,66.1965,0,50.57484441535575,6.8981625661787715,7.692669489003181,34.74464327610394,69.7265731456399,2.2152661776288385,10.76709598100265,204988390.0,2247600.28,-1,-0.26839317439779137,56.00000000000001,32.00000000000001,24.0,69.522,68.92668383674952,68.34765793813091,-0.23502350684729112,0.5571189190349912,0.7921424258822823
1592971200,2020-06-24,68.11,68.23,67.23,67.85,1893011.0,69.7255,72.32518055729751,67.12581944270248,71.74183333333333,67.62083333333334,69.68133333333334,69.7255,1.4200000000000017,72.96325,66.48774999999999,1,48.75338551791372,6.381310755722787,5.8093792271062,34.30999688412156,69.59012442638777,2.15846145065535,11.031847942343019,203095379.0,2231759.78,0,-0.2512152779358824,52.0,32.0,20.0,69.7255,68.82414251896385,68.32814194055715,-0.3099618348337173,0.40469013234013573,0.714651967173853
1593057600,2020-06-25,67.97,68.16,66.81,67.8,1578760.0,69.78599999999999,72.13524157974241,67.43675842025756,71.77000000000001,67.761,69.7655,69.78599999999999,1.3499999999999943,72.89849999999998,66.67349999999999,1,48.63814154957666,1.8170896531010567,4.195232774209425,28.954385598504558,69.4042576289751,2.1007142041799676,11.516392627634449,201516619.0,2223853.48,0,-0.23157199099839748,48.0,32.0,16.0,69.78599999999999,68.7266051362054,68.30743049190785,-0.35038924420986406,0.27666541191152305,0.6270546561213871
1593144000,2020-06-26,67.54,68.74,66.85,67.38,3465963.0,69.71000000000001,72.25884287471605,67.16115712528396,71.68933333333334,67.78933333333333,69.73933333333335,69.71000000000001,1.8900000000000006,72.74075,66.67925000000001,1,47.64236382413594,-2.206095791001466,2.3675732770472644,32.34148350550072,69.12956432822686,2.0856631895956843,11.5041654505835,198050656.0,2251759.58,-1,-0.2999261499381878,44.0,32.0,12.0,69.71000000000001,68.59835702799535,68.27106066869578,-0.38988053443459836,0.13970398807813922,0.5295845225127376
1593403200,2020-06-29,68.02,68.43,67.23,68.4,1250398.0,69.6075,72.19366994801014,67.02133005198986,71.52983333333333,67.75483333333332,69.64233333333334,69.6075,1.2000000000000028,72.5445,66.6705,1,50.246344208307455,-2.9098651525904855,1.9667396020308592,36.19856427616465,69.02686080958935,2.022401533195993,11.492811643321902,199301054.0,2241605.36,0,-0.2484002273184499,40.0,32.0,8.0,69.6075,68.57946588247198,68.27611711306066,-0.3339288321208889,0.1121734823616265,0.4461023144825154
1593489600,2020-06-30,68.23,68.95,67.6,68.55,2316783.0,69.5045,72.08684370291617,66.92215629708382,71.41516666666666,67.65816666666666,69.53666666666666,69.5045,1.3500000000000085,72.428,66.58099999999999,1,50.62646305165944,-2.917433791247702,1.8033004690096543,37.30265142070503,68.89716101340792,1.9743728522534227,11.052643243662128,201617837.0,2245467.94,0,-0.2231666780322697,36.0,32.0,4.0,69.5045,68.57665960795084,68.28685761843083,-0.2758486679793003,0.10129147950839013,0.3771401474876904
1593576000,2020-07-01,68.51,70.36,68.46,70.07,1768825.0,69.42999999999999,71.85182575756201,67.00817424243797,71.31466666666667,67.55366666666666,69.43416666666667,69.42999999999999,1.9000000000000057,72.3415,66.51849999999999,1,54.34689564001602,-2.082168809390734,3.41817493165791,43.857000168622214,68.87135965045074,1.969060505663893,10.907510222048101,203386662.0,2240302.8,0,-0.1777312474577045,32.0,28.0,4.0,69.42999999999999,68.71888250243171,68.35678477064923,-0.13142016903341025,0.2128649361959276,0.34428510522933786
1593662400,2020-07-02,70.48,70.74,69.5,69.7,1416407.0,69.39450000000001,71.77834122793253,67.01065877206749,71.25516666666667,67.57016666666667,69.41266666666667,69.39450000000001,1.2399999999999949,72.23775,66.55125000000001,1,53.31745073778441,-1.008379491549487,4.283624703966677,49.82293777855346,68.85915894574534,1.9169847552593289,11.019947923301583,201970255.0,2236619.02,0,-0.1935911383012921,28.000000000000004,-56.0,84.0,69.39450000000001,68.81232226410488,68.4094598776826,-0.060757238715523354,0.2683385568349337,0.32909579555045704
1594008000,2020-07-06,70.56,71.02,68.55,69.04,1662919.0,69.285,71.51794872309932,67.05205127690067,71.19533333333334,67.46033333333332,69.32783333333333,69.285,2.469999999999999,72.16575,66.40424999999999,1,51.48624072335623,-3.0745472413308965,4.156780252160671,50.62424608311561,68.87217916816117,1.9564858441693767,10.377949605493399,200307336.0,2238139.72,0,-0.2416744235700504,24.0,-56.0,80.0,69.285,68.83400585799966,68.43418694130288,-0.05840204977952146,0.25609323332605527,0.31449528310557673
1594094400,2020-07-07,68.47,69.67,67.85,69.42,1517505.0,69.1435,70.91871012840478,67.36828987159522,71.0495,67.3345,69.19200000000001,69.1435,1.8200000000000074,72.00925000000001,66.27775,1,52.47548272695649,-3.916955017301036,4.505329728908918,44.93289065631957,68.8070950427208,1.946736855300136,9.991903845135651,201824841.0,2230836.96,0,-0.15721299448454415,20.0,-56.0,76.0,69.1435,68.88981482390446,68.47284627693806,-0.0324808122412531,0.2738942678040104,0.3063750800452635
1594180800,2020-07-08,69.23,70.35,68.82,70.09,1440252.0,69.138,70.90072062448675,67.37527937551326,70.97966666666666,67.32666666666667,69.15316666666668,69.138,1.5300000000000011,71.92125000000001,66.35475,1,54.20845078173464,-0.15669515669515588,5.604659966125141,49.52812585502105,68.80612616194708,1.9169699370644122,9.425431254165934,203265093.0,2220213.82,0,-0.14876171201956287,16.0,-56.0,72.0,69.138,69.0041181740088,68.53626406999932,0.025433486754497192,0.33816693848838497,0.3127334517338878
1594267200,2020-07-09,69.49,69.93,68.37,69.62,1266123.0,69.0685,70.62845224285584,67.50854775714416,70.91216666666666,67.22916666666666,69.07066666666667,69.0685,1.7199999999999989,71.87875,66.25825,1,52.787103749096936,-1.957470778763555,5.8677190626608,49.82804563262948,68.79007476394537,1.9029006558455257,8.9372438084494,201998970.0,2212788.54,0,-0.1407075935966089,12.0,-56.0,68.0,69.0685,69.06277358600796,68.57876351823465,0.027554348797903194,0.3471763877312668,0.3196220389333636
1594353600,2020-07-10,69.62,70.56,69.2,70.34,817614.0,69.1135,70.76307297504262,67.46392702495739,70.87616666666668,67.30716666666667,69.09166666666667,69.1135,1.3599999999999994,71.83375000000001,66.39325,1,54.70232975627725,1.296082949308764,6.979516915092011,68.04626260287995,68.76290901260509,1.8641220375708454,8.585022789844281,202816584.0,2176726.44,0,0.1295415190958218,8.0,-56.0,64.0,69.1135,69.18441419686434,68.64783161555879,0.07047400437364526,0.4077145444004202,0.33724054002677495
1594612800,2020-07-13,70.05,71.69,70.05,70.75,2277380.0,69.1805,70.97526432993051,67.38573567006948,70.89616666666667,67.40916666666666,69.15266666666666,69.1805,1.6400000000000006,71.83924999999999,66.52175,1,55.777628579461535,1.9305575565480528,8.409047011027997,68.69255395149628,68.93129830996465,1.8481133206014992,9.015535278936424,205093964.0,2132298.36,0,0.08546193370824481,4.0,-56.0,60.0,69.1805,69.33351760668678,68.73026959141923,0.11677153376993621,0.4832049572391952,0.366433423469259
1594699200,2020-07-14,70.82,71.53,70.31,71.14,1735983.0,69.269,71.25661062584977,67.28138937415024,70.914,67.573,69.2435,69.269,1.2199999999999989,71.81825,66.71975,1,56.804345012970344,2.551535245783474,10.083039845350255,67.78152674378497,69.05766859173829,1.8032480834156779,9.415296875950556,206829947.0,2132927.88,0,0.19367322682320331,100.0,43.99999999999999,56.00000000000001,69.269,69.50556354890709,68.8247688231283,0.16121675682040965,0.5679543694947711,0.4067376126743614
1594785600,2020-07-15,71.7,71.96,69.88,69.97,1979214.0,69.3025,71.31351839872013,67.29148160127986,70.93683333333334,67.61683333333333,69.27683333333334,69.3025,2.0799999999999983,71.836,66.76899999999999,1,52.92409611371506,0.9668109668109693,9.655648390357745,67.32420221582046,69.28208044070104,1.8230160774574151,9.40588024274952,204850733.0,2144893.32,0,0.1006324006856872,96.0,44.0,52.0,69.3025,69.54979559186832,68.8696798496723,0.10224809694876824,0.5345477338603217,0.4322996369115535
1594872000,2020-07-16,70.15,70.86,69.86,70.64,1519819.0,69.3345,71.40828373992828,67.26071626007173,70.93683333333334,67.68783333333333,69.31233333333334,69.3345,1.0,71.81475,66.85425000000001,1,54.78583132892088,0.914285714285715,10.165093668202301,67.30960886813409,69.4642555016465,1.7642292147818854,9.378999638281455,206370552.0,2133068.0,0,0.10555462033174896,92.0,44.0,48.0,69.3345,69.65362458311895,68.93910416929299,0.09874431064182382,0.5557300252138333,0.4569857145720095
1594958400,2020-07-17,71.18,72.56,70.98,72.31,1751389.0,69.463,71.90684205708774,67.01915794291224,71.06800000000001,67.792,69.42999999999999,69.463,1.9200000000000017,71.98899999999999,66.937,1,59.03629704476523,3.6851161456839794,12.687542527047901,65.07763790478828,69.93160832030442,1.7753556994403223,10.493653106695719,208121941.0,2125023.56,0,0.23320183693665453,100.0,56.0,44.0,69.463,69.90661271806,69.07129616265405,0.19378111237980744,0.6992121050467688,0.5054309926669613
1595217600,2020-07-20,71.95,72.22,70.96,71.3,1643088.0,69.616,72.11689903834417,67.11510096165583,71.12633333333333,67.98333333333333,69.55483333333333,69.616,1.3500000000000085,72.049,67.18299999999999,0,55.70265358315577,4.484173505275502,13.070114088405905,58.53052423136707,70.14604427857361,1.7449731494803,11.508895352976648,206478853.0,2117392.16,0,0.14512284620379717,96.0,56.0,40.0,69.616,70.03931626872095,69.15869631313821,0.17412625408360127,0.723088810271463,0.5489625561878617
1595304000,2020-07-21,70.59,72.92,70.18,71.76,1835015.0,69.739,72.40233550270911,67.0756644972909,71.28633333333333,68.08333333333333,69.68483333333333,69.739,2.739999999999995,72.21700000000001,67.261,0,56.870242356797,3.549783549783561,13.931966092887482,57.82910183273843,70.44771021786285,1.8160464959459925,11.692811698394939,208313868.0,2122846.44,0,0.11893463612307549,92.0,56.0,36.0,69.739,70.20319090979515,69.2607082224269,0.17703032223144932,0.7702504589771735,0.5932201367457242
1595390400,2020-07-22,71.47,74.08,71.05,73.79,1584981.0,69.99600000000001,73.13830743244367,66.85369256755635,71.538,68.216,69.877,69.99600000000001,3.030000000000001,72.56325000000001,67.42875000000001,0,61.57503300944799,7.487254187909686,17.0107730428095,57.62973459338342,70.69047244284256,1.902757460521279,12.600342920698408,209898849.0,2122058.52,0,0.12225715282117704,100.0,68.0,32.0,69.99600000000001,70.54479177552895,69.43832750782192,0.2937118966641523,0.9603600075759147,0.6666481109117623
1595476800,2020-07-23,73.56,74.67,73.5,74.12,1177113.0,70.3095,73.76802266148286,66.85097733851714,71.86283333333333,68.52383333333333,70.19333333333333,70.3095,1.1700000000000017,72.858,67.761,0,62.279140814940554,9.240972733972013,19.763104240724555,57.30959071141717,70.91632368705618,1.8504176419126162,13.776244703431443,211075962.0,2096782.52,0,0.169950040279221,100.0,72.0,28.000000000000004,70.3095,70.88528779690715,69.62192250751518,0.36643090954636603,1.12468674784472,0.758255838298354
1595563200,2020-07-24,74.1,74.99,73.08,73.66,1076080.0,70.60249999999999,74.15265985555445,67.05234014444554,72.20683333333334,68.81183333333334,70.50933333333333,70.60249999999999,1.9099999999999966,73.193,68.01199999999999,0,60.64847185380576,8.64306784660767,21.170122544525434,58.65406091256946,71.17142526621735,1.8546735246331434,14.451785394817772,209999882.0,2079903.96,0,0.20141522167223633,96.0,72.0,24.0,70.60249999999999,71.14954610196361,69.78027848761263,0.3565318651471667,1.2039206697323124,0.8473888045851456
1595822400,2020-07-27,73.66,73.8,72.28,73.02,1201056.0,70.8845,74.25755484686957,67.51144515313044,72.45716666666667,69.09916666666666,70.77816666666668,70.8845,1.519999999999996,73.44725,68.32175000000001,0,58.4087224164957,8.370436331255567,21.221915648872574,59.3077240836865,71.43247791683625,1.8307682728736328,14.332707978038615,208798826.0,2063211.58,0,0.15126400143489244,92.0,72.0,20.0,70.8845,71.32768456844327,69.9073263900592,0.2830685595596989,1.2012245040347693,0.9181559444750704
1595908800,2020-07-28,72.91,75.02,72.91,74.21,1391393.0,71.175,74.64158044764434,67.70841955235565,72.804,69.35499999999999,71.0795,71.175,2.1099999999999994,73.806,68.544,0,61.212326518743524,8.494152046783608,22.541609747694334,59.376209172713764,71.7173708702809,1.850713396239802,14.983598679560581,210190219.0,1951658.12,0,0.12208461479208482,100.0,84.0,16.0,71.175,71.60219080002011,70.07605868848825,0.28975662865524665,1.2803517302941287,0.9905951016388821
1595995200,2020-07-29,74.55,75.22,74.08,74.49,1193206.0,71.47200000000001,75.00527949644378,67.93872050355624,73.10499999999999,69.67699999999999,71.391,71.47200000000001,1.1400000000000006,74.08725000000001,68.85675,0,61.84927554742814,8.665207877461704,23.882664420206947,65.16122244299555,72.02364192172296,1.7999481536512447,15.703504954434752,211383425.0,1939380.62,0,0.07067847649788365,100.0,88.0,12.0,71.47200000000001,71.87722024763725,70.2491544261946,0.2875969389359221,1.3500912753087846,1.0624943363728625
1596081600,2020-07-30,73.83,74.73,73.56,74.57,1264272.0,71.697,75.41290688796016,67.98109311203984,73.30133333333333,69.94633333333334,71.62383333333334,71.697,1.1700000000000017,74.25750000000001,69.1365,0,62.03676743634172,6.422149279292137,25.04648487744679,59.96733011252387,72.23114933129803,1.7549518569618703,15.873142499388024,212647697.0,1932940.66,0,0.08611201530565546,100.0,92.0,8.0,71.697,72.13367546214799,70.41859935065754,0.266585835542573,1.3957266308010787,1.1291407952585057
1596168000,2020-07-31,74.4,75.7,72.78,74.15,3242607.0,71.9195,75.66326535055146,68.17573464944854,73.59683333333334,70.07383333333334,71.83533333333334,71.9195,2.9200000000000017,74.606,69.233,0,60.396454029486065,6.384505021520807,25.253932354045194,47.24399978751472,72.65635369731953,1.838169581464594,16.6208865381601,209405090.0,1966624.9,-1,0.08833685559384197,96.0,92.0,4.0,71.9195,72.32570637051485,70.56492878788666,0.20234403307720328,1.3820708366050098,1.1797268035278066
1596427200,2020-08-03,73.84,74.15,72.94,73.67,1212092.0,72.151,75.72254812371183,68.57945187628816,73.73633333333333,70.33933333333333,72.03783333333334,72.151,1.210000000000008,74.743,69.559,0,58.53454580959979,6.70625724217844,24.561571256948042,40.5785060455753,72.83824581245878,1.793300325645695,17.315220288448455,208192998.0,1955566.18,0,0.07341336937408291,92.0,88.0,4.0,72.151,72.45373433522772,70.6866962864009,0.11008348458064443,1.3173311592536123,1.207247674672968
1596513600,2020-08-04,73.7,74.84,73.66,74.31,1335754.0,72.3955,75.85345011531246,68.93754988468754,73.96883333333334,70.63583333333334,72.30233333333334,72.3955,1.1800000000000068,74.9395,69.8515,0,60.25424584883853,7.044079515989629,24.69870407198424,47.95861613318492,73.13392816114283,1.749493159528146,18.364137496271898,209528752.0,1959302.08,0,0.16633041089327155,88.0,84.0,4.0,72.3955,72.63052154139652,70.82878662811066,0.07632266023739676,1.302650999969714,1.2263283397323173
1596600000,2020-08-05,74.39,74.63,72.35,72.59,1262487.0,72.5205,75.81282729235558,69.22817270764442,74.17816666666667,70.77016666666665,72.47416666666666,72.5205,2.280000000000001,75.12075,69.92025,0,53.927225660850006,3.5668426309031243,21.691444907011988,48.41196211312132,73.32971014349678,1.7873865052761355,18.05824006448797,208266265.0,1954055.96,0,0.08107054682362809,84.0,72.0,12.0,72.5205,72.6266623469778,70.89785381916515,-0.06978551352620865,1.1390964478245564,1.208881961350765
1596686400,2020-08-06,72.4,72.86,71.69,72.53,1479369.0,72.666,75.67800531207854,69.65399468792145,74.31133333333334,70.94233333333332,72.62683333333334,72.666,1.1700000000000017,75.225,70.107,0,53.72009350604286,4.1798333812122905,19.18827009836753,40.79319931225058,73.37669195714227,1.7432874691849831,17.21519674032064,206786896.0,1940729.5,0,0.05569811909681227,80.0,72.0,8.0,72.666,72.61745640917039,70.96185955174691,-0.1725552202368441,0.99318793605471,1.1657431562915541
1596772800,2020-08-07,72.4,73.93,72.28,73.28,1665571.0,72.813,75.63772724346782,69.98827275653218,74.48233333333334,71.08433333333332,72.78333333333333,72.813,1.6500000000000057,75.39375000000001,70.23225,0,55.94650883743064,4.179698606767128,18.071155502254932,48.600732707735965,73.50762071493475,1.7366240785289133,17.148570466709142,208452467.0,1927473.68,0,0.10867804289300098,76.0,72.0,4.0,72.813,72.68055579877321,71.05276702030586,-0.19068826161609387,0.927382829271437,1.1180710908875309
1597032000,2020-08-10,73.53,73.65,72.57,72.9,1407357.0,72.9205,75.58192424276726,70.25907575723275,74.56483333333334,71.22283333333334,72.89383333333333,72.9205,1.0800000000000125,75.45925000000001,70.38175,0,54.54697592078028,3.038869257950538,16.501492952834894,40.81465724929919,73.64452876962585,1.6897223586339918,17.08670321264132,207045110.0,1863396.6,0,0.07051402407550572,72.0,68.0,4.0,72.9205,72.70145524650908,71.12520752931349,-0.22650145985124226,0.834944266073478,1.0614457259247203
1597118400,2020-08-11,72.84,73.01,70.72,70.87,1500772.0,72.907,75.60687481191059,70.2071251880894,74.64533333333334,71.19633333333334,72.92083333333333,72.907,2.2900000000000063,75.526,70.288,0,47.820153971496396,-0.37953331459094186,11.765541345399278,33.33447688470859,73.54140869117933,1.7325993330172784,16.169998136019927,205544338.0,1851807.42,0,-0.05589076742670934,68.0,60.0,8.0,72.907,72.52703093731775,71.11519939090904,-0.3763017535077382,0.5910685340400477,0.9673702875477859
1597204800,2020-08-12,71.28,72.73,71.13,72.37,1438442.0,73.02700000000002,75.38585650262776,70.66814349737227,74.69500000000001,71.29400000000001,72.9945,73.02700000000002,1.8599999999999994,75.62950000000002,70.42450000000001,1,52.38719235779418,3.430041446334151,10.046104849751682,34.05755381867161,73.40785829628611,1.7416993806589012,15.318771993442917,206982780.0,1839638.48,0,-0.020317128262144747,64.0,60.0,4.0,73.02700000000002,72.51207560995415,71.16440725793223,-0.36356015025998445,0.5129200997228054,0.8764802499827898
1597291200,2020-08-13,72.01,72.7,71.74,72.38,886872.0,73.114,75.2301512233272,70.99784877667281,74.784,71.387,73.0855,73.114,0.960000000000008,75.71350000000001,70.5145,1,52.41641867744482,2.463193657984138,8.730250251181307,38.67520579712765,73.33234908334859,1.6858637106118373,14.528347718192835,207869652.0,1822355.7,0,0.014559861150785086,60.0,44.0,16.0,73.114,72.49949698043471,71.21207756154273,-0.34386806285444815,0.4466451714147297,0.7905132342691779
1597377600,2020-08-14,72.16,72.5,71.43,71.74,735567.0,73.0855,75.25877839909874,70.91222160090125,74.7555,71.4095,73.08250000000001,73.0855,1.0699999999999932,75.62125,70.54974999999999,1,50.33492022914109,-0.7882727147006049,6.692749348874728,39.59357226321394,73.29728622825449,1.641873445568134,14.03814437920314,207134085.0,1809072.32,0,0.001022208726412056,56.00000000000001,44.00000000000001,12.0,73.0855,72.42716393467902,71.23278040226654,-0.3615495750023632,0.3385762655162239,0.7001258405185871
1597636800,2020-08-17,71.57,72.86,71.33,72.0,1183278.0,73.1205,75.19807045608307,71.04292954391694,74.7975,71.4245,73.111,73.1205,1.5300000000000011,75.66975000000001,70.57125,1,51.16422957362614,0.9817671809256702,5.425113924785852,38.85348541448663,73.1709313847794,1.6338824851704103,13.25478282540293,208317363.0,1794641.72,0,-0.022698428448774823,52.0,44.0,8.0,73.1205,72.38648165518578,71.26286744531492,-0.3434692991680486,0.2707892165585264,0.614258515726575
1597723200,2020-08-18,72.03,72.36,71.08,71.57,1065756.0,73.111,75.21493821201793,71.00706178798208,74.727,71.5,73.1135,73.111,1.2800000000000011,75.55075000000001,70.67125,1,49.718927338556206,-0.26477146042365096,3.743123089830877,32.999629361198444,73.003208333562,1.6086051648010955,12.741496115634027,207251607.0,1783331.5,0,-0.018518818635027967,48.0,44.0,4.0,73.111,72.30872149754903,71.27491185922415,-0.34717337740760235,0.18029179396707207,0.5274651713746744
1597809600,2020-08-19,71.82,71.82,70.58,70.97,1270987.0,72.97,75.24411521255833,70.69588478744167,74.545,71.497,73.021,72.97,1.2399999999999949,75.27550000000001,70.66449999999999,1,47.738231666747495,-3.8216560509554234,1.466424238192919,33.080717709055364,72.79942130366042,1.5822762244581596,12.683881711027977,205980620.0,1776767.18,0,-0.08911694490686405,44.0,40.0,4.0,72.97,72.18122421206817,71.26295453141144,-0.374395017341512,0.05947139969778448,0.43386641703929646
1597896000,2020-08-20,70.72,71.3,70.28,70.53,884603.0,72.7905,75.23364121572807,70.34735878427192,74.36783333333334,71.33483333333332,72.85133333333333,72.7905,1.019999999999996,75.08475,70.49624999999999,0,46.31398257582807,-4.843497031840263,-1.0434285388001319,37.77460557810475,72.42847130308526,1.5421136369968622,12.87437278466595,205096017.0,1761914.42,0,-0.11573290274614563,40.0,-60.0,100.0,72.7905,72.02396476329977,71.23421121645413,-0.40386585779992784,-0.0709659052106133,0.33289995258931454
1597982400,2020-08-21,70.79,71.37,69.87,71.24,1080082.0,72.6695,75.16749499598964,70.17150500401036,74.19316666666666,71.20116666666667,72.69716666666667,72.6695,1.5,74.933,70.40599999999999,0,48.903352485458825,-3.285365191420041,-1.9904210074063011,44.3178644228612,72.24623379303061,1.539105520068515,13.37779084865239,206176099.0,1722304.48,0,-0.0792636690948551,36.0,-60.0,96.0,72.6695,71.94930145250932,71.23443822757358,-0.35889073804385074,-0.11571346996549892,0.24317726807835185
1598241600,2020-08-24,70.62,71.17,69.48,70.7,1650823.0,72.5535,75.18738894982103,69.91961105017897,74.0725,71.0635,72.56800000000001,72.5535,1.759999999999991,74.83500000000001,70.27199999999999,0,47.08520471528234,-3.177211722815658,-3.5648007074031316,35.839759702249765,71.92253981915376,1.5548836972064777,14.145095664994235,204525276.0,1701752.0,0,-0.04375949483343953,32.0,-60.0,92.0,72.5535,71.83032036179415,71.21347986570794,-0.34856609796268867,-0.19253035437500898,0.1560357435876797
1598328000,2020-08-25,71.02,71.05,69.76,69.92,1173484.0,72.339,75.09428510321335,69.58371489678665,73.84133333333334,70.91433333333333,72.37783333333334,72.339,1.289999999999992,74.559,70.119,0,44.5659561966672,-5.780892063064267,-5.9931501816579935,36.125781687966644,71.71759913569237,1.5359634331203,14.857592994454523,203351792.0,1681249.28,0,-0.03742197675222854,28.000000000000004,-72.0,100.0,72.339,71.64838508924232,71.16275516509194,-0.3750227286154087,-0.31274266718158117,0.06228006143382751
1598414400,2020-08-26,69.6,69.67,68.36,69.16,1346273.0,72.07249999999999,74.97135408394239,69.1736459160576,73.57316666666667,70.62916666666666,72.10116666666667,72.07249999999999,1.5600000000000023,74.324,69.82099999999998,0,42.24758070314356,-7.155322862129143,-9.047402003731355,36.53716967535314,71.45595951123666,1.5376803307545646,16.490176894702262,202005519.0,1665598.72,0,-0.05776938419617381,24.0,-76.0,100.0,72.07249999999999,71.41139603312402,71.08421574685305,-0.42101514096202897,-0.4639888647687087,-0.04297372380667974
1598500800,2020-08-27,69.49,69.83,68.48,69.38,1355607.0,71.813,74.70028315202883,68.92571684797117,73.32933333333334,70.36733333333333,71.84833333333333,71.813,1.3499999999999943,74.078,69.548,0,43.14874931143513,-6.959903446426175,-11.13083846426393,35.06498331635042,71.11077034146386,1.5242745928435237,17.793937947753573,203361126.0,1662930.56,0,-0.05301908431500988,20.0,-76.0,96.0,71.813,71.21792974425507,71.01738375678038,-0.4133403153391687,-0.5596491179806407,-0.14630880264147192
1598587200,2020-08-28,69.46,69.99,68.53,69.79,1250808.0,71.595,74.40079756931779,68.78920243068221,73.01766666666666,70.20166666666667,71.60966666666666,71.595,1.4599999999999937,73.7505,69.4395,0,44.837318321210574,-5.879973027646661,-12.09858046423093,42.82333988660949,70.82491193690231,1.5196835504975574,18.786046859042834,204611934.0,1658890.96,0,0.032999808949787,16.0,-76.0,92.0,71.595,71.0819364352784,70.96925106043605,-0.35936278939124044,-0.5955122893805225,-0.23614949998928203
1598846400,2020-08-31,69.64,70.68,69.59,70.56,3335581.0,71.4395,74.10949981273212,68.76950018726787,72.84616666666668,70.04216666666667,71.44416666666667,71.4395,1.0900000000000034,73.586,69.29299999999999,0,47.89665757058578,-4.221528437627256,-11.496268281260352,56.47470414561619,70.66991835566377,1.4889918683191607,18.810058955155114,207947515.0,1562195.94,1,0.23906281283393624,12.0,-76.0,88.0,71.4395,71.03222820334712,70.95320199924248,-0.2553997995527532,-0.5553992494302236,-0.29999944987747035
1598932800,2020-09-01,70.06,70.27,68.68,68.87,1641358.0,71.1675,73.71808326662544,68.61691673337457,72.61683333333333,69.77183333333332,71.19433333333333,71.1675,1.8799999999999955,73.3665,68.9685,0,42.456640436356025,-7.32068362266182,-13.402797770097058,48.2450138127223,70.44109677800866,1.5169210205820776,19.521642459474315,206306157.0,1558447.32,0,0.12831959762682602,8.0,-92.0,100.0,71.1675,70.82630170779025,70.87150780319377,-0.28196614623125643,-0.6524571326665409,-0.3704909864352845
1599019200,2020-09-02,68.95,71.42,68.48,71.18,1290280.0,71.09700000000001,73.56295295980878,68.63104704019123,72.50833333333333,69.59733333333334,71.05283333333333,71.09700000000001,2.9399999999999977,73.3455,68.84850000000002,0,50.539343215512865,-1.942416310786605,-10.807148212136822,49.26412305319099,70.35131515812836,1.6185695191119291,18.897452874604863,207596437.0,1534407.18,0,0.16632906492158953,4.0,-92.0,96.0,71.09700000000001,70.85998725942927,70.88360553640186,-0.13303978731963845,-0.5367907205848326,-0.4037509332651941
1599105600,2020-09-03,71.32,72.16,70.17,70.86,1415237.0,71.0135,73.39122391164106,68.63577608835892,72.4845,69.4915,70.988,71.0135,1.9899999999999949,73.3235,68.70349999999999,0,49.52496488142956,-2.302495519095549,-9.28652433433215,54.757928450971356,70.3450912135987,1.645100267746791,17.619416826291474,206181200.0,1524851.7,0,0.15442008150791206,12.0,-80.0,92.0,71.0135,70.85998847281697,70.88267982909198,-0.04946219748008457,-0.4655786801152999,-0.41611648263521533
1599192000,2020-09-04,70.75,71.22,69.6,70.86,1245012.0,70.8925,73.0307972197498,68.7542027802502,72.35283333333334,69.36283333333333,70.85783333333333,70.8925,1.6200000000000045,73.20025,68.58475,1,49.52496488142957,-3.302401746724893,-8.109461787345015,48.59079964926965,70.25683750467965,1.6433073914791634,16.915066325864693,207426212.0,1518176.74,0,0.1958620439593404,8.0,-80.0,88.0,70.8925,70.85998957064392,70.88179042402956,0.009309161331234883,-0.4044800309711718,-0.4137891923024067
1599537600,2020-09-08,70.94,71.1,69.87,70.19,1514781.0,70.75699999999999,72.70419387837721,68.80980612162277,72.22766666666666,69.22266666666667,70.72516666666667,70.75699999999999,1.2299999999999898,73.076,68.43799999999999,1,47.32149828389965,-3.7174211248285425,-8.111532489362745,47.56747905007412,70.19282239650035,1.6137854349449368,16.261026575468396,205911431.0,1479153.1,0,0.16825192519466164,4.0,-80.0,84.0,70.75699999999999,70.7961810401064,70.8546613877931,0.006672511147079063,-0.4054485533685579,-0.41212106451563696
1599624000,2020-09-09,70.67,72.41,70.47,70.62,1306587.0,70.7445,72.6918415211487,68.7971584788513,72.19183333333334,69.22183333333334,70.70683333333334,70.7445,2.219999999999999,73.05825,68.43075,1,48.858676790386156,-0.3527585720333004,-7.410006681307099,53.94648204605598,70.19720222565407,1.6570864753060126,15.729615313793657,207218018.0,1480276.88,0,0.1370652017839336,12.0,-68.0,80.0,70.7445,70.77940189342961,70.84545898042866,0.03586895035172599,-0.3672848765759795,-0.4031538269277055
1599710400,2020-09-10,70.42,70.48,68.57,68.61,1503336.0,70.5565,72.56486525562204,68.54813474437796,72.0645,69.0635,70.564,70.5565,2.0500000000000114,72.8845,68.2285,1,42.724307490835365,-5.195523006770768,-9.630490965537534,52.4330817724777,70.10639897721295,1.6851517270698697,15.48205131117365,205714682.0,1464007.94,0,0.08617747327287115,8.0,-92.0,100.0,70.5565,70.57279218929345,70.75779392237263,-0.0723096246205962,-0.4935408577034508,-0.4212312330828546
1599796800,2020-09-11,68.85,68.86,67.11,67.64,2323740.0,70.3195,72.52064038625205,68.11835961374796,71.88383333333333,68.80383333333334,70.34383333333332,70.3195,1.75,72.70675,67.93225000000001,1,40.162752092472445,-6.548770378557606,-12.611993243071568,44.80507099160399,69.83910676659045,1.689783746564879,16.11815313787273,203390942.0,1475106.24,0,0.0004498953593349861,4.0,-96.0,100.0,70.3195,70.29347864745598,70.6355274940443,-0.19438611879445084,-0.6642138815759182,-0.4698277627814674
1600056000,2020-09-14,67.96,68.73,67.24,68.25,2424795.0,70.14500000000001,72.4201307654704,67.86986923452962,71.71400000000001,68.59200000000001,70.153,70.14500000000001,1.490000000000009,72.56375000000001,67.72625000000001,1,42.446939025503426,-4.864789517702809,-13.913200094639697,53.70115344689125,69.61036361485122,1.6755134789531028,16.70881911980759,205815737.0,1495274.0,0,0.006051559524519276,4.0,-92.0,96.0,70.14500000000001,70.09886163341255,70.54197739623864,-0.21749915381305662,-0.7417017050477881,-0.5242025512347315
1600142400,2020-09-15,68.52,70.11,68.52,69.13,1587077.0,70.0015,72.14898480786009,67.8540151921399,71.5765,68.44850000000001,70.01250000000002,70.0015,1.8599999999999994,72.445,67.55799999999999,1,45.60038290619647,-3.9861111111111174,-13.485386337080552,59.512538109769814,69.55473965008008,1.6886910875993097,16.088478894821076,207402814.0,1493757.16,0,0.02774035599846335,12.0,-80.0,92.0,70.0015,70.00658909689707,70.48660573364106,-0.15964569258793948,-0.7237596669696558,-0.5641139743817163
1600228800,2020-09-16,69.29,70.0,69.05,69.09,1513831.0,69.87750000000001,71.93281384464515,67.82218615535487,71.4455,68.3505,69.898,69.87750000000001,0.9500000000000028,72.29625000000001,67.45875000000001,1,45.481148438742395,-3.4651390247310183,-13.199234175277061,65.44543935669091,69.57148675041044,1.6359274384850735,15.512448685905028,205888983.0,1493683.68,0,-0.04350253149875017,8.0,-80.0,88.0,69.87750000000001,69.91929489719259,70.4318368813414,-0.11242516002051506,-0.7046454244073601,-0.592220264386845
1600315200,2020-09-17,68.55,68.61,67.47,67.91,1620134.0,69.7245,71.88463402361752,67.56436597638249,71.28416666666666,68.19916666666667,69.74166666666666,69.7245,1.6200000000000045,72.17175,67.27725000000001,1,42.06561180867626,-4.311680991968441,-14.437822519481777,59.17030000709133,69.48436639306632,1.6347897643075684,15.954510961711248,204268849.0,1497281.32,0,-0.07728556313214091,4.0,-80.0,84.0,69.7245,69.72793347841234,70.33294131736722,-0.1468404165582633,-0.7757707850846742,-0.6289303685264109
1600401600,2020-09-18,67.66,67.82,65.2,65.36,5077203.0,69.46600000000001,72.30833988115252,66.6236601188475,71.13533333333334,67.89033333333334,69.51283333333335,69.46600000000001,2.7099999999999937,72.04,66.89200000000001,0,35.92805168521177,-7.330214093293637,-18.419475480098964,46.942246178562705,68.87326206350033,1.711590495428456,17.411093431675102,199191646.0,1573502.92,-1,-0.2596479193614255,8.0,-92.0,100.0,69.46600000000001,69.31193981380164,70.1379240108038,-0.31771481996096373,-1.0260738934776157,-0.708359073516652
1600660800,2020-09-21,64.74,65.3,63.82,64.67,1664819.0,69.1375,72.54604147693557,65.72895852306443,70.82283333333334,67.57983333333333,69.20133333333334,69.1375,1.5399999999999991,71.7145,66.5605,0,34.49453057147933,-9.222346996069614,-22.186547638261793,37.16130649400573,68.42160708848694,1.6993340314692806,19.259662705660936,197526827.0,1590447.02,0,-0.36633261237852693,4.0,-96.0,100.0,69.1375,68.8698503077253,69.92349561822326,-0.4457366633400468,-1.2655299026917106,-0.8197932393516638
1600747200,2020-09-22,64.48,65.94,64.46,65.46,1817492.0,68.8755,72.55790397023333,65.19309602976668,70.55416666666666,67.33216666666667,68.94316666666667,68.8755,1.480000000000004,71.4315,66.3195,0,37.49995064388272,-7.411598302687423,-23.767159762764667,43.67757603122433,68.15185232030039,1.6836673149357608,20.44732181642994,199344319.0,1581249.26,0,-0.29211722255800787,4.0,-92.0,96.0,68.8755,68.54510265937051,69.74845657437136,-0.4447221692432355,-1.3756959509057083,-0.9309737816624728
1600833600,2020-09-23,65.42,65.78,64.78,64.89,1577762.0,68.624,72.65708021244187,64.59091978755812,70.285,67.09200000000001,68.6885,68.624,1.0,71.15825,66.08975,0,36.23723143216596,-7.193935926773457,-25.564802422487574,38.35653941912391,67.86660139342673,1.634833935297492,21.550148133572588,197766557.0,1578084.84,0,-0.37583842439894005,12.0,-80.0,92.0,68.624,68.19699764419238,69.55792886557249,-0.44866179113299753,-1.4918010205787198,-1.0431392294457222
1600920000,2020-09-24,64.92,66.51,64.81,66.27,1682833.0,68.4795,72.63076715594049,64.32823284405951,70.14450000000001,66.91250000000001,68.5285,68.4795,1.7000000000000028,71.02425,65.93475000000001,0,41.27651223532681,-4.178716020821286,-24.684540077675905,38.705198655144606,67.57265222360498,1.6394886542048144,21.953183868417902,199449390.0,1572157.22,0,-0.3109795947499855,8.0,-80.0,88.0,68.4795,68.0134740590312,69.4289904786873,-0.33003300003519387,-1.4556804794897147,-1.1256474794545208
1601006400,2020-09-25,66.21,68.44,65.99,68.36,2260536.0,68.4285,72.5592736563494,64.2977263436506,70.11783333333332,66.77583333333334,68.44683333333333,68.4285,2.450000000000003,71.05575,65.80125,0,47.84735838671387,-1.4701643124819777,-20.694293254176014,45.496086287949225,67.44117211432238,1.6973823217616135,20.92743184105773,201709926.0,1586971.56,0,-0.2486639829406761,4.0,-80.0,84.0,68.4285,68.04647652959966,69.38706928344466,-0.09473666619924792,-1.2440683122035807,-1.1493316460043328
1601265600,2020-09-28,68.79,69.41,67.89,68.5,1496667.0,68.364,72.44774044228943,64.28025955771058,70.079,66.731,68.405,68.364,1.519999999999996,70.99575,65.73225000000001,0,48.255612763797316,-1.8484023499068722,-17.445689652603168,51.06483658307618,67.34326429456465,1.684712155921498,19.481921613687273,203206593.0,1581877.12,0,-0.23334625145459906,32.0,-48.0,80.0,68.364,68.08966924106636,69.35228225272134,0.0771214801517246,-1.052929795814677,-1.1300512759664016
1601352000,2020-09-29,68.74,69.35,68.47,68.8,859603.0,68.276,72.24078196121681,64.31121803878318,69.99833333333333,66.67133333333334,68.33483333333332,68.276,0.8799999999999955,70.892,65.66,0,49.15342568409467,-2.4943310657596443,-14.468707066045575,50.167471697402675,67.20899289748674,1.6272327162128193,18.13966211684328,204066196.0,1566207.42,0,-0.2046946789946283,28.000000000000004,-48.0,76.0,68.276,68.15731978953623,69.33062412516364,0.2102437623326694,-0.867246573050565,-1.0774903353832344
1601438400,2020-09-30,69.2,69.76,68.49,69.25,2011772.0,68.29499999999999,72.27460048245928,64.3153995175407,69.977,66.68199999999999,68.3295,68.29499999999999,1.2700000000000102,70.86524999999999,65.72474999999999,0,50.50928304047982,0.5517641934078632,-11.460247499776095,56.64204640350907,67.24177337053145,1.6017160936261903,17.151242467784538,206077968.0,1569742.56,0,-0.13518959439603223,24.0,-48.0,72.0,68.29499999999999,68.26138457148517,69.32746239476506,0.3212021267945284,-0.6759876768900739,-0.9971898036846023
1601524800,2020-10-01,69.49,70.85,69.29,70.82,1869466.0,68.277,72.20719134394119,64.34680865605881,69.906,66.749,68.3275,68.277,1.5999999999999943,70.74675,65.80725,0,54.92361432398404,-0.5057600449564675,-6.891227812330078,64.54741733421923,67.39815285785738,1.6015935155100336,16.878014266783982,207947434.0,1575432.26,0,-0.03861339299747078,20.0,-48.0,68.0,68.277,68.50506223134373,69.38599328124486,0.48319565505772477,-0.39319523486244634,-0.8763908899201711
1601611200,2020-10-02,70.39,72.63,70.15,72.15,1863974.0,68.3415,72.47615971997578,64.20684028002421,69.95949999999999,66.7535,68.35650000000001,68.3415,2.4799999999999898,70.848,65.835,0,58.24470771681969,1.8204911092294753,-1.5701846641533648,63.93320647122493,67.63142395653588,1.6643368358307449,17.504961962229288,209811408.0,1589169.48,0,-0.029013427187094553,100.0,36.0,64.0,68.3415,68.85219916169194,69.4943857015882,0.6522675268884519,-0.06105648130960617,-0.7133240081980581
1601870400,2020-10-05,72.46,74.23,71.97,74.17,2057325.0,68.50699999999999,73.25163528629864,63.762364713701345,70.13633333333334,66.86633333333334,68.50133333333333,68.50699999999999,2.260000000000005,71.0615,65.95249999999999,0,62.64477649404927,4.6711826136042935,4.997062853492884,64.73206773495713,67.97519990495402,1.706884204699978,18.729854923463943,211868733.0,1608794.38,1,0.056144001845755166,100.0,40.0,60.0,68.50699999999999,69.35865638438794,69.67774312505533,0.8594604788378666,0.36100159034927515,-0.49845888848859143
1601956800,2020-10-06,74.17,75.73,73.55,75.24,1840096.0,68.7595,74.30537224879822,63.213627751201784,70.4065,67.0415,68.724,68.7595,2.180000000000007,71.38525,66.13375,0,64.71783683754376,7.194757087904256,11.195444870103193,65.34085116466923,68.35445556799773,1.7406781900785513,20.375515629865543,213708829.0,1621575.18,0,0.14209912409981387,100.0,43.99999999999999,56.00000000000001,68.7595,69.91878434777956,69.8958708456414,1.0170999234572995,0.772916015833033,-0.24418390762426656
1602043200,2020-10-07,75.73,76.08,74.81,75.76,1461856.0,69.0165,75.30948109007092,62.72351890992907,70.59216666666666,67.29416666666665,68.94316666666666,69.0165,1.269999999999996,71.571,66.46199999999999,0,65.69182609769756,7.278391390540924,16.503770301449386,71.16341932910673,68.7574312392837,1.7070583193586546,22.014407455093508,215170685.0,1622984.44,0,0.18266234564783843,100.0,48.0,52.0,69.0165,70.47509060037198,70.12583669483193,1.0979985779560406,1.1283143148207841,0.030315736864743564
1602129600,2020-10-08,75.87,77.04,75.62,76.61,1361652.0,69.4165,76.5200773382142,62.31292266178581,70.92783333333333,67.67883333333333,69.30333333333333,69.4165,1.4200000000000017,71.92375,66.90925,0,67.24755755376077,11.66010785599767,21.464260403053213,87.34458516459664,69.75614539648731,1.6865541536901794,23.831512697963348,216532337.0,1626353.36,0,0.4207552854982759,100.0,52.0,48.0,69.4165,71.05936768605085,70.38011760876009,1.145114018974169,1.461708260582455,0.31659424160828586
1602216000,2020-10-09,76.87,77.07,75.82,76.41,1535587.0,69.85499999999999,77.52587348350825,62.18412651649173,71.331,68.13199999999999,69.73150000000001,69.85499999999999,1.25,72.32475,67.38524999999998,0,66.50067800431486,12.965700768775868,25.08899624822341,93.85156858708935,70.55132211015795,1.6553717141408808,25.528014606230766,214996750.0,1631779.66,0,0.40897761814481315,96.0,52.0,44.0,69.85499999999999,71.56895171595077,70.61658358488715,1.0989664335089855,1.6903022834945176,0.5913358499855322
1602475200,2020-10-12,76.39,77.74,76.39,77.13,1123098.0,70.299,78.55270680361195,62.045293196388066,71.77466666666666,68.58966666666666,70.18216666666666,70.299,1.3499999999999943,72.75825,67.83975000000001,0,67.85363747279527,13.010989010989004,28.617638810066875,93.73127270383746,71.28639448171693,1.6335594488451033,27.311563182756352,216119848.0,1589389.48,0,0.3982640255731704,100.0,60.0,40.0,70.299,72.0985753620507,70.87201167959746,1.0529900064466982,1.907573358043905,0.8545833515972068
1602561600,2020-10-13,76.17,77.02,75.57,76.8,1144417.0,70.6825,79.38391798789083,61.98108201210918,72.12816666666666,68.95716666666667,70.54266666666666,70.6825,1.5600000000000023,73.11925000000001,68.24575,0,66.5567604892663,11.095038333574427,30.948418687828088,94.6132309983397,71.97789292900434,1.6283052024990248,28.233557061285495,214975431.0,1588035.98,0,0.49576046862448186,96.0,60.0,36.0,70.6825,72.54633008947444,71.10448180980933,0.9401224942032909,2.0297364693513202,1.0896139751480294
1602648000,2020-10-14,76.24,76.83,75.62,76.11,1388443.0,71.03349999999999,80.01159617903427,62.05540382096571,72.48150000000001,69.28450000000001,70.88300000000001,71.03349999999999,1.2099999999999937,73.48974999999999,68.57724999999999,0,63.869969382909055,10.160660008684319,31.74355837619633,88.06432911093162,72.70219340251022,1.5984262594633798,29.089694234205414,213586988.0,1589089.76,0,0.436246108165075,92.0,60.0,32.0,71.03349999999999,72.8857272238102,71.3007766407972,0.7661285588546864,2.0472746737163874,1.281146114861701
1602734400,2020-10-15,75.69,76.15,74.92,75.44,1599055.0,71.41,80.46380582959398,62.35619417040601,72.86133333333332,69.65533333333333,71.25833333333334,71.41,1.230000000000004,73.83699999999999,68.983,0,61.33903563347694,11.088204977175677,31.308291908455132,80.2170921358236,73.44343227003401,1.5721100980731388,29.25036045632285,211987933.0,1595821.12,0,0.34040804361944044,88.0,60.0,28.000000000000004,71.41,73.12899129773304,71.46309912547181,0.562473006640503,1.9842373731623297,1.4217643665218267
1602820800,2020-10-16,75.44,76.4,74.98,75.77,2092353.0,71.9305,80.72647288536008,63.1345271146399,73.28083333333333,70.19483333333332,71.73783333333333,71.9305,1.4200000000000017,74.26075,69.60024999999999,0,62.117323493779324,15.927172582619335,31.23570336453845,80.88838219567512,73.98400491393078,1.5612450910679148,29.51617332585157,214080286.0,1608080.8,1,0.35519398902033916,84.0,60.0,24.0,71.9305,73.38051593604418,71.63199719898272,0.41343776224683837,1.9385615693303748,1.5251238070835365
1603080000,2020-10-19,76.17,76.59,75.27,75.49,1319997.0,72.4715,80.72919041560593,64.21380958439408,73.83216666666667,70.76216666666667,72.29716666666667,72.4715,1.3200000000000074,74.78525,70.15775000000001,0,61.02018468532733,16.73109633524044,30.709133526211996,81.35178249295953,74.28257254235146,1.5440132988487785,29.85440213813239,212760289.0,1601169.32,0,0.3186408501502788,80.0,60.0,20.0,72.4715,73.58141918023044,71.78329142647358,0.2665790591852515,1.8583476310651008,1.5917685718798493
1603166400,2020-10-20,75.92,77.07,75.6,76.45,1294116.0,73.021,80.78728070571685,65.25471929428315,74.386,71.31700000000001,72.8515,73.021,1.5799999999999983,75.34225,70.69975,0,63.35601421832591,16.788878704552417,31.13551127920876,80.8944105164751,74.87468523052516,1.5465837775024371,30.400354564291067,214054405.0,1598904.5,0,0.3202415264802374,76.0,60.0,16.0,73.021,73.85461735354183,71.96629960582756,0.20730946148561658,1.8509053987368702,1.6435959372512536
1603252800,2020-10-21,76.26,77.02,75.95,76.32,988460.0,73.5925,80.51801189443711,66.6669881055629,74.95349999999999,71.8775,73.4155,73.5925,1.0699999999999932,75.919,71.266,0,62.819422676355714,17.614424410540906,31.260937425941552,80.22158059576384,75.3517612129935,1.5125420791094053,30.907310388581266,213065945.0,1588658.26,0,0.23385121592733255,72.0,60.0,12.0,73.5925,74.08941570082357,72.13703295461865,0.13601227463529586,1.8136112805453735,1.6775990059100776
1603339200,2020-10-22,76.53,77.26,76.06,77.02,1250701.0,74.13,80.32942255375367,67.93057744624632,75.47433333333333,72.44833333333332,73.96133333333333,74.13,1.2000000000000028,76.419,71.841,0,64.52252132861707,16.22151803229214,32.01219084537048,79.74296712851707,75.77697734898568,1.4902176448873052,31.502322437563134,214316646.0,1584903.44,0,0.22169896755644547,68.0,60.0,8.0,74.13,74.3685189674118,72.3285218583591,0.1135726057484967,1.8195647630956984,1.7059921573472017
1603425600,2020-10-23,77.31,77.38,75.96,76.23,1413093.0,74.5235,80.18361404478654,68.86338595521346,75.86916666666666,72.94616666666667,74.40766666666667,74.5235,1.4200000000000017,76.73525,72.31175,0,61.19264322784804,11.512580456407262,31.20139342545027,71.99060180451012,76.07114410556798,1.4852020988239263,32.11892371346246,212903553.0,1595427.86,0,0.08638423355798396,64.0,60.0,4.0,74.5235,74.54580287527735,72.48152100116855,0.027585033086445998,1.7404734487052593,1.7128884156188133
1603684800,2020-10-26,75.72,76.23,74.97,76.03,1855852.0,74.9,79.86661655455602,69.933383445444,76.21333333333334,73.31633333333333,74.76483333333333,74.9,1.2600000000000051,77.09225,72.70775,0,60.36248021372034,10.992700729927009,30.16844827886514,62.734695754885664,76.1547127075529,1.4691162346222177,31.530564077023566,211047701.0,1617833.56,0,0.09911501968206067,60.0,52.0,8.0,74.9,74.68715498239379,72.6206770403384,-0.05613597410564908,1.642718447986752,1.6988544220924011
1603771200,2020-10-27,76.44,76.88,75.47,76.15,1977937.0,75.26750000000001,79.39030911515316,71.14469088484687,76.6045,73.65450000000001,75.12950000000001,75.26750000000001,1.4099999999999966,77.49950000000001,73.03550000000001,0,60.699218885695835,10.683139534883734,29.431107116559296,63.70126108509642,76.19932601502012,1.4648936464349163,31.396305657515917,213025638.0,1633726.74,0,0.057509043095806935,56.00000000000001,52.00000000000001,4.0,75.26750000000001,74.82647355549913,72.75908186228592,-0.1134979507706293,1.5569819836291146,1.6704799343997438
1603857600,2020-10-28,75.31,75.99,73.5,73.69,1665940.0,75.48949999999999,78.6606289787692,72.31837102123079,76.92683333333333,73.85483333333333,75.39083333333333,75.48949999999999,2.6500000000000057,77.82499999999999,73.154,0,51.29556572185344,6.411552346570394,24.274661187852704,56.26740252236056,76.03884911067817,1.549544100260994,29.435076342388328,211359698.0,1645730.42,0,-0.03771030543084232,52.0,48.0,4.0,75.48949999999999,74.71823797878494,72.79558845592177,-0.31572247601905623,1.2758268393759238,1.59154931539498
1603944000,2020-10-29,73.24,74.26,72.22,73.32,1831995.0,75.61449999999999,78.17849278469924,73.05050721530074,77.09816666666666,73.97816666666667,75.53816666666667,75.61449999999999,2.0400000000000063,77.98299999999999,73.246,0,50.067525367005985,3.5300762496469926,19.531629830542094,48.27403825245347,75.76745903212648,1.5845766645280663,27.955901788991707,209527703.0,1656950.58,0,-0.026211086742748687,48.0,44.0,4.0,75.61449999999999,74.5850724569959,72.81615361451308,-0.46404458372607715,1.0114935857373837,1.4755381694634608
1604030400,2020-10-30,73.1,73.64,71.62,72.33,1832176.0,75.6235,78.13960234290855,73.10739765709147,77.1195,74.04549999999999,75.5825,75.6235,2.019999999999996,77.95750000000001,73.2895,0,46.90481032621509,0.24948024948023922,14.068370237521503,41.60454997698863,75.42511992414829,1.61567833134749,26.96018721955097,207695527.0,1675902.04,0,-0.05547863582111567,44.0,40.0,4.0,75.6235,74.37030365156772,72.79708876688512,-0.6093157104989348,0.7138935313397923,1.3232092418387271
1604293200,2020-11-02,73.0,75.15,72.67,75.08,1610411.0,75.669,78.11011368026763,73.22788631973236,77.17266666666667,74.07666666666667,75.62466666666666,75.669,2.8200000000000074,78.045,73.29299999999999,0,55.1827625303063,1.2269111500606669,13.167545717186735,47.98595370724917,75.28949683044802,1.7017013076798126,25.13878565560207,209305938.0,1686508.62,0,-0.02165449994484626,40.0,36.0,4.0,75.669,74.43789377998984,72.8866146975955,-0.5049923725807859,0.6919687761127449,1.1969611486935308
1604379600,2020-11-03,75.69,76.8,75.34,76.24,1617450.0,75.719,78.1638795471331,73.27412045286688,77.201,74.17699999999999,75.689,75.719,1.7199999999999989,78.06049999999999,73.3775,0,58.08441227551789,1.3290802764486975,13.861654040061227,54.808263543680425,75.29434754290499,1.7030083571312546,24.41692555883991,210923388.0,1685841.16,0,0.007229517503229676,36.0,32.0,4.0,75.719,74.60952294380033,73.01812000357215,-0.35001596710596816,0.7594411898110707,1.1094571569170388
1604466000,2020-11-04,77.0,77.12,75.42,75.66,1752105.0,75.714,78.1589327189086,73.2690672810914,77.24833333333333,74.18133333333334,75.71483333333333,75.714,1.7000000000000028,78.08775,73.34025,0,56.170361208389494,-0.13199577613517494,13.505453401057697,54.4027692301673,75.33963142384316,1.7027934744790225,23.916332774244893,209171283.0,1697413.58,0,-0.037720470987822254,32.0,28.0,4.0,75.714,74.7095683777241,73.12172314068697,-0.28166029731373254,0.7573817852748732,1.0390420825886058
1604552400,2020-11-05,76.05,77.55,76.05,76.42,1327542.0,75.70450000000001,78.13687723225446,73.27212276774556,77.26483333333333,74.18983333333333,75.72733333333333,75.70450000000001,1.8900000000000006,78.11350000000002,73.2955,0,58.07590784274248,-0.2480093982508781,14.09803658568174,52.82677492359627,75.38479034553139,1.7161653691590923,23.680929563395257,210498825.0,1697038.96,0,-0.08083566541980415,28.000000000000004,24.000000000000004,4.0,75.70450000000001,74.87246662746466,73.25106733124827,-0.1850225133804524,0.8077639408630404,0.9927864542434928
1604638800,2020-11-06,76.57,77.99,75.95,76.9,1310801.0,75.729,78.19888987608553,73.25911012391447,77.33,74.176,75.753,75.729,2.039999999999992,78.19725,73.26075,0,59.25363476695277,0.6412773197225613,15.098303529514029,52.85059839584123,75.45480106714142,1.7392964142191565,23.69534988183245,211809626.0,1696142.84,0,-0.04451033996486927,24.0,-56.0,80.0,75.729,75.0655650438966,73.39416273002284,-0.09317120267406231,0.8763224509009149,0.9694936535749772
1604898000,2020-11-09,78.74,80.12,77.42,77.52,2048033.0,75.74849999999999,78.26798625715438,73.22901374284561,77.46083333333334,74.17183333333334,75.81633333333333,75.74849999999999,3.219999999999999,78.357,73.13999999999999,1,60.75269014745714,0.5056398288603664,16.572517264774717,54.55885552164111,75.66596989957581,1.8450609560606452,24.668040079687895,213857659.0,1712087.34,0,-0.13637071367828882,100.0,24.0,76.0,75.74849999999999,75.29932075400168,73.55596027002196,1.1870810745051585e-05,0.9695084920884085,0.9694966212776635
1604984400,2020-11-10,78.07,78.28,76.92,77.63,1995751.0,75.78999999999999,78.40300593187037,73.17699406812962,77.51366666666667,74.23366666666666,75.87366666666667,75.78999999999999,1.3599999999999994,78.3835,73.19649999999999,0,61.02050974290011,1.0807291666666645,17.867950477895373,47.88454639124718,75.7989888504878,1.8104137449134563,25.152452352092723,215853410.0,1685290.74,0,-0.11379643574551243,100.0,28.0,72.0,75.78999999999999,75.52129020600152,73.71572653394267,0.05659782111173972,1.040243897667338,0.9836460765555983
1605070800,2020-11-11,77.98,78.75,77.41,78.26,1309715.0,75.89750000000001,78.72261504190357,73.07238495809645,77.61783333333332,74.32483333333333,75.97133333333332,75.89750000000001,1.3400000000000034,78.50075000000001,73.29425,0,62.56073427785063,2.8248587570621546,19.600067851979556,48.06865547242293,75.877086490872,1.776812763133924,25.805143268644144,217163125.0,1678657.88,0,-0.13043597870133428,100.0,32.0,68.0,75.89750000000001,75.78211971019185,73.89393333653315,0.12033526188891086,1.1340651539167368,1.013729892027826
1605157200,2020-11-12,78.04,78.28,76.01,76.51,1253209.0,75.951,78.77995669814682,73.12204330185317,77.74133333333334,74.34433333333332,76.04283333333333,75.951,2.269999999999996,78.63225,73.26974999999999,0,56.08126310202048,1.4183457051961923,18.204000724907022,48.3860554967304,75.89463716069737,1.8120404229100717,25.28585372055638,215909916.0,1677916.46,0,-0.12386318916369526,96.0,32.0,64.0,75.951,75.85144164255453,73.99652418608088,0.03305358809327541,1.0550468771444201,1.0219932890511447
1605243600,2020-11-13,76.97,77.88,76.64,77.32,991745.0,76.0285,78.91766095086268,73.1393390491373,77.8105,74.4315,76.12100000000001,76.0285,1.3699999999999903,78.70599999999999,73.351,0,58.19101189111791,2.045664511020189,17.983270881624556,54.67261307477723,75.96809945315114,1.780466106987923,24.80365628304631,216901661.0,1669446.62,0,-0.18058945505178334,92.0,32.0,60.0,76.0285,75.99130434326362,74.12685657094045,0.018989392136240735,1.0457300292214455,1.0267406370852048
1605502800,2020-11-16,78.08,78.36,76.63,78.27,1256628.0,76.16749999999999,79.20342407678282,73.13157592321716,77.9295,74.5095,76.2195,76.16749999999999,1.730000000000004,78.87574999999998,73.45925,0,60.53170385599995,3.6826069678103077,18.834081674216733,53.22534101907463,76.05297671399958,1.7768613850602146,24.615258936086008,218158289.0,1669678.94,0,-0.13170925967720634,100.0,43.99999999999999,56.00000000000001,76.16749999999999,76.20832297723852,74.28933278384474,0.06044495349086065,1.1022968289487807,1.04185187545792
1605589200,2020-11-17,77.93,78.11,75.75,76.05,1127515.0,76.1475,79.18098561888625,73.11401438111373,77.98716666666667,74.47816666666668,76.23266666666666,76.1475,2.519999999999996,78.92625,73.36874999999999,0,53.204641422339094,-0.5232177894048472,16.09615911800872,54.45772907696319,76.21394418341133,1.8299427146987703,23.734527680401822,217030774.0,1661933.62,0,-0.10820001106539447,96.0,44.0,52.0,76.1475,76.1932445984539,74.35837855702731,-0.0679137064740285,0.9569597423653846,1.0248734488394131
1605675600,2020-11-18,76.54,76.55,74.26,74.39,1246946.0,76.051,79.1777548672689,72.9242451327311,77.97999999999999,74.349,76.1645,76.051,2.289999999999992,78.92125,73.18075,0,48.57651847991433,-2.5288259958071184,11.617807199949356,55.8577116019573,76.40585904715374,1.8628039493631434,22.192537923394525,215783828.0,1660740.8,0,-0.17166025391734496,92.0,44.0,48.0,76.051,76.02150701764877,74.35961861361447,-0.260087176643377,0.6997644780351919,0.9598516546785689
1605762000,2020-11-19,74.19,74.46,72.4,73.1,2107883.0,75.85499999999999,79.19817513749874,72.51182486250124,77.85,74.13300000000001,75.9915,75.85499999999999,2.059999999999988,78.78974999999998,72.92025,0,45.34960797625118,-5.089587120228514,6.497928794228505,55.10227940674989,76.43432982749893,1.8768893815514895,21.790449898909777,213675945.0,1672831.74,0,-0.17565928008572998,88.0,44.0,44.0,75.85499999999999,75.74326825406318,74.31022180523743,-0.45797915579434756,0.3873777099356346,0.8453568657299821
1605848400,2020-11-20,73.08,74.11,72.79,73.46,1689723.0,75.7165,79.21209308272428,72.22090691727571,77.6915,73.9845,75.838,75.7165,1.3199999999999932,78.64375,72.78925,0,46.39565147055718,-3.633739997376374,3.007927435815727,55.22701160864069,76.35827056395946,1.8371115685835255,21.417082447602514,215365668.0,1660151.4,0,-0.2460164805955075,84.0,44.0,40.0,75.7165,75.52581413462859,74.27687977365949,-0.5427385886061299,0.16693362997231986,0.7096722185784498
1606107600,2020-11-23,73.63,73.86,72.5,72.76,1078595.0,75.553,79.2733177283654,71.8326822716346,77.56133333333334,73.84433333333332,75.70283333333333,75.553,1.3599999999999994,78.48774999999999,72.61825,0,44.64654498016383,-4.300933841904507,-0.5566723174984929,48.911573475258734,76.20192627953814,1.8030321708275594,21.225035322184386,214287073.0,1633227.4,0,-0.30336492540748267,80.0,44.0,36.0,75.553,75.26240326466397,74.21739429233952,-0.618555216206382,-0.06352180167952781,0.5550334145268542
1606194000,2020-11-24,73.4,73.57,72.03,72.5,1653399.0,75.37049999999999,79.30755714969823,71.43344285030176,77.3945,73.6645,75.5295,75.37049999999999,1.539999999999992,78.31499999999998,72.426,0,43.998024267022956,-4.793171372291536,-3.6686806457254937,49.32448260679025,75.92968230609476,1.7842441586255904,21.29823157983535,212633674.0,1634553.84,0,-0.27476984944094496,76.0,44.0,32.0,75.37049999999999,74.99931723945788,74.1500454965615,-0.6553026493127679,-0.2640948971141057,0.3912077521986622
1606280400,2020-11-25,72.73,73.34,71.61,73.29,1909444.0,75.35049999999998,79.3253835203047,71.37561647969527,77.27416666666667,73.62016666666668,75.44716666666667,75.35049999999998,1.730000000000004,78.22599999999998,72.47499999999998,0,46.48428934759755,-0.5428144931469554,-5.158886178089063,50.510568214218154,75.59292231941762,1.78036957586662,21.5884997681095,214543118.0,1642466.1,0,-0.1493332997753017,72.0,44.0,28.000000000000004,75.35049999999998,74.83652512141428,74.11631822218655,-0.5971337927403697,-0.3552094887267998,0.24192430401356985
1606453200,2020-11-27,73.35,73.5,72.06,72.88,711081.0,75.32849999999999,79.35265842133357,71.30434157866641,77.2215,73.62750000000001,75.4245,75.32849999999999,1.4399999999999977,78.15899999999999,72.49799999999999,0,45.38357173968578,-0.6001091107474056,-6.821808146333861,48.929877194002124,75.40886620309678,1.7560574633047186,21.713362154904367,213832037.0,1624285.04,0,-0.1444676650801278,68.0,44.0,24.0,75.32849999999999,74.6501893955653,74.06783515464983,-0.5577427600922,-0.45525414610168013,0.10248861399051987
1606712400,2020-11-30,72.82,73.27,71.73,72.53,3174650.0,75.3385,79.33369348717805,71.34330651282194,77.19649999999999,73.65050000000001,75.4235,75.3385,1.539999999999992,78.133,72.544,0,44.43802063443039,0.2765104382690486,-8.566593945871489,36.8176998431806,74.70054990625066,1.740624787354381,22.019008957157563,210657387.0,1586233.98,0,-0.042972946530930395,64.0,44.0,20.0,75.3385,74.44826659598766,74.00752789368318,-0.5270859783157817,-0.5563688589042073,-0.02928288058842557
1606798800,2020-12-01,72.87,73.9,72.56,73.12,2002449.0,75.24050000000001,79.35074804604176,71.13025195395826,77.08416666666668,73.65216666666666,75.36816666666667,75.24050000000001,1.3700000000000045,77.92625000000001,72.55475000000001,0,46.418901290772006,-2.610548748002123,-9.189042212362297,46.180113268222925,74.29034818464497,1.7141515882576397,21.704464903487956,212659836.0,1592986.58,0,-0.06233429257870283,60.0,44.0,16.0,75.24050000000001,74.32176501541741,73.97272287824462,-0.44232079538214747,-0.5821838748161099,-0.13986307943396242
1606885200,2020-12-02,72.9,73.21,72.19,73.06,1761387.0,75.0815,79.27007147485753,70.89292852514248,76.89683333333333,73.50883333333334,75.20283333333333,75.0815,1.019999999999996,77.71475,72.44825000000002,0,46.242420761848635,-4.171038824763894,-9.769273485856676,39.141733695920145,73.9428899954445,1.6645693319535224,21.649864287785494,210898449.0,1591864.48,0,-0.020465983464689957,56.00000000000001,44.00000000000001,12.0,75.0815,74.20159691871099,73.93692982419581,-0.3685583887308121,-0.6005610653474776,-0.23200267661666546
1606971600,2020-12-03,72.82,73.02,71.66,71.95,1183186.0,74.896,79.28926939761156,70.50273060238844,76.687,73.333,75.01,74.896,1.4000000000000057,77.50675,72.28525,0,43.05476588260511,-4.903515728257989,-11.538931325922135,39.40804878059267,73.67807705170581,1.6456715225282712,21.930112665189778,209715263.0,1583972.96,0,-0.019501843419926473,52.0,-48.0,100.0,74.896,73.98715911692899,73.8590110075607,-0.37172758422621605,-0.6966621568994356,-0.3249345726732195
1607058000,2020-12-04,71.7,72.22,70.2,70.9,1958629.0,74.61999999999999,79.28102992910262,69.95897007089737,76.43466666666667,73.02866666666668,74.73166666666665,74.61999999999999,2.019999999999996,77.24049999999998,71.9995,0,40.28933059215089,-7.223239989531531,-14.18334448640001,33.36173627103685,73.3015216035916,1.6724092709191087,22.97771391349945,207756634.0,1589488.88,0,-0.04917103457558877,48.0,-52.0,100.0,74.61999999999999,73.69314396293575,73.74297136020537,-0.4182735808834041,-0.8477765487774747,-0.42950296789407055
1607317200,2020-12-07,70.61,72.22,70.46,71.89,1736741.0,74.3695,79.05192447883472,69.68707552116528,76.1495,72.7715,74.4605,74.3695,1.7600000000000051,76.969,71.77000000000001,0,43.86763977151614,-6.51495448634591,-14.82510753278376,34.39951979511504,72.92954567522025,1.6786657515677441,23.950486501215575,209493375.0,1579012.98,0,-0.049891198572353815,44.0,-52.0,96.0,74.3695,73.52141596646568,73.6703058166679,-0.3584259338152118,-0.8775353851630854,-0.5191094513478736
1607403600,2020-12-08,71.2,72.0,70.92,71.59,1008379.0,74.07300000000001,78.67011257203811,69.47588742796191,75.726,72.51,74.11800000000001,74.07300000000001,1.0799999999999983,76.512,71.63400000000001,0,43.04481153258768,-7.649638802889568,-15.680101945200436,34.69107273981341,72.68762516557942,1.635903912170048,24.853775332666263,208484996.0,1569247.22,0,-0.003484778725504642,40.0,-52.0,92.0,74.07300000000001,73.33747158870705,73.58872519640643,-0.31653798571973046,-0.9147819334975367,-0.5982439477778062
1607490000,2020-12-09,71.59,71.74,70.72,71.3,1124448.0,73.75649999999999,78.19949572360709,69.31350427639289,75.39116666666666,72.20916666666668,73.80016666666667,73.75649999999999,1.019999999999996,76.16999999999999,71.34299999999999,0,42.23863904306403,-8.154064150457296,-16.705008039754343,34.97041152005569,72.48938602898916,1.591910775586473,25.80446848479163,207360548.0,1574544.12,0,0.051029541345481294,36.0,-52.0,88.0,73.75649999999999,73.14342667549684,73.49897126713559,-0.286743033722175,-0.956672739930525,-0.66992970620835
1607576400,2020-12-10,71.44,71.98,70.53,71.02,1744650.0,73.3945,77.47585014425265,69.31314985574734,75.0485,71.8555,73.452,73.3945,1.4500000000000028,75.81625,70.97274999999999,0,41.449661611109796,-9.251213902376703,-17.866997056600564,35.616410261906864,72.31165302187648,1.581774291616011,26.381819512705952,205615898.0,1569201.68,0,0.05667544347516631,32.0,-52.0,84.0,73.3945,72.94119556354477,73.40175670764008,-0.26479791600190783,-1.0009271012107348,-0.736129185208827
1607662800,2020-12-11,70.87,71.38,70.48,71.11,1491211.0,73.1245,77.05748093054001,69.19151906945999,74.68283333333332,71.62683333333334,73.15483333333333,73.1245,0.8999999999999915,75.4435,70.8055,0,41.81737449933908,-7.057900927983277,-18.680766691040624,28.382527546488248,72.1386144240102,1.5330761279291525,26.950496007985187,207107109.0,1561636.58,0,0.08250412661726872,28.000000000000004,-52.0,80.0,73.1245,72.76679598606432,73.31188389557575,-0.22470725803734481,-1.017013257755508,-0.7923059997181632
1607922000,2020-12-14,71.68,72.61,70.77,70.83,1478453.0,72.8,76.34677882028069,69.2532211797193,74.419,71.303,72.861,72.8,1.8400000000000034,75.15424999999999,70.44575,0,40.97464811371189,-8.393688566994303,-19.69190979079398,34.310166911613535,72.0488376822028,1.5549992616484989,25.996274773342403,205628656.0,1553926.16,0,0.04985840490086548,24.0,-76.0,100.0,72.8,72.58233922548676,73.2145551153571,-0.1984453278402185,-1.0403626595184363,-0.8419173316782178
1608008400,2020-12-15,71.02,72.18,70.62,71.8,1567023.0,72.4765,75.0017427606058,69.95125723939421,74.0995,71.0005,72.55,72.4765,1.5600000000000023,74.818,70.135,0,45.01538971149188,-8.266257825475916,-18.81088561417143,41.29540417519609,71.96637398190974,1.5553564572450347,25.23293329679351,207195679.0,1544120.12,0,0.11340236735231668,20.0,-76.0,96.0,72.4765,72.50783072782136,73.15908236573526,-0.10200329326188462,-0.9694214482555736,-0.867418154993689
1608094800,2020-12-16,72.13,72.76,70.7,70.82,2376476.0,72.215,74.23938632676476,70.19061367323525,73.824,70.75500000000001,72.2895,72.215,2.0600000000000023,74.522,69.908,1,41.960510827979284,-6.877054569362268,-19.28502866068588,32.244376978762205,71.84747716620589,1.5914024245846752,23.894317278392048,204819203.0,1554847.72,-1,-0.05605941149885657,16.0,-84.0,100.0,72.215,72.34708494421932,73.06735364551035,-0.0908413379934222,-0.9809698274854668,-0.8901284894920446
1608181200,2020-12-17,71.29,71.8,70.85,71.1,2174084.0,72.0505,73.8650024111288,70.2359975888712,73.56616666666666,70.63116666666667,72.09866666666667,72.0505,0.980000000000004,74.25925,69.84175,1,43.121398612484484,-4.422637451270341,-19.16147686785806,27.46349967094845,71.76734698030263,1.5477308228286273,22.651316689876406,206993287.0,1569092.28,0,-0.09829108400988065,12.0,-84.0,96.0,72.0505,72.22831494953176,72.990202522157,-0.05309911023125358,-0.9565023772811116,-0.9034032670498581
1608267600,2020-12-18,70.74,71.66,69.71,70.21,4664754.0,71.906,73.82070519923887,69.99129480076114,73.42099999999999,70.497,71.959,71.906,1.9500000000000028,74.10650000000001,69.7055,1,40.41660075196629,-3.9534883720930245,-20.171583199218883,26.01820583196887,71.45731454390824,1.5764643354837256,22.488502766706358,202328533.0,1635154.32,-1,-0.1839262590632238,8.0,-92.0,100.0,71.906,72.03609447814779,72.8811749722685,-0.07522103561447757,-0.9974295615679551,-0.9222085259534776
1608526800,2020-12-21,69.57,69.99,68.57,69.85,2337629.0,71.7255,73.69989079211601,69.75110920788399,73.22683333333333,70.29283333333333,71.75983333333333,71.7255,1.6400000000000006,73.95,69.50099999999999,1,39.36525884461445,-4.914239041655322,-21.441259027094,18.058737972546325,71.15206111675916,1.5810025972348882,23.12120058140059,199990904.0,1651195.16,0,-0.09871964060994043,4.0,-96.0,100.0,71.7255,71.82789500403848,72.76230536551287,-0.09971017876533916,-1.0468462494101516,-0.9471360706448124
1608613200,2020-12-22,70.03,70.27,69.41,69.74,2279927.0,71.5745,73.66768393840402,69.48131606159598,73.04016666666666,70.15616666666668,71.59816666666667,71.5745,0.8599999999999994,73.7615,69.3875,1,39.03863685829972,-4.1506322155030375,-22.619939655978104,26.04069618611203,70.93067286315247,1.5295024117181106,23.378723923016828,197710977.0,1674331.74,0,-0.16221531015863985,4.0,-96.0,100.0,71.5745,71.62904786079672,72.64378358647315,-0.10821761118084272,-1.082408084620866,-0.9741904734400232
1608699600,2020-12-23,70.24,70.43,69.18,69.19,2092403.0,71.409,73.69760568905889,69.12039431094112,72.87066666666666,70.01566666666666,71.44316666666666,71.409,1.25,73.57425,69.24375,0,37.405169968929464,-4.565517241379313,-24.28407615932851,25.250728324863957,70.77736394796653,1.5095379537382456,23.775783531761014,195618574.0,1693291.46,0,-0.20619077479284614,4.0,-96.0,100.0,71.409,71.3967575883399,72.50834109288597,-0.1340951655132543,-1.141809430331591,-1.0077142648183368
1608786000,2020-12-24,69.42,70.22,69.11,70.22,815302.0,71.25550000000001,73.42772903948752,69.08327096051251,72.69483333333334,69.90183333333333,71.29833333333333,71.25550000000001,1.1099999999999994,73.37425000000002,69.13675,0,42.174790578020236,-4.188838859325975,-23.532817446628112,29.337990985520932,70.7252632998754,1.480999528471228,24.194191413609,196433876.0,1681828.64,0,-0.16228386165663886,8.0,-88.0,96.0,71.25550000000001,71.28468543706943,72.41860222649828,-0.06836589275048599,-1.0931716307564443,-1.0248057380059583
1609131600,2020-12-28,70.54,71.01,70.34,70.96,1492330.0,71.15950000000001,73.20189540735699,69.11710459264303,72.55416666666667,69.83816666666667,71.19616666666667,71.15950000000001,0.7900000000000063,73.2295,69.08950000000002,1,45.32545012429774,-2.6344676180021978,-21.415399572130607,28.639914472198484,70.67575395127571,1.4316424192947124,23.59781447522513,197926206.0,1679694.14,0,-0.15686236133354287,4.0,-88.0,92.0,71.15950000000001,71.25376301449138,72.36140213918462,0.032983824617138335,-0.9835759572345353,-1.0165597818516736
1609218000,2020-12-29,71.36,71.7,70.88,71.09,1343755.0,71.0875,73.030681669323,69.14431833067701,72.45383333333334,69.80983333333333,71.13183333333333,71.0875,0.8200000000000074,73.10350000000001,69.0715,1,45.870835655517304,-1.985385357782983,-19.440629308920165,33.30435392521544,70.67209597524118,1.3879536750593764,22.291467043665158,199269961.0,1664722.18,0,-0.1882027487600801,12.0,-76.0,88.0,71.0875,71.23816653692077,72.31154323176561,0.11234287518650876,-0.8761311878685376,-0.9884740630550464
1609304400,2020-12-30,70.76,71.62,70.76,71.2,993120.0,70.9915,72.69895746652529,69.28404253347472,72.32983333333334,69.73383333333334,71.03183333333332,70.9915,0.8599999999999994,72.96925,69.01375,1,46.34752330295128,-2.6258205689277925,-17.598202932999175,33.46964181997858,70.66703399067781,1.350242698269421,21.19171180242073,200263081.0,1658184.64,0,-0.19401094201459843,8.0,-76.0,84.0,70.9915,71.23453162864261,72.26795330110814,0.17222606385774586,-0.7731914832328641,-0.94541754709061
1609390800,2020-12-31,71.33,72.27,70.92,72.19,1457739.0,70.94800000000001,72.47750449492409,69.41849550507592,72.295,69.666,70.9805,70.94800000000001,1.3499999999999943,72.9505,68.94550000000001,1,50.479048980281,-1.190802080481802,-14.078458448745538,39.39040968212284,70.69536985847296,1.3502253626787475,19.865105836582313,201720820.0,1661457.1,0,-0.12644583951056307,4.0,-76.0,80.0,70.94800000000001,71.32552861639093,72.26489630890782,0.272529990021232,-0.60475505956407,-0.8772850495853021
1609736400,2021-01-04,72.28,72.54,70.05,70.52,2071665.0,70.8765,72.3444138258062,69.40858617419379,72.29283333333333,69.55083333333333,70.92183333333334,70.8765,2.490000000000009,72.96074999999999,68.79225,1,44.407067385312345,-1.987491313412101,-13.752372786268344,38.54271928059644,70.70523172243331,1.4316378367731235,19.092535173518467,199649155.0,1683121.2,-1,-0.19322431709412266,12.0,-64.0,76.0,70.8765,71.24881160530607,72.19646900267614,0.2225346170817648,-0.5991167782330962,-0.821651395314861
1609822800,2021-01-05,70.35,71.16,70.29,71.03,2685074.0,70.88300000000001,72.35242301601447,69.41357698398555,72.22133333333332,69.59433333333334,70.90783333333333,70.88300000000001,0.8699999999999903,72.88100000000001,68.885,1,46.47669543209664,0.18335684062058596,-12.508308864670155,31.64724714116032,70.68032813484983,1.3915208484321853,18.3751481292449,202334229.0,1711808.66,0,-0.06985004124237619,8.0,-64.0,72.0,70.88300000000001,71.22797240480074,72.15072512021825,0.2195707010248399,-0.5471880190338112,-0.7667587200586511
1609909200,2021-01-06,71.23,74.9,71.1,74.37,3215183.0,71.00699999999999,73.08707788315556,68.92692211684442,72.42,69.589,71.0045,71.00699999999999,3.8700000000000045,73.16324999999999,68.85074999999999,1,57.40762827922161,3.449714842119911,-5.47049135768873,35.63292488871993,70.93332477184046,1.5685550735441722,19.23437333264263,205549412.0,1747850.46,1,-0.015521073290259677,100.0,32.0,68.0,71.00699999999999,71.52721312815304,72.23775550766068,0.42634410693027935,-0.23382858639580206,-0.6601726933260814
1609995600,2021-01-07,74.39,74.65,73.52,73.89,2194202.0,71.122,73.54443348721753,68.69956651278247,72.54833333333333,69.71233333333333,71.13033333333333,71.122,1.1300000000000097,73.282,68.962,0,55.68718354746389,3.2127392093867813,-1.0580173907107984,43.414869523152866,71.12114857770804,1.5372297111481605,20.032225307226234,203355210.0,1754617.46,0,0.02940220751115397,96.0,32.0,64.0,71.122,71.75224044928132,72.30254940932105,0.5089821990964362,-0.023944944455536188,-0.5329271435519723
1610082000,2021-01-08,73.87,75.48,73.78,75.38,2082722.0,71.326,74.37911251020867,68.27288748979132,72.76366666666668,69.85966666666666,71.31166666666665,71.326,1.7000000000000028,73.53699999999999,69.115,0,59.63947823444069,5.722300140252452,4.466309463684376,50.74386858147778,71.37508648574305,1.5488561603518636,21.196560395138153,205437932.0,1756713.16,0,0.1259584282760232,100.0,40.0,60.0,71.326,72.09774135887358,72.42323374621041,0.6340433804997014,0.2596270820726545,-0.374416298427047
1610341200,2021-01-11,74.82,75.38,74.06,74.44,1519181.0,71.497,74.83244659678321,68.16155340321679,72.92966666666666,70.03866666666667,71.48416666666667,71.497,1.3199999999999932,73.69825,69.29575,0,56.304586655853754,4.815544916924813,7.102694358738487,56.48412689156564,71.70982429298084,1.5325092917553014,22.277728691056357,203918751.0,1753777.98,0,0.20211588477764153,96.0,39.99999999999999,56.00000000000001,71.497,72.32081361040943,72.50232261890805,0.6226165823871357,0.4038544295568727,-0.21876215283026307
1610427600,2021-01-12,74.32,75.1,73.77,74.68,1367689.0,71.6755,75.28023286111365,68.07076713888635,73.12750000000001,70.1935,71.6605,71.6755,1.3299999999999983,73.909,69.442,0,56.95152873505951,5.020390943608504,9.407905172922115,58.33510143538096,72.06416487064394,1.5180443423442083,22.956737310781342,205286440.0,1744491.86,0,0.1561670776305519,92.0,40.0,52.0,71.6755,72.54549802846569,72.58772173189205,0.6001265487357706,0.5313960330894503,-0.0687305156463204
1610514000,2021-01-13,74.85,76.95,74.45,75.23,2330385.0,71.8955,75.792219004495,67.998780995505,73.3675,70.36749999999999,71.86749999999999,71.8955,2.5,74.1785,69.6125,0,58.436009674074946,6.212057037978266,11.890260403867492,58.71296395020346,72.58070211548767,1.5881840321767648,24.49591169449161,207616825.0,1754456.04,0,0.14237601318357654,88.0,40.0,48.0,71.8955,72.80116488289752,72.69134048750412,0.5902969240919771,0.669140639468651,0.07884371537667387
1610600400,2021-01-14,75.21,75.68,72.68,74.74,2257448.0,72.0425,76.13082422882438,67.95417577117563,73.58116666666666,70.43716666666667,72.00916666666667,72.0425,3.0,74.43350000000001,69.6515,0,56.605445779302535,4.094707520891363,13.048407017694826,58.019904747394506,72.97831048156826,1.6890280298784244,24.26151249075657,205359377.0,1767396.78,0,0.25382298662895525,84.0,40.0,44.0,72.0425,72.9858158464311,72.77168007622946,0.5212021072425987,0.7303463494299223,0.20914424218732355
1610686800,2021-01-15,74.4,75.22,73.34,73.91,2345906.0,72.19699999999999,76.32223017539533,68.07176982460464,73.70866666666667,70.58266666666665,72.14566666666666,72.19699999999999,1.8799999999999955,74.57449999999999,69.81949999999999,0,53.61099868417325,4.363174244563687,12.633067632645172,51.78326346061337,73.17259155770708,1.702668884887108,24.043856087288315,203013471.0,1781965.9,0,0.17606446985410004,80.0,40.0,40.0,72.19699999999999,73.07383338486623,72.81632007324006,0.39569714982057835,0.7037656794630465,0.3080685296424681
1611032400,2021-01-19,74.27,74.42,72.61,72.71,2084776.0,72.2775,76.37671394903856,68.17828605096145,73.85150000000002,70.6395,72.24549999999999,72.2775,1.8100000000000023,74.71725,69.83775,0,49.616484498981215,2.264416315049226,10.419188445871287,45.438308609360625,73.30640350838588,1.7103353931094578,23.22202977789591,200928695.0,1788619.32,0,0.06055640928625382,76.0,40.0,36.0,72.2775,73.03918258630755,72.81215065860319,0.21690017693055164,0.5791937508056577,0.3622935738751061
1611118800,2021-01-20,72.21,73.32,71.83,73.11,1816170.0,72.42249999999999,76.42289435555948,68.42210564444049,73.93983333333334,70.77383333333333,72.35683333333333,72.42249999999999,1.4899999999999949,74.82774999999998,70.01724999999999,0,50.90013129474564,4.13046574562029,9.186813908163337,40.054893332959324,73.3695487209223,1.6945971507444961,21.847226091349615,202744865.0,1798391.88,0,0.12850244513746925,72.0,40.0,32.0,72.42249999999999,73.0459271018973,72.82383102493247,0.11568753668061671,0.506902994725877,0.39121545804526026
1611205200,2021-01-21,72.8,73.04,72.18,72.71,1220116.0,72.5655,76.38837051833987,68.74262948166013,74.07050000000001,70.9605,72.5155,72.5655,0.9299999999999926,74.9175,70.2135,0,49.57072199307267,4.094488188976377,7.597790263021014,39.7134230865691,73.41406019177339,1.6399830685484602,20.57062266812806,201524749.0,1796578.18,0,0.13658260722436208,68.0,40.0,28.000000000000004,72.5655,73.01393404457376,72.81936706317042,0.017091180567631814,0.4125794337548001,0.3954882531871683
1611291600,2021-01-22,72.22,73.44,71.86,72.94,1396514.0,72.7255,76.32317966889661,69.12782033110338,74.2535,71.0715,72.6625,72.7255,1.5799999999999983,75.1315,70.31949999999999,0,50.3555148847883,4.588471465443079,6.62267535446805,39.62546130935935,73.46410289640315,1.6356985636521415,19.68218056452337,202921263.0,1783547.8,0,0.10985848594505919,64.0,40.0,24.0,72.7255,73.00689270699532,72.8240977665755,-0.034530581476509004,0.35232502634153207,0.38685560781804107
1611550800,2021-01-25,72.68,75.35,72.6,75.34,1744006.0,73.03299999999999,76.41416015592162,69.65183984407835,74.57000000000001,71.238,72.90400000000001,73.03299999999999,2.75,75.55149999999999,70.51449999999998,0,57.602713627420385,8.888567712097133,8.98332332512789,46.188113577671075,73.70166532422117,1.7152915233912742,20.052158959081698,204665269.0,1778512.9,0,0.2180317710519218,60.0,40.0,20.0,73.03299999999999,73.2290934015672,72.92276059925882,0.08455955272416477,0.49255504872324707,0.4079954959990823
1611637200,2021-01-26,75.11,75.48,74.13,75.01,1210581.0,73.2725,76.49769999379758,70.0473000062024,74.83316666666667,71.47716666666668,73.15516666666666,73.2725,1.3500000000000085,75.809,70.73599999999999,0,56.410811484498296,6.8214183993164434,10.316186351332115,53.076548998633235,74.0428273349054,1.6891992717204694,20.46640516273808,203454688.0,1776530.22,0,0.17347327823860578,56.00000000000001,40.00000000000001,16.0,73.2725,73.3987035537989,73.00461312477809,0.12999074408264094,0.5704839261023835,0.4404931820197426
1611723600,2021-01-27,74.37,75.88,73.71,73.87,2279533.0,73.41799999999999,76.47072075368709,70.3652792463129,75.094,71.588,73.341,73.41799999999999,2.1700000000000017,76.05799999999999,70.77799999999999,0,52.46332395636992,4.100901916572733,9.62376845303537,42.59352565459032,74.15487555960244,1.723542180883293,20.45713528809028,201175155.0,1797056.7,0,0.014884928908082736,52.0,40.0,12.0,73.41799999999999,73.44358892962758,73.03854986498287,0.07488377606350183,0.5340979020991199,0.45921412603561806
1611810000,2021-01-28,74.1,76.13,73.89,74.38,1705214.0,73.58250000000001,76.46556000631134,70.69943999368869,75.34383333333332,71.69583333333334,73.51983333333332,73.58250000000001,2.259999999999991,76.33050000000001,70.8345,0,53.97984423878394,4.627936418624268,9.715507373711313,41.530036648163865,74.20992312205024,1.7618605965344858,20.604002264845658,202880369.0,1811326.08,0,0.007210973142800634,48.0,40.0,8.0,73.58250000000001,73.53277093632971,73.09115575263061,0.06477870584386708,0.5401875083404519,0.47540880249658485
1611896400,2021-01-29,74.22,74.47,72.83,73.01,3111942.0,73.673,76.358063127748,70.987936872252,75.495,71.76899999999999,73.632,73.673,1.6400000000000006,76.4795,70.8665,1,49.513333671302846,2.542134831460677,7.74211751327699,32.008945805858545,74.06585374921703,1.753156268210594,19.769702439041996,199768427.0,1848432.36,-1,-0.15474573906965167,44.0,40.0,4.0,73.673,73.48298322810784,73.08797317409608,-0.03671517393913487,0.4295148350726663,0.46623000901180117
1612155600,2021-02-01,73.47,74.02,72.64,73.27,1059846.0,73.727,76.33286338858963,71.12113661141038,75.57233333333332,71.84333333333333,73.70783333333333,73.727,1.3799999999999955,76.53575000000001,70.91825,1,50.334294662924,1.4960520847762826,6.523132120904399,32.604026353975556,74.00210300225048,1.7265022490526942,18.831898572795808,200828273.0,1847078.98,0,-0.1361858456658038,40.0,36.0,4.0,73.727,73.46269911114518,73.09511148099428,-0.0860628388411831,0.35865146046032237,0.44471429930150547
1612242000,2021-02-02,73.47,74.42,72.78,73.62,1187807.0,73.88199999999999,76.03600649952402,71.72799350047596,75.65833333333333,72.01433333333333,73.83633333333333,73.88199999999999,1.6400000000000006,76.627,71.13699999999999,1,51.45290836652658,4.39591605218379,6.000923009166683,37.44299423068992,73.9565319734446,1.7203235169775017,18.26363783148701,202016080.0,1845896.2,0,-0.1555802988175364,36.0,16.0,20.0,73.88199999999999,73.47768014817898,73.1156953444847,-0.0941996359965599,0.3269647543058056,0.4211643903023655
1612328400,2021-02-03,73.42,73.82,72.96,73.43,937759.0,74.002,75.73296042704382,72.27103957295617,75.78666666666666,72.14366666666666,73.96516666666666,74.002,0.8599999999999994,76.74624999999999,71.25775,1,50.79911334203409,3.37885400534986,5.300595703527185,29.881056543966196,73.7834187777858,1.6588718371933946,17.73596714312884,201078321.0,1822493.72,0,-0.12492077430541894,32.0,16.0,16.0,74.002,73.47313918168575,73.12802101725,-0.11032655371967615,0.28325619815277037,0.3935827518724465
1612414800,2021-02-04,73.31,74.11,72.63,73.67,1137411.0,73.96700000000001,75.69508680337296,72.23891319662707,75.67133333333332,72.26033333333334,73.96583333333334,73.96700000000001,1.480000000000004,76.53200000000001,71.40200000000002,1,51.616565624632564,-0.9412397472099001,5.049642713913442,36.2305734662478,73.71141740441917,1.6460952773938666,16.916487491502377,202215732.0,1811447.48,0,-0.1473664801811637,28.000000000000004,16.000000000000004,12.0,73.96700000000001,73.49188783104901,73.14927509500491,-0.10292307257049288,0.2649289111593305,0.36785198372982336
1612501200,2021-02-05,73.84,74.3,73.21,73.27,1289960.0,73.936,75.69054153555616,72.18145846444385,75.648,72.241,73.94449999999999,73.936,1.0900000000000034,76.498,71.37400000000001,1,50.154638479529694,-0.8390851265394567,4.237949769177566,43.793494145627186,73.65746120848772,1.606374186151448,16.323921651374025,200925772.0,1815674.78,0,-0.1645053686540981,24.0,16.0,8.0,73.936,73.47075565666339,73.15400940500471,-0.12176801832495315,0.21564196082363196,0.3374099791485851
1612760400,2021-02-08,73.28,73.28,71.11,71.35,2434113.0,73.7345,75.69318808134216,71.77581191865784,75.52316666666667,72.06916666666667,73.79616666666666,73.7345,2.1700000000000017,76.33175,71.13725,1,43.875800070379086,-5.3462456885115435,0.7013779136551607,43.20271069813939,73.50704649345207,1.6466331728549162,16.32956812384774,198491659.0,1831289.06,-1,-0.16378679638056268,20.0,16.0,4.0,73.7345,73.26877892745735,73.08326393814178,-0.2528024014077997,0.021406977388835458,0.27420937879663515
1612846800,2021-02-09,71.63,71.9,70.3,71.55,1228487.0,73.59,75.73657867314289,71.44342132685712,75.36833333333334,71.88633333333334,73.62733333333333,73.59,1.6000000000000085,76.20825,70.97175,1,44.635780735832476,-3.8823213326168733,-1.8287353421890191,44.398404088016164,73.44306879869589,1.6433022319367085,16.85631855312066,199720146.0,1817669.92,0,-0.19611833252560412,16.0,12.0,4.0,73.59,73.10508569627093,73.0231359405676,-0.31141627634932073,-0.11506096664001575,0.19635530970930498
1612933200,2021-02-10,72.33,73.06,71.56,72.82,1676502.0,73.49699999999999,75.60748904285046,71.38651095714951,75.275,71.776,73.5255,73.49699999999999,1.5100000000000051,76.12874999999998,70.86524999999999,1,49.23095023379697,-2.4906266738082663,-1.9694594854327643,50.89991377748129,73.41454978089341,1.6337806439412297,16.29654993940375,201396648.0,1836978.34,0,-0.1538954380268535,12.0,-80.0,92.0,73.49699999999999,73.07793467757845,73.01516982525123,-0.25257106265522755,-0.11935851860972946,0.13321254404549812
1613019600,2021-02-11,72.65,72.99,71.79,71.96,1225774.0,73.33349999999999,75.38753286244204,71.27946713755793,75.04516666666666,71.67616666666667,73.36066666666667,73.33349999999999,1.1999999999999886,75.86774999999999,70.79924999999999,1,46.4810352176761,-4.346670211351868,-3.2989581439549305,45.079393536640524,73.39210819126812,1.6027963122311408,15.77676479809519,200170874.0,1798000.82,0,-0.2176588101138306,8.0,-80.0,88.0,73.33349999999999,72.97146470828527,72.97379061641786,-0.2585454944939494,-0.18996932407193867,0.06857617042201077
1613106000,2021-02-12,71.76,71.87,70.77,71.07,1213650.0,73.15,75.32103661875888,70.97896338124113,74.79366666666667,71.61466666666666,73.20416666666667,73.15,1.1899999999999977,75.5485,70.75150000000001,1,43.814965637333316,-4.910355900454913,-5.58340255463861,38.13613087296689,73.18812980410684,1.5733108613574878,15.99585292117599,198957224.0,1782224.84,0,-0.32819222646362217,4.0,-96.0,100.0,73.15,72.79037283130573,72.89913216087206,-0.306159687232359,-0.31412343861843794,-0.007963751386078972
1613451600,2021-02-16,71.3,71.3,69.63,70.0,1407801.0,72.95450000000001,75.49014567713868,70.41885432286134,74.59083333333334,71.43283333333333,73.01183333333333,72.95450000000001,1.6700000000000017,75.33725000000001,70.57175000000001,0,40.84975652708543,-5.290217832498981,-8.814460186616426,32.25913057830185,72.90990705507785,1.5802172284033815,16.866058971054564,197549423.0,1775153.12,0,-0.37783265522596743,40.0,-60.0,100.0,72.95450000000001,72.52462303784804,72.78544070358296,-0.388166240374636,-0.493171551854374,-0.10500531147973799
1613538000,2021-02-17,70.08,70.58,67.97,68.71,1911852.0,72.7545,75.89467499512241,69.61432500487757,74.42283333333333,71.18483333333333,72.80383333333334,72.7545,2.6099999999999994,75.19725,70.31174999999999,0,37.61887535481024,-5.501306560308074,-12.977741422585517,33.03960631095907,72.4034185013293,1.6537731406602827,18.458034243093174,195637571.0,1789726.44,0,-0.33246305580062874,36.0,-64.0,100.0,72.7545,72.16132560567205,72.62561949952088,-0.5005855163623026,-0.7307372069326163,-0.23015169057031368
1613624400,2021-02-18,68.11,69.11,67.59,68.88,1642866.0,72.543,76.10092692448738,68.98507307551263,74.213,70.97200000000001,72.5925,72.543,1.519999999999996,74.988,70.09800000000001,0,38.29586401533644,-5.785802215839151,-15.952271056708224,25.097591347723665,71.91633287135753,1.644217916327405,20.094078808848696,197280437.0,1783411.18,0,-0.23537185726370272,32.0,-64.0,96.0,72.543,71.84881840513185,72.47873246032398,-0.531858968802177,-0.8949754015730349,-0.3631164327708579
1613710800,2021-02-19,68.11,69.11,67.59,68.88,1642866.0,72.3515,76.24894672830717,68.45405327169283,74.04016666666666,70.73316666666668,72.38666666666667,72.3515,1.519999999999996,74.84075,69.86225,0,38.29586401533644,-5.267501031494978,-18.324217169368694,29.458548132138517,71.40124983059701,1.6353452080183044,21.613263048478824,198923303.0,1781533.68,0,-0.07390834222830277,28.000000000000004,-64.0,92.0,72.3515,71.5660737951193,72.33760569717403,-0.5202691737194023,-1.013452899920111,-0.49318372620070855
1613970000,2021-02-22,68.17,68.17,64.87,65.63,2755028.0,71.986,76.84626501334984,67.12573498665017,73.8,70.321,72.0605,71.986,4.009999999999991,74.6575,69.31450000000001,0,31.13769587157202,-10.021935837674805,-23.840336467281983,27.28540185744808,70.65035644711719,1.8049634074455678,23.993884986218582,196168275.0,1816466.66,-1,-0.13239091851290938,24.0,-76.0,100.0,71.986,71.00073343367936,72.07456233650055,-0.6886426904188654,-1.3539870892242902,-0.6653443988054248
1614056400,2021-02-23,66.06,67.38,65.72,66.91,1879157.0,71.5645,76.6453285741592,66.4836714258408,73.35749999999999,69.9875,71.67249999999999,71.5645,1.75,74.161,68.96799999999999,0,36.09015384497913,-11.189275285372984,-25.838944884710045,29.173476653696213,70.15930834471015,1.8010374497708845,26.204462499834076,198047432.0,1831560.84,0,-0.09318237872210162,20.0,-76.0,96.0,71.5645,70.61113977332894,71.8720304801672,-0.670323733421701,-1.5032490655825512,-0.8329253321608502
1614142800,2021-02-24,66.86,67.38,65.99,66.85,1911946.0,71.1565,76.37377620507029,65.9392237949297,72.95283333333333,69.57883333333334,71.26583333333333,71.1565,1.3900000000000006,73.756,68.55699999999999,0,35.96253722184328,-10.878549526729783,-27.41925771942757,36.45686485511432,69.74917531577663,1.771677631930107,28.25714161961989,196135486.0,1834906.76,0,-0.07359720873596699,16.0,-76.0,92.0,71.1565,70.25293598539285,71.67508810839594,-0.6199377268768366,-1.607847490756896,-0.9879097638800595
1614229200,2021-02-25,66.73,67.47,66.66,67.22,1612094.0,70.824,76.15357184021313,65.49442815978686,72.51633333333334,69.27833333333334,70.89733333333334,70.824,0.8100000000000023,73.3215,68.3265,0,37.39942776575005,-9.002301340192236,-28.026555080590672,37.47245758475921,69.39352223670689,1.7029863725065282,30.058286289604478,197747580.0,1837324.42,0,-0.06559132359768854,12.0,-76.0,88.0,70.824,69.96408493916496,71.50037877081179,-0.5232394737178043,-1.6419591060273149,-1.1187196323095105
1614315600,2021-02-26,67.57,68.79,66.28,66.32,2939145.0,70.42099999999999,75.83236544690827,65.00963455309171,72.14633333333333,68.88133333333333,70.51383333333334,70.42099999999999,2.510000000000005,72.93724999999999,67.90474999999999,0,35.36748740045755,-10.836246302769565,-29.361067499565507,41.36704784638762,68.91982515740345,1.7606302030417764,30.303136956864144,194808435.0,1866538.26,-1,-0.1279645139274779,8.0,-76.0,84.0,70.42099999999999,69.61702923067305,71.2972266621525,-0.4824385482625613,-1.721767817637712,-1.2393292693751508
1614574800,2021-03-01,66.79,67.98,66.76,67.37,1513155.0,70.13899999999998,75.56909355352121,64.70890644647875,71.82199999999999,68.599,70.2105,70.13899999999998,1.6600000000000108,72.65674999999999,67.62124999999997,0,39.41016366189222,-7.724969182303794,-28.62085503780471,49.78371493526599,68.52766163200161,1.753442331395936,30.53049829074812,196321590.0,1865460.9,0,-0.055577772579384524,4.0,-76.0,80.0,70.13899999999998,69.40302644679943,71.14321777344064,-0.35326781735036294,-1.6809140410631045,-1.3276462237127415
1614661200,2021-03-02,67.34,67.71,66.36,67.36,1669407.0,69.84349999999999,75.2026576763511,64.48434232364889,71.51216666666667,68.29216666666666,69.90216666666666,69.84349999999999,1.3499999999999943,72.359,67.32799999999999,0,39.385466842938875,-8.066057049269821,-28.04390951997385,49.01716379698708,68.30145829296033,1.7246250220105117,30.94954994195436,194652183.0,1851319.52,0,-0.050087246786675796,4.0,-72.0,76.0,69.84349999999999,69.20845249948519,70.99485629212924,-0.24232150237655126,-1.6305481016834307,-1.3882265993068794
1614747600,2021-03-03,66.95,67.49,64.45,65.41,1976205.0,69.43299999999999,74.82978830416693,64.03621169583306,71.191,67.83099999999999,69.511,69.43299999999999,3.039999999999992,72.05349999999999,66.8125,0,34.8966899454675,-11.15186090736214,-29.429547467324618,41.179848423661824,67.8278924166182,1.8185803775811888,32.17328035491243,192675978.0,1847361.94,0,-0.12332899783393178,8.0,-92.0,100.0,69.43299999999999,68.84669511858183,70.77584231988888,-0.2718678554940621,-1.7280614186744572,-1.456193563180395
1614834000,2021-03-04,65.52,66.74,64.78,64.98,1917379.0,69.0105,74.41253100694479,63.60846899305519,70.85083333333333,67.38083333333333,69.11583333333333,69.0105,1.9599999999999937,71.7135,66.30749999999999,0,33.99730270099026,-11.5075582187117,-30.910399842596924,40.25034894138604,67.44778849294168,1.828681779182532,33.30960145265921,190758599.0,1792414.44,0,-0.1449625360369221,4.0,-96.0,100.0,69.0105,68.47843844062166,70.54855438577559,-0.2903009316837686,-1.8190697277851058,-1.5287687961013372
1614920400,2021-03-05,65.16,68.18,64.83,67.83,2423171.0,68.71849999999999,73.696191332334,63.74080866766598,70.61816666666667,66.96116666666667,68.78966666666666,68.71849999999999,3.3500000000000085,71.56174999999999,65.87525,0,44.0565313244232,-7.927243111171444,-27.296634016641026,47.92527448840355,67.2341034518743,1.9373473663837804,32.90085056613659,193181770.0,1794125.28,0,-0.04777026760777319,20.0,-76.0,96.0,68.71849999999999,68.41668239865768,70.44194440986281,-0.0908185370148955,-1.6422919673699568,-1.5514734303550612
1615179600,2021-03-08,67.69,68.8,66.72,67.79,1369671.0,68.44449999999999,72.97288812382432,63.91611187617567,70.3765,66.6205,68.4985,68.44449999999999,2.0799999999999983,71.362,65.52699999999999,0,43.95755574421168,-7.4791865702197216,-24.582444000623052,53.52559015752792,67.10171293670606,1.9475368402135103,31.97173007207155,191812099.0,1775920.16,0,-0.017521592798178665,16.0,-76.0,92.0,68.44449999999999,68.35699836069028,70.3379465898682,0.050565801689835155,-1.4882661782427675,-1.5388319799326027
1615266000,2021-03-09,68.26,68.96,68.05,68.67,1285357.0,68.3105,72.64134968568446,63.97965031431554,70.14583333333334,66.51583333333333,68.33083333333333,68.3105,1.1699999999999875,71.153,65.468,0,46.72900929569458,-3.756131744919401,-21.10819302803805,60.22665273580659,67.02934281482817,1.891998494483973,30.96781830910391,193097456.0,1759779.24,0,0.030820584650261523,12.0,-76.0,88.0,68.3105,68.38680804062454,70.27253691967728,0.20672080482297028,-1.28043097390389,-1.4871517787268602
1615352400,2021-03-10,68.56,69.36,68.14,68.69,1290153.0,68.16749999999999,72.24234907695894,64.09265092304103,70.00083333333333,66.40883333333333,68.20483333333333,68.16749999999999,1.2199999999999989,70.98149999999998,65.3535,0,46.791958685713126,-3.9972047519217324,-18.34230944469906,66.50267895653204,67.01919207288236,1.8439986020208319,29.677722832430728,194387609.0,1769276.26,0,-0.017364451051428906,8.0,-76.0,84.0,68.16749999999999,68.41568346532696,70.21047664831738,0.30859352155365993,-1.1014098767847855,-1.4100033983384455
1615438800,2021-03-11,68.38,69.19,67.86,67.97,1707779.0,67.925,71.39599697493288,64.45400302506711,69.78533333333333,66.21033333333334,67.99783333333333,67.925,1.3299999999999983,70.7255,65.1245,0,44.78644230839197,-6.660258170832181,-16.874937209248795,62.090250547359865,67.01077555150869,1.8072844161622008,28.672862977100984,192679830.0,1773585.24,0,-0.11526462206749805,4.0,-76.0,80.0,67.925,68.37323742101012,70.12261481897161,0.3231743983594919,-1.0060354003890808,-1.3292097987485727
1615525200,2021-03-12,68.59,69.14,68.1,69.04,1444279.0,67.779,70.77148324974314,64.78651675025685,69.60300000000001,66.044,67.8235,67.779,1.1700000000000017,70.57724999999999,64.98075,0,48.25576453451163,-4.057809894385753,-14.128602942454311,71.09628760703202,67.19906749194237,1.7617641007220437,27.73977882572337,194124109.0,1775595.72,0,-0.01495965043595983,4.0,-72.0,76.0,67.779,68.43673861900915,70.08015933587468,0.3957751257767719,-0.8344908915276079,-1.2302660173043798
1615780800,2021-03-15,69.16,70.01,68.92,69.59,1572771.0,67.705,70.4294926133123,64.98050738668769,69.51599999999999,65.958,67.737,67.705,1.0900000000000034,70.49575,64.91425,1,49.95712548676025,-2.082453918671718,-11.144819155933579,70.81828547134526,67.38676763160277,1.7137809506704695,26.04264262165325,195696880.0,1787188.74,0,-0.033589994839050466,12.0,-60.0,72.0,67.705,68.54657303624637,70.06093740113451,0.46684848467388584,-0.6467054114620225,-1.1135538961359084
1615867200,2021-03-16,69.43,69.8,69.14,69.56,1099820.0,67.68299999999999,70.33926128232773,65.02673871767226,69.425,65.96799999999999,67.6965,67.68299999999999,0.6599999999999966,70.398,64.96799999999999,1,49.86299121346706,-0.6285714285714253,-8.770272082930095,65.13877432079383,67.5362513557365,1.6385108827654358,24.46673043215957,194597060.0,1780030.36,0,-0.041198756362386235,8.0,-60.0,68.0,67.68299999999999,68.6430898899372,70.04129279716845,0.4951604485114873,-0.49460333549654933,-0.9897637840080367
1615953600,2021-03-17,69.61,69.84,68.82,68.9,1186107.0,67.69250000000001,70.36469666192318,65.02030333807684,69.3505,66.0525,67.7015,67.69250000000001,1.0200000000000102,70.28825,65.09675000000001,0,47.77812353060885,0.2765245233590627,-7.621913660227262,59.37776425037059,67.6488415151564,1.594331533996477,23.285588714334853,193410953.0,1762319.2,0,-0.1110691292469429,4.0,-60.0,64.0,67.69250000000001,68.667557519467,69.99653621688734,0.4538525393960552,-0.42244810976296776,-0.876300649159023
1616040000,2021-03-18,68.9,68.99,68.03,68.43,1969830.0,67.66999999999999,70.3091968475264,65.03080315247358,69.32033333333332,66.07833333333333,67.69933333333333,67.66999999999999,0.9599999999999937,70.22374999999998,65.11625,0,46.326156494179,-0.6533101045296003,-7.261223356462443,48.83635072280364,67.79014566649263,1.549022138711014,22.83728978765965,191441123.0,1748014.32,0,-0.003622437020630626,4.0,-56.0,60.0,67.66999999999999,68.64493299380348,69.93510342406823,0.38216460591180734,-0.3985948917692639,-0.7807594976810712
1616126400,2021-03-19,68.67,69.86,67.78,69.07,7055918.0,67.6795,70.33735232847752,65.02164767152249,69.36716666666666,66.06916666666666,67.71816666666666,67.6795,2.0799999999999983,70.27525,65.08375000000001,0,48.56658722353082,0.2758420441347238,-6.040471319251546,59.15902830524171,68.09371949581961,1.5869491288030841,21.545938655427175,198497041.0,1824829.02,1,0.05774132989725617,4.0,-52.00000000000001,56.00000000000001,67.6795,68.6854155658222,69.90117779959496,0.3651596380407768,-0.32430995013010033,-0.6894695881708771
1616385600,2021-03-22,69.01,69.53,68.15,69.17,1929366.0,67.8565,70.41444663744053,65.29855336255946,69.4075,66.3015,67.8545,67.8565,1.3799999999999955,70.255,65.458,0,48.917289976564724,5.393874752399827,-4.8906198722052245,65.42491149243031,68.20845245818963,1.572167048174292,20.346826889782733,200426407.0,1819532.3,0,0.06142356176944761,4.0,-48.0,52.0,67.8565,68.73156646431532,69.87250416039517,0.3480265110053643,-0.25443644941417176,-0.6024629604195361
1616472000,2021-03-23,69.39,71.18,68.88,71.03,1924173.0,68.0625,70.92752966825708,65.19747033174292,69.62416666666667,66.45416666666667,68.03916666666666,68.0625,2.3000000000000114,70.50225,65.62275,0,54.93367126921606,6.157525033627268,-1.256538981963238,72.25458351539021,68.52570713727332,1.6241551161618433,19.954272314532783,202350580.0,1816361.32,0,0.14676160537120464,100.0,52.0,48.0,68.0625,68.9504648962853,69.91789615410516,0.44323706862090206,-0.04841662464340857,-0.49165369326431063
1616558400,2021-03-24,70.54,72.43,70.39,72.01,2591221.0,68.32050000000001,71.6014539771221,65.03954602287791,69.90016666666666,66.66516666666666,68.28266666666667,68.32050000000001,2.0400000000000063,70.80900000000001,65.83200000000001,0,57.69693766979949,7.718773373223652,3.0021704945371206,79.39903311297934,69.00382482733912,1.6538583221502834,20.395535815417997,204941801.0,1837802.12,1,0.24906559016731347,100.0,56.0,44.0,68.32050000000001,69.24184919187718,69.99993944217948,0.5467016054620439,0.19172331356324435,-0.35497829189879965
1616644800,2021-03-25,72.45,73.3,71.9,72.34,1508797.0,68.5765,72.24958739345979,64.9034126065402,70.19950000000001,66.90549999999999,68.5525,68.5765,1.3999999999999915,71.10925,66.04374999999999,0,58.59678513850819,7.61678072002381,6.83982196614197,78.83758191039871,69.37181812779714,1.635725584853834,21.281897860549865,206450598.0,1840624.28,0,0.16853978067061806,100.0,60.0,40.0,68.5765,69.53691117360316,70.09170652287834,0.6071882695606834,0.40400704505205454,-0.20318122450862883
1616731200,2021-03-26,71.95,72.32,71.1,72.14,1566837.0,68.86749999999999,72.69819119089404,65.03680880910595,70.37116666666667,67.20616666666666,68.78866666666667,68.86749999999999,1.240000000000009,71.30499999999999,66.42999999999999,0,57.812255320605004,8.775633293124258,9.635588940921492,73.30037015996629,69.58801340254983,1.6074594716499893,21.32606359223546,204883761.0,1825353.32,0,0.2052146220477726,96.0,60.0,36.0,68.86749999999999,69.78482439516476,70.17203175727526,0.6023591580513109,0.5497677230555098,-0.0525914349958011
1616990400,2021-03-29,72.32,73.4,71.97,73.12,1111259.0,69.155,73.33971265441168,64.97028734558832,70.65466666666667,67.46866666666668,69.06166666666667,69.155,1.4300000000000068,71.57525,66.73475,0,60.5374250698158,8.534956211963781,13.155784224595065,73.20193360376976,69.7641345989797,1.594783795103562,21.961987630591743,205995020.0,1802429.54,0,0.2140023360795375,100.0,68.0,32.0,69.155,70.10246016705383,70.28763835502919,0.6307764787116613,0.7358791633937756,0.10510268468211423
1617076800,2021-03-30,72.56,73.18,71.8,72.56,1390968.0,69.41499999999999,73.76423211613191,65.06576788386808,70.92466666666667,67.73566666666667,69.33016666666667,69.41499999999999,1.3800000000000097,71.83749999999999,66.99249999999999,0,58.27322574883183,7.719714964370551,15.078984004842374,68.22930963065488,69.94796924529899,1.5794420954533082,22.387315050767874,204604052.0,1783330.78,0,0.22278515967871554,96.0,68.0,28.000000000000004,69.41499999999999,70.33651157971538,70.3767505764006,0.5788254665920092,0.8286345179221257,0.24980905133011655
1617163200,2021-03-31,72.56,73.03,72.16,72.82,2419297.0,69.7855,73.9661146677245,65.6048853322755,71.1605,68.1885,69.6745,69.7855,0.8700000000000045,72.04525,67.52575,0,59.02225788681486,11.328543036232986,16.95969602123963,74.930649487544,70.27230877947358,1.5287676600637865,22.782261940931424,207023349.0,1790021.2,0,0.31030958888937193,92.0,68.0,24.0,69.7855,70.57303428640915,70.47256427928686,0.5302357223872388,0.912603704314165,0.3823679819269262
1617249600,2021-04-01,72.81,72.87,72.14,72.71,969185.0,70.172,73.90991171645254,66.43408828354745,71.45266666666667,68.60366666666667,70.02816666666668,70.172,0.730000000000004,72.3395,68.0045,0,58.55415738435473,11.8959679901508,18.310893987598014,71.03664702598789,70.42831615342281,1.4717128272020878,23.12691529560889,206054164.0,1773081.5,0,0.2935306236246987,88.0,68.0,20.0,70.172,70.77655483056067,70.56030685656972,0.4614788603953738,0.9592165574211435,0.49773769702576975
1617595200,2021-04-05,72.76,74.09,72.72,73.66,1026051.0,70.4635,74.33239273565358,66.59460726434641,71.68083333333333,69.02983333333333,70.35533333333333,70.4635,1.3800000000000097,72.48325,68.44375,0,61.34141168219571,8.595016954150077,20.59087394966212,70.53521566165688,70.59376412088116,1.465161910973368,24.155455126822297,207080215.0,1769200.2,0,0.3000790931190685,100.0,84.0,16.0,70.4635,71.05116865622155,70.68186345042974,0.4502809079738196,1.0605888319930443,0.6103079240192247
1617681600,2021-04-06,73.25,73.97,72.78,73.73,809851.0,70.76050000000001,74.67457447552971,66.8464255244703,71.9225,69.36049999999999,70.6415,70.76050000000001,1.1899999999999977,72.71350000000001,68.8075,0,61.54201263990521,8.762354329547128,22.54558413323003,74.21458195774024,70.72309078199167,1.4455074887609844,25.110527827234744,207890066.0,1757466.94,0,0.3099211308885328,100.0,88.0,12.0,70.76050000000001,71.30629545086713,70.80139821707957,0.41856095470794763,1.1335091174041594,0.7149481626962118
1617768000,2021-04-07,73.84,74.19,73.24,73.66,1116364.0,71.00999999999999,74.9947659906189,67.02523400938108,72.18133333333334,69.61533333333333,70.89833333333334,71.00999999999999,0.9500000000000028,72.9465,69.07349999999998,0,61.2076872378237,7.266637541866892,24.0332950230116,78.44264548947469,70.9108279940776,1.4101140967066286,26.121691260259635,206773702.0,1744914.1,0,0.3425035113074245,96.0,88.0,8.0,71.00999999999999,71.53045778887977,70.91350024778234,0.36575256323857697,1.172138866744433,0.806386303505856
1617854400,2021-04-08,74.0,74.16,73.13,73.36,1641779.0,71.24350000000001,75.20434473313372,67.2826552668663,72.41283333333334,69.86583333333333,71.13933333333334,71.24350000000001,1.0300000000000011,73.16575000000002,69.32125,0,59.74352851617393,6.798660649293932,24.67081700159586,79.01824710288483,71.24764728213835,1.3829630897990124,26.913618679707103,205131923.0,1753538.06,0,0.325213220847628,92.0,88.0,4.0,71.24350000000001,71.70469990422455,71.00944141453597,0.2869829636429392,1.16511500805953,0.8781320444165909
1617940800,2021-04-09,73.45,73.87,72.43,72.47,1310653.0,71.4685,75.162209652909,67.77479034709101,72.64750000000001,70.0895,71.3685,71.4685,1.4399999999999977,73.39900000000002,69.538,0,55.5908291875188,6.620567897601884,23.353459139799014,67.47100441275683,72.12669142122941,1.3870371548133684,26.747670620478107,203821270.0,1734160.46,0,0.2752250949598583,88.0,80.0,8.0,71.4685,71.77758562763174,71.06671822180907,0.15776410044007694,1.0753371699666872,0.9175730695266102
1618200000,2021-04-12,72.5,73.4,72.21,72.66,1251179.0,71.6495,75.20152181862571,68.0974781813743,72.85483333333333,70.28183333333332,71.56833333333333,71.6495,1.190000000000012,73.5815,69.7175,0,56.273829731132935,5.243337195828491,22.5131756129397,60.470175558204225,72.46186641860182,1.3729630723267001,26.324933916449417,205072449.0,1725079.76,0,0.2247834427678339,84.0,80.0,4.0,71.6495,71.86162509166681,71.12919986016949,0.07226198313178489,1.0079005484413415,0.9356385653095566
1618286400,2021-04-13,72.21,73.82,72.2,73.53,1623878.0,71.8465,75.35656709337488,68.33643290662513,73.06516666666667,70.43916666666667,71.75216666666667,71.8465,1.6199999999999903,73.81825,69.87475,0,59.29152424185712,5.661733007616034,22.988509225858778,60.02779281238273,72.71802186135416,1.3906085671605066,26.262849766544736,206696327.0,1695318.48,0,0.19709036341698255,80.0,68.0,12.0,71.8465,72.02051794007949,71.22334888526089,0.061874149210293994,1.0129812518224242,0.9511071026121302
1618372800,2021-04-14,73.19,74.17,73.02,74.14,1044552.0,72.0755,75.55647960350146,68.59452039649855,73.3035,70.6285,71.966,72.0755,1.1500000000000057,74.084,70.06700000000001,0,61.26453555723047,6.584243818286368,24.19866490084626,56.863206799422656,72.92966643268505,1.3734222409347565,26.470520271861425,207740879.0,1695012.6,0,0.18488426852508502,100.0,92.0,8.0,72.0755,72.22237337435763,71.3377273603487,0.08237742403492554,1.0540788826557872,0.9717014586208617
1618459200,2021-04-15,74.05,74.78,73.82,74.67,1624815.0,72.364,75.69773904197572,69.03026095802429,73.56233333333333,70.89333333333333,72.22783333333334,72.364,0.960000000000008,74.36800000000001,70.36,0,62.90867812995269,8.374455732946293,25.8925821712566,57.222689893743976,73.09125463619502,1.3438920808679886,27.096059567325995,209365694.0,1703752.76,0,0.2796350714545052,100.0,96.0,4.0,72.364,72.45548067203787,71.4684047187664,0.11587466389700718,1.1165447884921207,1.0006701245951135
1618545600,2021-04-16,74.84,75.84,74.56,75.42,1221913.0,72.7135,75.77907841197924,69.64792158802075,73.91783333333333,71.21683333333333,72.56733333333332,72.7135,1.2800000000000011,74.7415,70.68549999999999,0,65.11434240824433,10.21481806225339,28.251563785691324,64.84537832256464,73.33939571752165,1.3393283608059896,28.315244821935675,210587607.0,1709435.84,0,0.24795667880986186,100.0,80.0,20.0,72.7135,72.7378158461295,71.62336923959909,0.16953607288631112,1.2125902157030026,1.0430541428166915
1618804800,2021-04-19,75.75,75.75,75.13,75.13,21849.0,73.0165,75.76302707978515,70.26997292021484,74.16650000000001,71.6115,72.889,73.0165,0.6200000000000045,74.935,71.09799999999998,0,63.57558349158821,8.773707832633566,29.48115963564061,62.67122902424946,73.3742913959482,1.287947763605562,29.447345415501808,210565758.0,1687124.6,0,0.22347207561446744,96.0,80.0,16.0,73.0165,72.96564290840287,71.76088417137952,0.1662661953351019,1.250886886985569,1.084620691650467
1618891200,2021-04-20,75.17,76.64,75.17,76.17,978495.0,73.3665,75.83291663147028,70.90008336852972,74.52316666666667,71.95916666666666,73.24116666666666,73.3665,1.5100000000000051,75.29475000000001,71.43825,0,66.55881727535845,10.11999421714616,31.794050178061166,69.91684837478779,73.59470846470164,1.3038086376337366,30.97094069037445,211544253.0,1680895.3,0,0.24128313609605448,100.0,88.0,12.0,73.3665,73.27081977426927,71.93379067446267,0.21198284129319855,1.3495992432669652,1.1376164019737667
1618977600,2021-04-21,75.99,76.69,75.09,75.29,1352126.0,73.57950000000001,75.93531387210308,71.22368612789694,74.75450000000001,72.2605,73.50750000000001,73.57950000000001,1.5999999999999943,75.45525000000002,71.70375,0,62.033522681750846,5.997465859495995,31.52861185556834,59.38902568544922,73.9117434711317,1.3249651635170407,32.26363073779009,210192127.0,1659255.56,0,0.11572798235953029,96.0,88.0,8.0,73.57950000000001,73.4631226529103,72.06540672644454,0.1629936827309897,1.341358505387504,1.1783648226565142
1619064000,2021-04-22,75.11,75.17,74.08,74.19,1910152.0,73.6885,75.94331950497003,71.43368049502998,74.8505,72.4515,73.651,73.6885,1.210000000000008,75.50200000000001,71.875,0,56.93971054963309,3.0273573114845056,28.74391962834829,55.982333134346995,74.0524468864975,1.316753366122967,32.042146624060486,208281975.0,1672888.86,0,-0.012882732215812103,92.0,88.0,4.0,73.6885,73.53234906691884,72.14872410972121,0.042801471681324754,1.2318666622581702,1.1890651905768455
1619150400,2021-04-23,74.34,74.59,73.85,74.14,1211742.0,73.7785,75.95310134277372,71.60389865722627,74.9015,72.5685,73.73499999999999,73.7785,0.7400000000000091,75.5425,72.01449999999998,0,56.71687601659064,2.4882499308819424,26.44987422026962,49.397967397486894,74.09612946221239,1.2755566971141843,31.54393371643499,207070233.0,1663593.66,0,-0.05035884719888522,88.0,84.0,4.0,73.7785,73.59022058435515,72.22681336032038,-0.04880776512696161,1.1280554841681436,1.1768632492951052
1619409600,2021-04-26,74.11,74.16,73.35,73.81,1040636.0,73.862,75.90265283671508,71.82134716328491,74.977,72.68499999999999,73.831,73.862,0.8100000000000023,75.59375,72.13024999999999,0,55.21563762593718,2.314943166065985,23.874344030694004,44.105950094106404,74.10490528977502,1.242302647320314,30.463957410852995,206029597.0,1659890.9,0,-0.06939301869153577,84.0,80.0,4.0,73.862,73.6111519572737,72.28889911089605,-0.13545714295383604,1.0075418206028104,1.1429989635566464
1619496000,2021-04-27,73.71,74.02,73.06,73.18,1057458.0,73.865,75.90145279837105,71.82854720162894,74.983,72.73799999999999,73.86049999999999,73.865,0.9599999999999937,75.5615,72.1685,0,52.426979949501415,0.08205689277899654,20.410224678500743,37.843457909369015,74.0893762775385,1.2221381725117197,29.117016890088724,204972139.0,1656767.06,0,-0.10802058197313706,80.0,76.0,4.0,73.865,73.57008986610478,72.3238442438021,-0.23329203860893988,0.8513839152954716,1.0846759539044115
1619582400,2021-04-28,73.3,73.47,71.65,71.86,2110415.0,73.83000000000001,75.97607548795315,71.68392451204687,74.99566666666666,72.70666666666666,73.85116666666667,73.83000000000001,1.8199999999999932,75.55950000000001,72.10050000000001,0,47.172477746767065,-0.9647188533627381,14.846886550175533,36.92441071644845,73.92977413658352,1.264842588760882,27.627801669617376,202861724.0,1670819.34,0,-0.1454204487239675,76.0,-24.0,100.0,73.83000000000001,73.40722416457099,72.30565427345691,-0.376511601532618,0.614036451988639,0.990548053521257
1619668800,2021-04-29,71.63,72.02,70.17,71.55,3027174.0,73.76650000000001,76.09569964794633,71.43730035205368,74.9735,72.5865,73.78,73.76650000000001,1.8499999999999943,75.5695,71.96350000000001,0,46.031964319123546,-1.7440263663828566,9.86025706584044,33.829974040457614,73.58047220692164,1.306639546706533,27.34290598327515,199834550.0,1693125.78,0,0.007405586358033207,72.0,-28.0,100.0,73.76650000000001,73.23034567270709,72.27602077253704,-0.4753556019493699,0.3963535510845446,0.8717091530339145
1619755200,2021-04-30,72.15,72.51,71.7,72.5,3941368.0,73.756,76.1059565953424,71.4060434046576,74.96066666666667,72.56566666666667,73.76316666666666,73.756,0.960000000000008,75.57625,71.93575,0,49.93651528829336,-0.28881859441616525,7.465342257947931,47.30395551461344,73.38803362101424,1.2818795790846385,26.580468991121787,203775918.0,1739095.82,1,0.19367871990525262,68.0,-28.0,96.0,73.756,73.16078894197307,72.28480427165323,-0.45971060566881405,0.29707089594789693,0.756781501616711
1620014400,2021-05-03,72.54,73.53,72.15,72.67,1920316.0,73.7065,76.10369231602166,71.30930768397835,74.92583333333333,72.52983333333333,73.72783333333334,73.7065,1.3799999999999955,75.52675,71.88625,0,50.609613781642935,-1.344013032853645,5.859131059972951,47.973213336431805,73.35113708279506,1.2888881805785926,24.93744235672263,205696234.0,1744644.82,0,0.12365139160311452,64.0,-28.0,92.0,73.7065,73.11404713797563,72.29990998649035,-0.4218562651535621,0.22946117017475842,0.6513174353283205
1620100800,2021-05-04,72.65,72.98,71.61,72.42,1280272.0,73.64099999999999,76.10276278304657,71.17923721695341,74.877,72.463,73.67,73.64099999999999,1.3700000000000045,75.47475,71.80724999999998,0,49.5777745110854,-1.7767530177675332,4.102146308970629,42.89142936222265,73.27433605605529,1.2946818819658363,23.825873481655524,204415962.0,1715149.7,0,0.0890426523110796,60.0,-28.0,88.0,73.64099999999999,73.04794741054938,72.30461939878485,-0.39790784806201385,0.1539326252508033,0.5518404733128172
1620187200,2021-05-05,72.2,72.26,70.03,70.29,1404552.0,73.4725,76.33474998908083,70.61025001091916,74.79916666666666,72.25716666666668,73.52816666666668,73.4725,2.3900000000000006,75.41425,71.53075,0,41.913829777959954,-4.575074667390701,-1.1533777250173283,36.08524672521393,73.0404247171115,1.3729188903968481,23.824739253204978,203011410.0,1705657.6,0,-0.013717104659727598,56.00000000000001,-43.99999999999999,100.0,73.4725,72.78528575240182,72.22561471647955,-0.5030011054697598,-0.07691090852438265,0.4260901969453772
1620273600,2021-05-06,70.61,71.0,70.01,70.91,1378079.0,73.35,76.4229790106659,70.27702098933409,74.65166666666667,72.11366666666666,73.38266666666667,73.35,0.9899999999999949,75.28875,71.41125,0,44.54063984416702,-3.339694656488554,-4.084084506797327,30.38376161669879,72.77373628911634,1.345567541082787,23.835476809690245,204389489.0,1694980.26,0,0.017634351406867716,52.0,-44.0,96.0,73.35,72.60668710931593,72.17402198249997,-0.5068210055247132,-0.20743605996051429,0.2993849455641989
1620360000,2021-05-07,70.7,71.48,70.55,70.7,1481422.0,73.2615,76.52669386866893,69.99630613133107,74.52550000000001,72.0385,73.28200000000001,73.2615,0.9300000000000068,75.162,71.36099999999999,0,43.833883240461326,-2.4423899544639105,-6.701313977535195,34.495720802608076,72.65682115649902,1.3158841452911598,23.37586531197615,202908067.0,1692366.82,0,-0.024177921504618134,48.0,-44.0,92.0,73.2615,72.42509786080966,72.1162171988725,-0.49877799508664084,-0.32408754829410213,0.1746904467925387
1620619200,2021-05-10,70.83,72.15,70.83,71.86,1766851.0,73.2215,76.53443993304938,69.90856006695063,74.47483333333334,71.97483333333334,73.22483333333334,73.2215,1.4500000000000028,75.14150000000001,71.3015,0,48.5782211044889,-1.1010184420589006,-6.639869645230527,36.391362127719056,72.45151883348994,1.3254638491989343,22.329985779616205,204674918.0,1668920.94,0,0.002217167859280831,44.0,-44.0,88.0,73.2215,72.37127901692303,72.10616946558338,-0.39515415469851384,-0.3192522465806036,0.07590190811791026
1620705600,2021-05-11,72.01,72.08,70.16,70.65,1781562.0,73.0775,76.56979365890001,69.58520634109999,74.37883333333335,71.84883333333332,73.11383333333333,73.0775,1.9200000000000017,75.02000000000001,71.13499999999999,0,44.45509576778703,-3.9167686658506664,-8.469388471563143,35.91162215335093,72.17377983224478,1.3679307171132962,21.83894128627005,202893356.0,1674289.08,0,0.007784460501920079,40.0,-44.0,84.0,73.0775,72.20734768197798,72.04906478065854,-0.3874014617473311,-0.4083499190662536,-0.020948457318922524
1620792000,2021-05-12,70.53,70.64,69.51,69.53,1806703.0,72.84700000000001,76.62519586575303,69.06880413424699,74.18366666666667,71.65566666666668,72.91966666666667,72.84700000000001,1.1400000000000006,74.78875000000001,70.90525000000001,0,41.05956030167211,-6.217966010250875,-11.522859461504288,36.228754198220656,71.83558820294436,1.3516499516052036,21.814452329216437,201086653.0,1677035.0,0,-0.0008366971174200631,36.0,-64.0,100.0,72.84700000000001,71.95236218845626,71.95027792651507,-0.4335187996139101,-0.5628469568363101,-0.12932815722240004
1620878400,2021-05-13,69.79,71.72,69.65,71.23,1805995.0,72.675,76.41862124152446,68.93137875847553,74.06133333333334,71.42233333333334,72.74183333333333,72.675,2.1899999999999977,74.709,70.64099999999999,0,47.47017885813022,-4.606937190304001,-10.829337015734842,42.40459270892922,71.65704766803823,1.4115320979191175,20.80796917053734,202892648.0,1673630.8,0,0.04619223824431258,32.0,-64.0,96.0,72.675,71.88356578955566,71.9220317333184,-0.33002939310291846,-0.5418648986010481,-0.21183550549812968
1620964800,2021-05-14,71.56,72.6,71.56,71.58,1595606.0,72.48299999999999,76.03265406765125,68.93334593234873,73.88133333333333,71.26633333333334,72.57383333333334,72.48299999999999,1.3699999999999903,74.52374999999999,70.44224999999999,0,48.67985729167375,-5.091487669053306,-9.712625586577445,47.63227595064775,71.58900883545815,1.4085655194963227,19.466124743879096,204488254.0,1667195.34,0,-0.018350118319408436,28.000000000000004,-64.0,92.0,72.48299999999999,71.85465476197894,71.90861872416868,-0.22359610568665833,-0.49133063760645257,-0.26773453191979424
1621224000,2021-05-17,71.65,72.12,70.6,70.69,2442053.0,72.261,75.67341205014769,68.8485879498523,73.71633333333332,71.01133333333334,72.36383333333333,72.261,1.5200000000000102,74.36925,70.15275,0,45.853452173062564,-5.909756422201514,-10.076633909781117,45.32439089835593,71.4793988769572,1.416525125246586,18.63137968381337,202046201.0,1667572.98,-1,-0.06644844687894004,24.0,-64.0,88.0,72.261,71.74373526083808,71.86082975459342,-0.1995213419306695,-0.5171362093331311,-0.3176148674024616
1621310400,2021-05-18,70.6,71.23,70.34,70.86,2199023.0,71.99549999999999,74.94492350299056,69.04607649700942,73.42816666666667,70.78116666666666,72.10466666666667,71.99549999999999,0.8900000000000006,74.05725,69.93374999999999,0,46.478265953763696,-6.97124852304057,-10.076690960769819,45.25424967938006,71.36225924883124,1.3789161877289726,18.035813685660408,204245224.0,1684160.02,0,0.005410544762595583,20.0,-64.0,84.0,71.99549999999999,71.65956999790112,71.8215815289231,-0.16022787100892522,-0.5178997061636181,-0.3576718351546929
1621396800,2021-05-19,70.69,70.78,69.82,70.51,2876042.0,71.7565,74.35288421655832,69.16011578344168,73.13016666666667,70.54716666666667,71.83866666666667,71.7565,1.0400000000000063,73.77625,69.73675,0,45.34430501618932,-6.348784699163236,-10.549661691879104,45.55908808949688,71.27180135408278,1.354707888605475,17.838117653019502,201369182.0,1715973.72,0,-0.0028971705733307016,16.0,-64.0,80.0,71.7565,71.55008714095815,71.77014695916142,-0.1462754314025438,-0.5405161244078727,-0.3942406930053289
1621483200,2021-05-20,70.66,71.6,70.66,70.95,2264464.0,71.5945,73.95711274863089,69.2318872513691,72.95216666666667,70.38416666666667,71.66816666666666,71.5945,1.0899999999999892,73.60525,69.58375,0,47.053709133405256,-4.367165386170637,-10.191487417329963,41.91473499318142,71.10797906441863,1.3358001822765118,16.945903756952184,203633646.0,1735459.94,0,-0.18426704953481923,12.0,-64.0,76.0,71.5945,71.49293598467642,71.73798433331196,-0.09818832351414858,-0.5169760973980146,-0.41878777388386607
1621569600,2021-05-21,71.15,71.78,70.78,71.22,5472603.0,71.4485,73.50490730401184,69.39209269598815,72.8185,70.2245,71.52150000000002,71.4485,1.0,73.47874999999999,69.41825,0,48.102155283437604,-3.938494739681685,-9.449150202616643,48.83802287127098,71.02727390251478,1.3118144549710464,15.967369970794993,209106249.0,1810756.42,0,-0.16833151238180705,8.0,-64.0,72.0,71.4485,71.4669420813739,71.71767122220169,-0.041852284298941334,-0.4711031292575427,-0.4292508449586014
1621828800,2021-05-24,71.44,71.66,70.51,70.56,2512304.0,71.286,73.06525152802892,69.50674847197108,72.69233333333334,70.06433333333334,71.37833333333333,71.286,1.1499999999999915,73.34175,69.23025,1,45.77004801644487,-4.403197398726459,-9.771052109369652,46.925939293034254,70.96325369898418,1.300256279615971,15.274399516755052,206593945.0,1832116.92,0,-0.24368993419253682,4.0,-64.0,68.0,71.286,71.38056664505258,71.6722723507428,-0.04255424053164991,-0.4824436456231638,-0.43988940509151386
1621915200,2021-05-25,70.57,70.78,69.39,69.73,2285574.0,71.1135,72.79084641621617,69.43615358378383,72.54116666666667,69.87016666666668,71.20566666666667,71.1135,1.3900000000000006,73.2015,69.02550000000001,1,43.009717254659115,-4.714402842306645,-11.19147470200976,45.6637806789141,70.89590718843671,1.3066665453576873,15.450102349538637,204308371.0,1846372.98,0,-0.2397655698243431,4.0,-60.0,64.0,71.1135,71.22336982171424,71.59610480757642,-0.08972172272288448,-0.5520415584951195,-0.462319835772235
1622001600,2021-05-26,69.57,69.74,68.84,69.03,1940164.0,70.97200000000001,72.84019270954397,69.10380729045605,72.339,69.76,71.0495,70.97200000000001,0.8999999999999915,72.99100000000001,68.953,1,40.82401111019783,-3.9382131923183947,-13.29656288332663,44.9250522488483,70.8049615709194,1.277618934974995,15.970361702937547,202368207.0,1863179.86,0,-0.3053476422075082,4.0,-96.0,100.0,70.97200000000001,71.01447745774145,71.495473246495,-0.15503950878983186,-0.6561192217595249,-0.501079712969693
1622088000,2021-05-27,69.1,69.18,68.64,68.73,2819996.0,70.83099999999999,72.91645342791278,68.74554657208719,72.15366666666667,69.70566666666666,70.92966666666666,70.83099999999999,0.5400000000000063,72.75174999999999,68.91024999999999,0,39.909063284261485,-3.9412997903563847,-15.397052538657144,38.80657934474813,70.63609743491058,1.2249318681910673,16.58175360718517,199548211.0,1895857.64,0,-0.31928084900608983,4.0,-96.0,100.0,70.83099999999999,70.79690817605179,71.38702331525991,-0.20242905548926005,-0.7541160323312681,-0.5516869768420081
1622174400,2021-05-28,68.93,69.35,68.6,68.77,2324834.0,70.6445,72.76639043072285,68.52260956927714,71.98416666666667,69.54216666666666,70.76316666666666,70.6445,0.75,72.5495,68.73949999999999,0,40.097489277357965,-5.144827586206902,-17.033613793852705,39.66325253695296,70.4676887660416,1.1910081633202767,16.96414329458629,201873045.0,1902957.72,0,-0.3803254191875335,4.0,-92.0,96.0,70.6445,70.60386930214209,71.28439494995561,-0.21393790827265646,-0.8191093621828287,-0.6051714539101722
1622520000,2021-06-01,68.86,69.02,67.58,67.68,2735688.0,70.395,72.67327566374071,68.11672433625928,71.75266666666667,69.30466666666668,70.52866666666667,70.395,1.4399999999999977,72.30449999999999,68.4855,0,36.788559692295834,-6.866657492775554,-19.827293428924335,38.70001032438219,70.25736104204486,1.2087932945116855,17.98084552818694,199137357.0,1816553.12,0,-0.412269444006335,4.0,-96.0,100.0,70.395,70.32540555908093,71.14304612838873,-0.27398047649949264,-0.9476470495345382,-0.6736665730350455
1622606400,2021-06-02,67.66,68.81,67.59,68.39,2542697.0,70.1935,72.43225210775852,67.95474789224149,71.54150000000001,69.1085,70.325,70.1935,1.2199999999999989,72.09175,68.29525,0,40.17365618923269,-5.5647611157138925,-20.68514276828943,44.88111421614065,70.1341649892762,1.2095937734751365,18.924926173673253,201680054.0,1828819.74,0,-0.33302883391911026,16.0,-80.0,96.0,70.1935,70.14108122012084,71.03508353511859,-0.24579925487157972,-0.9809156416245202,-0.7351163867529404
1622692800,2021-06-03,68.33,69.87,67.99,69.62,3773401.0,70.16,72.41198579036218,67.90801420963781,71.439,69.041,70.24,70.16,1.8800000000000097,72.02,68.3,0,45.49626768593564,-0.9531939109403922,-18.95832827619405,47.652364133546136,70.0018669237001,1.2574799325126276,18.629079313631525,205453455.0,1865804.3,1,-0.2675506538380763,12.0,-80.0,92.0,70.16,70.09145443725218,70.97959006315315,-0.13005296573941927,-0.8976825939272146,-0.7676296281877953
1622779200,2021-06-04,69.84,70.01,69.33,69.49,2465970.0,70.089,72.33144420220286,67.84655579779714,71.372,69.00500000000001,70.1885,70.089,0.6800000000000068,71.92575,68.25225,0,45.050359747414745,-2.0025384289945025,-17.761699480367778,48.754979003046024,69.89796577819862,1.2162313659045834,18.21101122933584,202987485.0,1863299.28,0,-0.2556093344911977,8.0,-80.0,88.0,70.089,70.03417306227578,70.9211747665589,-0.0519858062269315,-0.8326118859714597,-0.7806260797445282
1623038400,2021-06-07,69.73,69.73,69.28,69.55,1408785.0,70.0315,72.26729314785452,67.79570685214547,71.2785,68.9595,70.119,70.0315,0.45000000000000284,71.83224999999999,68.23075,0,45.3107684820563,-1.6265912305516346,-16.678597374734444,50.161884027119264,69.80340704225023,1.1615005540542562,17.86442309361201,204396270.0,1861299.04,0,-0.19791615449747874,4.0,-80.0,84.0,70.0315,69.98806134205904,70.86740320708601,0.010616237597872114,-0.7673557827471882,-0.7779720203450603
1623124800,2021-06-08,69.79,69.79,68.18,68.73,2076288.0,69.875,72.01296632340016,67.73703367659984,71.15733333333334,68.80933333333334,69.98333333333333,69.875,1.6099999999999994,71.68775,68.06225,0,42.418834203202614,-4.355691622599492,-16.94197981796178,50.40481055965886,69.69435680127805,1.1935362287646665,18.38820068625618,202319982.0,1871488.06,0,-0.2259868914035507,4.0,-76.0,80.0,69.875,69.86824597614866,70.7835834734748,0.004059603223970143,-0.7728975163150977,-0.7769571195390679
1623211200,2021-06-09,69.1,70.14,68.82,69.93,3298793.0,69.839,71.9476004837316,67.73039951626839,71.06066666666666,68.77266666666667,69.91666666666667,69.839,1.4099999999999966,71.6135,68.0645,0,47.573296101582194,-1.0191082802547755,-14.812788774741481,58.581630831659346,69.63751636735981,1.2089979267100472,18.47459488494071,205618775.0,1915238.74,0,-0.19733709888097264,16.0,-60.0,76.0,69.839,69.87412731175355,70.75010961176991,0.08340178704432188,-0.6727048857336655,-0.7561066727779874
1623297600,2021-06-10,70.13,70.64,69.84,70.4,2484300.0,69.88250000000001,71.99968563191639,67.76531436808362,71.06416666666667,68.80916666666666,69.93666666666667,69.88250000000001,0.7999999999999972,71.6315,68.13350000000001,0,49.43928515789064,1.2512584495901116,-12.227261524534185,58.79530702452463,69.59518541844007,1.1797837890879008,18.0048436844837,208103075.0,1937105.38,0,-0.14740858340513718,12.0,-60.0,72.0,69.88250000000001,69.92421042491988,70.73637982307307,0.16564745345956344,-0.5490473559535332,-0.7146948094130966
1623384000,2021-06-11,70.19,70.45,69.6,70.14,2559949.0,69.828,71.85795172356221,67.7980482764378,70.963,68.83,69.8965,69.828,0.8500000000000085,71.4765,68.1795,0,48.43542880476098,-1.5302541064158408,-10.545602014341473,47.904917603724485,69.37058374908996,1.1562278041530514,17.771327197845476,205543126.0,1939918.42,0,-0.12129200461424293,8.0,-60.0,68.0,69.828,69.94476181302275,70.71299237903098,0.19843707413711542,-0.46664846674170235,-0.6650855408788178
1623643200,2021-06-14,70.31,70.31,69.54,69.92,1484148.0,69.745,71.61072774005031,67.8792722599497,70.85000000000001,68.744,69.797,69.745,0.769999999999996,71.3485,68.14150000000001,0,47.5750214588537,-2.3190835428890706,-9.521558011036078,49.40851780149427,69.28148821938836,1.1286401038564047,17.606846948850958,204058978.0,1950217.68,0,-0.05843164987934069,4.0,-60.0,64.0,69.745,69.94240354511582,70.68189463867682,0.20061014569197166,-0.4143228587638532,-0.6149330044558249
1623729600,2021-06-15,69.96,71.53,69.87,70.95,2396116.0,69.75800000000001,71.65327412265172,67.8627258773483,70.83933333333333,68.71933333333332,69.77933333333334,69.75800000000001,1.6599999999999966,71.37200000000001,68.144,0,51.795122799170386,0.36780308388740296,-6.762848154923703,56.33604476534604,69.34072757180331,1.1665943821523754,16.55094862624453,206455094.0,1977618.98,0,-0.0031833278024472134,16.0,-44.0,60.0,69.75800000000001,70.03836511224765,70.69240857441498,0.26279429006687294,-0.28644014187223377,-0.5492344319391067
1623816000,2021-06-16,71.35,71.44,69.36,69.43,1901330.0,69.68650000000001,71.51686908846091,67.85613091153911,70.86216666666667,68.62316666666666,69.74266666666666,69.68650000000001,2.0799999999999983,71.38975,67.98325000000001,0,46.038255302068855,-2.0180637877504832,-6.997031079325877,56.36037233035851,69.38933331689634,1.2318376405700628,15.655950899692254,204553764.0,1999448.56,0,-0.022221908156988265,12.0,-44.00000000000001,56.00000000000001,69.68650000000001,69.98042557774787,70.64290235581048,0.19599841259522022,-0.30423641619508146,-0.5002348287903017
1623902400,2021-06-17,69.45,70.49,69.12,70.04,1932159.0,69.66300000000001,71.46227874438432,67.8637212556157,70.85833333333333,68.57833333333333,69.71833333333333,69.66300000000001,1.3699999999999903,71.391,67.93500000000002,0,48.45827530243965,-0.6665721174301501,-6.081938206019576,57.79747665484163,69.46348172374103,1.2417063805293433,15.0486286073828,206485923.0,2015764.46,0,0.053355936126547515,8.0,-44.0,52.0,69.66300000000001,69.98609933224807,70.61925912617086,0.18734681036336598,-0.2660513158360942,-0.4533981261994602
1623988800,2021-06-18,69.62,69.78,67.51,67.69,5735713.0,69.5,71.39166593245032,67.60833406754968,70.78766666666667,68.37466666666667,69.58116666666668,69.5,2.530000000000001,71.336,67.664,0,41.001556904577924,-4.594785059901346,-8.971200407812903,46.26668819341096,69.32145442487274,1.333727353348676,15.750019033081296,200750210.0,2097643.14,-1,-0.048210354605727194,4.0,-44.0,48.0,69.5,69.76742320536731,70.5043862192622,0.02626515851761757,-0.4205666780524382,-0.44683183657005576
1624248000,2021-06-21,67.73,68.56,67.12,68.34,2339267.0,69.35600000000001,71.13726247363863,67.57473752636139,70.647,68.19,69.4185,69.35600000000001,1.4399999999999977,71.22500000000001,67.48700000000001,1,43.53148426033134,-4.043807919123835,-10.002628614194888,46.76531341213573,69.32926005616943,1.3413182566809134,16.65575369125423,203089477.0,2118215.42,0,0.06061460898858337,20.0,-24.0,44.0,69.35600000000001,69.63147813818946,70.41950832831076,-0.030519401156925308,-0.4849810880162124,-0.4544616868592871
1624334400,2021-06-22,68.29,68.56,67.93,67.95,1733240.0,69.22550000000001,71.01720840261277,67.43379159738726,70.48283333333333,68.07783333333333,69.28033333333335,69.22550000000001,0.6299999999999955,71.05550000000001,67.39550000000001,1,42.38361315969769,-3.698979591836734,-11.332225214296447,45.569101363639334,69.34782202739675,1.2905098097751337,17.496793016700526,201356237.0,2127856.64,0,-0.005869000287098263,16.0,-24.0,40.0,69.22550000000001,69.47133736312381,70.32266486445543,-0.08525663406051287,-0.5610324794349282,-0.4757758453744153
1624420800,2021-06-23,67.68,67.84,66.64,66.69,1571850.0,69.0735,71.15980079326857,66.98719920673142,70.32783333333333,67.94183333333334,69.13483333333333,69.0735,1.3100000000000023,70.8975,67.2495,0,38.895641716228205,-4.35967302452317,-14.051787900959567,37.34943405285645,69.26118513095619,1.291901966219767,19.06447158181584,199784387.0,2126816.08,0,-0.1323704962091067,12.0,-88.0,100.0,69.0735,69.20644809044535,70.18020741879052,-0.19116827641629408,-0.7147361908947829,-0.5235679144784888
1624507200,2021-06-24,66.74,67.34,66.44,67.15,1450030.0,68.9795,71.22825498887565,66.73074501112436,70.21650000000001,67.8305,69.0235,68.9795,0.9000000000000057,70.8035,67.1555,0,40.76886137186798,-2.723453570911192,-15.343692889422487,30.92316110509742,69.13228387566676,1.2639089686326412,20.62852822577991,201234417.0,2134925.64,0,-0.07031593843232145,8.0,-88.0,96.0,68.9795,69.01059589135532,70.06137575530855,-0.213400890962966,-0.7903190281821963,-0.5769181372192304
1624593600,2021-06-25,67.12,68.09,67.05,68.01,1914972.0,68.9435,71.22981821931968,66.65718178068032,70.18483333333333,67.74883333333334,68.96683333333334,68.9435,1.0400000000000063,70.805,67.082,0,44.138959553139905,-1.047577477084241,-14.863656134364236,36.204136642755024,69.03321882842879,1.2479154708731672,21.15583411792474,203149389.0,2140728.78,0,-0.028519282354624642,4.0,-88.0,92.0,68.9435,68.91530104455957,69.98092964725724,-0.15600619229473434,-0.7719258775876483,-0.615919685292914
1624852800,2021-06-28,68.18,69.29,68.18,69.0,1620979.0,68.955,71.24002516397371,66.66997483602628,70.19866666666667,67.72666666666666,68.96266666666666,68.955,1.2800000000000011,70.85625,67.05375,0,47.74191662382665,0.3344481605351229,-12.819137802781084,41.69802702992264,69.03125665258791,1.2502072229536554,20.395831612894177,204770368.0,2148710.1,0,0.015236963308705258,64.0,-24.0,88.0,68.955,68.92336761174437,69.94246181795303,-0.04305949531988762,-0.6697440544427735,-0.6266845591228859
1624939200,2021-06-29,68.65,69.23,67.65,67.87,1184035.0,68.96450000000002,71.22973707368416,66.69926292631587,70.2135,67.72749999999999,68.9705,68.96450000000002,1.5799999999999983,70.87625000000001,67.05275000000002,0,44.30827802171778,0.2807328605200912,-12.674045631883022,33.675598024471526,68.93556715927886,1.273763849885537,20.080248793344087,203586333.0,2171953.82,0,-0.0860976470955871,60.0,-24.0,84.0,68.96450000000002,68.82304688681634,69.86118880548428,-0.03641004051206087,-0.672197109762962,-0.6357870692509011
1625025600,2021-06-30,67.93,68.45,67.63,67.96,1617128.0,68.943,71.23761194976255,66.64838805023744,70.181,67.735,68.958,68.943,0.8200000000000074,70.82475,67.06125,0,44.64206934311165,-0.6287468928205977,-12.41467634692242,26.125662648117356,68.77033899013198,1.241352146322285,19.802057547325102,205203461.0,2184726.48,0,-0.13310429048803205,56.00000000000001,-23.999999999999993,80.0,68.943,68.74085194521479,69.7866323817398,-0.01879367747859062,-0.6592791660991395,-0.6404854886205489
1625112000,2021-07-01,67.76,68.34,67.4,67.64,2113297.0,68.84400000000001,71.18364441742611,66.50435558257391,70.06566666666666,67.71366666666667,68.88966666666667,68.84400000000001,0.9399999999999977,70.65525000000001,67.03275000000001,0,43.662628666683915,-2.844010341855794,-12.616056408517137,26.599824436256256,68.58496774913824,1.2198269930135501,19.72173827975149,203090164.0,2199949.9,0,-0.19471337278545833,52.0,-24.0,76.0,68.84400000000001,68.63600890281337,69.7024507197108,-0.021349355266186865,-0.6671721827032826,-0.6458228274370957
1625198400,2021-07-02,68.05,68.51,67.58,68.35,1352186.0,68.787,71.11643855896504,66.45756144103497,70.005,67.628,68.8165,68.787,0.9300000000000068,70.617,66.95700000000001,0,46.4087063844705,-1.6405238163764582,-11.61075769812867,31.417389601198238,68.49561253441716,1.1991250649411545,19.451172390398522,204442350.0,2188790.58,0,-0.16420653441283478,48.0,-24.0,72.0,68.787,68.60876995968829,69.6494134365849,0.029366348641015394,-0.6091148916358264,-0.6384812402768418
1625544000,2021-07-06,68.34,68.68,67.4,68.64,1423644.0,68.7415,71.04495197475292,66.43804802524708,69.9825,67.52250000000001,68.7525,68.7415,1.2800000000000011,70.63375,66.84925,0,47.50877307071344,-1.3084112149532663,-10.327032611571218,28.80818355286243,68.2860183683443,1.2049018460167864,19.354166617643227,205865994.0,2193028.62,0,-0.14795479296014477,44.0,-24.0,68.0,68.7415,68.61174424924178,69.6098285959345,0.08394257090162349,-0.5335530266498125,-0.617495597551436
1625630400,2021-07-07,68.79,70.1,68.32,70.05,1629619.0,68.8075,71.18044648064239,66.43455351935762,70.0205,67.5435,68.78200000000001,68.8075,1.7800000000000011,70.7125,66.9025,0,52.49904927760824,1.9205587079877684,-7.014970842676742,35.12304699765107,68.2337851953881,1.2459802855870161,18.190344580907986,207495613.0,2204808.28,0,-0.02951000345724164,40.0,-24.0,64.0,68.8075,68.74872098740923,69.62709021962335,0.20936197689852365,-0.3557931264282814,-0.5651551033268051
1625716800,2021-07-08,69.85,70.67,69.67,69.97,2013818.0,68.8095,71.18629174518784,66.43270825481216,70.02816666666666,67.58316666666667,68.80566666666667,68.8095,1.0,70.68375,66.93525,0,52.202649634791754,0.05720005720004581,-4.4869319743576845,42.4758760409703,68.2546424171101,1.2284102651879434,17.607292651526024,205481795.0,2223935.48,0,-0.08243370955268414,36.0,-24.0,60.0,68.8095,68.86503327432264,69.64053766199108,0.27704432810942553,-0.21884969319002323,-0.49589402129944876
1625803200,2021-07-09,69.96,70.17,69.52,69.99,1579178.0,68.789,71.11714003015135,66.46085996984866,70.00066666666666,67.57066666666667,68.78566666666667,68.789,0.6500000000000057,70.652,66.926,0,52.273558689096454,-0.582386363636379,-2.4023033652594785,49.90740771039997,68.34701177417799,1.1870952462459476,16.909009583109935,207060973.0,2213310.74,0,0.1379268519100639,32.0,-24.000000000000007,56.00000000000001,68.789,68.97217296248239,69.6542420674032,0.31074051756055465,-0.10746837434875545,-0.4182088919093101
1626062400,2021-07-12,69.73,70.03,69.36,69.88,1147624.0,68.776,71.07655993184117,66.47544006815882,69.97633333333333,67.56433333333334,68.77033333333334,68.776,0.6700000000000017,70.6255,66.92649999999999,0,51.828410261996794,-0.37068719703450975,-0.8494076427803896,52.48521491762808,68.45500904797271,1.1501598715140946,16.08795170698138,205913349.0,2175719.74,0,0.10095549875552945,28.000000000000004,-23.999999999999996,52.0,68.776,69.0586326803412,69.66309531966189,0.31236389251850577,-0.027754026261177955,-0.3401179187796837
1626148800,2021-07-13,69.78,70.67,69.65,70.24,2504865.0,68.792,71.1283355923311,66.4556644076689,70.002,67.565,68.7835,68.792,1.019999999999996,70.66025,66.92375,0,53.20132185651171,0.4576659038901504,1.015252744402663,54.21172088441889,68.6657062976005,1.1408627378345162,15.920469735824886,208418214.0,2146989.68,0,0.1847765587134618,24.0,-24.0,48.0,68.792,69.17114385364204,69.68571903261632,0.3230819102065546,0.06373446897850954,-0.25934744122804504
1626235200,2021-07-14,70.11,71.54,69.76,71.18,1871740.0,68.8035,71.18405686762426,66.42294313237574,70.01016666666666,67.56116666666667,68.78566666666667,68.8035,1.7800000000000011,70.68075,66.92625,0,56.600965596250816,0.3241719520789344,4.04960970109647,61.508710335595275,68.94636601792718,1.186515399417765,16.46850337370673,210289954.0,2146018.16,0,0.2915122146328682,100.0,56.0,44.0,68.8035,69.36246348662851,69.74431828623922,0.37521629355557085,0.2096729257164185,-0.16554336783915236
1626321600,2021-07-15,71.1,73.15,71.06,72.94,3201703.0,68.979,71.96018701191204,65.99781298808796,70.126,67.676,68.90100000000001,68.979,2.0900000000000034,70.857,67.101,0,62.03633607158106,5.055451533919041,9.18395339333627,70.0216386999019,69.49692762404462,1.251050013745068,17.989158439194053,213491657.0,2184446.78,1,0.33957098608008934,100.0,60.0,40.0,68.979,69.70318124980675,69.86963913775925,0.5020519725084027,0.4620215977963511,-0.040030374712051675
1626408000,2021-07-16,73.15,74.26,72.94,73.99,2466882.0,69.1765,72.85458795435795,65.49841204564206,70.31583333333333,67.87083333333334,69.09333333333333,69.1765,1.3200000000000074,71.05075000000001,67.30225,0,64.80448489780863,5.639634494574512,14.703502013555205,70.89028116125434,70.03534261748891,1.2559750127632778,19.93910350118887,215958539.0,2205693.38,0,0.32596369975036193,100.0,64.0,36.0,69.1765,70.1114497022061,70.03122191667066,0.6226052211538375,0.7382261517302453,0.11562093057640772
1626667200,2021-07-19,73.91,74.71,72.28,73.04,2730199.0,69.444,73.4170965253808,65.4709034746192,70.57466666666667,68.11366666666667,69.34416666666667,69.444,2.4299999999999926,71.31075,67.57725,0,60.596451216312175,7.903678534495508,17.270418146492638,61.663569346730256,70.44509623731399,1.3398339404230433,21.003572157275176,213228340.0,2232735.78,0,0.24555032910855581,96.0,64.0,32.0,69.444,70.39035925437695,70.14921321405612,0.6038467928202671,0.8704294216017416,0.26658262878147454
1626753600,2021-07-20,73.3,74.36,72.34,72.79,2039815.0,69.6665,73.85969102832115,65.47330897167885,70.8615,68.3425,69.602,69.6665,2.019999999999996,71.57675,67.75625,0,59.525741469241666,6.511559847819728,18.815208079117536,59.50949357110265,70.73918335235348,1.3884172303928255,21.992007337926744,211188525.0,2243903.64,0,0.22797033595967917,92.0,64.0,28.000000000000004,69.6665,70.61889646824581,70.25277348017157,0.5420499277679056,0.9441450384913566,0.40209511072345094
1626840000,2021-07-21,72.52,72.64,70.6,70.96,2503890.0,69.817,73.96881936023148,65.66518063976851,71.09466666666667,68.43466666666666,69.76466666666667,69.817,2.190000000000012,71.84425,67.78974999999998,0,52.3925833045675,4.429727740986006,16.670618696715884,57.49056208425026,70.95132426496507,1.4456731425076246,21.173982720679934,208684635.0,2258644.42,0,0.1752459282074205,88.0,64.0,24.0,69.817,70.65138251888906,70.28050785349818,0.3544495478910789,0.8451570455872996,0.49070749769622074
1626926400,2021-07-22,71.14,72.04,70.94,71.83,1451403.0,70.074,74.05246905228542,66.09553094771458,71.31700000000001,68.667,69.992,70.074,1.1000000000000085,72.0855,68.0625,0,55.085998738811675,7.707302444144551,16.12925575779754,63.854839957808124,71.22428407956767,1.4209822037570805,20.414388433236468,210136038.0,2252041.24,0,0.24858560010262237,84.0,64.0,20.0,70.074,70.76363180280438,70.34127225140021,0.269332114139729,0.8273726403708821,0.5580405262311531
1627012800,2021-07-23,71.94,73.06,71.78,73.03,997790.0,70.368,74.30755632019556,66.42844367980443,71.61833333333333,68.93033333333332,70.27433333333333,70.368,1.2800000000000011,72.408,68.32799999999999,0,58.49529286465991,8.756515264333574,17.206461208945395,63.49343242402068,71.42591800512562,1.4109120463458604,20.4065493100993,211133828.0,2235862.98,0,0.2541076122358929,80.0,64.0,16.0,70.368,70.9794763930135,70.44671255526687,0.2733569688137776,0.8997367372483751,0.6263797684345975
1627272000,2021-07-26,72.83,73.19,72.03,72.69,1320913.0,70.602,74.50934999711988,66.69465000288012,71.87033333333333,69.17033333333333,70.52033333333334,70.602,1.1599999999999966,72.65100000000001,68.553,0,57.200335805401686,6.881340979267743,17.449266597367707,63.47111509152328,71.64933504941598,1.3929897573211558,20.483296431376807,209812915.0,2226161.34,0,0.21308832468469202,76.0,64.0,12.0,70.602,71.14238340320269,70.53468461192307,0.23414125526143592,0.9190563375113925,0.6849150822499566
1627358400,2021-07-27,72.87,74.38,72.29,74.2,1555731.0,70.862,74.9939273952954,66.73007260470459,72.15933333333332,69.36133333333333,70.76033333333334,70.862,2.089999999999989,72.97175,68.75224999999999,0,61.21435873517529,7.536231884057976,19.428757139393134,63.49515930873609,71.88996938056862,1.4427762032267868,21.266997249438568,211368646.0,2225363.84,0,0.20452305957536623,100.0,92.0,8.0,70.862,71.43358498385004,70.67842247027903,0.287407966539139,1.0441750404238803,0.7567670738847413
1627444800,2021-07-28,73.93,74.43,72.63,73.16,1733694.0,71.1265,75.13383465036208,67.11916534963791,72.42816666666667,69.60816666666666,71.01816666666667,71.1265,1.8000000000000114,73.25274999999999,69.00025,0,57.31712315798908,7.794312656549273,19.18394462335459,56.72513990179572,72.11971853065931,1.4682921887105884,22.02270052754657,209634952.0,2211196.66,0,0.21005988992575436,96.0,92.0,4.0,71.1265,71.59800546157861,70.77573923615044,0.23245843736633875,1.047340120592665,0.8148816832263261
1627531200,2021-07-29,73.34,73.43,72.51,73.17,1627839.0,71.387,75.2102347560662,67.5637652439338,72.68433333333334,69.85433333333333,71.26933333333334,71.387,0.9200000000000017,73.52075,69.25325,0,57.344609714141576,7.666274278987652,19.005868323864558,56.47904047923598,72.30416598696544,1.4291284609455466,22.58734089828483,211262791.0,2199772.98,0,0.20980129255328198,92.0,88.0,4.0,71.387,71.74771922714254,70.86963181512495,0.17904033750341364,1.0386821051055932,0.8596417676021796
1627617600,2021-07-30,73.57,74.63,72.83,73.07,2829712.0,71.6585,75.13424035278709,68.18275964721292,73.01316666666666,70.09716666666667,71.55516666666668,71.6585,1.7999999999999972,73.85675,69.46025,0,56.958508074282925,8.027794204612643,18.696014624256048,62.96984075639327,72.52388077635537,1.4556192851637217,23.78992520904719,208433079.0,2198846.38,-1,0.10362255105217649,88.0,68.0,20.0,71.6585,71.87365072931945,70.95592076355142,0.12195436076201904,1.0120847185547035,0.8901303577926845
1627876800,2021-08-02,73.08,73.98,72.79,73.94,1467884.0,71.938,75.19685010394656,68.67914989605345,73.29733333333333,70.35533333333333,71.82633333333334,71.938,1.1899999999999977,74.15575,69.72025000000001,0,59.45831510964861,8.178493050475499,19.453937942760717,61.7288033797394,72.78971536226139,1.4366464790805986,24.858399057843055,209900963.0,2182914.78,0,0.14260703744833791,84.0,68.0,16.0,71.938,72.0704458979557,71.07294347870628,0.1271871463287887,1.0491142907036703,0.9219271443748817
1627963200,2021-08-03,73.88,75.35,73.64,74.37,1896378.0,72.2245,75.27398175924901,69.175018240751,73.6295,70.6445,72.137,72.2245,1.7099999999999937,74.4745,69.9745,0,60.64741418566414,8.347902097902104,20.557340572533796,61.891193366813106,73.03515837100278,1.4561717305748412,26.513417504976065,211797341.0,2111390.28,0,0.09245602183535849,100.0,88.0,12.0,72.2245,72.28945105053134,71.20223981287467,0.14283615621549928,1.1004723396442557,0.9576361834287564
1628049600,2021-08-04,73.95,74.72,73.44,74.68,1624012.0,72.456,75.51298806016517,69.39901193983484,73.844,70.90899999999999,72.3765,72.456,1.2800000000000011,74.66850000000001,70.2435,0,61.504252036319855,6.609564596716646,21.8066342700953,53.407200554680756,73.19169901313496,1.4435880355337811,27.80422618972244,213421353.0,2093624.44,0,0.05854931334340191,100.0,92.0,8.0,72.456,72.51712237905215,71.33862256531096,0.1562098346022175,1.1528984766815285,0.996688642079311
1628136000,2021-08-05,74.94,75.51,74.44,75.41,1218787.0,72.728,75.81967009882884,69.63632990117115,74.09833333333333,71.15633333333332,72.62733333333334,72.728,1.0700000000000074,74.94574999999999,70.51025,0,63.47552562914886,7.774760611690722,23.656935344430806,51.1082460628736,73.23259273414439,1.4169031758527972,29.3592900238476,214640140.0,2072288.7,0,0.04280202120620977,100.0,96.0,4.0,72.728,72.79263453342814,71.49828442549484,0.19390369395761864,1.2390682595263343,1.0451645655687156
1628222400,2021-08-06,75.36,76.11,74.98,75.35,1280653.0,72.99600000000001,76.020363734737,69.97163626526302,74.40166666666667,71.41166666666666,72.90666666666667,72.99600000000001,1.1299999999999955,75.24975,70.74225000000001,0,63.1955466653783,7.658236890984426,25.054113663013577,59.770237184959726,73.34197570438418,1.3964100918633113,31.050373169341622,213359487.0,2059098.48,0,0.07008479462315004,96.0,92.0,4.0,72.99600000000001,73.03619314929212,71.64933209508328,0.19400709703326946,1.2876734368603024,1.093666339827033
1628481600,2021-08-09,75.61,75.73,74.82,75.34,1025891.0,73.269,76.0984232627856,70.43957673721441,74.69066666666666,71.67666666666666,73.18366666666667,73.269,0.9100000000000108,75.54075,70.99725000000001,0,63.14668201720486,7.813394390383527,26.19146986733919,62.37012108922277,73.44713397977989,1.3616665138730755,32.4094669776327,212333596.0,2023216.38,0,0.1299307392397189,92.0,88.0,4.0,73.269,73.25560332555001,71.7940641697859,0.17329281157396248,1.3102823542944861,1.1369895427205237
1628568000,2021-08-10,75.43,75.6,74.87,75.32,1006588.0,73.523,76.12183127578383,70.92416872421616,74.92999999999999,71.94500000000001,73.4375,73.523,0.7299999999999898,75.773,71.273,0,63.04405567845945,7.232346241457857,27.105585858644947,66.5099044046317,73.77768833035647,1.3165474771678551,33.671482656760126,211327008.0,1996851.46,0,0.22733501700296282,88.0,72.0,16.0,73.523,73.45221253264049,71.93233616312763,0.1395831333098192,1.3114684593577977,1.1718853260479785
1628654400,2021-08-11,75.6,76.21,75.36,76.16,1232200.0,73.772,76.37944012395151,71.1645598760485,75.13766666666666,72.24566666666666,73.69166666666668,73.772,0.8900000000000006,75.95525,71.58875,0,65.52138528569517,6.996347288564188,28.865388663042463,66.28422497169086,74.05549022311,1.286079800227294,35.12400903824675,212559208.0,1966781.7,0,0.23885562594288895,100.0,88.0,12.0,73.772,73.71009705334139,72.09812690182851,0.1540603643230205,1.3644607814517542,1.2104004171287337
1628740800,2021-08-12,76.17,76.58,75.85,75.89,1382225.0,73.9195,76.6527140421109,71.1862859578891,75.25583333333334,72.49983333333333,73.87783333333333,73.9195,0.730000000000004,76.00075,71.83825,0,64.06825924378742,4.044420071291476,29.748914014952128,66.98520549241545,74.25660696759428,1.2463598144967734,36.63342382408085,211176983.0,1943572.26,0,0.13162343193957785,96.0,88.0,8.0,73.9195,73.91770685778506,72.24682780763915,0.12679255459238847,1.3688911103692192,1.2420985557768307
1628827200,2021-08-13,76.05,76.62,75.87,76.6,1591083.0,74.05,77.02293794082422,71.07706205917577,75.35900000000001,72.66,74.0095,74.05,0.75,76.0885,72.0115,0,66.14649509662775,3.5275037167184746,31.329859820172327,67.51249313286243,74.51236346730312,1.2109055420327182,38.052710474025844,212768066.0,1899925.9,0,0.19162850912865492,100.0,96.0,4.0,74.05,74.17316334751982,72.4175404426337,0.1370415103652507,1.4134004437333942,1.2763589333681435
1629086400,2021-08-16,76.74,77.49,76.63,76.92,1538350.0,74.244,77.42695083216694,71.06104916783306,75.46400000000001,72.922,74.193,74.244,0.8900000000000006,76.167,72.321,0,67.05062691918988,5.312157721796269,33.01689986321016,67.59220433449298,74.75614750704598,1.1879837176018098,39.73433773129945,214306416.0,1881373.5,0,0.10841895375407727,100.0,96.0,4.0,74.244,74.43476683823222,72.59410748409904,0.14506674652631113,1.4576923665260324,1.3126256199997213
1629172800,2021-08-17,76.73,76.98,76.05,76.94,1545472.0,74.4515,77.76658838494423,71.13641161505576,75.58416666666668,73.15116666666667,74.36766666666666,74.4515,0.9300000000000068,76.29275,72.61025,0,67.10841912573207,5.701332600631943,34.4449534689376,67.96484277775723,75.0042674873845,1.169556309201681,40.40092930227233,215851888.0,1884107.24,0,0.20931087104477564,100.0,76.0,24.0,74.4515,74.6733604726863,72.76453464158536,0.1318015665700274,1.4773775782122556,1.3455760116422282
1629259200,2021-08-18,77.07,77.13,75.98,76.42,1300215.0,74.7245,77.72925939136432,71.71974060863569,75.79516666666666,73.45116666666668,74.62316666666666,74.7245,1.1499999999999915,76.48775,72.96125,0,64.0345442437389,7.69447576099212,34.35403466694954,68.80215894773626,75.25072636530568,1.1681594299729887,41.09680728407851,214551673.0,1868585.78,0,0.1642070745407344,96.0,76.0,20.0,74.7245,74.83970709433521,72.90788622426828,0.07112540801583234,1.4344827716620188,1.3633573636461864
1629345600,2021-08-19,76.48,77.78,76.33,77.23,1776607.0,74.9945,77.87839649606084,72.11060350393916,76.08816666666667,73.70916666666666,74.89866666666667,74.9945,1.4500000000000028,76.784,73.205,0,66.54702096288918,7.517750243630802,35.27089646833709,67.32982086189612,75.66482331787633,1.1882908992606325,42.06272149496963,216328280.0,1838142.06,0,0.2988163049941621,100.0,84.0,16.0,74.9945,75.06735403773186,73.07738088214012,0.06862909475919499,1.4491437320951803,1.3805146373359853
1629432000,2021-08-20,77.15,78.48,76.7,78.02,2706997.0,75.244,78.26504882449655,72.22295117550345,76.36866666666667,73.93966666666667,75.15416666666667,75.244,1.7800000000000011,77.071,73.417,0,68.78568418914007,6.832808434889764,36.97777867480838,69.41208201321733,76.07543728124932,1.2305558350277301,43.26534006226704,219035277.0,1842596.0,1,0.27838621842452965,100.0,88.0,12.0,75.244,75.34855841509072,73.27120908284051,0.1012968694044667,1.5071357240915688,1.4058388546871021
1629691200,2021-08-23,77.74,78.01,76.9,77.18,1834870.0,75.4685,78.36162478126886,72.57537521873115,76.60249999999999,74.1785,75.3905,75.4685,1.1199999999999903,77.2925,73.64450000000001,0,63.99262818536245,6.176915669280518,36.172624069472,60.59808796077962,76.3336625461986,1.2226589896686058,44.38205730332892,217200407.0,1828094.42,0,0.24919897696777824,96.0,88.0,8.0,75.4685,75.52298142317731,73.4244950011605,0.05003864629884602,1.46838716256066,1.418348516261814
1629777600,2021-08-24,77.02,77.28,76.02,76.98,1366916.0,75.6075,78.51060092831646,72.70439907168354,76.71783333333335,74.37683333333334,75.54733333333334,75.6075,1.2600000000000051,77.36925000000001,73.84575,0,62.89424853319934,3.7466307277628044,35.00919136240294,61.19589839586391,76.5219630026721,1.225326204692277,44.047025240817945,215833491.0,1825749.78,0,0.2135165248887718,92.0,88.0,4.0,75.6075,75.66174509716043,73.56392656974243,-0.010406468878294328,1.405340430163946,1.4157468990422404
1629864000,2021-08-25,76.76,76.88,76.32,76.53,1746420.0,75.776,78.47536585145323,73.07663414854676,76.81433333333334,74.59733333333334,75.70583333333333,75.776,0.6600000000000108,77.45224999999999,74.09975,0,60.43735197265904,4.6063422635319915,32.90211441269443,54.01464847425466,76.60653170380895,1.1849457614999725,43.73592403991489,214087071.0,1812755.86,0,0.14132169262629612,88.0,84.0,4.0,75.776,75.74443604028801,73.68024317485057,-0.08937181471461053,1.3040321306489773,1.3934039453635878
1629950400,2021-08-26,76.41,76.77,76.21,76.48,1894245.0,75.9415,78.37417157668104,73.50882842331897,76.96883333333332,74.78783333333334,75.87833333333333,75.9415,0.5600000000000023,77.59075,74.29225000000001,0,60.16247678918693,4.523711903785708,31.05774661119296,46.72169077841794,76.66191889549879,1.1403067785356888,43.27520137457681,212192826.0,1812614.16,0,0.15442670359427693,84.0,76.0,8.0,75.9415,75.81448975073677,73.79003756015055,-0.15007502644796245,1.205810162303635,1.3558851887515975
1630036800,2021-08-27,76.61,76.66,76.15,76.38,1257340.0,76.107,78.15582502913053,74.05817497086947,77.04866666666666,74.99666666666667,76.02266666666667,76.107,0.5099999999999909,77.6595,74.5545,0,59.591887472350145,4.529902832899962,29.273473434918497,46.20514072658039,76.71003027716971,1.095284865783139,42.749176756000956,210935486.0,1799117.78,0,0.14064974717238785,80.0,76.0,4.0,76.107,75.86834786971421,73.89160471465446,-0.19899855550407697,1.1071369943715013,1.3061355498755782
1630296000,2021-08-30,76.27,77.2,76.26,77.12,793803.0,76.266,78.0997437116434,74.43225628835661,77.20066666666666,75.17366666666666,76.18716666666667,76.266,0.9399999999999977,77.79975,74.73225000000001,0,62.37173059779342,4.300784419799847,28.871583752376512,50.226484631800666,76.78174205525144,1.0841930896557719,42.66577682847333,211729289.0,1700279.58,0,0.1613266790273827,76.0,60.0,16.0,76.266,75.98755283450335,74.01820845133469,-0.1839137598649594,1.076243350044379,1.2601571099093385
1630382400,2021-08-31,77.12,77.35,76.48,76.85,2112663.0,76.39,78.01799262897339,74.76200737102661,77.28066666666666,75.33766666666666,76.30916666666667,76.39,0.8699999999999903,77.86075,74.91925,0,60.76618683794255,3.3346779615436195,27.821609129234265,52.18031453151339,76.8390757758301,1.0688935832517876,42.69593396903382,209616626.0,1695747.5,0,0.09370516146518114,72.0,60.0,12.0,76.39,76.06969065978875,74.12925910030195,-0.19353722006322505,1.0182355848303075,1.2117728048935326
1630468800,2021-09-01,77.05,77.98,76.95,77.64,1699681.0,76.538,78.05141468209861,75.02458531790138,77.43033333333332,75.51233333333333,76.47133333333333,76.538,1.1300000000000097,77.9975,75.07849999999999,0,63.64822480879904,3.9635779325120426,28.161013204453333,52.893222642297935,76.93298492721371,1.073258327305232,43.14854625002031,211316307.0,1695076.32,0,0.17048428851600878,68.0,60.0,8.0,76.538,76.21924393028506,74.2669352140156,-0.15005502453649733,1.024204024222911,1.1742590487594082
1630555200,2021-09-02,77.73,78.47,77.67,78.45,1090317.0,76.69,78.32544489359674,75.05455510640326,77.57066666666667,75.67966666666668,76.62516666666667,76.69,0.8299999999999983,78.1315,75.24849999999999,0,66.31855072952811,4.031295584140043,29.650570307674844,51.91537588219964,77.03376974594308,1.0558827324977154,43.8617119743005,212406624.0,1685445.66,0,0.15349465201322307,100.0,96.0,4.0,76.69,76.43169688930554,74.43097697032871,-0.07394828233900497,1.0818236958356522,1.1557719781746572
1630641600,2021-09-03,78.23,78.43,77.63,77.92,1140866.0,76.8185,78.41602652559875,75.22097347440125,77.67983333333333,75.82183333333333,76.75083333333333,76.8185,0.8200000000000074,78.23675,75.40025,0,63.124765761085534,3.4107498341075084,29.391494469270423,45.90498895240747,77.0843469034586,1.0390339658907362,44.4471203570409,211265758.0,1679262.38,0,0.16463841679201593,96.0,92.0,4.0,76.8185,76.57344004270502,74.56780140286484,-0.06672987393919949,1.072359635750658,1.1390895096898574
1630987200,2021-09-07,77.82,77.82,75.99,76.0,1652242.0,76.8515,78.3496758908725,75.3533241091275,77.79116666666667,75.84116666666668,76.81616666666666,76.8515,1.9300000000000068,78.34625,75.35675,0,53.33095401080683,0.8760286700291964,24.131639086377877,45.68946396523916,77.07836728946289,1.1026743968985413,42.419937919023106,209613516.0,1674007.78,0,0.027675720730884406,92.0,88.0,4.0,76.8515,76.51882670530455,74.6239660537329,-0.19162220129694907,0.8995617580686712,1.0911839593656203
1631073600,2021-09-08,76.07,78.44,75.71,77.83,2968983.0,76.977,78.35682752545078,75.59717247454923,77.99433333333334,75.84433333333332,76.91933333333333,76.977,2.730000000000004,78.62175,75.33225,1,59.616990646232665,3.3324482209240642,22.970111558131045,54.86338172291925,77.13976814526276,1.218911939977217,41.0645038841699,212582499.0,1700967.86,1,0.10675700360088115,88.0,84.0,4.0,76.977,76.6437003524184,74.74969287515513,-0.1530189311682062,0.8999102954053626,1.0529292265735688
1631160000,2021-09-09,76.27,76.78,75.29,76.07,2818255.0,76.9725,78.36349784327352,75.58150215672647,78.03316666666667,75.81916666666666,76.92616666666666,76.9725,2.539999999999992,78.741,75.204,1,52.46313465498996,-0.1181722689075675,18.174363142261342,45.57620629238847,77.0188255900662,1.3132753728359867,39.274568414129455,209764244.0,1733652.26,0,0.09050582025429928,84.0,68.0,16.0,76.9725,76.58906222361665,74.80146962514905,-0.2427200871887758,0.7495291175875991,0.9922492047763749
1631246400,2021-09-10,76.02,76.24,74.71,74.82,1734487.0,76.91900000000001,78.53631753220932,75.3016824677907,78.03066666666666,75.73666666666666,76.88366666666667,76.91900000000001,1.5300000000000011,78.74750000000002,75.0905,1,48.1440975614486,-1.4099354328633646,12.221320398007204,36.18039274290391,76.81184148125818,1.3287557033477022,36.931004023570146,208029757.0,1735999.44,0,-0.021680771255943865,80.0,-20.0,100.0,76.91900000000001,76.42058010708173,74.80219630651577,-0.37503747230424855,0.5234523643960642,0.8984898367003128
1631505600,2021-09-13,75.42,75.79,74.43,74.83,1822039.0,76.8305,78.68436596063245,74.97663403936755,77.99383333333333,75.63883333333334,76.81633333333335,76.8305,1.3599999999999994,78.70475,74.95625,1,48.1800225219714,-2.310704960835504,7.913949940737686,36.28360743105259,76.63411931742615,1.3309874388228664,34.443010998676634,209851796.0,1730174.28,0,-0.015097710875160654,76.0,-20.0,96.0,76.8305,76.26909628735966,74.80328664743672,-0.44586454555908883,0.34115915475145187,0.7870237003105407
1631592000,2021-09-14,75.11,75.28,73.2,73.66,2304872.0,76.6675,78.97820443804302,74.35679556195699,77.9065,75.4295,76.668,76.6675,2.0799999999999983,78.631,74.70400000000001,0,44.39238156458207,-4.2381695267810775,2.658197253730082,35.03632630478211,76.38904169785317,1.3844883360498044,33.017706324439736,207546924.0,1749228.0,0,-0.09447281505570918,72.0,-28.0,100.0,76.6675,76.02061092665873,74.75845187694901,-0.5487264382051642,0.1011156525540855,0.6498420907592497
1631678400,2021-09-15,73.54,73.6,72.65,72.77,2169886.0,76.459,79.32059326250112,73.59740673749889,77.725,75.24600000000001,76.4855,76.459,1.009999999999991,78.4285,74.4895,0,41.76345323510038,-5.419807642318692,-2.7026221686323697,34.589935798080404,76.08789727945903,1.3577391691891034,32.13740071721749,205377038.0,1764152.84,0,-0.13944955056694291,68.0,-32.0,100.0,76.459,75.7110289336436,74.68047337197062,-0.6471553402267882,-0.15910208452423547,0.4880532557025527
1631764800,2021-09-16,72.47,72.96,71.76,72.38,1223249.0,76.25699999999999,79.62639816584382,72.88760183415616,77.52033333333334,75.03633333333333,76.27833333333334,76.25699999999999,1.1999999999999886,78.23024999999998,74.28375,0,40.6529660925054,-5.286574195236858,-7.346763604038831,35.62648795031896,75.87379318430645,1.3464720856755952,31.955859226840808,204153789.0,1756025.44,0,-0.1388502253354557,64.0,-36.0,100.0,76.25699999999999,75.39378808282041,74.59025872993256,-0.704262094081002,-0.3922743618986999,0.3119877321823022
1631851200,2021-09-17,71.98,72.52,70.9,71.05,3800371.0,75.94800000000001,79.97343711912035,71.92256288087967,77.24766666666666,74.74666666666667,75.99716666666666,75.94800000000001,1.6199999999999903,77.93400000000001,73.962,0,37.110710973476195,-8.002071733782218,-12.752384110132692,32.58378359632215,75.24018966306565,1.3660097938416234,32.31327883657799,200353418.0,1791756.5,0,-0.23471796117363142,60.0,-40.0,100.0,75.94800000000001,74.98009397969466,74.45142505424893,-0.7908587438240826,-0.6765856975978011,0.11427304622628154
1632110400,2021-09-20,71.16,71.92,70.29,71.11,1571837.0,75.60249999999999,80.02395620808258,71.1810437919174,76.90883333333332,74.42283333333333,75.66583333333332,75.60249999999999,1.6299999999999955,77.57724999999999,73.62774999999999,0,37.36985845712099,-8.856703409382206,-16.798136669816813,28.903541526100298,74.96330939039369,1.38486623713865,32.97831424123179,201925255.0,1791609.68,0,-0.25131099038761745,56.00000000000001,-39.99999999999999,96.0,75.60249999999999,74.61151360067612,74.32038877761171,-0.8008904697643695,-0.8868400409791803,-0.08594957121481085
1632196800,2021-09-21,71.11,72.03,71.05,71.26,1246603.0,75.3065,80.04702433808667,70.56597566191333,76.6065,74.1335,75.37,75.3065,0.980000000000004,77.27074999999999,73.34225,0,38.04172961812166,-7.670380927701478,-19.71741634546137,26.338241402850088,74.65272928307894,1.3559472202001752,33.452560878235325,203171858.0,1793589.26,0,-0.2738596883429588,52.0,-40.0,92.0,75.3065,74.29232182918315,74.20037353143087,-0.7548379239960361,-1.029496976209856,-0.2746590522138199
1632283200,2021-09-22,71.49,71.49,70.4,70.76,1071332.0,74.99549999999999,80.0610403462999,69.92995965370008,76.30416666666666,73.84816666666667,75.07616666666667,74.99549999999999,1.0899999999999892,76.94699999999999,73.044,0,36.661755308642626,-8.080020784619379,-22.656922189467863,20.420036460868715,74.31768242666381,1.3369509901858763,34.2495496189754,202100526.0,1764918.6,0,-0.3156891056623574,48.0,-52.0,100.0,74.99549999999999,73.95591022640382,74.06545692235515,-0.7158080469656971,-1.1694191109209413,-0.4536110639552442
1632369600,2021-09-23,70.87,71.16,70.25,70.36,1307104.0,74.687,80.08196468941107,69.29203531058893,76.02233333333334,73.53133333333334,74.77683333333333,74.687,0.9099999999999966,76.65724999999999,72.71675,0,35.57502363314802,-8.062197830915983,-25.492640351045708,16.052758061975638,73.97846998146923,1.306454490886885,35.06927233165129,200793422.0,1753625.88,0,-0.3886786515155493,44.0,-56.0,100.0,74.687,73.61344258579393,73.92014488618437,-0.6752126155825117,-1.2976268334333838,-0.6224142178508721
1632456000,2021-09-24,70.15,70.81,70.15,70.52,1521325.0,74.389,80.00862952515487,68.76937047484512,75.72766666666666,73.22666666666666,74.47716666666666,74.389,0.6599999999999966,76.36675,72.41125,0,36.36919256188472,-7.792887029288713,-27.480431082398987,15.906408434417273,73.6153127656438,1.26027917010925,35.885686307122874,202314747.0,1720018.32,0,-0.3649389931413101,40.0,-56.0,96.0,74.389,73.3188290061945,73.78680587103989,-0.5984871667843794,-1.3705231763313463,-0.7720360095469669
1632715200,2021-09-27,70.57,71.32,69.41,69.52,1131462.0,74.046,79.96700126667716,68.12499873332285,75.482,72.841,74.1615,74.046,1.9099999999999966,76.12875,71.96325000000002,0,33.64094821360251,-8.98140874574496,-30.23331892490126,16.290819821166664,73.28063200534146,1.3066878008157319,37.03349889931831,201183285.0,1693309.92,0,-0.3483423168392407,36.0,-64.0,100.0,74.046,72.95703576750931,73.61948015060695,-0.5758026145480007,-1.491789277731968,-0.9159866631839672
1632801600,2021-09-28,69.11,69.49,68.54,69.15,1658631.0,73.6475,79.75710841625653,67.53789158374346,75.0925,72.4505,73.7715,73.6475,0.9799999999999898,75.73324999999998,71.56175,0,32.68597932040019,-10.334543568464728,-32.866498952249465,4.8380100801878285,72.53153859408023,1.2833529579003218,38.49175767317586,199524654.0,1671878.56,0,-0.4124535163968454,32.0,-68.0,100.0,73.6475,72.59446093250843,73.4442064192106,-0.546661512206462,-1.5993135534420446,-1.0526520412355826
1632888000,2021-09-29,69.35,70.37,69.11,70.06,1203904.0,73.308,79.42266303241583,67.19333696758419,74.75966666666667,72.07866666666668,73.41916666666665,73.308,1.2600000000000051,75.423,71.19300000000001,0,37.29431371377813,-8.835393623942736,-33.049933849020555,10.121688031198886,71.97872170798667,1.2816848894788706,38.60013150687547,200728558.0,1655160.34,0,-0.42031056159354935,28.000000000000004,-68.0,96.0,73.308,72.35308370084095,73.31149244198666,-0.4320686322301466,-1.5927378315232659,-1.1606691992931193
1632974400,2021-09-30,70.38,70.52,69.54,69.74,2341885.0,72.91299999999998,78.87604318280462,66.94995681719534,74.37766666666666,71.70166666666668,73.03966666666666,72.91299999999998,0.9799999999999898,75.01674999999997,70.80924999999999,0,36.37259641623469,-10.175167439464202,-33.54435092253246,19.3197237294182,71.54894397833803,1.260135968801808,38.50147289292605,198386673.0,1651920.24,-1,-0.4057721766590866,24.0,-68.0,92.0,72.91299999999998,72.10421858647514,73.17143391484993,-0.34743433631685283,-1.5949621196891854,-1.2475277833723326
1633060800,2021-10-01,70.17,70.54,69.6,69.81,1920913.0,72.48100000000001,78.0132180000424,66.94878199995762,73.97399999999999,71.284,72.62899999999999,72.48100000000001,0.9400000000000119,74.593,70.36900000000001,0,36.73264347160462,-11.01338432122371,-33.7928842462305,27.063045692887243,71.16788790408167,1.237269113887394,38.381895395992785,200307586.0,1661310.44,0,-0.41689696281517785,20.0,-68.0,88.0,72.48100000000001,71.88572157823941,73.03961297701268,-0.2603334081232913,-1.5729445435264466,-1.3126111354031553
1633320000,2021-10-04,70.26,72.85,70.07,72.44,2789656.0,72.207,77.14551435150217,67.26848564849782,73.76266666666666,70.87466666666667,72.31866666666666,72.207,3.039999999999992,74.48549999999999,69.9285,0,48.30229827958129,-7.032854209445589,-28.28721929343002,37.91668316731355,70.97119723979631,1.3660356057525793,35.710819599128214,203097242.0,1697147.76,0,-0.2784924303502849,16.0,-68.0,84.0,72.207,71.93850999935947,73.01609874262003,-0.012285845316026611,-1.3279684420481885,-1.315682596732162
1633406400,2021-10-05,72.32,72.85,71.98,72.24,1703914.0,72.01899999999999,76.64181256379631,67.39618743620368,73.50233333333333,70.71033333333334,72.10633333333334,72.01899999999999,0.8699999999999903,74.21799999999999,69.82,0,47.60543450662579,-4.947368421052638,-24.263203028699447,45.784996739621036,70.8872514515446,1.330604491055966,33.230534930611114,201393328.0,1704807.78,0,-0.24556552234579407,12.0,-68.0,80.0,72.01899999999999,71.9672233327538,72.9856634978114,0.1430609002137564,-1.1368564714649665,-1.2799173716787229
1633492800,2021-10-06,72.24,73.63,71.8,73.58,1884142.0,71.8065,75.66960380393708,67.94339619606292,73.24116666666666,70.53916666666666,71.89016666666667,71.8065,1.8299999999999983,73.93799999999999,69.67500000000001,0,52.44420209223974,-5.460619298471027,-18.503989037725365,52.23253002697066,70.97381364007167,1.3662755988376827,31.457527671135374,203277470.0,1711376.0,0,-0.1699206683357521,8.0,-68.0,76.0,71.8065,72.12082111058677,73.00897081162273,0.3301141738376616,-0.8672746543816459,-1.1973888282193075
1633579200,2021-10-07,73.61,74.25,72.73,73.43,1894492.0,71.6745,75.10167653469925,68.24732346530074,73.11383333333332,70.40883333333333,71.76133333333333,71.6745,1.519999999999996,73.72949999999999,69.6195,0,51.87964435312108,-3.4704877086893475,-14.224092334792443,64.84191483801905,71.09285186474071,1.3772559132064193,30.29375012718228,201382978.0,1714591.96,0,-0.057081909205584654,4.0,-68.0,72.0,71.6745,72.24550481434042,73.02548176018654,0.43139412725346693,-0.6581461691524737,-1.0895402964059406
1633665600,2021-10-08,73.43,73.92,72.75,72.85,959066.0,71.576,74.73895052126859,68.4130494787314,72.99166666666666,70.32266666666666,71.65716666666665,71.576,1.1700000000000017,73.60399999999998,69.548,0,49.70194752450049,-2.6329858326650615,-11.637825806362123,66.51576774296166,71.18004666092232,1.362451919405961,29.213099550654412,200423912.0,1701216.5,0,-0.09418222237814365,4.0,-64.0,68.0,71.576,72.30307578440325,73.01860012253216,0.44517893283326493,-0.5330666303643596,-0.9782455631976246
1633924800,2021-10-11,72.74,72.85,71.79,71.93,1298598.0,71.43100000000001,74.2287698261282,68.63323017387182,72.83533333333334,70.19633333333334,71.51583333333333,71.43100000000001,1.059999999999988,73.43650000000001,69.42550000000001,0,46.4466474459671,-3.875451022317241,-10.880917255847015,60.81093539881651,71.22320701476207,1.340848210876963,27.24744270290287,199125314.0,1670594.22,0,-0.10468764787519143,8.0,-56.0,64.0,71.43100000000001,72.26754475731722,72.97590992164855,0.38068819398899323,-0.5023853207113831,-0.8830735147003763
1634011200,2021-10-12,72.07,73.06,71.93,72.94,1670484.0,71.395,74.09389977583335,68.69610022416664,72.71766666666666,70.17366666666666,71.44566666666667,71.395,1.1299999999999955,73.32924999999999,69.46075,0,50.214794696966194,-0.9774640238935635,-8.541456274958978,66.4535287778563,71.34072250349315,1.325787624385751,25.61049073091172,200795798.0,1674646.22,0,-0.029874041906582535,4.0,-56.0,60.0,71.395,72.3315881137632,72.97450168942704,0.39281699721378116,-0.39205226818315,-0.7848692653969311
1634097600,2021-10-13,72.41,73.81,72.32,73.56,1746742.0,71.4345,74.23398906052395,68.63501093947605,72.75583333333333,70.15783333333334,71.45683333333332,71.4345,1.490000000000009,73.40474999999999,69.46425,0,52.37989614563344,1.0856122028308455,-5.669863889964802,72.59584761918607,71.52117831476673,1.3375170797867693,24.72937890069732,202542540.0,1671653.5,0,0.06137156564172106,4.0,-52.00000000000001,56.00000000000001,71.4345,72.44857972197623,72.99746240748874,0.4265494348490929,-0.251682471835565,-0.6782319066846579
1634184000,2021-10-14,73.95,74.9,73.67,74.8,1405251.0,71.55550000000001,74.69637551488329,68.41462448511673,72.86183333333332,70.26083333333334,71.56133333333334,71.55550000000001,1.3400000000000034,73.53625000000001,69.57475000000001,0,56.374087460087175,3.3434650455927075,-1.4268912939839375,78.8834494375497,71.76213517335518,1.3376944312305719,24.701975463569845,203947791.0,1667278.28,0,0.1037058275100614,8.0,-44.0,52.0,71.55550000000001,72.67252451035945,73.06815015621467,0.5106490610027433,-0.039920580431228814,-0.5505696414339721
1634270400,2021-10-15,74.83,75.0,73.49,73.71,1361725.0,71.6885,74.95524317937502,68.42175682062499,72.98516666666667,70.39516666666667,71.69016666666667,71.6885,1.5100000000000051,73.661,69.71600000000001,0,52.31398029587901,3.743842364532015,0.2160172280267402,77.89215363012062,71.97345081054813,1.35000197185696,24.479369351953164,202586066.0,1670137.04,0,0.10422286893121446,4.0,-44.0,48.0,71.6885,72.77133169984903,73.0933207383239,0.4720501945752447,0.039493101785083695,-0.432557092790161
1634529600,2021-10-18,73.11,73.25,72.49,72.85,1400602.0,71.7755,75.06855617929502,68.48244382070497,73.0295,70.5265,71.77799999999999,71.7755,1.2199999999999989,73.71724999999999,69.83375,0,49.361450860507944,2.4469132330192584,0.1944660725239109,78.46343477818661,72.23122676001266,1.34071611672432,23.254482147270434,201185464.0,1672536.02,0,0.08224689070521675,92.0,48.0,44.0,71.7755,72.77882391891103,73.08377874858571,0.37217187122108625,0.03265774623619677,-0.3395141249848895
1634616000,2021-10-19,74.05,74.05,73.01,73.49,1766305.0,71.887,75.25289423481979,68.52110576518021,73.136,70.627,71.88149999999999,71.887,1.2000000000000028,73.84525,69.92875000000001,0,51.50546284048136,3.129385349424627,1.1206496370249805,79.02693417559404,72.4441702772937,1.330664965529726,22.724330924263132,202951769.0,1687344.3,0,0.04937580312198116,88.0,48.0,40.0,71.887,72.84655497425284,73.09970899373921,0.3339987989463467,0.0779843736980439,-0.2560144252483028
1634702400,2021-10-20,73.68,74.32,73.18,73.61,1937959.0,72.0295,75.43357682051874,68.62542317948126,73.2795,70.7655,72.02250000000001,72.0295,1.1399999999999864,73.9915,70.0675,0,51.90734834639406,4.027699265121529,2.023385074359031,78.77277942271078,72.7946484017934,1.317046039420459,22.42604119564003,204889728.0,1705971.72,0,0.08854908565869382,84.0,48.0,36.0,72.0295,72.91926402432401,73.11972040574945,0.3025560421364901,0.12218062742230984,-0.18037541471418028
1634788800,2021-10-21,73.71,73.89,73.18,73.43,1140748.0,72.18299999999999,75.54875756702602,68.81724243297397,73.41499999999999,70.921,72.168,72.18299999999999,0.7099999999999937,74.13,70.23599999999999,0,51.23690807579182,4.363274587834007,2.471757360583747,73.13459629508024,73.06490125401261,1.273685608033283,22.14905787620429,203748980.0,1704142.68,0,0.1231450009504281,80.0,48.0,32.0,72.18299999999999,72.96790554581696,73.13188823297496,0.25714511237468063,0.1410559757541705,-0.11608913662051014
1634875200,2021-10-22,73.69,74.07,73.54,73.78,1078601.0,72.34599999999999,75.68950355166444,69.00249644833553,73.57366666666667,71.09266666666667,72.33316666666667,72.34599999999999,0.6399999999999864,74.29149999999998,70.4005,0,52.4928291584864,4.622802041973915,3.3517014647193193,71.05245107513899,73.26986119245623,1.228422350316619,22.033477068644178,204827581.0,1698070.2,0,0.035710900187614025,76.0,48.0,28.000000000000004,72.34599999999999,73.04524787478678,73.15730438070143,0.2385969944883364,0.18215710648991035,-0.05643988799842605
1635134400,2021-10-25,73.78,73.78,73.37,73.37,122693.0,72.5385,75.64385843341678,69.43314156658322,73.66983333333333,71.33883333333333,72.50433333333334,72.5385,0.4099999999999966,74.3715,70.7055,0,50.87703830767632,5.537974683544316,3.4170261054472815,68.13432019915649,73.35045439066839,1.1699636110082887,21.718155252398386,204704888.0,1668702.4,0,0.06719733037626646,72.0,48.0,24.0,72.5385,73.07617664861661,73.1656453853798,0.1888130543402355,0.1795764299268683,-0.009236624413367187
1635220800,2021-10-26,73.39,73.81,73.02,73.38,1313275.0,72.75,75.45361979575395,70.04638020424605,73.87899999999999,71.56400000000001,72.7215,72.75,0.7900000000000063,74.56875,70.93125,0,50.91582825318678,6.117136659435993,3.4860041285841534,60.320241678844596,73.38833925979928,1.1428233530791256,20.998209268583274,206018163.0,1664200.9,0,-0.030160029870578375,68.0,48.0,20.0,72.75,73.10511220589122,73.17405144869824,0.1484339380031361,0.1763057980905529,0.027871860087416836
1635307200,2021-10-27,73.84,73.95,72.6,73.0,1312378.0,72.89699999999999,75.30291022276238,70.4910897772376,74.05033333333333,71.72633333333333,72.88833333333334,72.89699999999999,1.3500000000000085,74.72249999999998,71.0715,0,49.3568430562331,4.196403083071649,2.9087336985956282,51.98908688541959,73.36545165507957,1.1576216850020458,19.838050584682897,204705785.0,1659539.02,0,-0.051908687620119805,64.0,48.0,16.0,72.89699999999999,73.09510151961587,73.16722590169046,0.09083912317207615,0.14142076405251203,0.050581640880435874
1635393600,2021-10-28,73.25,73.67,72.72,73.07,1191567.0,73.0635,74.98448178023439,71.14251821976562,74.20983333333334,71.88883333333334,73.04933333333334,73.0635,0.9500000000000028,74.88675,71.24025,0,49.65574581822209,4.774878118726697,2.539616498565195,51.34687106678765,73.36179777419177,1.142791564644757,18.760760378203976,205897352.0,1657366.06,0,-0.025577885440714335,60.0,48.0,12.0,73.0635,73.09271089870008,73.16341312123201,0.05398396539426513,0.11806159762326729,0.06407763222900216
1635480000,2021-10-29,72.8,73.44,72.13,72.42,1943528.0,73.19399999999999,74.45408571136744,71.93391428863254,74.36233333333334,72.00433333333334,73.18333333333334,73.19399999999999,1.3100000000000023,75.04499999999999,71.34299999999999,1,46.947351076474796,3.738719381177481,1.0960910022056725,49.63345946968517,73.37026571203235,1.1547350243129888,17.76397870475177,203953824.0,1660704.48,0,-0.03130021633639551,56.00000000000001,48.00000000000001,8.0,73.19399999999999,73.02864319406197,73.13425966549742,-0.014011727191224177,0.04656297323997194,0.060574700431196116
1635739200,2021-11-01,72.42,72.56,71.95,72.29,1193036.0,73.1865,74.46608235373594,71.90691764626405,74.27783333333333,72.13683333333333,73.20733333333334,73.1865,0.6099999999999994,74.85525,71.51774999999999,1,46.41438272327565,-0.20706791827718318,-0.33864325610852775,42.145138709504614,73.36485690028573,1.115825379719204,17.036373230456196,202760788.0,1630425.26,0,-0.094412382840698,52.0,48.0,4.0,73.1865,72.95829622319893,73.10115144332104,-0.06474413639312471,-0.020355470060209768,0.04438866633291494
1635825600,2021-11-02,72.72,72.95,71.5,72.12,1703968.0,73.18050000000001,74.47876769196205,71.88223230803797,74.2985,72.0995,73.19899999999998,73.18050000000001,1.4500000000000028,74.89275,71.46825000000001,1,45.70023067668527,-0.16611295681061786,-1.850779249604662,33.04392320507236,73.2712583192752,1.1396949954535467,16.840619040981416,201056820.0,1627807.22,0,-0.16920223858613362,48.0,40.0,8.0,73.18050000000001,72.87845848765618,73.06267491613198,-0.10440191886336354,-0.08611373224628949,0.018288186617074056
1635912000,2021-11-03,72.67,73.66,71.2,72.09,1444497.0,73.106,74.4731927442729,71.7388072557271,74.29566666666668,72.03366666666668,73.16466666666666,73.106,2.4599999999999937,74.8655,71.34649999999999,1,45.56998428129154,-2.0250067953248094,-3.186603755926249,33.03573410025027,73.11025572595364,1.234002495778293,15.76134168882503,199612323.0,1629358.84,0,-0.2521918233681648,44.0,40.0,4.0,73.106,72.8033672031175,73.02453080177386,-0.12586698733499888,-0.13904554755167453,-0.013178560216675662
1635998400,2021-11-04,72.01,72.28,70.57,71.5,1236807.0,73.0095,74.5348914251734,71.4841085748266,74.20416666666668,71.92316666666667,73.06366666666666,73.0095,1.710000000000008,74.78325,71.23575000000001,1,43.03113304662219,-2.6283535339779474,-5.419831923275767,33.336859480853576,72.93162317923459,1.2680023175084154,15.426436881665996,198375516.0,1619166.58,0,-0.19672916496113996,40.0,36.0,4.0,73.0095,72.67923699329678,72.96474528013567,-0.1702549961785827,-0.22599730543990404,-0.05574230926132134
1636084800,2021-11-05,71.66,72.56,71.53,72.0,1559889.0,72.967,74.55392280845432,71.38007719154568,74.14,71.873,73.0065,72.967,1.0600000000000023,74.7325,71.2015,1,45.72840861698312,-1.1667810569663615,-6.242055511239167,41.22756098825449,72.86243511808492,1.2531450091149574,14.770170069042573,199935405.0,1612479.46,0,-0.19837858556509558,36.0,-60.0,96.0,72.967,72.61454775583995,72.92691213189507,-0.15673446804828298,-0.2516603943216751,-0.09492592627339211
1636347600,2021-11-08,72.01,72.01,70.15,70.47,1463126.0,72.89399999999999,74.77254624643433,71.01545375356565,74.11433333333333,71.76733333333333,72.94083333333333,72.89399999999999,1.8599999999999994,74.7195,71.06849999999999,0,39.67738800052459,-2.029751146948433,-9.757551215208334,32.43511794025821,72.64459442383873,1.2964917941781748,15.417509455458772,198472279.0,1616595.18,0,-0.24579602937216477,32.0,-68.0,100.0,72.89399999999999,72.41030511242663,72.83056263652664,-0.23681938723679963,-0.39095016031939167,-0.15413077308259204
1636434000,2021-11-09,70.62,71.36,70.52,71.07,1700663.0,72.8005,74.83984768982452,70.76115231017548,74.01683333333332,71.69883333333334,72.85783333333333,72.8005,0.8900000000000006,74.608,70.993,0,42.80175104808511,-2.563751028242397,-11.234888331906676,31.313442295723476,72.37960679952494,1.267456666022591,16.018610314273815,200172942.0,1634732.38,0,-0.1945017780476802,28.000000000000004,-68.0,96.0,72.8005,72.28265700648124,72.76152096450598,-0.23490482034921456,-0.44776179851911024,-0.21285697816989568
1636520400,2021-11-10,71.42,72.03,70.96,71.43,1242919.0,72.69399999999999,74.78537658014825,70.60262341985172,73.90799999999999,71.63199999999999,72.77000000000001,72.69399999999999,1.0700000000000074,74.46999999999998,70.91799999999999,0,44.6135602007533,-2.8955954323001567,-11.610324124886079,37.84036374647017,72.249682030573,1.2533526184495491,15.731500662536094,201415861.0,1617337.5,0,-0.18335634553923866,24.0,-68.0,92.0,72.69399999999999,72.20145157729256,72.70930445609397,-0.1964757726573566,-0.45845169399159147,-0.26197592133423486
1636606800,2021-11-11,71.05,71.26,70.07,70.38,933123.0,72.473,74.56162730040397,70.38437269959603,73.71166666666667,71.43966666666667,72.57566666666666,72.473,1.3600000000000136,74.2505,70.6955,0,40.65940320598437,-5.909090909090912,-13.742946976131318,32.218721755495935,72.07344726902478,1.2609702885602965,16.220861749170435,200482738.0,1602006.34,0,-0.2036094951508443,20.0,-80.0,100.0,72.473,72.02797999850279,72.61795918330598,-0.22670976793551062,-0.5453631312536231,-0.3186533633181125
1636693200,2021-11-12,70.21,70.37,69.88,69.9,988325.0,72.2825,74.57056359177206,69.99443640822794,73.45983333333334,71.28983333333333,72.37483333333334,72.2825,0.5,73.98425,70.58075,0,38.996228152048616,-5.1689051689051535,-16.22822088123082,30.81657060895037,71.9602908701629,1.2066152679488467,16.824052146904325,199494413.0,1599966.5,0,-0.23526801265989625,16.0,-84.0,100.0,72.2825,71.82531523674062,72.51137254866653,-0.26150272653539464,-0.6455317714873559,-0.3840290449519612
1636952400,2021-11-15,70.41,71.3,70.03,71.22,1215058.0,72.201,74.51833381281007,69.88366618718992,73.38466666666667,71.16366666666667,72.27416666666667,72.201,1.3999999999999915,73.91624999999999,70.48575,0,45.45488103701071,-2.2374742621825607,-15.181893846221344,37.316694563221326,71.79069501737094,1.220428463095357,16.278102826855804,200709471.0,1601450.34,0,-0.17487564227316818,12.0,-84.0,96.0,72.201,71.76766616657484,72.46073048793451,-0.18186143815896472,-0.6113558426506671,-0.4294944044917024
1637038800,2021-11-16,71.39,71.64,70.99,71.11,1168716.0,72.08200000000001,74.3665445935663,69.79745540643371,73.25166666666668,71.06966666666668,72.16066666666667,72.08200000000001,0.6500000000000057,73.75600000000001,70.408,0,45.03662116010484,-3.2385358552183914,-14.552684670604107,43.787490584184944,71.66093711800332,1.1796835728742605,15.407551868034409,199540755.0,1591779.82,0,-0.18686605030260361,8.0,-84.0,92.0,72.08200000000001,71.70503129356771,72.40776066487825,-0.12551466893015967,-0.586387740654402,-0.46087307172424236
1637125200,2021-11-17,70.64,71.68,70.37,71.45,1043792.0,71.974,74.16155937062129,69.78644062937872,73.13333333333334,70.93433333333333,72.03383333333333,71.974,1.3100000000000023,73.66075000000001,70.28725,0,46.63430369174752,-2.9343839152289046,-13.306957941932268,44.20612180946469,71.53914749204958,1.1889918890975277,15.173812425868253,200584547.0,1553276.0,0,-0.13573248900339732,4.0,-84.0,88.0,71.974,71.68074259894222,72.37020142311832,-0.05771822172740254,-0.5330208488834955,-0.475302627156093
1637211600,2021-11-18,71.45,71.52,70.72,70.98,1040345.0,71.8515,73.97258722121299,69.73041277878701,73.0165,70.8085,71.9125,71.8515,0.7999999999999972,73.545,70.158,0,44.74184550189121,-3.3365109628217384,-13.10552110852618,46.52918682882706,71.39029866888693,1.16120675416199,14.956768658142538,199544202.0,1517717.8,0,-0.10248202160716943,24.0,-60.0,84.0,71.8515,71.61400520856678,72.31568372025093,-0.037860096168177204,-0.5226277473663146,-0.48476765119813736
1637298000,2021-11-19,71.39,71.84,71.16,71.53,1345404.0,71.739,73.66908704466745,69.80891295533256,72.90966666666667,70.68666666666665,71.79816666666667,71.739,0.8599999999999994,73.44900000000001,70.029,0,47.37256317080207,-3.0496069395500136,-11.741866110333325,53.62508043366731,71.34139559390236,1.139691986007562,14.37229789051243,200889606.0,1509936.14,0,-0.10262459498271634,20.0,-60.0,80.0,71.739,71.6060047125128,72.28487259396658,0.01609053026020074,-0.4646544883728865,-0.4807450186330872
1637557200,2021-11-22,71.47,73.11,71.45,72.23,1488363.0,71.68199999999999,73.47878156713416,69.88521843286581,72.91,70.562,71.736,71.68199999999999,1.6599999999999966,73.48575,69.87824999999998,1,50.52792888875411,-1.553768570260325,-9.14956863066819,62.71165501564621,71.33726506838882,1.176856844149879,14.155836632801833,202377969.0,1503262.62,0,-0.09507076078360764,16.0,-60.0,76.0,71.68199999999999,71.66543283513063,72.28272072753651,0.09811747076470312,-0.3580981801772083,-0.4562156509419114
1637643600,2021-11-23,72.28,72.96,71.81,72.67,1024313.0,71.6465,73.33231463986797,69.96068536013203,72.88183333333333,70.49783333333332,71.68983333333333,71.6465,1.1499999999999915,73.47725,69.81575000000001,1,52.41562835954305,-0.9675660943036166,-6.166630037334183,61.80632782427223,71.32327007545328,1.1749384981391728,13.954836893499136,203402282.0,1477651.44,0,-0.045385619135904116,12.0,-60.0,72.0,71.6465,71.76110589845153,72.29790814998606,0.17662589108361798,-0.23543328708738898,-0.41205917817100696
1637730000,2021-11-24,72.82,72.82,72.15,72.44,945829.0,71.61850000000001,73.23044633905512,70.0065536609449,72.81216666666668,70.49616666666665,71.65416666666667,71.61850000000001,0.6699999999999875,73.39825000000002,69.83875,1,51.337770919409756,-0.7671232876712359,-4.204619126804916,62.806755629716726,71.37734217683726,1.1388714625578025,13.768194278432347,202456453.0,1453170.3,0,-0.0598816373450578,8.0,-60.0,68.0,71.61850000000001,71.82576247955139,72.30348037939838,0.2056530291017573,-0.15499289179381037,-0.3606459208955677
1637902800,2021-11-26,72.13,72.83,72.0,72.26,1070005.0,71.578,73.07891438796261,70.0770856120374,72.76666666666667,70.46266666666666,71.61466666666666,71.578,0.8299999999999983,73.34875000000001,69.80725,1,50.48257989822794,-1.1085260708909104,-2.95920720665687,55.207720297855715,71.37955823864867,1.116809215232245,13.400690785010186,201386448.0,1450105.42,0,-0.07743861579232475,4.0,-60.0,64.0,71.578,71.86711843387982,72.30177526648079,0.20486676578376833,-0.10456246366585731,-0.30942922944962564
1638162000,2021-11-29,72.26,72.97,71.63,72.73,1370900.0,71.5935,73.13473684097974,70.05226315902027,72.75716666666668,70.45016666666666,71.60366666666667,71.5935,1.3400000000000034,73.3665,69.82050000000001,1,52.650499987023245,0.4280585473626102,-0.9768599725602438,63.78933111862623,71.51191168526739,1.1327514141442279,12.58683307953737,202757348.0,1401516.0,0,0.03309349698183956,8.0,-52.0,60.0,71.5935,71.94929763065318,72.31856839328547,0.2264498059941889,-0.02636697195688953,-0.25281677795107843
1638248400,2021-11-30,72.32,72.56,70.16,70.18,4124208.0,71.48800000000001,73.11079511953706,69.86520488046297,72.78166666666667,70.29566666666666,71.53866666666667,71.48800000000001,2.5700000000000074,73.40800000000002,69.56800000000001,1,42.119159122315175,-2.918799280675058,-4.350058221900707,46.815653539080955,71.44087600760649,1.2354120274196407,13.050772076703598,198633140.0,1452563.42,-1,-0.21226184552730387,4.0,-52.00000000000001,56.00000000000001,71.48800000000001,71.7807930944005,72.23470296609781,0.06767660401538617,-0.1682210229318457,-0.23589762694723188
1638334800,2021-12-01,70.49,72.04,69.98,70.29,1508881.0,71.3965,73.07194949192547,69.72105050807454,72.74116666666666,70.19416666666666,71.46766666666667,71.3965,2.0600000000000023,73.36225,69.43075,1,42.64013568343132,-2.5374376039933417,-6.6850243056259595,39.74594458448157,71.38624375689706,1.294311168318238,13.63496226764701,200142021.0,1457808.98,0,-0.25623744162201045,8.0,-44.0,52.0,71.3965,71.63881279969569,72.15844010468221,-0.02621650579368659,-0.2686682591893401,-0.24245175339565353
1638421200,2021-12-02,70.58,71.48,70.14,70.87,1671877.0,71.3355,72.99426429910741,69.67673570089258,72.61083333333333,70.17583333333333,71.39333333333333,71.3355,1.3400000000000034,73.21724999999999,69.45375,1,45.3693127902972,-1.6923290331530016,-7.311898328310189,46.57550570965494,71.37783052157911,1.297574656295507,14.177424587808748,201813898.0,1469819.88,0,-0.2169505171820573,4.0,-44.0,48.0,71.3355,71.565592533058,72.1079130417535,-0.04446794408578597,-0.29803668350288604,-0.25356873941710006
1638507600,2021-12-03,71.43,72.84,70.56,72.76,1878265.0,71.3985,73.16938988929105,69.62761011070894,72.6695,70.1775,71.4235,71.3985,2.280000000000001,73.323,69.474,1,53.03434817088672,1.7622377622377692,-4.06125710436545,53.57290674471575,71.50135209623018,1.3677478951315423,13.282131770772763,203692163.0,1481243.1,0,-0.08069567049072665,100.0,56.0,44.0,71.3985,71.67934562514772,72.1334850793318,0.06935061350125876,-0.16688047254052663,-0.2362310860417854
1638766800,2021-12-06,73.06,74.41,72.94,73.48,1965053.0,71.4725,73.44944587684975,69.49555412315024,72.7705,70.2345,71.5025,71.4725,1.6499999999999915,73.44125,69.50375,0,55.53603408744536,2.055555555555561,-0.30203679881446804,55.32397946637399,71.72934094571929,1.3879087597650028,13.785597500474468,205657216.0,1490117.66,0,-0.15104596691423242,100.0,60.0,40.0,71.4725,71.85083651799079,72.18628958602467,0.18515679827635415,-0.004785088196342713,-0.18994188647269686
1638853200,2021-12-07,73.17,74.62,72.97,74.47,1891525.0,71.6725,73.98427745468571,69.36072254531429,72.91716666666666,70.40216666666666,71.65966666666667,71.6725,1.6500000000000057,73.6255,69.7195,0,58.71865805428442,5.676174258549738,4.237374973358725,56.8991546648607,71.94826001053852,1.4066295626389316,14.404696344121215,207548741.0,1505318.92,0,-0.044022652244874755,100.0,64.0,36.0,71.6725,72.10028065913451,72.27584685716096,0.31294679713377155,0.20124160994451756,-0.11170518718925398
1638939600,2021-12-08,74.56,74.91,73.91,74.51,1698415.0,71.84450000000001,74.44520355865353,69.24379644134649,73.09816666666667,70.56716666666667,71.83266666666667,71.84450000000001,1.0,73.80575000000002,69.88325,0,58.84394679492042,4.8402982974532325,7.756712653478591,62.72272892106244,72.16775385456313,1.3775845938790081,15.190654514617663,209247156.0,1506114.6,0,-0.057433729914914806,100.0,68.0,32.0,71.84450000000001,72.32977773921694,72.36346070589974,0.38020900590975865,0.36355607019794434,-0.016652935711814323
1639026000,2021-12-09,74.56,75.22,73.54,74.66,1479880.0,72.006,74.87137536807886,69.14062463192114,73.27866666666668,70.68666666666667,71.98266666666667,72.006,1.6799999999999926,74.013,69.999,0,59.33116957179433,4.521909561808749,10.745903747735436,67.87414236347911,72.36170056980977,1.3991856943162213,15.474782643351997,210727036.0,1511634.12,0,-0.019814444120562134,100.0,72.0,28.000000000000004,72.006,72.55170366881532,72.45352107037425,0.41216094213841353,0.4985482419612026,0.08638729982278907
1639112400,2021-12-10,74.85,75.2,74.35,74.96,1177963.0,72.235,75.27096113281986,69.19903886718014,73.475,70.917,72.196,72.235,0.8500000000000085,74.20375,70.26625,0,60.3201112913484,6.507530548451262,13.584886099539768,67.72099988368177,72.53603912667968,1.3599581447222062,15.738615905748162,211904999.0,1488355.68,0,-0.003041638965260503,100.0,76.0,24.0,72.235,72.78106522416624,72.55181436173213,0.42893936172679326,0.6225615019812807,0.1936221402544874
1639371600,2021-12-13,74.81,76.6,74.58,76.14,2224859.0,72.547,75.83136356087336,69.26263643912664,73.83766666666666,71.12666666666667,72.48216666666666,72.547,2.019999999999996,74.62975,70.46424999999999,0,63.949682010234056,8.927038626609434,17.58354137612955,68.84621417206048,72.85263437102452,1.4071039915277626,17.01830741756583,214129858.0,1494434.6,0,0.05119683150099007,100.0,80.0,20.0,72.547,73.10096377424566,72.69252752401714,0.490509667153733,0.8067592241966537,0.3162495570429207
1639458000,2021-12-14,76.31,76.67,75.66,76.14,1348226.0,72.793,76.36717459002672,69.21882540997329,74.09,71.405,72.7475,72.793,1.0100000000000051,74.8465,70.7395,0,63.949682010234056,6.908171861836565,20.753521281168076,69.34408929142,73.0512014227964,1.3787394207043513,18.251885459282402,215478084.0,1465606.0,0,0.026930412045523884,96.0,80.0,16.0,72.793,73.39039579574607,72.8277225230753,0.5005042276544844,0.9418798416110263,0.44137561395654185
1639544400,2021-12-15,76.36,77.6,76.24,77.51,1917030.0,73.113,77.14396067953938,69.08203932046062,74.419,71.663,73.041,73.113,1.4599999999999937,75.22725,70.99875,0,67.74519582174233,9.000140627197307,25.12616552861312,74.34008886220398,73.38062485775275,1.3845437477968972,19.961984610449456,217395114.0,1469868.32,1,0.09658714970287474,100.0,88.0,12.0,73.113,73.78273905329407,73.01134124766058,0.5639376281008108,1.1462976490825554,0.5823600209817446
1639630800,2021-12-16,77.51,78.28,77.09,78.06,1426959.0,73.4435,77.93272833012449,68.95427166987551,74.74516666666666,72.00116666666666,73.37316666666666,73.4435,1.1899999999999977,75.54875,71.33825,0,69.11914088317161,9.251224632610215,29.25187803686045,78.88797759678779,73.66909362873751,1.3706477658114042,21.907214008324583,218822073.0,1460724.66,0,0.14582033539256894,100.0,92.0,8.0,73.4435,74.19009723869462,73.20932786539939,0.603924362214759,1.3372654737501932,0.7333411115354342
1639717200,2021-12-17,77.93,78.48,76.47,76.76,4226766.0,73.7325,78.29376681964476,69.17123318035524,75.11383333333333,72.24883333333334,73.68133333333333,73.7325,2.010000000000005,75.9285,71.5365,0,62.495720853473316,8.143138912369682,29.623246866369822,65.74638720058668,74.25633069325232,1.4163157825391615,22.890162608079937,214595307.0,1507370.14,-1,-0.004964208521476829,96.0,92.0,4.0,73.7325,74.43484988262847,73.34856990989354,0.5076798655862748,1.3679409435182777,0.8602610779320029
1639976400,2021-12-20,76.26,77.07,75.59,76.99,1285750.0,74.00550000000001,78.6594337124622,69.35156628753782,75.40583333333333,72.46083333333333,73.93333333333332,74.00550000000001,1.4799999999999898,76.248,71.76300000000002,0,63.15329317242659,7.6331609115056525,30.18351172535816,72.38099882752537,74.89895376119325,1.4208646552149349,22.766954557385514,215881057.0,1513903.82,0,0.19689719246834725,92.0,48.0,44.0,74.00550000000001,74.67819751285433,73.49137108989771,0.4275774888499928,1.394732938994494,0.9671554501445012
1640062800,2021-12-21,77.43,77.84,76.05,76.38,1084561.0,74.21300000000001,78.90171453598875,69.52428546401127,75.63699999999999,72.679,74.15799999999999,74.21300000000001,1.7900000000000063,76.46525000000001,71.96075,0,60.206274752688245,5.7455350962203955,29.29366006847977,77.65495809901124,75.22513411366194,1.4472314655567258,23.16787766806609,214796496.0,1509623.08,0,0.21484354166403533,88.0,48.0,40.0,74.21300000000001,74.84027394020153,73.60465065499977,0.3072104058947631,1.351168457512955,1.0439580516181919
1640149200,2021-12-22,76.26,76.92,76.07,76.72,1368759.0,74.4155,79.16953607474659,69.6614639252534,75.8265,72.8985,74.3625,74.4155,0.8500000000000085,76.64524999999999,72.18575,0,61.26673984632727,5.573138846841884,28.993073658521553,71.94226663622499,75.5930734455644,1.4045720751598174,23.540163413698053,216165255.0,1503588.58,0,0.24047177310635193,84.0,48.0,36.0,74.4155,75.01929546970615,73.7268212175488,0.22784261249365612,1.3287613172352621,1.100918704741606
1640235600,2021-12-23,76.74,77.35,76.59,76.8,955350.0,74.6335,79.40502082673773,69.86197917326227,76.05316666666667,73.11616666666667,74.58466666666666,74.6335,0.7599999999999909,76.87,72.39699999999999,0,61.520717909060224,6.018774157923799,28.84815051299529,70.99180872252391,75.92195160752757,1.3585312126484013,24.172105829328167,217120605.0,1487760.74,0,0.15931475039101467,80.0,48.0,32.0,74.6335,75.18888637735319,73.8473380325469,0.1612210783816943,1.3024450527187241,1.1412239743370298
1640581200,2021-12-27,77.11,77.17,76.28,76.61,993987.0,74.851,79.56616659302635,70.13583340697365,76.27233333333334,73.32933333333332,74.80083333333333,74.851,0.8900000000000006,77.092,72.61,0,60.528488733939916,6.01992803764184,28.30600096355128,65.5255819641194,76.15172705711387,1.3250646974592297,24.36521067657344,216126618.0,1479535.46,0,0.17747645487303199,76.0,48.0,28.000000000000004,74.851,75.32423053189098,73.95567771754506,0.08848283888102682,1.2518275229383136,1.1633446840572867
1640667600,2021-12-28,76.63,77.4,76.49,77.33,653215.0,75.08099999999999,79.80863746494923,70.35336253505075,76.48233333333334,73.58233333333332,75.03233333333333,75.08099999999999,0.9100000000000108,77.28974999999998,72.87225,0,62.914384050521,6.324762821394189,28.769237062662846,63.67228061800715,76.36390000253338,1.2954172190692856,24.712680848141073,216779833.0,1465365.26,0,0.1419884021836306,72.0,48.0,24.0,75.08099999999999,75.51525619552041,74.0880040815629,0.07359622943787869,1.2553399708546351,1.1817437414167564
1640754000,2021-12-29,77.41,77.83,77.06,77.8,756149.0,75.462,79.75671116607293,71.16728883392707,76.73066666666666,73.99366666666667,75.36216666666667,75.462,0.769999999999996,77.53575000000001,73.38825,0,64.39329221509526,10.857794243374167,29.740238236697518,62.133333616545954,76.56337265637019,1.2578874177071935,25.343051880774343,217535982.0,1452476.2,0,0.1654979226942252,68.0,48.0,20.0,75.462,75.73285084356608,74.2335725489526,0.07962812496014915,1.281278897616943,1.2016507726567938
1640840400,2021-12-30,78.08,78.5,77.33,78.26,917349.0,75.8605,79.60552056069008,72.11547943930992,77.04916666666666,74.40116666666667,75.72516666666667,75.8605,1.1700000000000017,77.8675,73.8535,0,65.79842754059405,11.338739507753589,31.110909607274166,61.196529295205686,76.78161690700865,1.2516097450138228,26.368374764678517,218453331.0,1435497.08,0,0.17242153994573767,100.0,84.0,16.0,75.8605,75.97353171560741,74.39147166467994,0.097635466963377,1.323695106361015,1.226059639397638
1640926800,2021-12-31,78.19,78.53,77.47,78.12,1218349.0,76.223,79.31162493676253,73.13437506323747,77.39566666666667,74.77566666666667,76.08566666666667,76.223,1.0600000000000023,78.209,74.237,0,64.97695642913686,10.22999858896571,31.894215889731953,61.367859645267544,76.96928786998649,1.2379233346556926,27.3396243127574,217234982.0,1421104.88,0,0.16045375866291384,96.0,84.0,12.0,76.223,76.17795726650193,74.53768846214348,0.08369168292494611,1.3306742430538208,1.2469825601288747
1641186000,2022-01-03,77.86,78.01,75.89,76.53,1785869.0,76.4115,79.06062268496407,73.76237731503593,77.6255,75.0215,76.3235,76.4115,2.230000000000004,78.39375000000001,74.42925,0,56.538440257283625,5.1814183617372125,28.685606513189192,51.653711411640316,77.08847359198136,1.3087859536088577,26.226989841291477,215449113.0,1434007.3,-1,0.06773141043632501,92.0,84.0,8.0,76.4115,76.2114851458827,74.61581832637314,-0.04227385453000698,1.194140241966366,1.236414096496373
1641272400,2022-01-04,76.33,77.56,75.86,75.9,2343076.0,76.5325,78.83312491510267,74.23187508489733,77.7785,75.1515,76.465,76.5325,1.7000000000000028,78.5185,74.5465,0,53.633338346303276,3.293413173652697,24.681429020231903,42.84308247674753,77.07590327420883,1.336729814065368,25.161072024529687,213106037.0,1459296.8,-1,-0.03896300990139004,88.0,84.0,4.0,76.5325,76.18181989389387,74.66617839200558,-0.1704878272522916,1.0233043124310086,1.1937921396833002
1641358800,2022-01-05,75.7,77.61,75.7,76.62,1535544.0,76.64,78.73699785407405,74.54300214592595,77.92266666666667,75.26966666666667,76.59616666666668,76.64,1.9099999999999966,78.6455,74.6345,0,56.33258969641366,2.8870686182355385,22.521401011636495,41.754822889378914,77.03978093699999,1.3776776844892702,23.988233385654183,214641581.0,1487553.82,0,-0.12335735199235795,84.0,80.0,4.0,76.64,76.22355133257065,74.74279884722104,-0.20684746492878814,0.9352328085223149,1.142080273451103
1641445200,2022-01-06,76.72,77.13,76.01,76.33,1361138.0,76.73100000000001,78.59543449871299,74.86656550128703,78.031,75.366,76.6985,76.73100000000001,1.1199999999999903,78.7455,74.71650000000001,1,54.97568286891556,2.4426251509864354,20.168685509368142,34.89460788310845,76.94960173199775,1.3592721355971789,22.89916893526979,213280443.0,1488511.08,0,-0.19612989478169154,80.0,76.0,4.0,76.73100000000001,76.23368930089725,74.80504202968297,-0.24771294586662673,0.8324390911178199,1.0801520369844466
1641531600,2022-01-07,76.38,77.48,75.73,76.99,1303518.0,76.8475,78.45293919224338,75.24206080775662,78.14750000000001,75.4755,76.8115,76.8475,1.75,78.86725,74.82775,1,57.432061237927535,3.1208143584248575,19.26197232572438,48.15725868011801,76.8644625803805,1.3871812687688088,22.247654593147477,214583961.0,1488333.88,0,-0.024896058153291545,76.0,72.0,4.0,76.8475,76.305718891288,74.89072665596991,-0.22806899749264398,0.7950657901186418,1.0231347876112857
1641790800,2022-01-10,76.08,76.92,75.7,76.41,1993820.0,76.91999999999999,78.29191836491498,75.548081635085,78.24133333333334,75.53233333333334,76.88683333333333,76.91999999999999,1.289999999999992,78.97274999999999,74.86724999999998,1,54.67287815006219,1.9343649946638248,17.28100522350081,46.3118825492489,76.82972290382415,1.3802397495710361,21.601483588878022,212590141.0,1504378.94,0,-0.06880607873043584,72.0,68.0,4.0,76.91999999999999,76.31565042545105,74.95030600279463,-0.2501427670772973,0.7104563287646641,0.9605990958419615
1641877200,2022-01-11,76.47,76.81,73.7,74.38,2137888.0,76.83200000000001,78.5697640806482,75.09423591935182,78.25533333333333,75.43733333333333,76.84633333333333,76.83200000000001,3.1099999999999994,78.96650000000001,74.6975,1,46.451087067789274,-2.3115313895455807,11.513044543830727,38.281154134420255,76.62733749220077,1.5037940531731049,21.272966284323655,210452253.0,1508266.14,-1,-0.09187837668040573,68.0,-32.0,100.0,76.83200000000001,76.13130276588429,74.92794106150858,-0.3891727371658741,0.4741331743846189,0.863305911550493
1641963600,2022-01-12,74.02,75.32,73.61,75.12,1788041.0,76.78099999999999,78.65178486202745,74.91021513797253,78.21666666666667,75.32866666666666,76.77266666666665,76.78099999999999,1.7099999999999937,78.96799999999999,74.594,1,49.37250070842701,-1.3396375098502706,8.296875543737292,37.55252150965101,76.45525485473303,1.5185230493750255,21.043591181027633,212240294.0,1520166.24,0,-0.057250332250030435,64.0,-32.0,96.0,76.78099999999999,76.03498821675245,74.93547278458668,-0.41655847497954335,0.34260781782606387,0.7591662928056072
1642050000,2022-01-13,75.35,75.81,74.51,75.62,1328958.0,76.6865,78.59107633083873,74.78192366916126,78.1235,75.2415,76.6825,76.6865,1.2999999999999972,78.86149999999999,74.5115,1,51.263584018307164,-2.4383950458005423,6.629149360141392,38.634277158039716,76.35806339289869,1.502914260133952,20.243384852961032,213569252.0,1512666.04,0,0.01180980564248431,60.0,-32.0,92.0,76.6865,75.9954655294427,74.9623169891127,-0.386898983573182,0.27554256333912974,0.6624415469123117
1642136400,2022-01-14,75.54,75.71,74.36,75.03,1435852.0,76.535,78.46038307876412,74.60961692123587,77.99266666666668,75.09466666666667,76.54366666666667,76.535,1.3499999999999943,78.722,74.348,1,48.990605183171084,-3.881629515757111,4.272743510127208,37.85766716892552,76.24965495594434,1.4919918129815264,19.644854006728888,212133400.0,1512493.14,0,0.023533211825174313,56.00000000000001,-31.999999999999993,88.0,76.535,75.90351643140055,74.96497122483376,-0.3917188797069965,0.1727929472785661,0.5645118269855626
1642482000,2022-01-18,74.57,74.79,72.92,74.53,1771726.0,76.4235,78.53329880557159,74.31370119442842,77.82783333333333,74.94383333333334,76.38583333333334,76.4235,2.1099999999999994,78.618,74.22900000000001,1,47.12660080165797,-2.9051589369463313,1.5569959171385515,32.945705519134876,76.04750441979714,1.5361352549114173,20.27459440286091,210361674.0,1523191.52,0,0.05582559746496632,52.0,-32.0,84.0,76.4235,75.77270534269573,74.94791352974224,-0.41126072474740766,0.05043592105130301,0.46169664579871067
1642568400,2022-01-19,74.34,75.46,74.2,74.59,1222509.0,76.3035,78.53997289274682,74.06702710725318,77.72683333333333,74.86483333333334,76.29583333333333,76.3035,1.259999999999991,78.4815,74.1255,0,47.37949958448689,-3.1172879594752456,-0.4910166447388695,34.25123058764328,75.92410990480019,1.5164113081320298,20.06819306606192,211584183.0,1516443.92,0,0.002131579692693154,48.0,-32.0,80.0,76.3035,75.66006673862947,74.93387770504646,-0.4023303482234612,-0.04121628948061584,0.36111405874284536
1642654800,2022-01-20,74.89,75.37,74.32,74.42,1285623.0,76.2055,78.5870413076391,73.8239586923609,77.58716666666666,74.79916666666666,76.19316666666667,76.2055,1.0500000000000114,78.328,74.083,0,46.71311884309618,-2.566116784498552,-2.4320500552358983,29.563497666438522,75.76857914550214,1.4830962146940283,19.876534681891428,210298560.0,1512893.86,0,-0.06816578983132718,44.0,-32.0,76.0,76.2055,75.54196514447428,74.91372563818189,-0.3897833503471045,-0.12611512919103518,0.2636682211560693
1642741200,2022-01-21,75.07,75.96,74.51,74.8,2213046.0,76.1095,78.5542942653711,73.6647057346289,77.54316666666668,74.69516666666667,76.11916666666666,76.1095,1.539999999999992,78.28375,73.93525,0,48.42008024156335,-2.5026068821689282,-3.3304160504744234,32.381986127149005,75.58696595017027,1.4871607707873113,19.01998842553806,212511606.0,1523141.52,0,-0.13350383848240266,40.0,-32.0,72.0,76.1095,75.47130179738149,74.90926580923359,-0.339639148434039,-0.16088071438647944,0.17875843404755956
1643000400,2022-01-24,75.1,75.63,72.16,73.97,3182830.0,75.96799999999999,78.55972992419954,73.37627007580043,77.529,74.41,75.96950000000001,75.96799999999999,3.469999999999999,78.34549999999999,73.59049999999999,0,45.09855957197682,-3.6848958333333313,-5.469811831503181,30.687628146313614,75.2862119566075,1.6287921443025033,19.920144204042924,209328776.0,1561939.74,0,-0.09207626484235418,36.0,-64.0,100.0,75.96799999999999,75.32832067382134,74.87243185593032,-0.34500365623145557,-0.2524961362417599,0.09250751998969567
1643086800,2022-01-25,73.36,74.07,72.62,73.47,1659162.0,75.811,78.60098853044086,73.02101146955916,77.392,74.217,75.80449999999999,75.811,1.4499999999999886,78.2305,73.39150000000001,0,43.21859192851941,-4.098681634251404,-8.030422698444742,31.655833389266803,75.04446340833509,1.6160212768523237,20.756003141226014,207669614.0,1576460.52,0,0.009325004795867111,32.0,-68.0,100.0,75.811,75.15133775250503,74.81743452824676,-0.3630325693503668,-0.36128319169826284,0.0017493776521039645
1643173200,2022-01-26,73.58,74.15,72.32,72.68,2128519.0,75.5785,78.58964114581028,72.56735885418973,77.23683333333334,73.96983333333334,75.60333333333334,75.5785,1.8300000000000125,78.06700000000001,73.09,0,40.41651503695203,-6.013190223716529,-11.37702212908613,24.667673559412947,74.77442398165773,1.631305471362873,21.711651480827207,205541095.0,1599264.4,0,-0.04066251827938772,28.000000000000004,-72.0,100.0,75.5785,74.91597225226644,74.73361356635473,-0.4057338788050632,-0.505417970854225,-0.09968409204916183
1643259600,2022-01-27,73.26,74.52,72.96,73.62,1267443.0,75.36949999999999,78.31439032053684,72.42460967946313,77.08316666666667,73.73716666666667,75.41016666666665,75.36949999999999,1.8399999999999892,77.93824999999998,72.80075,0,44.89162963081353,-5.3727506426735125,-12.166924257497474,29.874669437823314,74.62486628974912,1.6462122234083814,22.15313299066795,206808538.0,1600312.1,0,-0.02510587104828877,24.0,-72.0,96.0,75.36949999999999,74.79254632347916,74.68994244610553,-0.3503315871112229,-0.5375985759381905,-0.18726698882696757
1643346000,2022-01-28,73.19,75.02,72.74,74.88,2834932.0,75.2005,77.83395001851028,72.56704998148973,76.94783333333334,73.49083333333333,75.21933333333332,75.2005,2.280000000000001,77.8525,72.5485,1,50.17207053947991,-4.318936877076425,-10.303136296495731,33.83345775026706,74.47572188443411,1.6914827788792113,21.983601599321606,209643470.0,1633636.42,0,0.049242931649378506,20.0,-72.0,92.0,75.2005,74.80087524505257,74.69739568351316,-0.21512400950513955,-0.45617200070839203,-0.2410479912032525
1643605200,2022-01-31,74.44,77.05,74.32,76.84,2938541.0,75.1365,77.5347433154273,72.73825668457269,76.93283333333332,73.30883333333334,75.12083333333334,75.1365,2.730000000000004,77.91375,72.35925,1,56.92967392971188,-1.6385048643113174,-5.228716280319059,43.67412786851915,74.511065442989,1.7656625803878394,20.858210572440964,212582011.0,1671531.4,0,0.12694382375574745,16.0,-72.0,88.0,75.1365,74.99507760266661,74.78141938219893,0.008178846392541766,-0.2308244332125753,-0.23900327960511705
1643691600,2022-02-01,76.56,77.16,74.79,75.53,2315770.0,75.0865,77.40688164964124,72.76611835035877,76.89616666666667,73.24716666666667,75.07166666666667,75.0865,2.3699999999999903,77.87424999999999,72.29875000000001,1,51.97092704294994,-1.3066771200836274,-3.515341836034569,43.346114080671576,74.58704306316687,1.8088295389315643,19.89701125076939,210266241.0,1697039.9,0,0.13829720175219973,12.0,-72.0,84.0,75.0865,75.04602259288883,74.81077548485781,0.06628980940850152,-0.1561410178444902,-0.2224308272529917
1643778000,2022-02-02,75.45,76.49,75.14,76.14,2314946.0,75.0985,77.4379894742212,72.7590105257788,76.85283333333334,73.23883333333333,75.04583333333333,75.0985,1.3499999999999943,77.86,72.337,1,53.93752441091491,0.3162055335968312,-1.2380177909812604,50.902035034901374,74.6917485770626,1.776056000436452,19.004469023502928,212581187.0,1716430.74,0,0.12653901773063794,8.0,-72.0,80.0,75.0985,75.15021091737562,74.86290193643202,0.14019424820509072,-0.047188016996628335,-0.18738226520171905
1643864400,2022-02-03,76.13,76.65,75.37,75.62,2206311.0,75.0485,77.29674620537695,72.80025379462306,76.78316666666667,73.23216666666666,75.00766666666667,75.0485,1.2800000000000011,77.76275,72.33425000000001,1,52.02599260895655,-1.3051422605063951,-0.3185900606935541,44.6563165865289,74.75414490216389,1.7406234289767055,18.31240088360993,210374876.0,1730789.7,0,0.043279260919807896,4.0,-72.0,76.0,75.0485,75.1949527347684,74.89259205657196,0.14769004768349941,-0.002769705597344796,-0.1504597532808442
1643950800,2022-02-04,74.96,76.15,74.09,75.34,2723394.0,74.999,77.17462772550633,72.82337227449366,76.76533333333333,73.12033333333333,74.94283333333334,74.999,2.0600000000000023,77.78375,72.21424999999999,1,51.00150989707974,-1.2969998689899056,-0.04264729756102477,42.72876309727421,74.7805948083878,1.7634360411926553,17.519326113044094,207651482.0,1764771.32,0,0.061127666268462,4.0,-68.0,72.0,74.999,75.20876676002857,74.91013746611816,0.1281488802144869,0.009726346987264378,-0.1184225332272225
1644210000,2022-02-07,75.24,76.17,74.51,75.98,1817907.0,74.9485,76.97897063509716,72.91802936490284,76.70183333333333,73.06583333333333,74.88383333333334,74.9485,1.6599999999999966,77.72649999999999,72.1705,1,53.21797848532838,-1.3118586829458254,1.1612704055435572,48.70574699467358,74.86847082375915,1.756047752536037,16.763470011154713,209469389.0,1782212.88,0,0.06510904898716206,20.0,-48.0,68.0,74.9485,75.28221754478774,74.95209285960372,0.15110601943727414,0.07045999106937018,-0.08064602836790397
1644296400,2022-02-08,76.28,76.42,75.27,75.35,2222428.0,74.8955,76.82335346953337,72.96764653046662,76.66516666666666,73.03616666666667,74.85066666666667,74.8955,1.1500000000000057,77.663,72.128,1,50.83521718950692,-1.3872529773589874,1.1254658512315896,50.39586493976263,74.93109838575513,1.712758627354892,15.80933218100063,207246961.0,1805261.34,0,0.016489143400666033,16.0,-48.0,64.0,74.8955,75.2886730167127,74.96769706118789,0.11810398856019524,0.06698395733234008,-0.051120031227855155
1644382800,2022-02-09,75.88,76.05,74.72,75.01,2207335.0,74.92699999999999,76.84066768274741,73.01333231725258,76.591,73.14,74.8655,74.92699999999999,1.3299999999999983,77.56099999999999,72.29299999999999,1,49.5742803190166,0.8470018822264179,0.565824108859126,48.924996351024674,74.96290402062935,1.6854187254009712,15.424049345368946,205039626.0,1821990.04,0,0.00964630700687721,12.0,-48.0,60.0,74.92699999999999,75.26213272940673,74.96935599996483,0.0699957945928433,0.03637471201319897,-0.03362108257964433
1644469200,2022-02-10,74.05,74.2,72.45,72.72,2477538.0,74.807,76.94504677217127,72.66895322782874,76.515,73.06,74.7875,74.807,2.5600000000000023,77.50475,72.10925,1,42.160098422802605,-3.1948881789137453,-3.352978051801958,41.74398592352556,74.8130799769077,1.747888816443759,16.626899255571526,202562088.0,1789056.64,0,-0.0023598749507865737,8.0,-48.00000000000001,56.00000000000001,74.807,75.02002485041561,74.88114596075053,-0.1096627177406946,-0.17069947975551258,-0.06103676201481799
1644555600,2022-02-11,72.98,73.22,71.96,72.23,2063925.0,74.6375,77.01495977883792,72.26004022116209,76.37083333333334,72.91983333333334,74.64533333333333,74.6375,1.2600000000000051,77.33225,71.94275,1,40.786192561971404,-4.482941020893945,-7.056385048091318,43.279058981784466,74.74914354916899,1.7130396152692051,18.00342059027493,200498163.0,1800157.52,0,-0.04468478707936959,4.0,-96.0,100.0,74.6375,74.75430819799509,74.7771794524858,-0.24723468659682696,-0.3700801202608517,-0.12284543366402473
1644814800,2022-02-14,72.08,72.38,70.15,70.59,4501117.0,74.4155,77.36521507098433,71.46578492901565,76.21516666666666,72.67616666666666,74.44566666666667,74.4155,2.2299999999999898,77.17625,71.65474999999999,0,36.58578093082675,-5.917632946821269,-12.10519492396647,39.890062634185234,74.32484389486225,1.7499653570356897,20.086975886908306,195997046.0,1856742.32,-1,-0.1294570601912776,60.0,-40.0,100.0,74.4155,74.35770741723364,74.61297633670203,-0.424042690947943,-0.6528987973489535,-0.22885610640101048
1644901200,2022-02-15,70.84,71.13,70.17,70.55,3292849.0,74.2165,77.61182192877085,70.82117807122914,75.9965,72.5485,74.27250000000001,74.2165,0.9599999999999937,76.89099999999999,71.542,0,36.48930104750117,-5.340131490674901,-16.02762767317089,38.710594871068984,74.05492516643818,1.6935392601045685,22.021705805210726,192704197.0,1885034.0,-1,-0.10797627157785541,56.00000000000001,-43.99999999999999,100.0,74.2165,73.99506861559234,74.45364393134118,-0.5130997732935844,-0.8702308230179909,-0.35713104972440657
1644987600,2022-02-16,70.51,70.82,69.63,70.11,2621152.0,73.9925,77.82294057518094,70.16205942481908,75.76483333333333,72.32383333333334,74.04433333333334,73.9925,1.1899999999999977,76.66175000000001,71.32325,0,35.408124918027056,-6.006167046520986,-19.635703623334578,33.94576018465894,73.7897380288463,1.6575721700970991,24.0347113919705,190083045.0,1898155.98,-1,-0.11250440317001506,52.0,-48.0,100.0,73.9925,73.62506208077403,74.28330495364152,-0.5668453656819523,-1.065687756826847,-0.4988423911448947
1645074000,2022-02-17,69.05,71.05,67.84,70.65,4175537.0,73.804,77.89399462102244,69.71400537897756,75.63,71.973,73.8015,73.804,3.2099999999999937,76.63525,70.97275,0,37.789416923807536,-5.06584251545283,-21.55617135020662,25.377550587969765,73.32337353027754,1.76845987223302,26.50853664082998,194258582.0,1943836.22,0,-0.09141220147043136,48.0,-48.0,96.0,73.804,73.34172283498603,74.1408224064399,-0.5318077017082568,-1.1636020182802156,-0.6317943165719588
1645160400,2022-02-18,69.87,71.14,69.82,71.11,2639682.0,73.6195,77.84383651595047,69.39516348404953,75.4035,71.7595,73.5815,73.6195,1.3200000000000074,76.43425,70.80475,0,39.780158277390214,-4.933155080213901,-22.273314136453138,24.3717961341694,72.92362933729638,1.7364270242163762,28.702298014195872,196898264.0,1962661.56,0,-0.09125468834205598,44.0,-48.0,92.0,73.6195,73.1291778030826,74.02196662579519,-0.44685246068638396,-1.1903598924299388,-0.7435074317435548
1645506000,2022-02-22,71.24,71.42,70.34,70.76,2067162.0,73.459,77.85817674116336,69.05982325883664,75.13,71.72500000000001,73.4275,73.459,1.0799999999999983,76.0945,70.82350000000001,0,38.786096785151706,-4.339597133973224,-23.250542309813905,30.03491954787407,72.6281675889182,1.689539379629492,30.4063878168829,194831102.0,1974407.2,0,-0.08087253327959368,40.0,-48.0,88.0,73.459,72.90354182183664,73.8940463659601,-0.3857371840965903,-1.2256789118642928,-0.8399417277677025
1645592400,2022-02-23,69.81,70.21,68.38,68.43,2942686.0,73.20700000000001,78.12196531015152,68.29203468984849,74.93,71.487,73.2085,73.20700000000001,2.3800000000000097,75.91225,70.50175000000002,0,33.00635335598089,-6.859942833809709,-26.613901408648406,23.317644524732344,72.14646207130605,1.7388579953702432,32.60780039587866,191888416.0,2009701.66,0,-0.1821849456651146,36.0,-64.0,100.0,73.20700000000001,72.47749021975696,73.67977003788323,-0.46824790043279385,-1.4252516033086948,-0.957003702875901
1645678800,2022-02-24,68.39,68.71,67.51,68.49,2408740.0,72.9975,78.32439356003975,67.67060643996025,74.65783333333333,71.27783333333335,72.96783333333333,72.9975,1.1999999999999886,75.6555,70.3395,0,33.27587094984126,-5.764997248211353,-29.12219950091113,23.34364661557568,71.6838217508076,1.700368138558082,34.874402045991694,194297156.0,2013379.28,0,-0.10601159630397461,32.0,-64.0,96.0,72.9975,72.09772924644678,73.47624964424075,-0.48286381033820547,-1.5605834657986577,-1.0777196554604522
1645765200,2022-02-25,69.13,70.6,68.7,70.25,3473892.0,72.82900000000001,78.27826380348696,67.37973619651305,74.48233333333333,71.06833333333333,72.77533333333335,72.82900000000001,2.1099999999999994,75.50725,70.15075000000002,0,40.64850952752954,-4.577560445531112,-27.833206701485192,31.77404272633588,71.27448010906676,1.7296275572325046,35.12235482935181,197771048.0,2055892.6,0,-0.06253130971311256,28.000000000000004,-64.0,92.0,72.82900000000001,71.92175503249946,73.34973005034895,-0.34456780797779896,-1.5084294154327011,-1.1638616074549022
1646024400,2022-02-28,69.68,70.41,69.47,70.24,4994824.0,72.59700000000001,78.07225743686936,67.12174256313065,74.20666666666666,70.92666666666668,72.56666666666668,72.59700000000001,0.9399999999999977,75.17475,70.01925000000001,0,40.62166464708454,-6.196581196581198,-26.840695550944492,36.62924511880971,70.94316760059138,1.6732255888587542,35.35259669961478,192776224.0,2117448.48,0,-0.015367229522574568,24.0,-64.0,88.0,72.59700000000001,71.76158788654713,73.22777985229605,-0.22985121159620325,-1.4511756219501564,-1.2213244103539531
1646110800,2022-03-01,70.31,70.75,68.49,69.07,3354047.0,72.2085,77.52470644821037,66.89229355178963,73.8515,70.6185,72.23499999999999,72.2085,2.260000000000005,74.751,69.666,0,37.56620580353364,-10.11192087454452,-27.272320701981823,30.338957359970166,70.58268706611335,1.715138046797415,35.94890409747195,189422177.0,2155990.24,0,-0.008469812339906317,20.0,-64.0,84.0,72.2085,71.50524618306645,73.06472966200992,-0.20943197623878795,-1.483114380652438,-1.27368240441365
1646197200,2022-03-02,69.23,70.1,68.77,69.88,3941267.0,71.926,77.1048740088936,66.7471259911064,73.48733333333334,70.35833333333332,71.92283333333333,71.926,1.3299999999999983,74.3905,69.4615,0,40.810632545136365,-7.4804713358930295,-26.159925647568,37.98261366094896,70.26540754014432,1.6876281863118854,36.5026181097679,193363444.0,2150280.26,0,0.0782138381100617,16.0,-64.0,80.0,71.926,71.35046083229821,72.93983830271542,-0.12235059778993063,-1.4266206516510636,-1.304270053861133
1646283600,2022-03-03,70.25,72.53,69.76,72.24,4258136.0,71.731,76.5410723487276,66.9209276512724,73.33766666666666,70.06666666666666,71.70216666666667,71.731,2.769999999999996,74.30199999999999,69.16,0,48.94719934505645,-5.122143420015767,-21.229794513680815,45.83295563780359,70.22729958710188,1.764940458718179,34.96535201226244,197621580.0,2209727.98,0,0.1839228827533969,12.0,-64.0,76.0,71.731,71.4351788482698,72.91239366339325,0.10114461141360054,-1.1778392895941323,-1.2789839010077328
1646370000,2022-03-04,72.02,74.9,71.75,74.37,3015136.0,71.66850000000001,76.30414137957132,67.0328586204287,73.32083333333333,69.86283333333333,71.59183333333334,71.66850000000001,3.1500000000000057,74.37975,68.95725000000002,0,54.84448650920702,-1.6530018513620732,-14.167880260349428,51.463300260641496,70.34812053097288,1.8638732830954523,32.822691848836534,200636716.0,2248339.48,0,0.2469380391298523,8.0,-64.0,72.0,71.66850000000001,71.71468562462505,72.96955469620136,0.38351678707739323,-0.7995879171609914,-1.1831047042383847
1646629200,2022-03-07,74.23,75.21,73.44,75.0,2380903.0,71.6515,76.23536419955848,67.06763580044152,73.27416666666666,69.84516666666667,71.55966666666667,71.6515,1.769999999999996,74.341,68.962,0,56.41208954237417,-0.45128749668171414,-8.00619584297681,59.267796761272514,70.49933053465384,1.857168048588634,30.995016748679127,203017619.0,2268582.36,0,0.35808219192629015,4.0,-64.0,68.0,71.6515,72.02757270799408,73.04918000223267,0.5913888805741716,-0.44386860352067004,-1.0352574840948416
1646715600,2022-03-08,74.92,74.92,73.64,73.64,469299.0,71.5345,75.77722306425883,67.29177693574115,73.18083333333333,69.78983333333335,71.48533333333333,71.5345,1.3599999999999994,74.2015,68.86749999999999,0,52.28734854694071,-3.0797578310081644,-4.948017829627553,63.15601319959079,70.52945928775014,1.821656045118017,29.297889869961534,202548320.0,2258861.34,0,0.38680712013987545,8.0,-56.0,64.0,71.5345,72.18113721199465,73.07234941390983,0.6133237213600179,-0.2686028323948193,-0.8819265537548372
1646802000,2022-03-09,73.37,73.68,72.7,72.86,3321284.0,71.41,75.33154051362395,67.48845948637604,73.04233333333333,69.66833333333334,71.35533333333333,71.41,0.980000000000004,74.06425,68.75574999999999,0,50.0768336487948,-3.30457863304578,-3.546720129662669,61.94873702797203,70.74513658841052,1.761537756181016,27.281257405064274,199227036.0,2305407.28,0,0.34074656748194593,4.0,-56.0,60.0,71.41,72.2457908108523,73.06402198591337,0.5531831899408641,-0.19044756632875703,-0.7436307562696212
1646888400,2022-03-10,72.61,73.26,72.18,73.01,2665974.0,71.31,74.95121957591053,67.66878042408948,72.90766666666667,69.55866666666667,71.23316666666668,71.31,1.0799999999999983,73.9455,68.67450000000001,0,50.50044846549705,-2.6663111585121984,-2.2767805658229583,63.978838273109275,70.96630446700506,1.7128564878823718,25.720170579725988,201893010.0,2345662.46,0,0.31239661326372503,12.0,-44.00000000000001,56.00000000000001,71.31,72.31857263839018,73.06190347666187,0.5028416822854158,-0.1150786534128514,-0.6179203356982672
1646974800,2022-03-11,73.18,73.66,72.45,72.53,2272568.0,71.3005,74.92792043330988,67.67307956669012,72.8685,69.5735,71.221,71.3005,1.2099999999999937,73.83475,68.76625,0,49.09714489497232,-0.26127612761275815,-1.8495029911141836,63.72315052200733,71.08848050454861,1.6769381673193446,24.005299094450326,199620442.0,2375990.84,0,0.20709220437855075,8.0,-44.0,52.0,71.3005,72.33870857759112,73.04104451679278,0.41992979178964596,-0.09300809596120985,-0.5129378877508558
1647230400,2022-03-14,73.06,73.59,71.64,72.02,2765146.0,71.28999999999999,74.90780043672865,67.67219956327133,72.90033333333332,69.53633333333333,71.21833333333333,71.28999999999999,1.9500000000000028,73.87599999999999,68.704,0,47.6172659720717,-0.2907379205316461,-2.122805708174763,57.71636470147773,71.1875314182617,1.6964425839393917,22.913804459457566,196855296.0,2412946.78,0,0.1746147065923189,4.0,-44.0,48.0,71.28999999999999,72.3083553797253,73.00100355534993,0.31807815977483994,-0.11534018803230595,-0.4334183478071459
1647316800,2022-03-15,72.7,72.93,72.14,72.84,4131115.0,71.4025,75.06588026964087,67.73911973035914,72.90816666666666,69.68816666666666,71.29816666666667,71.4025,0.9100000000000108,73.8895,68.91550000000001,0,50.15981682503827,3.1874203144921376,-1.310311876331713,65.57561965873165,71.47299699050285,1.6402681136580075,21.900273726964283,200986411.0,2471202.1,0,0.30727075665180065,4.0,-40.0,44.0,71.4025,72.35898820070385,72.99468969043424,0.293847223962494,-0.0661093178540284,-0.3599565418165224
1647403200,2022-03-16,72.77,73.01,71.27,72.72,2700671.0,71.511,75.19543699905344,67.82656300094655,73.03299999999999,69.73499999999999,71.384,71.511,1.740000000000009,74.0565,68.96549999999999,0,49.78755706630358,3.075832742735651,-0.8032425266281895,64.92785753918716,71.70431792844815,1.6473918198252933,21.491270163443026,198285740.0,2489498.14,0,0.311504686595341,4.0,-36.0,40.0,71.511,72.39337027682728,72.98391754571134,0.25887932121088947,-0.03635739030291063,-0.2952367115138001
1647489600,2022-03-17,72.59,73.67,72.43,72.92,2398553.0,71.6515,75.32581775980165,67.97718224019835,73.1765,69.87349999999999,71.525,71.6515,1.2399999999999949,74.20075,69.10225,0,50.432926764211096,4.007987448295538,-0.13206896175101912,64.15603563435327,71.92849637068802,1.6182924041234863,20.59274173241236,200684293.0,2490607.68,0,0.25614855966242855,68.0,32.0,36.0,71.6515,72.44352548855802,72.98141097529128,0.2388463849180583,0.003321269633772772,-0.23552511528428552
1647576000,2022-03-18,73.19,73.44,71.87,72.2,5967515.0,71.72900000000001,75.38087020579783,68.0771297942022,73.22733333333333,70.08833333333334,71.65783333333334,71.72900000000001,1.5699999999999932,74.15525000000001,69.30275000000002,0,48.09065745013926,2.1939136588818076,-0.5120919405109586,51.37101055630334,72.22323925515985,1.614842946686094,20.1099586243537,194716778.0,2579247.1,-1,0.09812926524356062,64.0,32.0,32.0,71.72900000000001,72.42033258488583,72.9507674076328,0.16996792594936447,-0.023065207847579927,-0.1930331337969444
1647835200,2022-03-21,72.25,73.37,72.25,73.15,1850105.0,71.83099999999999,75.52176631609123,68.14023368390875,73.329,70.21,71.7695,71.83099999999999,1.1700000000000017,74.246,69.41599999999998,0,51.236146502294254,2.868794824919148,0.4302862680117396,57.43684244437335,72.47578151675457,1.5830684504942305,19.66166002401351,196566883.0,2589026.44,0,0.16703101926916558,60.0,31.999999999999996,28.000000000000004,71.83099999999999,72.48982471965861,72.95858045047073,0.18027286958916838,0.03230795318951607,-0.1479649163996523
1647921600,2022-03-22,73.45,73.45,72.36,72.87,1930119.0,71.9365,75.61939709332118,68.25360290667881,73.43216666666667,70.31216666666667,71.87216666666667,71.9365,1.0900000000000034,74.35225,69.52074999999999,0,50.29069104366802,2.9819106840022602,0.8235542588567031,50.67280329775497,72.77996523496529,1.5478492754589286,19.17323625001692,194636764.0,2601558.46,0,0.10658676819279911,56.00000000000001,32.00000000000001,24.0,71.9365,72.52603188921493,72.95510670731503,0.16076162894186807,0.05298711977768278,-0.1077745091641853
1648008000,2022-03-23,72.98,73.86,72.63,73.28,1979262.0,72.179,75.53017830023911,68.82782169976089,73.61466666666666,70.55466666666668,72.08466666666666,72.179,1.230000000000004,74.5085,69.8495,0,51.66544371116237,7.087534706999844,1.7001932183274129,47.82303055880104,72.94777490650014,1.525145755783291,18.343464973606423,196616026.0,2601267.3,0,0.02703091743709312,52.0,32.0,20.0,72.179,72.59783837595637,72.96784762075366,0.16725277285748757,0.10129145690767416,-0.06596131594981341
1648094400,2022-03-24,73.34,74.04,73.12,73.92,1540527.0,72.4505,75.42035167979705,69.48064832020296,73.8735,70.84150000000001,72.3575,72.4505,0.9200000000000017,74.759,70.14200000000001,0,53.76640023925422,7.928164695576006,3.2930111113380374,45.686439941106,72.91920692269493,1.4819210589416276,17.407047745779455,198156553.0,2589320.08,0,0.004431531784574318,48.0,32.0,16.0,72.4505,72.7237585306272,73.00518692974372,0.20399829095406957,0.18903654774277356,-0.014961743211296022
1648180800,2022-03-25,74.37,75.01,74.02,75.0,1166218.0,72.688,75.67563183809405,69.70036816190596,74.06933333333333,71.12833333333333,72.59883333333333,72.688,1.0900000000000034,74.92,70.456,0,57.0802774485617,6.761565836298933,6.053897123844112,43.7697551163888,72.86706628954248,1.4539266975886544,16.627015746482254,199322771.0,2576883.62,0,-0.014565431853655423,44.0,32.0,12.0,72.688,72.94054343247223,73.08341489328318,0.28539522259500916,0.34178228503246544,0.056387062437456274
1648440000,2022-03-28,75.26,75.32,74.58,75.32,1500186.0,72.942,75.91770563060142,69.96629436939857,74.311,71.39,72.8505,72.942,0.7399999999999949,75.15899999999999,70.725,0,58.01878194127304,7.232346241457857,8.722971223889138,46.74514355379983,72.94296839321379,1.4029319334751789,16.14928482679033,200822957.0,2580308.18,0,0.04027131381541866,100.0,92.0,8.0,72.942,73.16715834366535,73.17112411315442,0.3413599356020162,0.48308698193997657,0.14172704633796035
1648526400,2022-03-29,75.76,76.02,75.05,75.97,1452752.0,73.287,75.97288979669545,70.60111020330456,74.55866666666667,71.76666666666668,73.16266666666665,73.287,0.9699999999999989,75.40725,71.16675000000001,0,59.89390428595666,9.989865353988717,11.752667626368773,53.60640734078567,73.04556263310901,1.3720082239412374,16.235603421453316,202275709.0,2580646.18,0,0.1456017393175105,100.0,96.0,4.0,73.287,73.43409564426864,73.28088395185425,0.3987322646566683,0.6401423771587957,0.24141011250212746
1648612800,2022-03-30,75.96,76.75,75.65,76.71,2069230.0,73.6285,76.2303014912734,71.02669850872661,74.8865,72.1175,73.502,73.6285,1.0999999999999943,75.7315,71.52550000000001,0,61.93157605608998,9.773898111047508,15.164041655499066,60.7852047616655,73.26763781862714,1.3525790650882914,16.81563131331067,204344939.0,2586596.26,0,0.16261933193951827,100.0,96.0,4.0,73.6285,73.74608653529067,73.41535909099721,0.458814106144788,0.8149277451831125,0.3561136390383245
1648699200,2022-03-31,76.7,77.2,76.28,76.32,2178112.0,73.83250000000001,76.60128222328741,71.06371777671261,75.0485,72.4645,73.75649999999999,73.83250000000001,0.9200000000000017,75.79675000000002,71.86825,0,60.23382667893845,5.64784053156146,17.26908659348057,60.804535768125675,73.50966308500095,1.321680560439128,17.641806345280123,202166827.0,2605708.32,0,0.16258104876590254,96.0,84.0,12.0,73.83250000000001,73.99122115097728,73.52926657762478,0.44428493785249157,0.911469811353939,0.46718487350144744
1648785600,2022-04-01,76.32,77.78,75.83,77.75,2080024.0,74.0015,77.25165245796134,70.75134754203864,75.16083333333333,72.69683333333333,73.92883333333333,74.0015,1.9500000000000028,75.87575,72.12724999999999,0,64.0387352866718,4.544843350813493,20.715094841114638,68.39543544295775,73.82934975775895,1.3665605204077618,18.760892182690878,204246851.0,2621596.34,0,0.27837798118513596,100.0,92.0,8.0,74.0015,74.34920008897944,73.69478553536499,0.49888821000065864,1.0907951360022707,0.5919069260016121
1649044800,2022-04-04,77.41,77.52,76.12,77.13,1404537.0,74.10799999999999,77.61174428290536,70.60425571709462,75.261,72.83399999999999,74.0475,74.10799999999999,1.6299999999999955,75.97174999999999,72.24425,0,61.35930236867881,2.839999999999994,22.34049302940971,60.86356533137355,74.13621266775414,1.3853776260929214,19.800043317429438,202842314.0,2605426.16,0,0.21851859001023358,96.0,92.0,4.0,74.10799999999999,74.6140381757433,73.82949982809578,0.4619966847738062,1.16940278196887,0.7074060971950638
1649131200,2022-04-05,77.24,78.72,77.24,77.97,1887143.0,74.3245,78.2010885776017,70.4479114223983,75.4665,73.0195,74.24300000000001,74.3245,1.5900000000000034,76.2055,72.4435,0,63.53519768313449,5.879956545355783,24.601894387071223,68.91481792904497,74.54827746171081,1.399993509943427,21.439905788523912,204729457.0,2579512.42,0,0.1624662702079823,100.0,96.0,4.0,74.3245,74.93365358757728,73.99187238385673,0.4618127130907037,1.2846719885584434,0.8228592754677397
1649217600,2022-04-06,78.39,79.92,78.01,79.83,1667771.0,74.673,79.16469055033755,70.18130944966245,75.82166666666667,73.28166666666667,74.55166666666666,74.673,1.9500000000000028,76.62675,72.71925,0,67.76595314686048,9.566291517979685,28.417932432874327,68.29381067776963,74.95089976211835,1.439279687804611,23.503914957348485,206397228.0,2579684.6,0,0.23682930990011083,100.0,68.0,32.0,74.673,75.39997229352231,74.22081856488195,0.5486874214307439,1.5087185522561697,0.9600311308254258
1649304000,2022-04-07,79.74,80.09,78.9,79.74,2479801.0,75.0095,79.9394228188676,70.07957718113241,76.16516666666666,73.61416666666666,74.88966666666667,75.0095,1.1899999999999977,76.9715,73.0475,0,67.36784353238211,9.217915354061072,31.212302967824357,87.00293552505904,75.98628018413719,1.4214739958185674,25.49072407146468,203917427.0,2586710.24,0,0.4475023196488152,96.0,68.0,28.000000000000004,75.0095,75.81330826556781,74.43725705253364,0.5598796939715966,1.6598807482899218,1.1000010543183252
1649390400,2022-04-08,80.08,80.77,79.56,80.08,1315802.0,75.387,80.64499619627013,70.12900380372987,76.52799999999999,73.977,75.2525,75.387,1.2099999999999937,77.349,73.425,0,68.1127822461306,10.409485730042736,33.76817787792234,86.79965214337494,76.43768749567639,1.406368710402955,27.6088531801021,205233229.0,2587677.42,0,0.4041361292961116,100.0,76.0,24.0,75.387,76.21965985932326,74.65854108968918,0.5492144809120314,1.7865191554583646,1.2373046745463332
1649649600,2022-04-11,80.41,80.7,79.26,79.43,1382726.0,75.75750000000001,81.0583749277823,70.45662507221772,76.8715,74.3715,75.6215,75.75750000000001,1.4399999999999977,77.68125,73.83375000000001,0,65.1211535569467,10.288808664259944,34.526965621973936,88.22087973704889,76.91418640802509,1.4087709453741724,29.176851860356532,203850503.0,2558633.3,0,0.37463594431822855,96.0,76.0,20.0,75.75750000000001,76.52540653938772,74.84565712538765,0.4609772493438442,1.8135262362261386,1.3525489868822944
1649736000,2022-04-12,79.19,80.51,78.56,80.35,1747545.0,76.13300000000001,81.61489054980039,70.65110945019963,77.288,74.672,75.98,76.13300000000001,1.9500000000000028,78.13475000000001,74.13125000000001,0,67.2633725723679,10.310269082921458,36.01840112073999,88.18564981206931,77.42917202495236,1.4474301635617317,29.74684590700147,205598048.0,2534813.38,0,0.4347446278909505,100.0,84.0,16.0,76.13300000000001,76.88965353563651,75.06151370870579,0.4278879926744501,1.8874089777253573,1.4595209850509072
1649822400,2022-04-13,80.38,80.48,79.67,80.06,1646063.0,76.5,82.00153796678624,70.99846203321376,77.62833333333334,75.10533333333333,76.36683333333333,76.5,0.8100000000000023,78.432,74.568,0,65.9199725834776,10.093509350935099,36.62277706467495,88.30130458848662,77.85048187185622,1.401899437593037,30.276126093171772,203951985.0,2521419.24,0,0.382801114188141,96.0,84.0,12.0,76.5,77.19159129414733,75.25753277895262,0.3529043952823321,1.9006514791538223,1.5477470838714902
1649908800,2022-04-14,80.28,80.66,79.91,80.14,1435844.0,76.861,82.32289307841067,71.39910692158934,77.96533333333335,75.49133333333334,76.72833333333332,76.861,0.75,78.75625000000001,74.96575,0,66.11648209638706,9.901261656609982,37.18880383096873,88.47490757591991,78.14443130826433,1.3553351920506773,30.87594569755342,205387829.0,2503837.2,0,0.3085228787851113,92.0,84.0,8.0,76.861,77.47239212327617,75.4490020817388,0.2784011959437367,1.895748578801161,1.6173473828574243
1650254400,2022-04-18,80.15,80.61,78.96,79.33,764301.0,77.2175,82.33590942090316,72.09909057909684,78.32583333333334,75.84383333333334,77.08483333333332,77.2175,1.6500000000000057,79.11875,75.31625,0,62.288557754039545,9.875346260387804,35.953041006828805,84.84889381358549,78.38878622376058,1.3763826783327722,30.237974658425355,204623528.0,2474997.0,0,0.2364449025016339,88.0,84.0,4.0,77.2175,77.64930715915463,75.60119807853336,0.150672428180195,1.8056879180826684,1.6550154899024734
1650340800,2022-04-19,79.5,80.29,79.22,80.05,1635048.0,77.5625,82.46328718166684,72.66171281833316,78.66983333333333,76.19283333333334,77.43133333333334,77.5625,1.0700000000000074,79.45625,75.66875,0,64.22649188333384,9.432672590567314,35.66515820123803,85.01652664220397,78.65593459826117,1.3544982013090032,29.645572979235006,206258576.0,2453230.08,0,0.21768406923230554,84.0,68.0,16.0,77.5625,77.87794457256848,75.77566089898303,0.09357627104577171,1.7719858287096883,1.6784095576639166
1650427200,2022-04-20,80.81,81.19,80.36,80.71,1146114.0,77.9545,82.53494746722302,73.37405253277697,79.04983333333334,76.59883333333332,77.82433333333333,77.9545,1.1400000000000006,79.852,76.05699999999999,0,65.91653373264327,10.758885686839562,36.09283317509262,84.4709592947229,78.96922937887803,1.339176901215503,29.74800128101966,207404690.0,2439794.22,0,0.13436235253578332,100.0,88.0,12.0,77.9545,78.14766413708577,75.96916439314057,0.07970200169723562,1.7780370597854613,1.6983350580882257
1650513600,2022-04-21,80.61,81.89,80.17,80.57,1199296.0,78.31899999999999,82.49596492683258,74.14203507316739,79.45533333333333,76.95533333333333,78.20533333333333,78.31899999999999,1.7199999999999989,80.25325,76.38474999999998,0,65.22846224367683,9.948144104803482,36.138790333411954,83.84337839717993,79.31100726634656,1.3663785511286812,30.282615332015826,206205394.0,2419331.58,0,0.20221945845300512,96.0,88.0,8.0,78.31899999999999,78.37836279069664,76.14958931889977,0.04240989835309961,1.7513474310296004,1.7089375326765008
1650600000,2022-04-22,80.48,80.69,79.51,79.62,1349965.0,78.604,82.29051814046662,74.91748185953338,79.78066666666668,77.25466666666667,78.51766666666666,78.604,1.1799999999999926,80.55775,76.65025,0,60.70243389205986,7.711038961038964,34.11910653649547,76.89779479563727,79.56770070326485,1.353065797476632,29.96431009509251,204855429.0,2402184.18,0,0.06136512678080868,92.0,88.0,4.0,78.604,78.49661395348743,76.28568385541351,-0.05939410441036452,1.6346949021635453,1.6940890065739098
1650859200,2022-04-25,79.9,80.07,77.44,78.48,1517650.0,78.77799999999999,82.07566948010094,75.48033051989904,80.062,77.372,78.717,78.77799999999999,2.6299999999999955,80.84724999999999,76.70875,0,55.81077853141579,4.640000000000005,30.078118976785845,76.3808683282897,79.67828351523514,1.444275383371158,27.94933098633278,203337779.0,2382986.42,0,0.016674376823430728,88.0,80.0,8.0,78.77799999999999,78.49503167220291,76.3717354689267,-0.20828616682586487,1.4337312980415788,1.6420174648674437
1650945600,2022-04-26,78.1,79.21,77.64,77.65,1422071.0,78.8945,81.8412370089625,75.9477629910375,80.25816666666667,77.48516666666667,78.87166666666667,78.8945,1.5699999999999932,81.026,76.76299999999999,0,52.56445676981974,3.09346787041956,25.17907434003811,69.13400194091263,79.72954223057911,1.4532557131303605,26.07827895677017,201915708.0,2370149.34,0,-0.04951098900010895,84.0,80.0,4.0,78.8945,78.41455246532645,76.42186348975311,-0.35862874275006273,1.1937315364298655,1.5523602791799282
1651032000,2022-04-27,77.72,78.59,76.88,77.46,1075075.0,78.969,81.68231457814775,76.25568542185223,80.39333333333333,77.54633333333332,78.96983333333334,78.969,1.710000000000008,81.15599999999999,76.782,0,51.83789466869384,1.9613005133605304,20.910661758395673,62.98699931686386,79.65753338399288,1.4715945907639068,24.93994771015587,200840633.0,2301628.5,0,-0.1432476282110995,80.0,76.0,4.0,78.969,78.32364270672393,76.46257472544906,-0.46033857388995836,0.9769370618174804,1.4372756357074388
1651118400,2022-04-28,77.82,78.42,77.13,78.06,1522926.0,79.0365,81.58375165619519,76.48924834380482,80.47783333333334,77.61183333333334,79.04483333333334,79.0365,1.2900000000000063,81.23775,76.83525,0,53.9535772036145,1.7598748533437736,18.253913026393,61.07424947690105,79.5259210858186,1.4586235485664854,23.882925838299737,202363559.0,2266230.04,0,-0.16857294263566097,76.0,72.0,4.0,79.0365,78.29853387751214,76.52521885386282,-0.47476938621321274,0.8438139029409228,1.3185832891541356
1651204800,2022-04-29,77.74,77.78,75.48,75.64,3107317.0,79.0025,81.70716911099845,76.29783088900155,80.53183333333332,77.52783333333335,79.02983333333334,79.0025,2.5799999999999983,81.32825,76.67675,0,45.47277381831687,-0.8909853249475794,11.69715689894779,49.847637434542996,79.00913938586088,1.5387218665260218,24.036961201024834,199256242.0,2275953.34,-1,-0.27300856202075924,72.0,68.0,4.0,79.0025,78.04534017489193,76.49050438900547,-0.6253861626522068,0.5368505858388772,1.162236748491084
1651464000,2022-05-02,76.25,76.67,73.81,74.58,1775054.0,78.844,82.13226641256288,75.5557335874371,80.47233333333334,77.37733333333333,78.92483333333334,78.844,2.8599999999999994,81.238,76.44999999999999,0,42.39987526182121,-4.077170418006433,4.9269748864353184,49.16959669491973,78.6263728329136,1.6330988760598775,25.034048528951143,197481188.0,2227943.68,0,-0.2568870336334175,68.0,-32.0,100.0,78.844,77.71530777728319,76.41558264826016,-0.7652486783757025,0.2056759005214559,0.9709245788971584
1651550400,2022-05-03,75.13,76.44,74.59,75.05,1901801.0,78.74000000000001,82.3539673490486,75.12603265095142,80.41666666666667,77.27666666666667,78.84666666666666,78.74000000000001,1.8599999999999994,81.15125,76.32875000000001,0,44.16104984191236,-2.696745753921948,0.4419507898812047,49.28605957285183,78.24148095276304,1.6493060991984574,25.95991533345414,199382989.0,2213186.06,0,-0.3674612484252659,64.0,-32.0,96.0,78.74000000000001,77.46146894135146,76.36203038754407,-0.7916536254683852,-0.018642452938323117,0.7730111725300621
1651636800,2022-05-04,75.33,76.76,75.02,76.65,2042333.0,78.674,82.38861653471652,74.9593834652835,80.338,77.172,78.755,78.674,1.740000000000009,81.0965,76.25150000000001,0,49.67498228015035,-1.6929588303193448,-0.6233881957119272,49.9909640091146,77.90829794417654,1.6557842349699967,26.477806149083413,201425322.0,2212689.48,0,-0.27654072810454455,60.0,-32.0,92.0,78.674,77.38418618503226,76.37332331352273,-0.6716430767614501,-0.06654267342175046,0.6051004033396996
1651723200,2022-05-05,76.39,79.61,76.3,77.73,2663090.0,78.56899999999999,82.26565199876717,74.87234800123281,80.33933333333333,77.03333333333333,78.68633333333334,78.56899999999999,3.3100000000000023,81.09349999999999,76.04449999999999,0,52.97440998480922,-2.6305900037579786,0.13887807913793773,52.55525163796177,77.76045051876403,1.7739425039007113,24.589376288521237,204088412.0,2207097.56,0,-0.25350967279404235,56.00000000000001,-31.999999999999993,88.0,78.56899999999999,77.41712083407681,76.42652632083556,-0.49780765785190656,-0.017159168975183547,0.480648488876723
1651809600,2022-05-06,77.27,79.11,77.27,78.23,2290614.0,78.4935,82.15289489533303,74.83410510466696,80.30316666666667,76.93216666666667,78.61766666666666,78.4935,1.8400000000000034,81.06675,75.92025,0,54.43038097419439,-1.8936543767243428,1.4287250494288286,58.65970791460999,77.74353366368129,1.7786608964792323,22.83583427514207,206379026.0,2204735.04,0,-0.216669460093715,52.0,-32.0,84.0,78.4935,77.49453789749808,76.49725077884202,-0.3352282336348924,0.06161319683310751,0.3968414304679999
1652068800,2022-05-09,78.15,79.17,77.49,78.35,1894385.0,78.407,81.99335804124317,74.82064195875682,80.23666666666666,76.81866666666666,78.52766666666666,78.407,1.6800000000000068,81.0155,75.79849999999999,0,54.78405059683221,-2.160339660339665,2.6001734957454508,59.040940244608954,77.65014879446942,1.7716136895878591,21.250795848930608,208273411.0,2173144.9,0,-0.2487990425118622,48.0,-32.0,80.0,78.407,77.57601047868874,76.5699076110443,-0.21171319019009527,0.13219994273038083,0.3439131329204761
1652155200,2022-05-10,78.39,79.64,76.41,77.13,1575198.0,78.292,81.88726132568824,74.69673867431176,80.22266666666667,76.62566666666666,78.42416666666666,78.292,3.230000000000004,81.03475,75.54925,0,50.5827855359821,-2.895631373536461,1.7576067395961015,53.43008818126365,77.51453277998746,1.8757841403315838,20.442226215413825,206698213.0,2104752.38,0,-0.2719541214518286,44.0,-32.0,76.0,78.292,77.53353329024219,76.59187201845434,-0.20419093881684985,0.08867445939941376,0.2928653982162636
1652241600,2022-05-11,77.14,78.79,77.02,77.27,1584941.0,78.138,81.62982817446532,74.6461718255347,80.108,76.529,78.3185,78.138,1.7700000000000102,80.86725000000001,75.40875,0,51.03635549078049,-3.8332296204107013,1.2883223597765339,47.85432426311558,77.36879200622128,1.8682281303079,19.69141155571967,208283154.0,2069370.26,0,-0.2871492663693081,40.0,-32.0,72.0,78.138,77.50843488164769,76.6184652726326,-0.18250763596200786,0.06473085326375383,0.2472384892257617
1652328000,2022-05-12,76.95,77.49,75.73,76.95,2097147.0,77.9825,81.39418506752746,74.57081493247254,79.98816666666667,76.31416666666667,78.15116666666667,77.9825,1.759999999999991,80.783,75.182,0,49.93365464544703,-3.884586560079939,0.4516552500359713,46.61331138496912,77.18652018669063,1.8604975495716207,19.811740356500763,206186007.0,2032487.86,0,-0.2069406287697346,36.0,-32.0,68.0,77.9825,77.45525060720504,76.63146663449015,-0.1820252884855195,0.019706878618862333,0.20173216710438183
1652414400,2022-05-13,77.4,77.6,76.09,77.32,1542548.0,77.8415,81.11516629331547,74.56783370668452,79.86449999999999,76.11449999999999,77.98949999999999,77.8415,1.509999999999991,80.699,74.984,0,51.21651394218091,-3.5188420264537155,0.3059849280072686,52.44255540375776,77.09126041631282,1.8354620103165042,19.82347401517171,207728555.0,1978176.1,0,-0.15813771103644353,32.0,-32.0,64.0,77.8415,77.44236959699504,76.65846794294153,-0.15040751407462963,0.013722774511094826,0.16413028858572445
1652673600,2022-05-16,77.57,77.99,76.78,77.26,1612102.0,77.738,80.94713446274692,74.52886553725308,79.728,76.02199999999999,77.875,77.738,1.2099999999999937,80.5625,74.9135,0,50.99347859574428,-2.6093533341736963,0.09833410711450245,58.16192965782501,77.04917847797287,1.7907861524367534,19.47287498946164,206116453.0,1950115.42,0,-0.11688056517894232,28.000000000000004,-31.999999999999996,60.0,77.738,77.42500106394789,76.6820574353752,-0.12803089952791435,0.004091664175831511,0.13212256370374587
1652760000,2022-05-17,77.29,78.0,76.17,77.94,1157291.0,77.63250000000001,80.66451500655754,74.60048499344248,79.64183333333334,75.85983333333334,77.75083333333333,77.63250000000001,1.8299999999999983,80.51400000000001,74.751,0,53.41370454991936,-2.6358525921299183,0.9443131530772445,62.332982926733,77.0391855875003,1.793587141548414,19.550498460161613,207273744.0,1925643.18,0,-0.06320213817973801,24.0,-32.00000000000001,56.00000000000001,77.63250000000001,77.47404858166713,76.73138851634089,-0.06510260452010935,0.05074430805360919,0.11584691257371854
1652846400,2022-05-18,78.28,78.48,77.43,77.73,1770748.0,77.4835,80.16901875807825,74.79798124192176,79.50916666666667,75.70516666666667,77.60716666666666,77.4835,1.0499999999999972,80.35825000000001,74.60875,1,52.56973916117432,-3.69223144591747,1.3163632723614882,62.68253605799444,77.0474626608578,1.7404737742949554,19.164234275597686,205502996.0,1951672.16,0,-0.11562384849500189,20.0,-32.0,52.0,77.4835,77.49842490722264,76.77054975099419,-0.03670544581740623,0.06996510530196076,0.10667055111936699
1652932800,2022-05-19,77.55,78.58,76.41,77.96,1945715.0,77.35300000000001,79.65169615216763,75.05430384783239,79.37033333333333,75.52133333333333,77.44583333333334,77.35300000000001,2.1700000000000017,80.26150000000001,74.4445,1,53.41827931711569,-3.2394191386372095,1.9812488614012884,65.3842085464016,77.18264905442639,1.771154218988173,19.47143486848805,207448711.0,1924160.78,0,0.014905216051669922,16.0,-32.0,48.0,77.35300000000001,77.54238443986812,76.81719485879835,-0.0032769291391919753,0.10257438969537702,0.105851318834569
1653019200,2022-05-20,78.14,78.83,77.45,78.77,1865274.0,77.3105,79.46700156503312,75.1539984349669,79.30083333333333,75.43183333333334,77.36633333333333,77.3105,1.3799999999999955,80.23400000000001,74.387,1,56.31547657949026,-1.0675709620698424,3.8008039632816284,72.23836739505812,77.41454994703105,1.743214631917589,19.510988379665076,209313985.0,1908146.78,0,0.1120785974324954,12.0,-32.0,44.0,77.3105,77.65930020749971,76.89377545257096,0.06857448096080664,0.1915694200355773,0.12299493907477067
1653278400,2022-05-23,79.61,80.08,78.63,79.57,1896219.0,77.365,79.68580589450953,75.04419410549046,79.28,75.52900000000001,77.4045,77.365,1.4500000000000028,80.19999999999999,74.53,1,58.968615975476425,1.388888888888875,6.5347642218534885,72.33878052989294,77.71229367077903,1.7222707296377615,18.429335230644764,211210204.0,1900619.8,0,0.1706419512666938,8.0,-32.0,40.0,77.365,77.84127161630926,76.99872543482309,0.15994757488467817,0.3229294076806184,0.16298183279594022
1653364800,2022-05-24,79.86,80.78,78.47,80.75,2952544.0,77.52000000000001,80.27053449351034,74.76946550648968,79.40866666666666,75.58366666666666,77.49616666666665,77.52000000000001,2.3100000000000023,80.41050000000001,74.62950000000001,1,62.504366220267265,3.9922730199613574,10.524240956124212,73.40351915488235,78.08323233740875,1.764251391806493,17.344675757591215,214162748.0,1904367.76,1,0.2055210407183045,100.0,64.0,36.0,77.52000000000001,78.11829336713694,77.14583424130062,0.28265271283462057,0.5162977238392159,0.23364501100459537
1653451200,2022-05-25,80.89,81.02,80.09,80.32,1471816.0,77.663,80.67147536137327,74.65452463862673,79.51133333333334,75.76433333333334,77.63783333333333,77.663,0.9299999999999926,80.495,74.83099999999999,0,60.50443318815088,3.6922282468370766,12.930854780733588,72.22494585821885,78.24162940222679,1.7046620066774574,16.51872431776277,212690932.0,1851181.78,0,0.20018370389354173,96.0,64.0,32.0,77.663,78.32797971312391,77.27031132987707,0.31517310143181176,0.6276113877943601,0.31243828636254833
1653537600,2022-05-26,80.81,80.86,80.22,80.35,1257598.0,77.7775,81.00410115291461,74.55089884708539,79.60916666666667,75.92716666666666,77.76816666666666,77.7775,0.6400000000000006,80.56075,74.99425000000001,0,60.59702302660602,2.9336407891365512,14.919460016003358,65.85788465355432,78.35934202816173,1.6286147204862105,15.751769409350647,213948530.0,1822320.32,0,0.1742126972845686,92.0,64.0,28.000000000000004,77.7775,78.52055307377877,77.39108343458778,0.31810044590097397,0.7100638437387659,0.3919633978377919
1653624000,2022-05-27,80.1,81.35,79.7,81.32,1437922.0,78.0615,81.47974677283395,74.64325322716604,79.80116666666666,76.18416666666666,77.99266666666666,78.0615,1.6499999999999915,80.77499999999999,75.348,0,63.50862545093454,7.50925436277101,17.908364666089202,65.27788648870361,78.50574179700693,1.6301422404514805,14.680794306046769,215386452.0,1803107.7,0,0.23297247181536015,100.0,76.0,24.0,78.0615,78.78716706675222,77.54515859401572,0.3615895761162333,0.8439503679830835,0.4823607918668502
1653969600,2022-05-31,80.79,81.09,79.71,80.47,3354758.0,78.35600000000001,81.52987712427395,75.18212287572607,79.99733333333333,76.52833333333334,78.26283333333333,78.35600000000001,1.6099999999999994,80.97575,75.73625000000001,0,59.456123665248136,7.897559667471173,18.61655935651407,60.572982610204036,78.80097301589754,1.6287035089906605,13.686317424407452,212031694.0,1750852.56,0,0.2637545824994304,96.0,76.0,20.0,78.35600000000001,78.94743686991868,77.65985825699549,0.31124999182234414,0.8714232816447804,0.5601732898224363
1654056000,2022-06-01,80.67,80.67,79.52,80.29,1619716.0,78.618,81.50955044915167,75.72644955084832,80.20233333333333,76.80333333333334,78.50283333333334,78.618,1.1500000000000057,81.1845,76.05149999999999,0,58.62228274963373,6.982011992005342,18.822512979468854,60.37522547428695,78.95326587160552,1.5945104012056137,12.943837467471917,210411978.0,1746244.78,0,0.3283138675452261,92.0,76.0,16.0,78.618,79.07530002516451,77.76300107044666,0.24678770429636132,0.8686579201928879,0.6218702158965266
1654142400,2022-06-02,80.69,80.82,78.8,80.55,1350135.0,78.813,81.67322446671396,75.95277553328604,80.412,76.985,78.6985,78.813,2.019999999999996,81.4005,76.22550000000001,0,59.486189641852974,5.088062622309186,19.352050879408978,61.97071173253444,79.19762435789006,1.6249025154052124,12.906143549819733,211762113.0,1734645.1,0,0.3451242975551251,88.0,76.0,12.0,78.813,79.21574764181551,77.87229514611542,0.2043700925993862,0.8773328316457594,0.6729627390463732
1654228800,2022-06-03,80.3,80.91,80.04,80.45,810975.0,78.949,81.84870274338405,76.04929725661594,80.41933333333333,77.23633333333333,78.82783333333334,78.949,0.8699999999999903,81.3535,76.5445,0,58.98757616915253,3.4992924224880984,19.576907531793832,60.92416383696184,79.37776534079305,1.570980907161982,12.770434969378735,210951138.0,1711279.36,0,0.3139196616046147,84.0,76.0,8.0,78.949,79.33329548545213,77.97338161097365,0.15455309817742446,0.8661541117681537,0.7116010135907292
1654488000,2022-06-06,80.64,81.1,80.29,80.43,796762.0,79.059,82.00775499151572,76.11024500848427,80.488,77.40799999999999,78.94800000000001,79.059,0.8099999999999881,81.38624999999999,76.73175,0,58.88366814070269,2.8122203758149085,19.720624524455594,59.670493006014475,79.55755884541449,1.5166251280789826,12.424601277411677,210154376.0,1696404.06,0,0.31677737815998963,80.0,76.0,4.0,79.059,79.43774353445669,78.0697195870139,0.10746295851136622,0.8459297117299371,0.7384667532185709
1654574400,2022-06-07,80.31,80.96,79.55,80.92,1371187.0,79.1875,82.22414864612107,76.15085135387893,80.58149999999999,77.52850000000001,79.055,79.1875,1.4099999999999966,81.4945,76.8805,0,60.670365293105554,3.2801531589023707,20.56804035735427,54.31936754923706,79.71620711614189,1.5090090475019122,12.788532827520852,211525563.0,1700503.44,0,0.3228117051634223,76.0,72.0,4.0,79.1875,79.57891081688938,78.18149528948395,0.09685258023944521,0.8595324785178775,0.7626798982784323
1654660800,2022-06-08,80.61,80.61,78.9,78.98,1057572.0,79.28,82.1694566963339,76.3905433036661,80.594,77.69300000000001,79.1435,79.28,2.019999999999996,81.49625,77.06375,0,51.36767547627316,2.3985479061325146,16.947346781252072,48.450354331728256,79.8464147716613,1.5455084012517752,13.654924818050363,210467991.0,1691651.16,0,0.32412684282442034,72.0,68.0,4.0,79.28,79.52187169147135,78.21280919970026,-0.04563444645775472,0.705636840206239,0.7512712866639937
1654747200,2022-06-09,79.11,79.66,76.5,76.54,1220970.0,79.2435,82.24968213020915,76.23731786979084,80.65716666666665,77.61716666666668,79.13716666666667,79.2435,3.1599999999999966,81.564,76.923,0,42.69964074583949,-0.9447392260903194,9.140508698736905,49.97200741305236,79.91274889470812,1.660829229733791,15.86937441446878,209247021.0,1687015.52,0,0.24448511037405618,68.0,-32.0,100.0,79.2435,79.23788391133122,78.1472088389277,-0.29511461789901483,0.3823780142902251,0.6774926321892399
1654833600,2022-06-10,75.84,77.35,75.52,76.73,1741073.0,79.23249999999999,82.27357793388936,76.19142206611062,80.65116666666667,77.60416666666666,79.12766666666667,79.23249999999999,1.8299999999999983,81.55824999999999,76.90674999999999,0,43.48138093748706,-0.2858999350227405,3.6121962315933205,42.13343311723332,79.77985031008433,1.672912856181377,18.335300094485717,210988094.0,1680452.38,0,0.1947349366449289,64.0,-32.0,96.0,79.23249999999999,78.99903782453777,78.09163202171486,-0.4300647750806188,0.1399116633384665,0.5699764384190853
1655092800,2022-06-13,75.94,76.21,72.79,73.13,1765314.0,79.023,82.99655810326071,75.04944189673928,80.59866666666666,77.36066666666667,78.97966666666667,79.023,3.9399999999999977,81.53099999999999,76.515,0,34.180757286485544,-5.419037765131917,-6.463319243041063,34.063080073623325,79.35401752188434,1.8348476521684216,21.465433832020203,209222780.0,1672196.42,0,0.10687825956167613,60.0,-40.0,100.0,79.023,78.44008184124846,77.89705821694173,-0.7270441691587128,-0.3388287730293058,0.3882153961294071
1655179200,2022-06-14,73.28,73.78,69.59,70.37,1939034.0,78.6785,84.12530557758299,73.23169442241701,80.44283333333333,76.90683333333334,78.67483333333334,78.6785,4.189999999999998,81.41,75.947,0,29.14904253927334,-8.917939425317112,-17.219403585554748,21.87733528009693,78.52231851865274,2.003072819870677,24.99476232885986,207283746.0,1669376.62,0,-0.08112204388397966,56.00000000000001,-43.99999999999999,100.0,78.6785,77.67150261827241,77.60187946333618,-1.0547482809885622,-0.9302199551062955,0.12452832588226659
1655265600,2022-06-15,70.96,71.45,69.51,70.23,2165634.0,78.29299999999999,84.86868277823598,71.717317221764,80.09966666666665,76.55266666666667,78.32616666666667,78.29299999999999,1.9399999999999977,81.03275,75.55324999999999,0,28.92171413177182,-9.892224788298684,-24.841541802082663,14.464716183791595,77.58696486291602,1.9985676184513428,28.284820353025875,205118112.0,1684598.56,0,-0.07006828631065613,52.0,-48.0,100.0,78.29299999999999,76.96278808319886,77.31278615104848,-1.2149249957327128,-1.3941279187836244,-0.17920292305091162
1655352000,2022-06-16,69.22,69.22,68.05,68.69,2606222.0,77.841,85.63859680927332,70.04340319072666,79.64433333333332,76.08533333333334,77.86483333333334,77.841,2.180000000000007,80.6655,75.0165,0,26.526327494181402,-11.630001286504575,-31.86547289899659,13.831731220118385,76.42860565773191,2.0115270742762474,31.563299201454225,202511890.0,1698980.14,0,-0.023323388270513494,48.0,-52.0,100.0,77.841,76.17490350384658,76.97463767453678,-1.3482777249876086,-1.8645500792854222,-0.5162723542978137
1655438400,2022-06-17,69.02,69.35,67.17,67.97,5057314.0,77.3415,86.24593771385874,68.43706228614126,79.17049999999999,75.6105,77.3905,77.3415,2.1799999999999926,80.16675,74.51625,0,25.48744583401694,-12.814263724987168,-37.60981266968881,6.4593567155986165,74.6386804929547,2.0235608546850865,34.72847551371391,197454576.0,1766771.0,-1,-0.12187401814431897,44.0,-56.0,100.0,77.3415,75.39348412252785,76.62151462847652,-1.4024236473880345,-2.269301913532857,-0.8668782661448224
1655784000,2022-06-21,67.97,69.76,67.73,69.34,1871021.0,76.86999999999999,86.39871659773708,67.3412834022629,78.73266666666666,75.10766666666667,76.92016666666667,76.86999999999999,2.030000000000001,79.74399999999999,73.996,0,30.907276638968384,-11.97156277770724,-39.46246507773496,13.86863230776845,73.45386558524639,2.0240207936361516,37.267553049501124,199325597.0,1754595.4,0,-0.09918689930132837,40.0,-56.0,96.0,76.86999999999999,74.81696182514426,76.33596503520293,-1.2675105344663626,-2.451266434227776,-1.1837558997614133
1655870400,2022-06-22,69.02,70.67,69.02,70.23,1502629.0,76.40299999999999,86.26626538221447,66.53973461778551,78.27000000000001,74.625,76.4475,76.40299999999999,1.6500000000000057,79.29199999999999,73.514,0,34.18108196974222,-11.738092245821278,-39.313977635397364,19.772149409258972,72.81670678820898,1.9973050226621412,38.76505098656129,200828226.0,1758331.94,0,-0.09363102122433484,36.0,-56.0,92.0,76.40299999999999,74.38010831798766,76.09651542597929,-1.048914814933069,-2.4948994184277495,-1.4459846034946806
1655956800,2022-06-23,70.47,71.8,70.44,71.56,1547627.0,75.9435,85.81016564752201,66.07683435247799,77.78583333333333,74.23583333333333,76.01083333333334,75.9435,1.5699999999999932,78.777,73.11,0,38.74658735289714,-11.380804953560368,-36.98051742131791,25.738618727205733,72.33842731512762,1.9667832353291306,39.17896591182673,202375853.0,1761629.96,0,-0.09242531427278901,32.0,-56.0,88.0,75.9435,74.11152657341742,75.91861286025463,-0.758857146490685,-2.394556036608037,-1.6356988901173521
1656043200,2022-06-24,71.79,72.88,71.35,72.65,1965028.0,75.56,85.31199876948266,65.80800123051735,77.40666666666667,73.79666666666667,75.60166666666666,75.56,1.5300000000000011,78.4385,72.6815,0,42.20502125932117,-9.549302788844606,-33.46910583248117,28.71216066724618,72.08735381268367,1.9355844328056213,38.71997312477789,204340881.0,1765979.62,0,-0.035016191843479226,28.000000000000004,-56.0,84.0,75.56,73.97233356642529,75.79043196377405,-0.452800465575798,-2.2016994720870997,-1.7488990065113017
1656302400,2022-06-27,72.33,73.31,72.04,73.29,1569904.0,75.207,84.74874009287568,65.66525990712431,77.05833333333332,73.38533333333334,75.22183333333334,75.207,1.269999999999996,78.13274999999999,72.28125,0,44.153844033438816,-8.786558805227116,-29.799856659565684,30.530000262147965,71.88489292056167,1.8880426876052194,37.972930723716665,205910785.0,1764456.44,0,0.04054366282857978,24.0,-56.0,80.0,75.207,73.90734941724193,75.69237580833193,-0.18044583540853942,-1.9744563007719762,-1.7940104653634368
1656388800,2022-06-28,73.62,74.44,72.65,72.71,2613529.0,74.7765,83.94583645363674,65.60716354636325,76.68916666666667,73.00216666666668,74.84566666666667,74.7765,1.789999999999992,77.71275,71.84025,0,42.777822205276216,-10.58780127889818,-27.422639658749944,38.664828484162086,71.59947002532812,1.8810396384905606,36.47865104823182,203297256.0,1788010.14,-1,-0.09159118147650437,20.0,-56.0,76.0,74.7765,73.79331613940937,75.57541989427969,-0.020938554788942465,-1.820183658849615,-1.7992451040606725
1656475200,2022-06-29,72.97,73.22,72.51,72.76,1801673.0,74.39099999999999,83.21213121997354,65.56986878002644,76.276,72.65599999999999,74.466,74.39099999999999,0.7099999999999937,77.25974999999998,71.52225,0,42.939188620930345,-9.581210388964823,-25.47018316138149,37.79541226844901,71.39056726833579,1.7973939500269487,35.159389611206294,205098929.0,1808757.58,0,-0.07477358832179966,16.0,-56.0,72.0,74.39099999999999,73.69490507851324,75.46501127097461,0.09972940953419895,-1.674583342142924,-1.7743127516771229
1656561600,2022-06-30,72.35,74.05,72.19,73.62,2736214.0,74.0575,82.45551851629254,65.65948148370747,75.96783333333333,72.27683333333333,74.12233333333333,74.0575,1.8599999999999994,76.9795,71.13550000000001,0,45.71101081040062,-8.307385726740566,-22.654963171444155,45.084563991881296,71.31438431685083,1.8018658107393095,33.35662148989799,207835143.0,1830780.9,0,0.015065897091119721,12.0,-56.0,68.0,74.0575,73.68777126151198,75.39265788779915,0.2411930329559202,-1.4728214604822227,-1.714014493438143
1656648000,2022-07-01,74.11,76.25,73.85,75.96,2956917.0,73.828,81.74061170537216,65.91538829462785,75.75166666666667,72.02266666666667,73.88716666666667,73.828,2.6299999999999955,76.79575,70.86025000000001,0,52.34171475503084,-5.698324022346373,-17.146596793193712,53.04448812319639,71.40336993741471,1.8610182528293586,31.55014999339383,210792060.0,1866996.96,0,0.06686595597221802,8.0,-56.0,64.0,73.828,73.90417399851084,75.41490659808154,0.4821756304641671,-1.111294955357934,-1.5934705858221012
1656993600,2022-07-05,75.73,75.8,71.38,72.67,2208232.0,73.439,80.75351679880445,66.12448320119553,75.57000000000001,71.486,73.52799999999999,73.439,4.579999999999998,76.68499999999999,70.193,0,44.32880360161647,-9.670602858918583,-16.01105180043775,52.33395883649103,71.38772907337531,2.0552312347701185,29.995363748971606,208583828.0,1887175.68,0,0.08116902207089381,4.0,-56.0,60.0,73.439,73.78663361770029,75.30726320207835,0.41250966387129706,-1.07783350598298,-1.490343169854277
1657080000,2022-07-06,73.02,74.05,72.39,73.35,1775835.0,73.08500000000001,79.65977452084807,66.51022547915194,75.24533333333332,71.07633333333334,73.16083333333333,73.08500000000001,1.6599999999999966,76.39475,69.77525000000001,0,46.123260757605,-8.80268556508767,-14.310828157579397,52.51585462339795,71.49904889224592,2.0270004322865383,28.551633664865253,210359663.0,1895693.08,0,0.12775937100840887,24.0,-32.00000000000001,56.00000000000001,73.08500000000001,73.74504946363359,75.230507782389,0.4042031330390099,-0.9850892535555147,-1.3892923865945246
1657166400,2022-07-07,73.42,73.88,72.84,72.86,2365103.0,72.682,78.18751577965165,67.17648422034836,74.86266666666667,70.73066666666666,72.79666666666667,72.682,1.039999999999992,75.964,69.4,0,45.02249314814041,-9.960454770143354,-13.462662636514327,52.05140472189685,71.69533660946438,1.9565004014089278,27.21102715819507,207994560.0,1912642.14,0,0.0743027855659495,20.0,-32.0,52.0,72.682,73.66075903852563,75.13754669288355,0.3592030225150369,-0.9402886084507287,-1.2994916309657656
1657252800,2022-07-08,73.01,73.54,72.51,72.62,2083794.0,72.364,77.05164503775546,67.67635496224455,74.49833333333333,70.43433333333334,72.46633333333332,72.364,1.0300000000000011,75.57175,69.15625000000001,0,44.47524345166437,-8.052671562420866,-13.022785758591967,52.66102570838653,72.02032886546652,1.8903218013082903,26.13902120302828,205910766.0,1925876.6,0,0.01674753023918308,16.0,-32.0,48.0,72.364,73.56163913009462,75.03881937159399,0.3086987868727,-0.9136181473748906,-1.2223169342475906
1657512000,2022-07-11,72.47,73.42,71.96,72.97,1954470.0,72.1855,76.47877602187346,67.89222397812655,74.17416666666666,70.28016666666666,72.22716666666668,72.1855,1.460000000000008,75.26575,69.10525000000001,0,45.49230446615268,-4.664227854716498,-12.248955181099802,57.72354115075295,72.74557493657774,1.85958452978627,25.431629994378262,207865236.0,1943464.5,0,0.09090995037940929,12.0,-32.0,44.0,72.1855,73.50529254627608,74.95768920015892,0.2943410223992402,-0.8543906562485404,-1.1487316786477806
1657598400,2022-07-12,72.67,73.59,72.33,72.67,1364252.0,71.9825,75.74864325271805,68.21635674728195,73.96216666666666,70.12516666666667,72.04366666666667,71.9825,1.2600000000000051,75.02,68.94500000000001,0,44.752683805233396,-5.291281115600159,-11.911230385661117,57.12110538782419,73.00132016687381,1.8167570633729653,24.649741562891915,206500984.0,1940291.02,0,0.03189388890296127,8.0,-32.0,40.0,71.9825,73.42574087520218,74.8679758981919,0.26123947930912217,-0.8221823295113779,-1.0834218088205
1657684800,2022-07-13,72.06,73.01,71.98,72.17,1127843.0,71.9345,75.66522365634252,68.20377634365748,73.75983333333333,70.16183333333333,71.96083333333334,71.9345,1.0300000000000011,74.75375,69.11525,0,43.51159948188256,-1.3127307534527468,-12.122346071750258,52.653635770269794,73.13871419384839,1.7605601302748963,24.121053703109585,205373141.0,1900701.54,0,-0.01801697870193021,4.0,-32.0,36.0,71.9345,73.3061465061353,74.76217292179221,0.20476598611570318,-0.8274643261758712,-1.0322303122915744
1657771200,2022-07-14,71.1,72.96,70.31,72.76,1429930.0,72.054,75.72931440831852,68.37868559168149,73.721,70.277,71.999,72.054,2.6499999999999915,74.75775,69.35025,0,45.392613360297865,3.3963336649140268,-11.552439962115226,47.45068009190376,73.18462202777327,1.8240915495409744,24.471725838946675,206803071.0,1893799.06,0,-0.010484072098290134,4.0,-28.0,32.0,72.054,73.25413255317004,74.6836563366239,0.205698391677686,-0.7751073226944669,-0.9808057143721529
1657857600,2022-07-15,73.11,73.23,72.08,72.92,1207074.0,72.1885,75.78296393777897,68.59403606222104,73.79883333333333,70.43383333333334,72.11633333333334,72.1885,1.1500000000000057,74.833,69.54400000000001,0,45.90679879625626,3.830271963548338,-10.877987275104548,46.019117081490016,73.22943723051651,1.7759421531451909,24.574396014821282,208010145.0,1879904.52,0,-0.04085307477019559,8.0,-20.000000000000004,28.000000000000004,72.1885,73.22231040524908,74.6144933430308,0.21465240051745715,-0.7124902137253315,-0.9271426142427887
1658116800,2022-07-18,72.61,72.64,71.8,71.86,1221134.0,72.34700000000001,75.57087406701835,69.12312593298167,73.95466666666667,70.62266666666667,72.28866666666667,72.34700000000001,1.1200000000000045,74.912,69.78200000000001,0,43.07809700400945,4.614936672004661,-11.426526666953702,40.814310268088356,73.19849737738707,1.7290891422062489,24.808948636277556,206789011.0,1863480.54,0,-0.13700865911521162,4.0,-20.0,24.0,72.34700000000001,73.09256655713011,74.50647399624528,0.14981802485023554,-0.7398700831799943,-0.8896881080302298
1658203200,2022-07-19,72.37,72.94,72.16,72.56,1565501.0,72.5765,75.09843001488805,70.05456998511194,74.10416666666666,70.91216666666666,72.50816666666667,72.5765,1.0799999999999983,75.059,70.094,0,45.41609083718088,6.752979255553926,-10.948427906280163,38.37114816826042,73.15244075826323,1.6827256320486597,24.757708843938417,208354512.0,1841528.76,0,-0.04650261111104231,56.00000000000001,36.00000000000001,20.0,72.5765,73.04184593264154,74.43014168266703,0.154110867134172,-0.697049524112515,-0.851160391246687
1658289600,2022-07-20,72.7,73.05,71.77,71.89,1817040.0,72.70400000000001,74.77628762482267,70.63171237517734,74.23133333333332,71.11433333333333,72.67283333333333,72.70400000000001,1.2800000000000011,75.13025,70.27775000000001,1,43.61134284562061,3.677531006633973,-11.27847339738973,38.37031316777156,73.11048317396417,1.6539595154737554,24.924888575988405,206537472.0,1832057.28,0,-0.08302408542290707,52.0,36.0,16.0,72.70400000000001,72.93214632000901,74.33052828334675,0.11372482325719502,-0.7090043621751931,-0.8227291854323882
1658376000,2022-07-21,72.29,72.4,71.71,72.36,1490209.0,72.8105,74.556506586469,71.06449341353101,74.29249999999999,71.27149999999999,72.78200000000001,72.8105,0.6900000000000119,75.16475,70.45625000000001,1,45.21879425647614,3.032891926527119,-10.904835850524961,29.182853508978198,73.03300379900128,1.585105264368488,25.114076236441512,208027681.0,1823973.76,0,-0.09348920452491477,48.0,36.0,12.0,72.8105,72.87765619429388,74.25325266439198,0.1199449571390302,-0.6727979890086004,-0.7927429461476306
1658462400,2022-07-22,72.7,73.28,72.53,73.27,1349186.0,72.896,74.55394330421551,71.2380566957845,74.35,71.39000000000001,72.87,72.896,0.9200000000000017,75.2015,70.5905,1,48.226750110595056,2.389603130240349,-9.337412366028385,23.912212278998766,72.73380124676663,1.5375977454850247,24.438997179635948,209376867.0,1819453.52,0,-0.14050336720940823,44.0,36.0,8.0,72.896,72.9150222710278,74.21469373637662,0.1828572638920638,-0.5641713662825509,-0.7470286301746147
1658721600,2022-07-25,73.01,74.03,72.81,73.98,897943.0,72.9625,74.6812189997184,71.24378100028161,74.40016666666666,71.47116666666668,72.93566666666666,72.9625,1.2199999999999989,75.24475000000001,70.68025,1,50.46074755033641,1.830695113558153,-7.0766080188336025,29.56497725297548,72.71395253724899,1.5149121922360942,23.160067544106777,210274810.0,1805713.56,0,-0.06846851667157368,40.0,36.0,4.0,72.9625,73.01644872140609,74.20549006044028,0.26482485775706244,-0.41599755797828664,-0.6808224157353491
1658808000,2022-07-26,74.03,74.69,73.94,74.44,1058993.0,73.02000000000001,74.85191702868688,71.18808297131314,74.44800000000001,71.571,73.0095,73.02000000000001,0.75,75.26325000000001,70.77675,1,51.87688957741717,1.5691090189657406,-4.597440110349104,35.73289128003236,72.75045148099724,1.4602756070763732,21.568640233019927,211333803.0,1784950.48,0,-0.0672372370160466,36.0,32.0,4.0,73.02000000000001,73.15202503365313,74.21468652865832,0.3378810543323424,-0.25847109781992117,-0.5963521521522636
1658894400,2022-07-27,74.07,74.44,73.7,74.27,985149.0,73.098,75.00190756077939,71.19409243922061,74.439,71.667,73.053,73.098,0.7399999999999949,75.2625,70.9335,1,51.306336759509506,2.145509558520152,-2.772225639130961,38.24624939856302,72.76672392766326,1.4088273494280603,20.156330042906234,210348654.0,1773802.5,0,0.07156157031934318,32.0,28.0,4.0,73.098,73.25849883997189,74.2168556843972,0.36054680571049846,-0.14566864501414045,-0.5062154507246389
1658980800,2022-07-28,74.94,77.01,74.64,76.93,1671871.0,73.3065,75.82938941493535,70.78361058506465,74.69016666666667,71.75216666666667,73.22116666666668,73.3065,2.740000000000009,75.62325,70.98975,0,58.77425490930767,5.731170973062124,2.275303670552933,48.0266643246183,73.0526067308775,1.5039111101831995,20.291725857963538,212020525.0,1774997.88,0,0.24016613641921547,100.0,96.0,4.0,73.3065,73.60816561711742,74.32325350069536,0.5302228556262776,0.15656311880820795,-0.3736597368180696
1659067200,2022-07-29,75.86,77.57,75.86,76.89,2720067.0,73.47,76.43760509502067,70.50239490497933,74.857,71.934,73.3955,73.47,1.7099999999999937,75.7755,71.1645,0,58.63191851632118,4.441727791361037,6.212071133053533,60.09991119994892,73.58746103272792,1.5186317451701132,20.707584305520022,209300458.0,1806253.4,0,0.22123778789718773,96.0,32.0,64.0,73.47,73.92072127263005,74.42391022615828,0.6096312362410004,0.3883793084831808,-0.22125192775781954
1659326400,2022-08-01,77.22,77.97,76.67,77.76,2597122.0,73.56,76.90889235419604,70.21110764580396,74.90766666666666,72.09466666666665,73.50116666666666,73.56,1.2999999999999972,75.76575,71.35425000000001,0,60.805090728777195,2.3696682464455128,10.435211945820084,62.692279014568065,74.11078902886041,1.5030151919436763,21.29713543137697,211897580.0,1822780.88,0,0.32120832583746367,100.0,40.0,60.0,73.56,74.28636686571289,74.55473727611286,0.6849834731561714,0.6349774136873947,-0.050006059468776703
1659412800,2022-08-02,77.94,79.36,77.82,78.65,2337223.0,73.85900000000001,77.84405658679931,69.8739434132007,75.03,72.50500000000001,73.7675,73.85900000000001,1.5999999999999943,75.84125,71.87675000000002,0,62.9035852982449,8.228980322003583,14.853914311857523,69.8670928145013,74.6683311922445,1.5099426782334133,22.484167261783494,214234803.0,1830611.04,0,0.3438230535285602,100.0,43.99999999999999,56.00000000000001,73.85900000000001,74.70195097374024,74.71533581430451,0.7535584463914051,0.8919419985204797,0.13838355212907458
1659499200,2022-08-03,78.66,79.38,77.26,79.17,1696036.0,74.15,78.74689895472942,69.5531010452706,75.32000000000001,72.749,74.03450000000001,74.15,2.1199999999999903,76.16675000000001,72.13325,0,64.08616310350897,7.9345603271983745,18.969424718714585,68.61928666621776,75.1315344724113,1.5535182012167401,23.07560646281582,215930839.0,1827226.28,0,0.3462305295041265,100.0,48.0,52.0,74.15,75.12747945243166,74.89002852746904,0.7889607008966404,1.1245844282498751,0.3356237273532347
1659585600,2022-08-04,79.27,79.93,78.86,79.32,2234317.0,74.473,79.54519124245056,69.40080875754944,75.63033333333334,73.05633333333334,74.34333333333333,74.473,1.0700000000000074,76.492,72.454,0,64.43046568223352,8.866318967883604,22.45501093921727,70.19009983292112,75.65403342707835,1.5189811868441165,23.881924002893594,218165156.0,1833988.24,0,0.29440752816169624,100.0,52.0,48.0,74.473,75.52676712362864,75.06375289894085,0.7763043566434269,1.3060041731575183,0.5296998165140914
1659672000,2022-08-05,79.03,79.39,77.34,78.78,1777352.0,74.781,80.10744309084326,69.45455690915675,75.962,73.286,74.624,74.781,2.049999999999997,76.87650000000001,72.6855,0,62.171805756591425,8.482511704764523,24.385807196038527,68.22622566918045,76.04266705151927,1.5569111020695365,23.3445419249392,216387804.0,1810484.4,0,0.360633734167791,96.0,52.0,44.0,74.781,75.8365988261402,75.20948807937455,0.6883857375243717,1.390181988419556,0.7017962508951844
1659931200,2022-08-08,79.35,80.01,78.89,79.25,1660253.0,75.095,80.69098606145438,69.49901393854562,76.275,73.63300000000001,74.954,75.095,1.230000000000004,77.17325,73.01675,0,63.348941614559024,8.606276552007676,26.45765405321372,68.53765667058674,76.49584347891401,1.5335603090645697,23.177673648359107,218048057.0,1814253.14,0,0.33316632036242133,92.0,52.0,40.0,75.095,76.16168465222209,75.36793952724221,0.6207898919987095,1.4777836158935713,0.8569937238948618
1660017600,2022-08-09,79.54,80.25,79.47,79.87,1732583.0,75.45500000000001,81.30142283794045,69.60857716205958,76.601,74.00699999999999,75.304,75.45500000000001,1.0,77.51375000000002,73.39625000000001,0,64.86702669120984,9.907802394385582,28.79627573966302,75.6939890925922,77.05654158933783,1.4954488584171004,23.15052169175244,219780640.0,1823752.84,0,0.39714884607124695,100.0,64.0,36.0,75.45500000000001,76.51485754248665,75.54449091833075,0.577633196999032,1.579035220143652,1.00140202314462
1660104000,2022-08-10,80.29,80.48,79.54,79.88,1541027.0,75.84049999999999,81.78559032731978,69.8954096726802,76.9755,74.3905,75.68299999999999,75.84049999999999,0.9399999999999977,77.89249999999998,73.7885,0,64.89171571408934,10.68310932520437,30.73088255062014,81.6131051570599,77.54239672565232,1.455773939958736,23.25127053064993,221321667.0,1825814.94,0,0.3244399093823803,100.0,68.0,32.0,75.84049999999999,76.83534730034508,75.71451088231778,0.5118115155210496,1.6411664175459322,1.1293549020248825
1660190400,2022-08-11,79.85,80.58,79.27,79.85,1666516.0,76.195,82.20821378299416,70.18178621700582,77.303,74.85199999999999,76.0775,76.195,1.3100000000000023,78.14649999999999,74.2435,0,64.74803012728809,9.744365035733903,32.28697788863243,74.9948950560541,77.95016686894701,1.4453615156759694,23.09510755293214,219655151.0,1792050.1,0,0.2590527385304177,96.0,68.0,28.000000000000004,76.195,77.12245708126459,75.87668692614845,0.4315151123950527,1.6687487925186986,1.2372336801236459
1660276800,2022-08-12,80.35,81.17,80.13,81.16,1308067.0,76.607,82.79286162147125,70.42113837852875,77.70133333333334,75.26133333333333,76.48133333333332,76.607,1.3200000000000074,78.57125,74.64274999999999,0,68.0044470621661,11.30005485463521,34.92159690391669,75.50159760672476,78.25649734081212,1.436407121699115,23.299423458419547,220963218.0,1785817.12,0,0.2731533902280914,100.0,76.0,24.0,76.607,77.50698497828701,76.08387567414263,0.4308876635853993,1.775843259605395,1.3449555960199957
1660536000,2022-08-15,81.23,81.49,80.74,81.33,1708529.0,77.0805,83.1897240914858,70.9712759085142,78.15116666666667,75.72016666666666,76.93566666666666,77.0805,0.75,79.017,75.144,0,68.40315452167218,13.17840244920679,37.25514748449383,76.23055346922347,78.61287636791414,1.3873780415777497,23.67385764725268,222671747.0,1792985.0,0,0.2906730515372954,100.0,80.0,20.0,77.0805,77.87108164702158,76.28960603986253,0.40649384690347357,1.8530729046493377,1.4465790577458641
1660622400,2022-08-16,81.02,82.04,81.02,81.56,1114597.0,77.5305,83.56695748763215,71.49404251236786,78.6125,76.1575,77.385,77.5305,1.0200000000000102,79.4625,75.5985,0,68.95411954717112,12.403528114663725,39.416685323402326,80.03141132951086,78.91064970293678,1.3611367528936253,24.331466805120353,223786344.0,1799057.44,0,0.2710897205816865,100.0,84.0,16.0,77.5305,78.2224072044481,76.49628815594636,0.3713850735763007,1.9108103997162402,1.5394253261399395
1660708800,2022-08-17,81.43,81.95,81.29,81.77,1162501.0,78.0245,83.74239288112238,72.30660711887762,79.05316666666667,76.66016666666665,77.85666666666667,78.0245,0.6599999999999966,79.91000000000001,76.139,0,69.46584157592612,13.743218806509939,41.4262854902083,79.70759990135335,79.21753486320252,1.3110555562583663,24.94210388028319,224948845.0,1806372.22,0,0.235751549808393,100.0,88.0,12.0,78.0245,78.56027318497685,76.70310038512493,0.329278017936913,1.951022848561081,1.621744830624168
1660795200,2022-08-18,81.93,82.29,81.57,81.9,969998.0,78.5015,83.82792196976447,73.17507803023551,79.54283333333333,77.14683333333333,78.34483333333333,78.5015,0.7200000000000131,80.38924999999999,76.61375,0,69.7903132625565,13.184079601990058,43.241644940361304,78.30479938428509,79.61189077162781,1.2688373022399126,25.709121870350177,225918843.0,1798348.44,0,0.22617997705531462,100.0,92.0,8.0,78.5015,78.87834240545524,76.906900370022,0.279135991644317,1.9706648201795645,1.6915288285352474
1660881600,2022-08-19,82.06,82.27,81.28,81.61,1596970.0,78.91850000000001,83.8311419572354,74.00585804276461,79.98949999999999,77.56949999999999,78.7795,78.91850000000001,0.9899999999999949,80.81150000000001,77.02550000000001,0,68.09123607043549,11.38255766343661,44.049369675443515,70.20564812236547,80.00902967786013,1.2489203520799186,26.06369642094884,224321873.0,1809136.4,0,0.1344638286723614,96.0,92.0,4.0,78.91850000000001,79.13850027160237,77.09133564962899,0.19914670309178173,1.9404622073999747,1.741315504308193
1661140800,2022-08-22,81.42,81.54,79.98,80.41,1218899.0,79.24,83.63178323690838,74.84821676309161,80.35833333333333,77.90433333333333,79.13133333333334,79.24,1.6299999999999955,81.16375,77.31625,0,61.562979211916776,8.691538253582038,41.66364623829452,62.99092968767788,80.19806388111766,1.2761403269313527,24.981506516091006,223102974.0,1809094.98,0,0.10740666529764287,92.0,84.0,8.0,79.24,79.25959548383072,77.22147934964354,0.046114929780569636,1.7989591665339049,1.7528442367533352
1661227200,2022-08-23,80.36,80.54,79.49,79.98,1087638.0,79.517,83.32257012811343,75.71142987188657,80.65566666666666,78.17166666666665,79.41366666666667,79.517,1.0500000000000114,81.46325,77.57074999999999,0,59.41435241514279,7.442235357334775,38.619706530392925,64.73840344347803,80.31803570087662,1.259987446436257,23.518449094663396,222015336.0,1796026.28,0,0.04161063007217135,88.0,84.0,4.0,79.517,79.3282054377516,77.32965663004968,-0.09564178359276143,1.6332920072623835,1.728933790855145
1661313600,2022-08-24,80.14,80.37,79.62,80.21,980031.0,79.814,82.76685895362259,76.8611410463774,80.95266666666666,78.46766666666666,79.71016666666667,79.814,0.75,81.761,77.86699999999999,0,60.196517111622676,7.997845698128447,36.3812553944632,62.51793378220495,80.41390594804945,1.2235597716908102,22.159895774766333,222995367.0,1780320.62,0,0.08910358435241339,84.0,80.0,4.0,79.814,79.41218587225146,77.44261127200852,-0.18056274158353203,1.5032303638757298,1.6837931054592619
1661400000,2022-08-25,80.37,80.98,79.98,80.92,898997.0,80.0135,82.68582688868503,77.34117311131496,81.10583333333334,78.75783333333334,79.93183333333334,80.0135,1.0,81.83,78.19699999999999,0,62.54222848491752,5.186533212010912,35.388600230721075,70.12909061419649,80.60627507440228,1.207591216570038,21.424066985649546,223894364.0,1759519.88,0,0.09713566960577064,80.0,76.0,4.0,80.0135,79.55578721775132,77.57897945741995,-0.1943644346043496,1.440837562203825,1.6352019968081746
1661486400,2022-08-26,80.94,81.03,79.75,79.84,1369703.0,80.161,82.42132652508192,77.90067347491808,81.256,78.951,80.10350000000001,80.161,1.2800000000000011,81.94525,78.37675,0,57.14950930519146,3.836649759396544,31.866134722180494,62.26922889432573,80.6870684572256,1.212763272529321,20.498367746795108,222524661.0,1743601.26,0,0.06685039226618145,76.0,72.0,4.0,80.161,79.58285510177501,77.66764692967799,-0.27665706496801246,1.2893806655981592,1.5660377305661717
1661745600,2022-08-29,79.56,80.82,79.03,80.09,1285579.0,80.2775,82.25305941444161,78.3019405855584,81.40616666666668,79.05216666666666,80.22916666666667,80.2775,1.789999999999992,82.0985,78.4565,0,58.03127436090507,2.99639917695473,29.37061714882426,54.22842464643296,80.7160033842104,1.2539944673486545,19.148555541764107,223810240.0,1717188.4,0,0.07927223190201903,72.0,64.0,8.0,80.2775,79.63115461589167,77.76264116772983,-0.31205652201189715,1.1759670780513005,1.4880236000631977
1661832000,2022-08-30,79.85,80.25,78.79,79.12,1335522.0,80.301,82.20857332755227,78.39342667244773,81.441,79.095,80.268,80.301,1.4599999999999937,82.1115,78.4905,0,53.53222747321326,0.5975842339478689,25.026980859581265,46.254191189361244,80.68094767939253,1.2687091482523216,18.121744697601876,222474718.0,1642752.56,0,0.06293310358739518,68.0,64.0,4.0,80.301,79.582473223902,77.81587092585808,-0.3933548583789477,0.9963300270895132,1.389684885468461
1661918400,2022-08-31,79.15,79.24,77.87,78.17,3088758.0,80.251,82.32011478656669,78.18188521343332,81.39466666666667,79.12366666666665,80.25916666666667,80.251,1.3699999999999903,82.00525,78.49675,0,49.57028561020459,-1.2631047113805736,19.4064317355412,42.972274620584066,80.38493548823877,1.2759442090914408,17.96719210477612,219385960.0,1667107.3,-1,-0.02253792876777938,64.0,56.0,8.0,80.251,79.44795196448275,77.8297583405303,-0.49698704139911376,0.7684510837195688,1.2654381251186826
1662004800,2022-09-01,78.3,79.61,77.99,79.2,1523890.0,80.245,82.32554319829916,78.16445680170085,81.40033333333334,79.07433333333333,80.23733333333334,80.245,1.6200000000000045,82.04050000000001,78.4495,0,53.49812117370115,-0.15128593040845986,16.578551833237107,43.507563878926284,80.24114315394188,1.3005196227277669,17.422728044097315,220909850.0,1667532.52,0,-0.04970781462730379,60.0,56.0,4.0,80.245,79.42433749167488,77.88349330756834,-0.48169336818848874,0.6633214148830717,1.1450147830715605
1662091200,2022-09-02,79.36,80.14,77.84,78.05,1303798.0,80.2085,82.41251701445087,78.00448298554913,81.42150000000001,79.0705,80.24600000000001,80.2085,2.299999999999997,82.02275,78.39425,0,49.01166664126272,-0.9266311246509318,12.006393316605331,35.39403191614245,80.04812215661772,1.371911078247212,16.369478560739093,219606052.0,1662655.94,0,-0.1587747759719254,56.00000000000001,52.00000000000001,4.0,80.2085,79.29344820675347,77.89002298178136,-0.5306856223902752,0.48165775508371667,1.0123433774739918
1662436800,2022-09-06,78.15,79.19,77.48,77.7,1521986.0,80.131,82.56172746312477,77.70027253687523,81.388,78.978,80.183,80.131,1.7099999999999937,81.98125,78.28075,0,47.72934545389954,-1.955835962145107,7.807598610873373,28.86495812593141,79.81072140639064,1.3960602869438392,15.727713847918663,218084066.0,1653795.1,0,-0.21725438277788758,52.0,-48.0,100.0,80.131,79.14169123468172,77.88257110014287,-0.5651391246134344,0.3059194717071989,0.8710585963206333
1662523200,2022-09-07,78.38,80.21,78.22,80.03,2141657.0,80.139,82.56729075688826,77.71070924311174,81.42966666666668,78.89866666666667,80.16416666666667,80.139,2.509999999999991,82.10249999999999,78.1755,0,55.82793393617599,0.20032552898459569,8.322633496024014,32.17274757948388,79.67022209657631,1.4756274093049928,15.06330355354956,220225723.0,1665230.16,0,-0.14647212639144797,48.0,-48.0,96.0,80.139,79.22629206947393,77.96678399817648,-0.4163545038283445,0.3506154665352028,0.7669699703635473
1662609600,2022-09-08,79.75,80.57,79.43,79.68,1426773.0,80.12899999999999,82.56311503425556,77.69488496574442,81.436,78.885,80.1605,80.12899999999999,1.1399999999999864,82.10749999999999,78.1505,0,54.49293742689201,-0.2503755633450033,8.072487545900655,33.588905707466196,79.58052368710645,1.4516540229260637,14.757853556108163,218798950.0,1641495.04,0,-0.17790865562530583,44.0,-48.0,92.0,80.12899999999999,79.26950234857165,78.03396893942447,-0.33060169602777034,0.3537178503288345,0.6843195463566049
1662696000,2022-09-09,79.96,80.35,79.27,79.87,1703770.0,80.13000000000001,82.56367212253191,77.69632787746811,81.421,78.893,80.15700000000001,80.13000000000001,1.0799999999999983,82.09125,78.16875000000002,0,55.10638172627969,0.02504696305574231,8.169697745554917,33.47741070425113,79.43729444946804,1.4251073070027733,14.301551832056804,220502720.0,1639536.98,0,-0.14244967539487813,40.0,-48.0,88.0,80.13000000000001,79.32669260108864,78.10597015748625,-0.2536362647608372,0.3672742154055584,0.6209104801663956
1662955200,2022-09-12,80.04,80.88,79.83,80.66,1206344.0,80.105,82.50588733596331,77.7041126640367,81.40333333333334,78.87433333333334,80.13883333333334,80.105,1.0499999999999972,82.046,78.164,0,57.6075055273702,-0.6160670280926565,9.428287916749424,39.35645566973504,79.42578151966283,1.3983139279311465,14.350507888816447,221709064.0,1608939.58,0,-0.08276033933549676,36.0,-48.0,84.0,80.105,79.45367425812782,78.206128190526,-0.1473445593084376,0.4367297810308486,0.5840743403392862
1663041600,2022-09-13,79.97,80.19,77.79,78.13,2198288.0,79.94500000000001,82.42327762770621,77.4667223722938,81.36166666666666,78.66766666666668,80.01466666666667,79.94500000000001,2.8699999999999903,82.045,77.84500000000001,0,48.498892963812786,-3.934587483093573,6.029468780639057,37.41572318543536,79.32497156740487,1.5034343616503496,14.147209915174068,219510776.0,1593767.0,0,-0.14694076240257772,32.0,-48.0,80.0,79.94500000000001,79.32761004306803,78.20314277128969,-0.23978251599870748,0.2843461953409019,0.5241287113396094
1663128000,2022-09-14,78.24,79.58,78.1,79.05,1677847.0,79.81949999999999,82.2106125025789,77.42838749742108,81.25316666666667,78.51316666666666,79.88316666666667,79.81949999999999,1.480000000000004,81.954,77.68499999999999,0,51.43798738120184,-3.0774889651790156,4.837955478233875,39.29304768526124,79.26223081395663,1.501760478675325,13.958433225363288,221188623.0,1583159.3,0,-0.1462001632534466,28.000000000000004,-48.0,76.0,79.81949999999999,79.30117099134726,78.2363528586901,-0.2312171714225505,0.23510724706142128,0.46632441848397177
1663214400,2022-09-15,78.37,78.38,76.78,76.87,1781969.0,79.5745,82.11543270276671,77.03356729723329,81.08383333333333,78.24983333333333,79.66683333333333,79.5745,2.269999999999996,81.82974999999999,77.31925000000001,0,45.028419674554556,-5.992417757123629,0.6510618036248974,34.02494468858676,79.06507973051212,1.5566347301985157,14.714901483711824,219406654.0,1583281.98,0,-0.24140237153690267,24.0,-76.0,100.0,79.5745,79.06963089693323,78.18277039364342,-0.35710169101861927,0.019947304710697722,0.377048995729317
1663300800,2022-09-16,77.02,77.96,76.76,77.4,4725758.0,79.3495,81.82294678535631,76.8760532146437,80.88050000000001,77.9985,79.4395,79.3495,1.1999999999999886,81.64075,77.05825000000002,0,46.727233524838205,-5.4945054945054945,-1.6717974506566435,47.1732354165027,78.71003772846129,1.5311608208986212,15.43026767853611,224132412.0,1630495.08,1,-0.15588480592000348,20.0,-76.0,96.0,79.3495,78.91061843055864,78.15207351546132,-0.3868979302856296,-0.10657341712771995,0.2803245131579096
1663560000,2022-09-19,77.15,78.07,76.76,78.03,1566133.0,79.17049999999999,81.47614936622843,76.86485063377155,80.69149999999999,77.7775,79.2345,79.17049999999999,1.309999999999988,81.48574999999998,76.85525,1,48.71048258957653,-4.386717314054648,-2.53206649865906,52.44610219283242,78.58726291937042,1.5153636194058617,15.969691742120249,225698545.0,1620141.86,0,-0.10893252064383839,16.0,-76.0,92.0,79.17049999999999,78.82675000860067,78.14728631877657,-0.34764234385712767,-0.15422841666349996,0.1934139271936277
1663646400,2022-09-20,77.55,77.69,76.54,77.23,1518043.0,79.0115,81.39072907682082,76.63227092317918,80.4965,77.6235,79.06,79.0115,1.4899999999999949,81.31625,76.70675,0,46.401453396257736,-3.9547319985076395,-4.238496156085046,52.17520514334651,78.46878979892676,1.5135519323054427,16.631757872011438,224180502.0,1611413.32,0,-0.07039743173306512,12.0,-76.0,88.0,79.0115,78.67467857921012,78.11131430627553,-0.35763116558299224,-0.2536250297851126,0.10400613579787966
1663732800,2022-09-21,77.75,78.3,76.54,76.55,1300784.0,78.84,81.40267048213184,76.27732951786817,80.38833333333334,77.44433333333333,78.91633333333333,78.84,1.759999999999991,81.198,76.48200000000001,0,44.5134883833262,-4.2885721430357675,-6.418202865686723,55.864502657981774,78.40583845033123,1.5311553657121961,16.52690656907417,222879718.0,1610143.96,0,-0.057734009367388324,8.0,-92.0,100.0,78.84,78.47232823833296,78.05008629426473,-0.3894885643508402,-0.38285456964067066,0.006633994710169594
1663819200,2022-09-22,76.39,77.25,75.65,76.69,1652313.0,78.664,81.30833280809922,76.01966719190078,80.25399999999999,77.22500000000001,78.7395,78.664,1.5999999999999943,81.08574999999999,76.24225000000001,0,44.99847815765054,-4.388480239371645,-7.923455979031245,49.7183209355599,78.25410876388632,1.536072839589896,17.10953532493474,224532031.0,1620633.36,0,-0.0674298502904445,4.0,-92.0,96.0,78.664,78.30258269182505,77.99674957684257,-0.3801645385045265,-0.4685716784204885,-0.08840713991596202
1663905600,2022-09-23,76.19,76.45,75.39,76.25,2316964.0,78.4305,81.06146541216148,75.79953458783851,80.02716666666666,76.99216666666668,78.50966666666667,78.4305,1.2999999999999972,80.87474999999999,75.98625,0,43.73384700271439,-5.771131982204649,-9.663138766671256,47.96517841431427,78.0407803211102,1.5192104939049031,17.833994994417907,222215067.0,1638374.04,0,0.028935178065706547,4.0,-96.0,100.0,78.4305,78.10709862593696,77.92824959343699,-0.38166534750054915,-0.5654888242916485,-0.18382347679109934
1664164800,2022-09-26,76.22,76.31,73.57,74.31,1896174.0,78.15400000000001,81.25473152659019,75.05326847340983,79.82633333333334,76.64533333333334,78.23583333333333,78.15400000000001,2.740000000000009,80.70775,75.60025000000002,0,38.68765362280486,-6.926352705410823,-13.35455287825261,47.44679426547848,77.80460198178595,1.606409744340268,19.569309318046205,220318893.0,1652156.04,0,0.038066411041520753,16.0,-84.0,100.0,78.15400000000001,77.74547018537153,77.7863574525179,-0.4847288815728504,-0.7897345787571624,-0.305005697184312
1664251200,2022-09-27,74.51,74.78,72.3,72.43,2624025.0,77.77099999999999,81.62210321855834,73.91989678144164,79.52033333333333,76.27033333333334,77.89533333333333,77.77099999999999,2.480000000000004,80.37649999999998,75.1655,0,34.6136104747723,-9.564240229741536,-18.291119506246762,38.97480779781808,77.23335315442411,1.6688090483159637,21.731289525297225,217694868.0,1680213.86,0,-0.11128968808280297,12.0,-88.0,100.0,77.77099999999999,77.23923492962186,77.57630421908584,-0.6411133483648097,-1.1063973826403242,-0.46528403427551446
1664337600,2022-09-28,73.3,73.8,72.17,73.01,2179012.0,77.46549999999999,81.78141693617829,73.1495830638217,79.20916666666668,75.94216666666668,77.57566666666666,77.46549999999999,1.6299999999999955,80.08374999999998,74.84725,0,36.77574876092093,-7.722446916076844,-21.180779758508763,32.930090423210075,76.77354975323331,1.6660369734362515,23.790694019433385,219873880.0,1692484.08,0,-0.07772216988465962,8.0,-88.0,96.0,77.46549999999999,76.83645065061026,77.3972334653962,-0.6642677306287155,-1.2956186975614088,-0.6313509669326933
1664424000,2022-09-29,72.7,72.7,69.79,69.87,1621289.0,77.0505,82.47058293294401,71.63041706705599,78.90416666666667,75.48316666666668,77.19366666666667,77.0505,3.219999999999999,79.80749999999999,74.29350000000001,0,30.94454451415794,-10.61788409875911,-26.39071583358204,33.254737820187444,76.24590121244304,1.7770343324765192,26.48685912297706,218252591.0,1688569.06,0,-0.13885317383790938,4.0,-96.0,100.0,77.0505,76.17297916007595,77.10204783930223,-0.8385899949031057,-1.6795884605615754,-0.8409984656584697
1664510400,2022-09-30,70.43,70.46,68.14,68.45,4354242.0,76.513,83.00078267206842,70.02521732793159,78.44333333333333,74.95233333333333,76.69783333333334,76.513,2.319999999999993,79.32249999999999,73.70350000000002,0,28.772775754117163,-13.573232323232324,-31.451730615314393,26.270872509207493,75.08212655327802,1.8158175944424817,29.381032301943456,213898349.0,1745849.72,-1,-0.2488190681324931,44.0,-56.0,100.0,76.513,75.43745733530682,76.76275184560411,-0.9868453998718816,-2.0745552154983216,-1.08770981562644
1664769600,2022-10-03,69.7,71.14,69.05,70.5,1921476.0,76.13550000000001,83.08388535200746,69.18711464799256,78.0105,74.54050000000001,76.27550000000001,76.13550000000001,2.6899999999999977,78.97425,73.29675000000002,0,35.63723158003995,-9.6732863549007,-32.09246891516446,32.51725933156021,74.52702364881961,1.8782591948394471,31.360458152203528,215819825.0,1757295.52,0,-0.17651535527756046,40.0,-56.0,96.0,76.13550000000001,74.96722330337283,76.5171537340118,-0.8872942953860838,-2.196827684859045,-1.309533389472961
1664856000,2022-10-04,70.44,71.83,70.28,71.14,2168012.0,75.80749999999999,83.04291256598349,68.5720874340165,77.6505,74.1965,75.9235,75.80749999999999,1.5499999999999972,78.63424999999998,72.98075,0,37.61309112851917,-8.442728442728445,-31.629939755972096,33.14278247348592,74.05842709084753,1.854812109493772,32.515048564112085,217987837.0,1782696.9,0,-0.18131650712846983,36.0,-56.0,92.0,75.80749999999999,74.60272584590875,76.30628496012899,-0.7256020877841134,-2.216535999203103,-1.4909339114189895
1664942400,2022-10-05,70.2,70.24,68.49,69.27,1632490.0,75.2695,82.76451827882975,67.77448172117023,77.13083333333333,73.70083333333334,75.41583333333332,75.2695,2.6500000000000057,78.10674999999999,72.43225,0,34.36809050452115,-13.444958140697244,-32.65759420725088,33.49511750829379,73.62740150891435,1.9116112445299314,34.13222979885102,216355347.0,1794166.84,0,-0.1375650322397349,32.0,-56.0,88.0,75.2695,74.09484719391745,76.03035221659452,-0.6919657555784076,-2.355891105891999,-1.6639253503135913
1665028800,2022-10-06,68.65,68.91,66.19,66.28,2177598.0,74.5995,82.76353203080394,66.43546796919607,76.57149999999999,72.9835,74.7775,74.5995,3.0799999999999983,77.58225,71.61675000000001,0,30.010425086223705,-16.817269076305227,-35.48127836005819,19.57117028187251,72.52612443241634,1.9950675842063645,36.17047861719725,214177749.0,1818015.82,0,-0.23086663323174375,28.000000000000004,-72.0,100.0,74.5995,73.35057603259197,75.64798546300258,-0.8102542908806858,-2.676743213914449,-1.8664889230337631
1665115200,2022-10-07,66.1,66.39,64.74,65.19,1972245.0,73.8655,82.62041284936596,65.11058715063403,75.8805,72.2355,74.05799999999999,73.8655,1.6500000000000057,76.89099999999999,70.84,0,28.61800726642055,-18.379867284337056,-38.24698791664825,13.72805909255537,71.77775186334995,1.970419899620196,38.335443242779505,212205504.0,1824023.3,0,-0.30835885702011473,24.0,-76.0,100.0,73.8655,72.57337831520226,75.2378683860221,-0.8944652147000229,-2.984570441408792,-2.090105226708769
1665374400,2022-10-10,65.26,66.2,65.24,65.82,1607485.0,73.12349999999999,81.96426981942147,64.28273018057851,75.14083333333333,71.50483333333332,73.32283333333334,73.12349999999999,1.0100000000000051,76.14599999999999,70.101,0,30.577695117745606,-18.39821472848996,-39.47104407833656,18.850221998901333,71.17129250574759,1.901818478218754,40.34576753796303,213812989.0,1801771.66,0,-0.30635830906051814,20.0,-76.0,96.0,73.12349999999999,71.93019942804015,74.86854021402124,-0.8410974271339366,-3.14147701062619,-2.300379583492253
1665460800,2022-10-11,65.63,66.23,65.19,65.35,2189374.0,72.4845,81.62771491599067,63.34128508400932,74.41716666666666,70.91716666666666,72.66716666666667,72.4845,1.0400000000000063,75.36975,69.59925,0,29.932378041588393,-16.35735312939972,-40.683423987374425,18.468604253082276,70.51247528634782,1.8402600154888433,42.222235394812955,211623615.0,1793616.7,0,-0.30495596504799777,16.0,-76.0,92.0,72.4845,71.30351376822681,74.49526412719688,-0.7725779952508147,-3.2661020775557716,-2.493524082304957
1665547200,2022-10-12,65.18,65.24,62.97,63.01,2323035.0,71.6825,81.18816331194174,62.17683668805827,73.69816666666665,70.11916666666667,71.90866666666668,71.6825,2.3799999999999955,74.63525,68.72975000000001,0,26.951490490397887,-20.290955091714107,-42.92541758200738,18.283675999847077,69.68378915001027,1.8788128715253543,44.35290649659034,209300580.0,1793332.94,0,-0.3866873900678884,12.0,-88.0,100.0,71.6825,70.51365531410997,74.04486161240484,-0.8157318778995895,-3.513188929679444,-2.6974570517798546
1665633600,2022-10-13,62.23,65.22,61.93,64.76,2615575.0,71.077,80.72548609886522,61.42851390113477,73.114,69.36600000000001,71.24000000000001,71.077,3.289999999999999,74.10624999999999,68.04775000000001,0,32.26199020898048,-15.753870170417587,-42.31604086308661,26.140366251926608,68.73599950092756,1.979611952130686,46.482917397955866,211916155.0,1811723.72,0,-0.3688816683970591,8.0,-88.0,96.0,71.077,69.9656881413376,73.68074939231055,-0.6637447698189209,-3.527138014053506,-2.863393244234585
1665720000,2022-10-14,65.46,65.53,63.23,63.71,2515376.0,70.39250000000001,80.09186054593272,60.6931394540673,72.50816666666665,68.65016666666666,70.57916666666667,70.39250000000001,2.3000000000000043,73.50425000000001,67.28075000000001,0,30.845718539724814,-17.687338501291993,-42.40273278276538,33.34051427232224,68.01864756997593,2.0024968126927805,48.16485895485441,209400779.0,1817344.9,0,-0.3803265058388527,4.0,-88.0,92.0,70.39250000000001,69.36990831835305,73.28973961221993,-0.5745911347079087,-3.5816321626194707,-3.007041027911562
1665979200,2022-10-17,64.56,65.51,64.56,64.86,2864431.0,69.73400000000001,79.05057318975152,60.41742681024849,71.858,68.03599999999999,69.947,69.73400000000001,1.8000000000000043,72.88250000000001,66.58550000000001,0,34.177048866186894,-16.878123798539026,-40.992908680137795,42.03188081894579,67.32699580730791,1.9880327546432963,49.72666182911734,212265210.0,1839086.48,0,-0.337234688041415,8.0,-80.0,88.0,69.73400000000001,68.94039324041466,72.95916158821132,-0.38778541421682444,-3.491772795682593,-3.1039873814657684
1666065600,2022-10-18,66.1,66.75,65.77,66.61,2300224.0,69.203,77.94282631406352,60.46317368593648,71.31066666666666,67.50566666666666,69.40816666666667,69.203,1.8900000000000006,72.3815,66.0245,0,38.89236388347724,-13.751132979412152,-37.70878296691572,49.23235937055064,66.87654005211112,1.9810304150259181,49.969932283511284,214565434.0,1851885.9,0,-0.2871134782063917,4.0,-80.0,84.0,69.203,68.71845102704184,72.71017485926185,-0.11039148330424009,-3.2419767355960687,-3.1315852522918286
1666152000,2022-10-19,65.7,66.07,64.79,65.41,1877105.0,68.64599999999999,76.84510092632098,60.446899073679,70.70133333333334,66.94433333333333,68.82283333333334,68.64599999999999,1.8199999999999932,71.829,65.46299999999998,0,36.980212145054864,-14.55258001306336,-35.82895819227528,49.049566574574314,66.59770738692823,1.9695282425240666,50.45690443080765,212688329.0,1854776.34,0,-0.23954281348881626,12.0,-68.0,80.0,68.64599999999999,68.40336045303785,72.42389349223198,0.021229430943345395,-3.105048463612647,-3.1262778945559924
1666238400,2022-10-20,65.16,65.24,62.57,62.94,1945544.0,67.9585,75.63346781752199,60.283532182478005,70.1075,66.2435,68.1755,67.9585,2.8399999999999963,71.2345,64.6825,0,33.42014311182206,-17.929325857347763,-35.75412457118255,53.410113780869814,66.0531259261744,2.03170479662949,51.402469411789625,210742785.0,1862866.68,0,-0.19944670883472224,8.0,-92.0,100.0,67.9585,67.88304040989138,72.05197610037975,-0.026513962596019347,-3.159420347801017,-3.132906385204998
1666324800,2022-10-21,63.11,64.13,62.62,63.73,1860992.0,67.33250000000001,74.20009601316204,60.46490398683799,69.50316666666666,65.59416666666667,67.54866666666666,67.33250000000001,1.509999999999998,70.62425000000002,64.04075,0,35.510332748036106,-16.419672131147543,-34.77884556704912,47.02188433276143,65.62751076507598,1.994440168298812,52.28049403698717,212603777.0,1866756.2,0,-0.1955103430692852,4.0,-92.0,96.0,67.33250000000001,67.48751275180649,71.72562409644328,0.023929372918980896,-3.1029946690562724,-3.1269240419752533
1666584000,2022-10-24,63.72,64.66,63.23,63.89,2147603.0,66.8115,73.03333019697575,60.58966980302424,68.8975,65.11949999999999,67.0085,66.8115,1.4299999999999997,70.005,63.617999999999995,0,35.939083864574584,-14.02233885076033,-33.82917695888818,46.56613037868714,65.11197621547497,1.9541230134203253,52.60025088516594,214751380.0,1883546.92,0,-0.20906295284984044,4.0,-88.0,92.0,66.8115,67.14489248972968,71.41834472011217,0.09301025692443243,-3.0106612208197134,-3.103671477744146
1666670400,2022-10-25,64.03,65.16,63.98,65.1,2115937.0,66.44500000000001,72.14115835454034,60.74884164545967,68.41133333333333,64.76333333333335,66.58733333333333,66.44500000000001,1.269999999999996,69.54775000000001,63.34225000000001,0,39.15906121575463,-10.120115974043921,-31.685010552826355,52.928254252318716,64.8607909883168,1.9052570838903018,52.434945186697426,216867317.0,1891695.08,0,-0.1376473729752731,8.0,-80.0,88.0,66.44500000000001,66.95014082404114,71.17056649579405,0.23694801898303908,-2.807486454015347,-3.044434472998386
1666756800,2022-10-26,65.53,65.99,64.56,65.0,2069607.0,66.0445,70.90272796912619,61.18627203087381,68.01083333333334,64.38283333333334,66.19683333333333,66.0445,1.4299999999999926,69.13225,62.95675,0,38.988575473878946,-10.971099849335713,-30.02494400784615,60.086998031821985,64.72046222712909,1.8713101493267084,51.543691050460886,214797710.0,1910795.28,0,-0.09743544535785732,4.0,-80.0,84.0,66.0445,66.7644131265134,70.92858349595899,0.3361179745876002,-2.624287004763886,-2.960404979351486
1666843200,2022-10-27,65.66,66.68,65.47,65.56,1905056.0,65.829,70.36074094581762,61.297259054182355,67.68166666666666,64.22366666666667,65.95266666666667,65.829,1.6800000000000068,68.80125,62.85674999999999,0,40.515179382923804,-6.168598826391873,-28.033041691790654,66.58612338354328,64.74796400590199,1.8576451386605155,50.136650478520245,216702766.0,1925646.38,0,-0.12155525063176544,4.0,-76.0,80.0,65.829,66.6497071144645,70.71805080984296,0.443383260725823,-2.4061759034442076,-2.8495591641700306
1666929600,2022-10-28,65.63,67.61,65.63,67.4,2667618.0,65.7765,70.20880538207828,61.34419461792171,67.55783333333333,64.13383333333334,65.84583333333333,65.7765,2.049999999999997,68.7285,62.8245,0,45.253031205497145,-1.5339663988312595,-24.32785985498844,67.77886930812726,64.87763498173223,1.8713847716133356,48.09927939102219,219370384.0,1959598.78,0,-0.06117677943969009,4.0,-72.0,76.0,65.7765,66.72116357975361,70.58793117024128,0.6307755692112886,-2.06108970265592,-2.6918652718672087
1667188800,2022-10-31,67.13,67.54,66.57,66.97,3227729.0,65.6,69.517055016208,61.68294498379199,67.34166666666667,64.02966666666666,65.68566666666666,65.6,0.9700000000000131,68.423,62.776999999999994,0,44.38342396353317,-5.007092198581562,-21.62976472608881,75.69642601201953,65.04340407444047,1.8070001450695268,46.20743480977401,216142655.0,1992213.96,0,-0.02992864581894451,8.0,-64.0,72.0,65.6,66.74486228644373,70.44605151650633,0.7122627665425916,-1.8015368136889691,-2.5137995802315607
1667275200,2022-11-01,67.4,67.68,66.78,67.59,1835022.0,65.4225,68.56431396648503,62.28068603351496,67.1225,63.8755,65.499,65.4225,0.9000000000000057,68.19675000000001,62.64825,0,45.95956098396288,-4.990160247399491,-18.743222137707235,82.51191567424812,65.27066552075641,1.7422144204217038,44.33460231334209,217977677.0,2004536.42,0,0.08571549116824957,4.0,-64.0,68.0,65.4225,66.82535159249672,70.33404949625118,0.7884841544777585,-1.5281943871343628,-2.3166785416121214
1667361600,2022-11-02,67.64,68.7,66.9,66.94,2035496.0,65.30600000000001,68.01092439820424,62.601075601795785,67.034,63.782000000000004,65.408,65.30600000000001,1.7999999999999972,68.01650000000001,62.59550000000001,1,44.565796305716134,-3.3636494875126295,-16.87286174184635,82.25755149825318,65.5246503338568,1.7463419618201534,41.781961546767704,215942181.0,2023493.58,0,-0.03477376830113817,16.0,-48.0,64.0,65.30600000000001,66.8362704884494,70.20094951600603,0.7745638360632494,-1.3484737465330596,-2.123037582596309
1667448000,2022-11-03,67.64,68.7,66.9,66.94,2035496.0,65.33900000000001,68.10604101885038,62.57195898114964,67.00733333333334,63.84733333333334,65.42733333333334,65.33900000000001,1.7999999999999972,67.95350000000002,62.72450000000001,0,44.565796305716134,0.9957754978877439,-15.327440698638759,80.7457930726199,65.76710641775334,1.7501746788329995,39.41165226352006,217977677.0,2044602.88,0,-0.050839524122639035,12.0,-48.0,60.0,65.33900000000001,66.84614948954946,70.07306914282933,0.7445902623582683,-1.1922997546484737,-1.936890017006742
1667534400,2022-11-04,66.97,67.85,66.36,67.76,1476452.0,65.4675,68.42693829129793,62.50806170870207,67.09349999999999,63.9495,65.5215,65.4675,1.4899999999999949,68.07000000000001,62.865,0,46.82010976677623,3.942322442092357,-13.117815843247415,74.32185995853153,65.92174617608345,1.7315907732020706,37.57021972632573,219454129.0,2056151.98,0,0.026545234259921658,8.0,-48.00000000000001,56.00000000000001,65.4675,66.93318287149714,69.98236054899289,0.7567594960104964,-0.9909406469936215,-1.747700143004118
1667797200,2022-11-07,67.84,67.86,64.92,65.88,1971257.0,65.4705,68.43148277603913,62.50951722396087,67.21583333333334,63.87383333333334,65.54483333333334,65.4705,2.9399999999999977,68.21775,62.72325,0,42.635734453243124,0.09115770282589225,-12.922416377840806,66.69081796056281,65.90602901026688,1.817905717973351,36.70280500275248,217482872.0,2068183.06,0,-0.052923997543178,4.0,-48.0,52.0,65.4705,66.83287974087837,69.82148366471866,0.6206725932598098,-0.9718594014293558,-1.5925319946891656
1667883600,2022-11-08,66.18,67.15,65.96,66.68,1489130.0,65.537,68.5435601607153,62.53043983928471,67.27366666666667,63.91666666666667,65.59516666666666,65.537,1.2700000000000102,68.3015,62.77250000000001,0,44.84374677646307,2.0351951032899964,-11.858685413548296,73.21565372963641,65.9732396492473,1.7787695952609697,35.897348473720164,218972002.0,2072254.08,0,-0.04073035810010376,4.0,-44.0,48.0,65.537,66.81831976555662,69.69828822688655,0.5684122173677211,-0.8820167229795146,-1.4504289403472357
1667970000,2022-11-09,66.55,67.03,65.67,65.77,1614055.0,65.675,68.44933595658497,62.90066404341502,67.349,64.083,65.716,65.675,1.3599999999999994,68.363,62.986999999999995,0,42.86804437810331,4.380257102047292,-11.809641200081186,73.92590733716372,66.14707012847032,1.7488574813137576,35.31407469050321,217357947.0,2077824.74,0,-0.040163289575021806,88.0,44.0,44.0,65.675,66.71847978788456,69.54423770818511,0.4610085282317744,-0.8741682800575177,-1.335176808289292
1668056400,2022-11-10,67.73,69.59,66.86,69.47,1819019.0,65.9105,69.10237390101804,62.71862609898196,67.5545,64.3445,65.9495,65.9105,3.8200000000000074,68.63825,63.18275,0,51.9319059515472,7.2730080296479205,-7.6456953883143335,80.77281522587711,66.48052469181322,1.8967962326484897,32.88294575327009,219176966.0,2052429.96,0,-0.012623764841955884,100.0,60.0,40.0,65.9105,66.98052933189555,69.54132642551117,0.6178210560299375,-0.56290048825187,-1.1807215442818075
1668142800,2022-11-11,69.34,69.38,67.89,68.56,1569945.0,66.15299999999999,69.37609850919885,62.92990149080112,67.73666666666666,64.60766666666667,66.17216666666667,66.15299999999999,1.5799999999999983,68.82674999999999,63.47924999999999,0,49.8830871082199,7.612619682938317,-5.27130766430826,74.18619696124483,66.79770957538445,1.8741679303164547,30.625468882982197,217607021.0,2053351.06,0,-0.012628800170198816,96.0,60.0,36.0,66.15299999999999,67.13095510981026,69.50284303627544,0.6364112486975944,-0.3852074834098147,-1.021618732107409
1668402000,2022-11-14,68.79,69.32,68.19,68.19,1255716.0,66.3195,69.60172165613474,63.03727834386527,67.92516666666667,64.77816666666666,66.35166666666666,66.3195,1.1299999999999955,68.94300000000001,63.696000000000005,0,49.054787561720474,5.134135060129507,-3.761632759365368,68.24648963563797,67.04097233282211,1.8210130781509934,28.529240360572008,216351305.0,2052389.42,0,-0.1300610904339383,92.0,60.0,32.0,66.3195,67.23181652792357,69.45135899563718,0.6004028593915873,-0.27111515786792495,-0.8715180172595123
1668488400,2022-11-15,69.03,69.66,68.15,69.05,1378646.0,66.44149999999999,69.9325873664232,62.950412633576775,68.0805,64.8805,66.48049999999999,66.44149999999999,1.509999999999991,69.03649999999999,63.84649999999999,0,51.043700644190324,3.6631136465996064,-1.6877379848469325,67.4707933276362,67.28758170993598,1.7987978582830646,26.8387562136597,217729951.0,2049522.62,0,-0.09311721331071468,88.0,60.0,28.000000000000004,66.44149999999999,67.40497685859751,69.43561942718081,0.6091880428534248,-0.1100329636927313,-0.7192210065461561
1668574800,2022-11-16,69.21,70.1,69.21,69.8,1742117.0,66.661,70.4077420514361,62.91425794856389,68.275,65.114,66.6945,66.661,1.0499999999999972,69.19825,64.12375,0,52.737523949487624,6.711512001223056,0.7182916277006934,67.38844792449166,67.5496872234554,1.7453122969771313,25.596304473461384,219472068.0,2041531.82,0,-0.009873164958008192,100.0,76.0,24.0,66.661,67.63307430063584,69.44990886140901,0.6371800303008566,0.0772540313299146,-0.559925998970942
1668661200,2022-11-17,69.13,69.42,68.2,68.57,2331971.0,66.9425,70.36021780578785,63.52478219421213,68.45983333333334,65.44383333333334,66.95183333333333,66.9425,1.5999999999999943,69.38674999999999,64.49825,0,49.76513943342523,8.945027009850644,1.4056098223728408,57.05764408855924,67.7257370209479,1.73493284719305,23.92509575511525,217140097.0,2059635.78,0,-0.12710861381533908,96.0,76.0,20.0,66.9425,67.7223053196229,69.41540263154984,0.5479318476159754,0.12498881054902711,-0.4229430370669482
1668747600,2022-11-18,69.43,69.98,69.24,69.93,2031802.0,67.2525,70.57174614935367,63.933253850646324,68.7325,65.79350000000001,67.263,67.2525,1.4100000000000108,69.68925,64.81575,0,52.85761980890183,9.728542287776573,3.2810972140919556,54.966685861530564,67.9820435657121,1.7117233581078328,22.49510023746301,219171899.0,2066196.42,0,-0.03881059649120258,100.0,84.0,16.0,67.2525,67.9325619558493,69.43558292050868,0.5539172365954794,0.26945350867740103,-0.28446372791807834
1669006800,2022-11-21,70.12,70.84,70.12,70.59,1126173.0,67.5875,70.83326570318916,64.34173429681086,69.02650000000001,66.1585,67.5925,67.5875,0.9099999999999966,69.98525000000001,65.18975,0,54.29492052358461,10.486774143058387,5.406189270350921,53.631397024937186,68.15016316686054,1.6544574039572733,21.784351265934184,220298072.0,2064593.0,0,-0.08703301868324563,100.0,88.0,12.0,67.5875,68.18565129338745,69.48085417852795,0.5733445652321492,0.43221697862210817,-0.14112758661004104
1669093200,2022-11-22,71.03,72.02,70.62,71.13,1269627.0,67.889,71.2718561896715,64.5061438103285,69.363,66.473,67.918,67.889,1.4299999999999926,70.29875,65.47925,0,55.46433980224303,9.262672811059911,7.622797691044594,52.122467589374295,68.3769068490828,1.6384247322460388,21.856927210560105,221567699.0,2046019.78,0,-0.020669225097167124,100.0,92.0,8.0,67.889,68.46606545592198,69.54552656368372,0.5912137406650584,0.5978895892212819,0.006675848556223538
1669179600,2022-11-23,71.0,72.33,70.81,72.15,1666812.0,68.2465,71.83738443144561,64.65561556855438,69.69649999999999,66.79749999999999,68.247,68.2465,1.519999999999996,70.663,65.83,0,57.62032705232711,11.000000000000009,10.360538467153683,55.78774375108566,68.70238841360619,1.6299658227998928,22.1013949636307,223234511.0,2045799.08,0,0.12045063889130028,100.0,96.0,4.0,68.2465,68.81691636488179,69.6476627768726,0.6364545470799303,0.8022440324061364,0.1657894853262061
1669352400,2022-11-25,72.45,72.78,72.13,72.38,763196.0,68.5875,72.38263306749558,64.79236693250444,69.99483333333333,67.15183333333333,68.57333333333334,68.5875,0.6500000000000057,70.92675,66.24825000000001,0,58.1017625470015,10.402684563758378,12.788508345182253,61.04952089383066,68.92395560382626,1.5599682640284722,22.583522469344256,223997707.0,2025423.62,0,0.05743056005261823,100.0,96.0,4.0,68.5875,69.15625766346447,69.75481325621092,0.6446132006182622,0.9715559860990339,0.3269427854807717
1669611600,2022-11-28,71.93,72.38,71.34,71.75,1263751.0,68.80499999999999,72.79649846548863,64.81350153451136,70.195,67.446,68.82050000000001,68.80499999999999,1.039999999999992,71.06849999999999,66.5415,0,56.259031861593975,6.454005934718092,14.028179639583266,62.69157996873379,69.34578750468219,1.5228276737407236,22.268395159082335,222733956.0,1956183.48,0,0.07887352370646714,96.0,92.0,4.0,68.80499999999999,69.40328074313452,69.83305587361441,0.5727493942750095,1.0428795283245336,0.4701301340495241
1669698000,2022-11-29,71.04,71.73,70.35,70.81,1704536.0,68.99699999999999,72.98638140568157,65.0076185943184,70.41233333333334,67.62233333333333,69.01733333333334,68.99699999999999,1.4000000000000057,71.29274999999998,66.70124999999999,0,53.58961208927693,5.733910706286402,13.90298194191125,55.17142618334573,69.66388412848009,1.5140542684735294,21.12661492483844,221029420.0,1958951.54,0,0.03717803810767224,92.0,84.0,8.0,68.99699999999999,69.53725400569313,69.87136740798248,0.4334073923401678,1.011889374474734,0.5784819821345661
1669784400,2022-11-30,70.66,72.81,70.28,72.75,3388446.0,69.255,73.50587990891272,65.00412009108727,70.72366666666667,67.77066666666667,69.24716666666666,69.255,2.530000000000001,71.67299999999999,66.837,0,57.92654828369282,7.634265423879266,15.577498088049357,65.44383577849337,70.23852666789551,1.5866218207254204,20.773930470905935,224417866.0,1996359.6,1,0.23186326874250693,100.0,96.0,4.0,69.255,69.84322981467473,69.98425496061063,0.441882951349984,1.1308356713220462,0.6889527199720622
1669870800,2022-12-01,73.58,75.23,73.08,73.67,2414988.0,69.5915,74.11296558098118,65.07003441901881,71.06516666666667,68.07716666666667,69.57116666666666,69.5915,2.480000000000004,72.06049999999999,67.1225,0,59.80170660789257,10.05377950403347,17.736428565582806,66.54384117097905,70.7394343418525,1.650434547816462,21.66303869279525,226832854.0,2018643.68,0,0.11111396419765684,100.0,96.0,4.0,69.5915,70.20768411803904,70.12879398176315,0.4764622333255053,1.2845305116289438,0.8080682783034385
1669957200,2022-12-02,72.88,73.75,72.1,73.5,1549594.0,69.9195,74.57379898051224,65.26520101948776,71.33783333333334,68.36483333333334,69.85133333333333,69.9195,1.6500000000000057,72.37725,67.46175,0,59.28774319195724,9.79982073498656,19.253250817268654,66.32472647568338,71.03359976375248,1.650403508686715,21.713932428539227,225283260.0,2016589.3,0,0.16303802430279005,96.0,60.0,36.0,69.9195,70.52123801155913,70.26099813934107,0.4549429126726743,1.3767469191442814,0.9218040064716071
1670216400,2022-12-05,72.76,73.68,72.65,73.44,1234063.0,70.20349999999999,74.98742840665462,65.41957159334537,71.6115,68.6845,70.148,70.20349999999999,1.0300000000000011,72.62674999999999,67.78025,0,59.09904063559817,8.382526564344735,20.412576483551998,71.47132898910087,71.27835129368108,1.6060889723519498,21.761190897444347,224049197.0,1994931.28,0,0.24341321437463692,92.0,60.0,32.0,70.20349999999999,70.7992153437916,70.38566487897475,0.4053731891469936,1.4285204929053492,1.0231473037583556
1670302800,2022-12-06,73.52,74.08,72.77,74.07,1884034.0,70.613,75.24621098159761,65.97978901840239,71.901,69.137,70.519,70.613,1.3100000000000023,72.914,68.312,0,60.48898292151446,12.431693989071036,21.92921935898819,72.18549971907326,71.59244462671855,1.5849397600410964,22.01082498377583,225933231.0,1994688.48,0,0.303627087756003,100.0,72.0,28.000000000000004,70.613,71.11071864438287,70.53014860921104,0.3839308038821012,1.5030608086109822,1.119130004728881
1670389200,2022-12-07,74.0,74.23,73.08,73.54,1991437.0,70.95599999999999,75.38497459915908,66.5270254008409,72.25,69.49,70.87,70.95599999999999,1.1500000000000057,73.24799999999999,68.66399999999999,0,58.7218282778712,10.287942411517696,22.439311561098062,64.29822060963167,71.88984656347054,1.5538726343238756,22.32145519145177,223941794.0,1982036.72,0,0.26131897995110626,96.0,72.0,24.0,70.95599999999999,71.34207877348926,70.64818199708512,0.3063385885976513,1.502053240475945,1.1957146518782937
1670475600,2022-12-08,73.54,74.34,73.39,74.27,1342733.0,71.381,75.34469978681483,67.41730021318517,72.62166666666667,69.90266666666666,71.26216666666667,71.381,0.9500000000000028,73.64225,69.11975,0,60.399186295921396,12.923825452333892,23.5213660929887,72.40385596448692,72.32156592848413,1.5107388747293131,22.670524651727415,225284527.0,1965311.14,0,0.35953069986218267,100.0,80.0,20.0,71.381,71.62092841410934,70.7902140756308,0.27733230860111213,1.542380037629684,1.2650477290285718
1670562000,2022-12-09,74.07,74.49,73.57,73.8,1160330.0,71.5975,75.592916749226,67.60208325077399,72.79683333333332,70.25883333333334,71.52783333333333,71.5975,0.9200000000000017,73.64125,69.55375,0,58.7804009936089,6.232906290485099,23.720487020468326,66.28120122483881,72.63730040161596,1.4685432408200767,23.081202391690148,224124197.0,1956091.96,0,0.2705982251176834,96.0,80.0,16.0,71.5975,71.82845904133703,70.90824489619429,0.2030860156940162,1.5189052486460923,1.3158192329520761
1670821200,2022-12-12,74.45,75.32,73.69,75.24,1480559.0,71.9315,75.9719716308861,67.8910283691139,73.11083333333333,70.55883333333333,71.83483333333334,71.9315,1.6299999999999955,73.979,69.884,0,62.05983161600337,9.743290548424726,25.209280081026105,66.90690595534691,72.87595020532773,1.4800758664757852,23.923903274289867,225604756.0,1898618.3,0,0.30932883472644374,100.0,88.0,12.0,71.9315,72.15336770406684,71.07811764536315,0.22580513628153387,1.5980756533039937,1.3722705170224598
1670907600,2022-12-13,76.2,76.9,74.71,75.46,2191677.0,72.29499999999999,76.23037545858016,68.35962454141982,73.52000000000001,70.862,72.191,72.29499999999999,2.190000000000012,74.42199999999998,70.16799999999999,0,62.53913344683953,10.66138730019064,26.623230924500657,68.32509057624037,73.21807539011922,1.530784733156087,25.43254626917056,227796433.0,1904022.32,0,0.2830712260195696,100.0,92.0,8.0,72.29499999999999,72.46828506558428,71.2499561690744,0.2297371202336853,1.6594419173145667,1.4297047970808814
1670994000,2022-12-14,75.75,77.01,74.93,75.38,1339807.0,72.6115,76.46946980288787,68.75353019711214,73.8895,71.1745,72.53200000000001,72.6115,2.0799999999999983,74.78125000000001,70.44175,0,62.23817234674,9.167270094134683,27.66178823627199,67.99603957669206,73.46474529391627,1.5700143950735093,26.878841097523267,226456626.0,1887458.22,0,0.20126492903806661,96.0,92.0,4.0,72.6115,72.74559124981435,71.41191867224795,0.20201865330067692,1.6822281137067279,1.480209460406051
1671080400,2022-12-15,75.01,75.26,74.01,74.43,1770701.0,72.843,76.55110517650112,69.13489482349888,74.15066666666667,71.39966666666666,72.77516666666666,72.843,1.3699999999999903,75.03675000000001,70.64925,0,58.70669709909142,6.633237822349584,26.96480552761057,62.086366099475285,73.57563759043026,1.555727652568258,27.23986227811022,224685925.0,1890222.44,0,0.17668865963963612,92.0,80.0,12.0,72.843,72.90601113078442,71.53027480274804,0.09993353586680231,1.605126380239554,1.5051928443727516
1671166800,2022-12-16,73.78,74.0,72.28,73.23,3361950.0,73.076,76.22419567371442,69.92780432628557,74.39766666666667,71.59666666666666,72.99716666666667,73.076,2.1500000000000057,75.31099999999999,70.841,0,54.58825836722022,6.795974916144103,24.42384313705066,57.20358799327492,73.60736414498605,1.5981756773848113,26.063127929440448,221323975.0,1913909.48,0,0.18595352234669416,88.0,80.0,8.0,73.076,72.93686721356686,71.59693069283635,-0.05959387153320206,1.4307005049562491,1.4902943764894512
1671426000,2022-12-19,72.98,73.9,72.63,73.28,1120653.0,73.24350000000001,76.04131539776914,70.44568460223088,74.60183333333333,71.74783333333332,73.17483333333334,73.24350000000001,1.2700000000000102,75.46800000000002,71.019,0,54.72755610215447,4.790504790504782,22.40358590552235,62.5957160934875,73.76476500540404,1.5747345575716112,24.97044603424709,222444628.0,1896877.64,0,0.21276251307968133,84.0,80.0,4.0,73.24350000000001,72.96954652656049,71.66293341076434,-0.16685439687951753,1.2817263803900545,1.448580777269572
1671512400,2022-12-20,73.26,73.5,72.52,73.13,1379881.0,73.3705,75.89193193443604,70.84906806556397,74.7415,71.8615,73.3015,73.3705,0.980000000000004,75.60025000000002,71.14075,0,54.20251538182711,3.598243377248891,20.48635699245755,53.98582481972898,73.97837868108373,1.5322535177450678,23.863300123240894,221064747.0,1892325.56,0,0.11110243380780403,80.0,68.0,12.0,73.3705,72.9848278097452,71.72046543387162,-0.24811551699594014,1.138436381024647,1.386551898020587
1671598800,2022-12-21,73.48,74.3,73.18,74.29,1202486.0,73.5285,75.85721015800458,71.19978984199541,74.86083333333333,72.00883333333334,73.43483333333333,73.5285,1.1700000000000017,75.73875,71.31824999999999,0,57.52004001383209,4.442569942359077,20.174755943911222,51.558206330530794,73.97393248429319,1.5063782664775631,23.377752783099794,222267233.0,1872587.8,0,0.21563470738705293,76.0,68.0,8.0,73.5285,73.1091299231028,71.82123149528842,-0.22465422635933874,1.1057341150714137,1.3303883414307525
1671685200,2022-12-22,74.05,74.31,72.42,73.55,1164545.0,73.59849999999999,75.83977887599771,71.35722112400227,74.9625,72.0735,73.518,73.59849999999999,1.8900000000000006,75.83649999999999,71.36049999999999,0,54.851866514897736,1.9404019404019284,18.684925695331856,52.414024374704034,74.00447845973767,1.533779818872023,22.265894386434933,221102688.0,1849418.0,0,0.18164508008658822,72.0,68.0,4.0,73.59849999999999,73.15111754947397,71.88902633861045,-0.2575263659249041,1.0084803840246224,1.2660067499495264
1671771600,2022-12-23,73.38,74.61,73.08,74.51,892615.0,73.705,75.90663121344005,71.50336878655995,75.08833333333334,72.11133333333333,73.59983333333334,73.705,1.5300000000000011,76.009,71.401,1,57.54139714105069,2.942801878972105,18.57540961019312,51.71351315827273,74.04838363757764,1.5335098318097358,21.447537031709214,221995303.0,1814958.8,0,0.18967751257390691,68.0,64.0,4.0,73.705,73.28053492571453,71.99180961944926,-0.21490701313642901,0.9973729835289902,1.2122799966654192
1672117200,2022-12-27,74.8,75.43,74.31,75.17,715081.0,73.876,75.9724388853466,71.7795611146534,75.24966666666667,72.26466666666667,73.75716666666668,73.876,1.1200000000000045,76.186,71.566,1,59.296170612320566,4.766550522648086,19.24646841122378,49.08675884149646,74.1160358222207,1.5039734152518978,21.244066880104263,222710384.0,1778952.9,0,0.13045424975993747,64.0,60.0,4.0,73.876,73.46048398040838,72.1164445363336,-0.14586071494315145,1.0299541029864798,1.1758148179296313
1672203600,2022-12-28,75.35,75.71,74.39,74.56,962468.0,74.0635,75.63446499005963,72.49253500994038,75.44283333333333,72.46383333333333,73.95333333333333,74.0635,1.3199999999999932,76.3675,71.7595,1,57.004121535331315,5.295862166360683,18.749871323256492,51.54133704907907,74.20247484294546,1.490832457019619,21.236064607446348,221747916.0,1740913.64,0,0.12139104875816144,60.0,40.0,20.0,74.0635,73.56519979179807,72.21227024079111,-0.1445860273645143,0.9950822837239883,1.1396683110885026
1672290000,2022-12-29,74.94,75.61,74.66,75.27,605770.0,74.1895,75.72263371888849,72.6563662811115,75.52550000000001,72.70450000000001,74.11500000000001,74.1895,1.0499999999999972,76.3825,71.9965,1,58.94828799758776,3.4639175257731907,19.178900382866942,49.725857813036974,74.24713070983937,1.4593444243753602,21.22863392569257,222353686.0,1707024.56,0,0.07574262195563791,56.00000000000001,40.00000000000001,16.0,74.1895,73.72756171638872,72.33218121174049,-0.10128723655161864,1.0130592653989794,1.114346501950598
1672376400,2022-12-30,75.28,75.48,73.52,74.17,1050885.0,74.2145,75.7291283372474,72.6998716627526,75.53583333333333,72.73383333333334,74.13483333333333,74.2145,1.960000000000008,76.36850000000001,72.06049999999999,1,54.89984116987501,0.6787023211619384,17.635916291524744,49.99154737580889,74.27265381982788,1.4951055369199777,20.113258645246844,221302801.0,1690500.16,0,0.08793578487562914,52.0,40.0,12.0,74.2145,73.76969869578028,72.40425253677027,-0.14919746354551533,0.927849672518704,1.0770471360642193
1672722000,2023-01-03,74.76,74.95,73.47,74.51,1266776.0,74.265,75.74799022248725,72.78200977751276,75.587,72.80199999999999,74.1945,74.265,1.480000000000004,76.40625,72.12375,1,55.88557684444159,1.3741496598639527,16.810127363207126,42.741166951377636,74.23799312529276,1.4940265699971225,19.032178125160254,222569577.0,1676924.8,0,0.04573559604918433,48.0,40.0,8.0,74.265,73.84020358189643,72.48683086866164,-0.1595267155250748,0.8776387416578757,1.0371654571829505
1672808400,2023-01-04,75.09,75.94,74.82,75.49,1502200.0,74.36749999999999,75.89105997584362,72.84394002415637,75.69950000000001,72.90549999999999,74.3025,74.36749999999999,1.4299999999999926,76.53875,72.19624999999999,1,58.629054354148636,2.7913943355119786,17.334513922472194,40.52639736320476,74.1610002866157,1.489453243568756,18.79986554493902,224071777.0,1669748.96,0,0.10120827861072712,100.0,96.0,4.0,74.36749999999999,73.99732705028724,72.60460220714549,-0.10455256547614877,0.9064747503377646,1.0110273158139134
1672894800,2023-01-05,74.82,75.28,73.44,74.09,1210250.0,74.36850000000001,75.89130366429579,72.84569633570423,75.75750000000001,72.9105,74.33399999999999,74.36850000000001,2.049999999999997,76.59525000000001,72.14175000000002,1,53.61503772267457,0.027001485081693307,15.378673706600901,33.34584078256583,74.04959365572095,1.5294922975995588,17.535411306738606,222861527.0,1651001.9,0,0.12416812704101661,96.0,92.0,4.0,74.36850000000001,74.00615304549798,72.66285310098293,-0.16317708739944214,0.8070559565646107,0.9702330439640529
1672981200,2023-01-06,75.13,76.31,74.66,75.9,912446.0,74.4865,76.0974161989354,72.87558380106461,75.88283333333334,72.98583333333333,74.43433333333334,74.4865,2.219999999999999,76.79350000000001,72.1795,1,58.450775442024835,3.209137884144682,16.03736070270009,40.35064894605544,74.0795896550493,1.5788142763424473,16.961856156464265,223773973.0,1626932.08,0,0.1902475272759702,100.0,43.99999999999999,56.00000000000001,74.4865,74.18651942211721,72.78980003819927,-0.08470324738708168,0.8643539847302009,0.9490572321172825
1673240400,2023-01-09,75.45,76.82,75.35,75.82,1183645.0,74.564,76.27200936765358,72.8559906323464,76.00866666666667,73.05966666666667,74.53416666666666,74.564,1.4699999999999989,76.91,72.21799999999999,1,58.168637025589604,2.0869799380638177,16.41436815867148,53.8939655365211,74.43075897342999,1.5710418280322724,16.771620549612827,222590328.0,1609212.84,0,0.16624104241608165,96.0,44.0,52.0,74.564,74.3420890009632,72.90863140925028,-0.0448348672962986,0.8930136479969093,0.9378485152932079
1673326800,2023-01-10,75.53,75.89,75.12,75.81,1072788.0,74.6645,76.41682959228346,72.91217040771654,76.08383333333333,73.14983333333333,74.61683333333333,74.6645,0.769999999999996,76.99925,72.32975,1,58.131716191851204,2.723577235772365,16.696109784235396,46.66307212438122,74.60020319225787,1.5138245546013955,16.390232819836914,221517540.0,1592567.48,0,0.22121823052816178,92.0,44.0,48.0,74.6645,74.48189004849051,73.02241056967183,-0.026684183737083478,0.9044932856218537,0.9311774693589372
1673413200,2023-01-11,76.12,76.47,75.19,75.91,1381166.0,74.69800000000001,76.51739110693448,72.87860889306553,76.12166666666667,73.22266666666667,74.67216666666667,74.69800000000001,1.2800000000000011,77.0065,72.38950000000001,1,58.40959292069162,0.8904837852206298,17.04292321877798,55.75426420153239,74.85639902394044,1.497122800701296,16.439462794989726,222898706.0,1566838.44,0,0.21027018903311917,100.0,56.0,44.0,74.69800000000001,74.61790052006285,73.13564937086119,-0.01601645877455682,0.9111568958907412,0.927173354665298
1673499600,2023-01-12,76.14,76.28,75.08,75.31,1326955.0,74.69050000000001,76.49846543108333,72.8825345689167,76.0655,73.2655,74.6655,74.69050000000001,1.2000000000000028,76.92475000000002,72.45625000000001,1,56.05971371072156,-0.1987808110256977,16.305117496762627,47.425802061811986,74.99092664961042,1.4758997435083465,16.377667395298424,221571751.0,1528822.96,0,0.07743122415147376,96.0,56.0,40.0,74.69050000000001,74.68381475624733,73.22091802298428,-0.05523398698460258,0.858130870934545,0.9133648579191476
1673586000,2023-01-13,74.92,75.01,73.48,74.33,1726089.0,74.638,76.42367186235107,72.85232813764894,75.963,73.218,74.59049999999999,74.638,1.8299999999999983,76.85350000000001,72.4225,1,52.43296866143132,-1.3929424250464277,14.03971343119422,45.71874349951846,75.02780540667187,1.501192618972036,15.479136303789653,219845662.0,1526644.3,0,0.07239153749545797,92.0,56.0,36.0,74.638,74.6501181127952,73.26441143384766,-0.1477876006342732,0.7286303571263062,0.8764179577605794
1673931600,2023-01-17,74.49,75.27,73.98,74.07,1480767.0,74.61999999999999,76.42088866951633,72.81911133048365,75.95866666666667,73.20966666666666,74.58416666666668,74.61999999999999,1.289999999999992,76.8295,72.41049999999998,1,51.50246553117837,-0.48367593712214646,11.768440513176703,47.66521970837413,75.02704454952688,1.4861074319026042,14.433500601705678,218364895.0,1515549.72,0,-0.05523073347376601,88.0,56.0,32.0,74.61999999999999,74.59486876871946,73.29600314232422,-0.22263387019578373,0.5981256200158498,0.8207594902116335
1674018000,2023-01-18,74.35,74.49,71.45,71.84,1766036.0,74.55050000000001,76.6440947554368,72.45690524456323,75.99583333333334,73.11483333333334,74.55533333333332,74.55050000000001,3.039999999999992,76.82675000000002,72.27425000000001,1,44.39019378560354,-1.8981291820292239,6.309743773430906,40.83181867454147,74.78305261086204,1.5970997581952748,15.091324306008996,216598859.0,1510160.52,0,-0.1491050921412209,84.0,-16.0,100.0,74.55050000000001,74.3325003145557,73.23890497988013,-0.4076713244995104,0.31117033458724563,0.718841659086756
1674104400,2023-01-19,71.82,71.92,70.53,70.58,1444066.0,74.4155,77.08764876082762,71.74335123917237,75.88883333333334,72.99583333333334,74.44233333333332,74.4155,1.3900000000000006,76.70075,72.13024999999999,0,41.02098099653929,-3.68449781659389,0.17380346757834705,39.90017221298542,74.47360966468615,1.5823069183241838,16.152745987196013,215154793.0,1509512.8,0,-0.17999260149306928,80.0,-20.0,100.0,74.4155,73.97511933221708,73.13463419635542,-0.5892422102120634,-0.01771110367832307,0.5715311065337403
1674190800,2023-01-20,70.59,70.86,68.46,70.54,2295657.0,74.286,77.4079698909491,71.1640301090509,75.805,72.77000000000001,74.2875,74.286,2.4000000000000057,76.67775,71.89425,0,40.91720111770998,-3.541638178586065,-4.6495474208951,33.59507597433833,73.92289279558067,1.6407135670153141,17.972895901602122,212859136.0,1516000.8,0,-0.08745905913712507,76.0,-24.0,100.0,74.286,73.64796511010117,73.03288383571403,-0.6799215199834748,-0.2783707934456032,0.4015507265378716
1674450000,2023-01-23,70.48,71.36,70.19,70.68,1602738.0,74.1055,77.60078525302198,70.61021474697803,75.6485,72.6085,74.1285,74.1055,1.1700000000000017,76.49725000000001,71.71375,0,41.46281248354994,-4.85933503836317,-8.27181045168172,40.43124191203323,73.64592505161181,1.6070911693713632,19.242349440049775,214461874.0,1518272.96,0,-0.08042637762866024,72.0,-24.0,96.0,74.1055,73.365301766282,72.9406138813723,-0.6958413333935551,-0.4682509402040722,0.22759039318948288
1674536400,2023-01-24,71.24,71.33,69.99,70.99,1159085.0,73.9775,77.72330231726036,70.23169768273965,75.48816666666667,72.50316666666666,73.99566666666666,73.9775,1.3400000000000034,76.328,71.62700000000001,0,42.69624524726751,-3.4806254248810364,-10.701012663847399,46.33052494156147,73.43785591788922,1.5880132287019804,20.501893438355335,215620959.0,1509173.56,0,-0.07800044816427915,68.0,-24.0,92.0,73.9775,73.13908255044562,72.8641192193577,-0.6516338338892147,-0.5869518991720355,0.06468193471717922
1674622800,2023-01-25,70.42,70.75,69.79,70.52,1934704.0,73.77799999999999,77.80366565924112,69.75233434075886,75.274,72.346,73.80999999999999,73.77799999999999,1.1999999999999886,76.10374999999999,71.45224999999999,0,41.30718282206587,-5.354985907931833,-13.299127614246014,38.05231462293095,73.00167145726591,1.5602979980804095,21.75532865484141,213686255.0,1511487.26,0,-0.041588242583601456,64.0,-36.0,100.0,73.77799999999999,72.88964611706984,72.77219297546132,-0.6203497021415905,-0.7107551929598088,-0.09040549081821839
1674709200,2023-01-26,70.32,71.44,70.16,71.06,1256915.0,73.5725,77.71098220969881,69.4340177903012,75.07783333333333,72.13383333333333,73.60583333333332,73.5725,1.2800000000000011,75.91025,71.23475,0,43.52910599838912,-5.467606758015165,-14.489142849866543,44.030170956925325,72.79754527170259,1.5402767125032375,22.281887945194434,214943170.0,1505226.66,0,0.0006520383691096546,60.0,-36.0,96.0,73.5725,72.71539410592034,72.70504815289421,-0.5329359099065486,-0.7565753782014042,-0.22363946829485556
1674795600,2023-01-27,70.84,71.86,70.38,71.6,1558382.0,73.4245,77.62242079486902,69.22657920513097,74.9055,71.9455,73.4255,73.4245,1.480000000000004,75.77425,71.07475,0,45.693193146599505,-3.969957081545075,-14.51050442170308,45.56192507383786,72.56424988813768,1.5359712330387207,22.395932800433247,216501552.0,1511279.98,0,0.026676550975423072,56.00000000000001,-35.99999999999999,92.0,73.4245,72.60916609583269,72.6617129312121,-0.41370884058308666,-0.740775519023714,-0.3270666784406273
1675054800,2023-01-30,71.46,72.53,71.32,71.98,1607438.0,73.25999999999999,77.41336490089589,69.1066350991041,74.75666666666667,71.77066666666666,73.26366666666667,73.25999999999999,1.210000000000008,75.62174999999999,70.89824999999999,0,47.192236150414836,-4.370931313936485,-13.850030927341045,46.456589811427136,72.33008998747316,1.5126875735359557,21.924277107215097,218108990.0,1515855.82,0,0.052660325221345644,52.0,-36.0,88.0,73.25999999999999,72.54924551527719,72.6349790907724,-0.29005980557197064,-0.6896414354055906,-0.39958162983362
1675141200,2023-01-31,72.24,72.84,71.23,72.83,1947632.0,73.19300000000001,77.32867938795962,69.0573206120404,74.63466666666667,71.68366666666665,73.15916666666666,73.19300000000001,1.6099999999999994,75.52850000000001,70.85750000000002,0,50.41495388750297,-1.8066603748146195,-11.788374553235693,53.423952403502575,72.17117255753497,1.5196384611405303,21.225785749104737,220056622.0,1519966.12,0,0.09835198908808591,48.0,-36.0,84.0,73.19300000000001,72.57598403763174,72.64262696956565,-0.1394656479069108,-0.5739136897172585,-0.43444804181034774
1675227600,2023-02-01,72.45,73.69,72.09,73.17,1688992.0,73.126,77.21734403344355,69.03465596655646,74.57433333333334,71.61133333333333,73.09283333333333,73.126,1.5999999999999943,75.4705,70.78150000000001,0,51.65715826032531,-1.7984163199570573,-9.507344451440613,53.948819213636895,72.00804591932707,1.5253785710590633,19.895527749595576,221745614.0,1507106.54,0,0.11538284605392066,44.0,-36.0,80.0,73.126,72.63255698642871,72.66330826487682,-0.012106342090402955,-0.44958096942335146,-0.4374746273329485
1675314000,2023-02-02,73.48,74.31,72.75,73.78,2265859.0,73.0405,77.00000741885833,69.08099258114166,74.50616666666666,71.49916666666667,73.00266666666667,73.0405,1.5600000000000023,75.39474999999999,70.68625,0,53.841023402502046,-2.26520068883295,-6.57075817161281,61.612867302830345,71.96290018507626,1.5278515302691302,18.74774516535641,224011473.0,1511787.68,0,0.1758939514702709,40.0,-36.0,76.0,73.0405,72.74183727343551,72.70710009762675,0.11127178549238753,-0.29838489546746416,-0.4096566809598517
1675400400,2023-02-03,73.36,73.59,70.35,71.08,1739634.0,72.89,76.90690428066121,68.87309571933879,74.44633333333334,71.29933333333334,72.87283333333333,72.89,3.430000000000007,75.34775,70.43225,0,44.47919132445459,-4.0626265352949185,-8.263467686762526,61.73999927773294,71.77375703400644,1.66371927810705,18.67121986100478,222271839.0,1524056.9,0,0.1274730485699449,36.0,-36.0,72.0,72.89,72.58356705691783,72.64329225066099,0.014196824222378002,-0.39191065068187925,-0.40610747490425725
1675659600,2023-02-06,70.91,71.98,70.55,71.93,1180506.0,72.69149999999999,76.47966723495604,68.90333276504394,74.22850000000001,71.1035,72.666,72.69149999999999,1.4300000000000068,75.08999999999999,70.29299999999999,0,47.50404873263973,-5.230566534914359,-8.11895734643934,56.12378097732761,71.59092431532424,1.6470250439565468,18.600160649821124,223452345.0,1522274.48,0,0.2302712941736836,32.0,-36.0,68.0,72.69149999999999,72.5213225753066,72.61532000553704,0.010555316742611287,-0.3929133289759932,-0.40346864571860447
1675746000,2023-02-07,71.43,71.67,70.31,71.37,1458110.0,72.46900000000001,76.01074476776557,68.92725523223444,73.97900000000001,70.865,72.422,72.46900000000001,1.6200000000000045,74.87875000000001,70.05925,0,45.77455592808898,-5.8691638090213525,-8.79691949648197,56.95527351357674,71.48453536829331,1.6450946836739366,18.672103497063663,221994235.0,1518100.44,0,0.32528719009365903,28.000000000000004,-36.0,64.0,72.46900000000001,72.41167280622979,72.56648392688854,-0.02433998185373376,-0.4338936230357717,-0.40955364118203796
1675832400,2023-02-08,71.01,71.24,69.67,70.0,1152247.0,72.1785,75.52411369557143,68.83288630442857,73.75383333333333,70.55983333333333,72.15683333333334,72.1785,1.7000000000000028,74.658,69.699,0,41.85080951665445,-7.663896583564177,-11.192989074439172,57.706596770764975,71.454958201919,1.6490164919829413,19.101302097195283,220841988.0,1525881.46,0,0.35886745195537995,24.0,-76.0,100.0,72.1785,72.18198968182696,72.46583749838311,-0.12863211397141605,-0.5703437836463081,-0.44171166967489206
1675918800,2023-02-09,70.1,70.57,69.07,69.17,1075131.0,71.84150000000001,74.966280152266,68.71671984773403,73.45216666666667,70.23616666666666,71.84416666666667,71.84150000000001,1.5,74.3375,69.34550000000002,0,39.681607645707174,-8.878935581609795,-14.108448308235062,60.90582719922716,71.52230231922604,1.6383724568413027,19.82209947918871,219766857.0,1522109.06,0,0.25819618946156203,20.0,-80.0,100.0,71.84150000000001,71.89513352165297,72.33658896903476,-0.23619895393111046,-0.7369603620887801,-0.5007614081576697
1676005200,2023-02-10,69.43,70.88,69.06,70.83,1442745.0,71.61749999999999,74.33081439387249,68.9041856061275,73.21816666666668,69.94016666666667,71.57916666666667,71.61749999999999,1.8199999999999932,74.16,69.07499999999999,0,45.61596782712874,-5.948745186562214,-13.592500626068487,60.5996448950762,71.49540074506841,1.651345852781209,20.193772653028926,221209602.0,1516873.24,0,0.33575835922571085,16.0,-80.0,96.0,71.61749999999999,71.7936922338765,72.27750704868046,-0.180735157727965,-0.726680355317626,-0.545945197589661
1676264400,2023-02-13,70.84,71.4,70.73,71.03,1556780.0,71.4525,73.87131685954019,69.03368314045981,73.01416666666668,69.82216666666667,71.41816666666666,71.4525,0.6700000000000017,73.908,68.997,1,46.286174168895634,-4.4396609713440025,-12.877229847426861,61.3200578135797,71.50237988496876,1.581249720439694,20.047217413299343,222766382.0,1480239.92,0,0.29610284972807605,12.0,-80.0,92.0,71.4525,71.72095964017399,72.22858520363417,-0.11875627824314194,-0.6943905453935884,-0.5756342671504464
1676350800,2023-02-14,71.86,71.86,69.66,69.79,2182173.0,71.2385,73.44077405197358,69.03622594802643,72.8595,69.57650000000001,71.21799999999999,71.2385,2.200000000000003,73.76225000000001,68.71475,1,42.840606206380926,-5.778317807479394,-13.836985602080517,60.6377354509505,71.4977442514077,1.625446168979716,20.54692326254961,220584209.0,1475583.62,0,0.16019743618880272,8.0,-80.0,88.0,71.2385,71.53705872206217,72.1329544113348,-0.1475696723707317,-0.7600963576138611,-0.6125266852431294
1676437200,2023-02-15,69.45,70.92,69.36,70.67,1897190.0,71.17999999999999,73.37740756347021,68.98259243652977,72.67166666666667,69.53666666666666,71.10416666666666,71.17999999999999,1.5600000000000023,73.59275,68.76724999999999,1,45.851748996719614,-1.6286191536748353,-13.193329041791888,53.502792960247426,71.43302013961436,1.620771442624022,21.176594109635797,222481399.0,1482535.54,0,0.1899047067404424,4.0,-80.0,84.0,71.17999999999999,71.4544817009134,72.07558365010597,-0.09614967050084389,-0.7327137733691842,-0.6365641028683403
1676523600,2023-02-16,69.85,70.22,69.48,69.64,2185037.0,71.13300000000001,73.41818795725784,68.84781204274218,72.57766666666667,69.50766666666667,71.04266666666666,71.13300000000001,1.1899999999999977,73.53075000000001,68.73525000000001,1,43.05714719148532,-1.3318220459053525,-13.912893257247186,45.509329459898254,71.2887291972437,1.5900020538651631,21.7612884676444,220296362.0,1501555.02,0,0.08853359601673878,4.0,-76.0,80.0,71.13300000000001,71.28167391987404,71.9800705657881,-0.11880904520805369,-0.7850754093784076,-0.6662663641703539
1676610000,2023-02-17,69.84,71.27,69.44,71.01,1710076.0,71.15650000000001,73.42642753188207,68.88657246811795,72.58016666666666,69.56716666666668,71.07366666666667,71.15650000000001,1.8299999999999983,73.51150000000001,68.8015,1,47.5342745470069,0.6662886305642172,-12.382716542201152,45.67365262613616,71.19182067126955,1.6071447643033656,21.248170103433644,222006438.0,1498075.86,0,0.13405484753477212,4.0,-72.0,76.0,71.15650000000001,71.25580021321937,71.94202858281601,-0.03327891312377507,-0.7078650055750728,-0.6745860924512977
1676955600,2023-02-21,70.32,70.49,69.22,69.32,1612362.0,71.0885,73.48916886512826,68.68783113487173,72.53183333333334,69.50883333333333,71.02033333333333,71.0885,1.7900000000000063,73.49,68.687,1,43.130848000895924,-1.9241652518392949,-13.148966994343036,37.89580544383354,70.99303319678195,1.6202058525674112,20.925096978563026,220394076.0,1490494.36,0,-0.005788849905296098,4.0,-68.0,72.0,71.0885,71.07143828815086,71.8392039325095,-0.07962752692472608,-0.7741205011072054,-0.6944929741824794
1677042000,2023-02-22,69.39,70.21,69.13,69.38,1919561.0,71.008,73.5217907629706,68.4942092370294,72.459,69.462,70.9605,71.008,1.0799999999999983,73.39,68.62599999999999,0,43.32704874749998,-2.2679250598675864,-13.64665141160816,30.205383163475403,70.73266212755553,1.5816197202411675,20.690259038496777,222313637.0,1502030.92,0,-0.07511593760196365,48.0,-20.0,68.0,71.008,70.9103489273746,71.74276456260718,-0.09434311388601024,-0.8124218665399923,-0.718078752653982
1677128400,2023-02-23,69.82,70.1,68.78,69.04,1659594.0,70.934,73.58432375380752,68.28367624619247,72.42466666666667,69.39166666666667,70.90816666666667,70.934,1.3199999999999932,73.325,68.54299999999999,0,42.45339293610764,-2.098695405558692,-14.41352335382672,20.768438960106266,70.3420902921033,1.5629325973667978,20.73025317622557,220654043.0,1512016.2,0,-0.15317927127604145,44.0,-56.0,100.0,70.934,70.73222045810083,71.6367737954461,-0.11377235555976162,-0.8602941971036842,-0.7465218415439225
1677214800,2023-02-24,68.34,68.72,67.82,68.45,1206512.0,70.8035,73.66478834618194,67.94221165381806,72.27783333333333,69.28283333333334,70.78033333333333,70.8035,1.220000000000013,73.19,68.417,0,40.945277549119,-3.6729524345623403,-15.671826537031516,21.33101407511164,70.12878506591532,1.5384374118405988,21.412616032188083,219447531.0,1506535.26,0,-0.09217266329726423,40.0,-60.0,100.0,70.8035,70.51486612875789,71.51180227405607,-0.15083261747710242,-0.9350626133903006,-0.7842299959131982
1677474000,2023-02-27,68.79,69.42,67.87,68.2,1161349.0,70.6335,73.68311161461533,67.58388838538467,72.14216666666667,69.14016666666666,70.64116666666666,70.6335,1.5499999999999972,73.02525,68.24175,0,40.306627399849276,-4.748603351955296,-16.954076392172716,26.51414955006784,69.97133120259163,1.5392633109948417,21.277274513588054,218286182.0,1485928.7,0,-0.1716797771300142,36.0,-64.0,100.0,70.6335,70.2944026879238,71.38192767507347,-0.17495911740106374,-1.002928892664528,-0.8279697752634642
1677560400,2023-02-28,67.87,68.27,66.62,66.67,2715624.0,70.36800000000001,73.80273783570115,66.93326216429887,71.92633333333333,68.88033333333334,70.40333333333334,70.36800000000001,1.6499999999999915,72.79275000000001,67.94325,0,36.626349214588814,-7.377049180327871,-19.6290637235416,25.235746787138282,69.57807949402422,1.5471730744952095,21.939852308360464,215570558.0,1513445.04,-1,-0.30585621516300815,32.0,-68.0,100.0,70.36800000000001,69.94922147955012,71.1971461976196,-0.2710020773505031,-1.1667223719515931,-0.89572029460109
1677646800,2023-03-01,66.09,66.67,65.11,65.33,2107585.0,69.993,73.87873339280983,66.10726660719016,71.59400000000001,68.553,70.0735,69.993,1.5600000000000023,72.414,67.57199999999999,0,33.78262581354289,-10.297954139777564,-23.117523079385364,24.378065509803406,69.20962288040396,1.5480892834598377,23.30600482537178,213462973.0,1520182.72,0,-0.32849395804997117,28.000000000000004,-72.0,100.0,69.993,69.50929562435488,70.96706203300707,-0.3943431258487984,-1.388649201912088,-0.9943060760632896
1677733200,2023-03-02,65.18,66.38,65.03,66.2,2950670.0,69.64450000000001,73.57792331817946,65.71107668182056,71.22583333333333,68.20983333333334,69.71783333333333,69.64450000000001,1.3499999999999943,72.04675,67.24225000000001,0,37.11921343666859,-9.525761924285908,-24.467258530518592,33.504146401627,68.81895444367481,1.5339400489269917,24.610621325295803,216413643.0,1511957.12,0,-0.18740330936838803,24.0,-72.0,96.0,69.64450000000001,69.19412461251156,70.78011842386954,-0.3863925210356962,-1.4772967273579098,-1.0909042063222136
1677819600,2023-03-03,66.51,67.38,65.54,67.35,2863589.0,69.32300000000001,72.88542108684504,65.76057891315497,70.897,67.853,69.375,69.32300000000001,1.8399999999999892,71.74625,66.89975000000001,0,41.239000204751726,-8.715098942802937,-23.699244018998236,36.646596885597276,68.53116710380442,1.5558014740036346,24.776891642118848,219277232.0,1546815.84,0,-0.1270670963517524,20.0,-72.0,92.0,69.32300000000001,69.01849369703427,70.64560397587465,-0.27781802272753064,-1.438176734731627,-1.1603587120040963
1678078800,2023-03-06,67.46,67.77,66.93,67.58,1768457.0,69.148,72.69180360629625,65.60419639370375,70.56466666666667,67.76066666666667,69.16266666666667,69.148,0.8399999999999892,71.377,66.919,0,42.03847171380894,-4.924029262802476,-22.733439725741164,36.932910402391265,68.32072451324686,1.5046727972890885,24.554063719597575,221045689.0,1554587.36,0,-0.0856212933421394,16.0,-72.0,88.0,69.148,68.88149429731672,70.52538421211487,-0.1699451192392194,-1.3727901110531207,-1.2028449918139013
1678165200,2023-03-07,67.62,67.86,65.88,66.12,1987825.0,68.8575,72.39400038880228,65.32099961119772,70.34883333333332,67.48983333333334,68.91933333333334,68.8575,1.980000000000004,71.12775,66.58725,0,38.535207216227256,-8.077297372445436,-23.40080083947863,37.349202082772806,68.03245742731478,1.5386247403398683,24.949504856683973,219057864.0,1570294.14,0,-0.07114282047749956,12.0,-72.0,84.0,68.8575,68.6184948404294,70.3526240469339,-0.17563135019296672,-1.4223841795551095,-1.2467528293621428
1678251600,2023-03-08,66.18,66.98,65.64,66.89,1895995.0,68.6335,72.07120432120026,65.19579567879974,70.11716666666666,67.26016666666666,68.68866666666665,68.6335,1.3400000000000034,70.88275,66.38425,0,41.2530575723463,-6.277147260753823,-22.72550831408128,37.494486836435364,67.77176217647514,1.5244372588870208,25.445596183943028,220953859.0,1584923.14,0,-0.05845161475261134,8.0,-72.0,80.0,68.6335,68.45387628419803,70.21683486862277,-0.10948247529928024,-1.3836059234862432,-1.274123448186963
1678338000,2023-03-09,67.13,67.76,66.08,66.31,1330243.0,68.449,71.96864714140482,64.92935285859518,69.94333333333333,67.07533333333333,68.50933333333333,68.449,1.6800000000000068,70.69675,66.20125,0,39.85571345776486,-5.271428571428568,-22.758318044585437,43.695340219355465,67.55637625045053,1.5355488832522342,25.125642900474812,219623616.0,1593675.7,0,-0.050114429922399464,4.0,-72.0,76.0,68.449,68.24969759046489,70.06362565808854,-0.08768069451205585,-1.383724316327033,-1.2960436218149771
1678424400,2023-03-10,66.46,66.59,64.69,65.07,1630994.0,68.244,72.03865097209209,64.44934902790791,69.75566666666667,66.84766666666667,68.30166666666666,68.244,1.9000000000000057,70.52175,65.96625,0,37.032761955899055,-5.927425184328478,-23.987457723462914,37.33814321226451,67.23580193042292,1.561581105877075,25.60306672913725,217992622.0,1611993.96,0,-0.13242262400761398,8.0,-92.0,100.0,68.244,67.94686924851585,69.8677972009086,-0.13673751462025363,-1.466965515090294,-1.3302280004700404
1678680000,2023-03-13,65.28,68.56,65.02,66.78,2998897.0,68.0415,71.6920521500178,64.3909478499822,69.66816666666666,66.58816666666667,68.12816666666666,68.0415,3.5400000000000063,70.44825,65.63475,0,42.903260170383035,-5.717916137229984,-22.31538867043677,46.19533085596517,67.04845974459245,1.70289674117157,24.41621700297181,220991519.0,1652722.54,0,-0.07833466834852783,4.0,-92.0,96.0,68.0415,67.83573884389529,69.74670711459846,-0.03906173272079316,-1.3790551663710318,-1.3399934336502386
1678766400,2023-03-14,67.07,68.37,67.07,67.79,2602179.0,67.87950000000001,71.26298621986255,64.49601378013746,69.53416666666666,66.39116666666666,67.96266666666666,67.87950000000001,1.5900000000000034,70.35525000000001,65.40375,0,46.03151552642035,-4.561452907222293,-19.51382841612044,54.2924675376593,66.94324801852903,1.6948326882307438,23.314142257246754,223593698.0,1692650.72,0,-0.031083779179133783,4.0,-88.0,92.0,67.87950000000001,67.8313827635243,69.66997350226127,0.10087954046332737,-1.2138940080710796,-1.314773548534407
1678852800,2023-03-15,67.68,69.32,67.1,68.59,2439587.0,67.8195,71.10652585934457,64.53247414065544,69.43016666666666,66.28516666666665,67.85766666666667,67.8195,2.219999999999999,70.29675,65.34225,0,48.38915224326095,-1.7194440464249932,-16.181556951873073,61.27733186667401,66.92561625526288,1.732344639071405,21.69420582299318,226033285.0,1720424.76,0,0.031804443017006266,16.0,-72.0,88.0,67.8195,67.90363202414103,69.62762160021181,0.2463444177034737,-1.0068430264050647,-1.2531874441085384
1678939200,2023-03-16,68.32,69.53,68.09,68.57,2222166.0,67.7145,70.7555555733166,64.6734444266834,69.34483333333333,66.21183333333335,67.77833333333334,67.7145,1.4399999999999977,70.18275,65.24625,0,48.33358714388733,-2.971557945379947,-13.576494429650893,66.6128153186413,67.0010921245942,1.711462879137733,20.33607960131747,223811119.0,1739532.56,0,-0.009128647788976131,12.0,-72.0,84.0,67.7145,67.96709564088951,69.58614624334076,0.3347539206329242,-0.8347450433173833,-1.1694989639503075
1679025600,2023-03-17,68.24,68.68,67.29,67.77,4695679.0,67.621,70.53169682378638,64.71030317621361,69.28399999999999,66.086,67.685,67.621,1.3900000000000006,70.10425,65.13775,0,46.104467014393556,-2.685238368753596,-12.344008017207718,56.1977238942282,67.0755366102603,1.6885012449136094,19.263194583724687,219115440.0,1803402.14,-1,-0.03115520724181827,8.0,-72.0,80.0,67.621,67.94832462747146,69.51492482203328,0.33222689838071684,-0.7542153409744117,-1.0864422393551285
1679284800,2023-03-20,67.88,68.55,67.66,68.01,2021313.0,67.47099999999999,69.94392458437378,64.9980754156262,69.112,66.008,67.55999999999999,67.47099999999999,0.8900000000000006,69.88374999999999,65.05824999999999,0,46.87813637432294,-4.224757076468102,-11.018753187683036,63.43429207305712,67.12670960382856,1.6314654417054943,18.266944210245672,221136753.0,1819623.4,0,0.031440104146807556,4.0,-72.0,76.0,67.47099999999999,67.95419847247418,69.45590816234571,0.3384482526264201,-0.6633819235721035,-1.0018301761985235
1679371200,2023-03-21,68.01,68.44,65.72,66.89,2322391.0,67.3495,69.68189340592458,65.01710659407543,69.0515,65.80250000000001,67.427,67.3495,2.719999999999999,69.83200000000001,64.867,1,43.79023727691523,-3.505481823427572,-11.19384102340569,62.95401320440951,67.20807115054058,1.709217910155102,18.55696068062903,218814362.0,1847822.3,0,0.06648111415268418,16.0,-56.0,72.0,67.3495,67.85284623700045,69.35528431284196,0.2622633712861553,-0.6740009620908296,-0.9362643333769849
1679457600,2023-03-22,66.62,67.35,65.63,65.64,2289009.0,67.1625,69.41196104656218,64.9130389534378,68.91516666666666,65.60216666666668,67.25866666666666,67.1625,1.7199999999999989,69.693,64.63199999999999,1,40.644900101753684,-5.390602479100599,-12.718509865649171,55.427055210963,67.25814875730221,1.7099880594297374,18.875618813170718,216525353.0,1869929.58,0,-0.06603934023969364,12.0,-56.0,68.0,67.1625,67.64209897633374,69.20958688880894,0.12952754775418696,-0.7743548986842512,-0.9038824464384382
1679544000,2023-03-23,65.41,66.43,64.97,65.4,2582511.0,66.98049999999999,69.18137687070424,64.77962312929574,68.73683333333334,65.40983333333334,67.07333333333334,66.98049999999999,1.460000000000008,69.52149999999999,64.4395,1,40.06331349278821,-5.2723059096176135,-14.199331019067499,47.29452993198341,67.17134217382372,1.692131769470471,19.53248193321639,213942842.0,1900124.04,0,-0.18346546361440216,8.0,-56.0,64.0,66.98049999999999,67.42856574049243,69.06019132454192,0.032465541409164134,-0.863300519676983,-0.8957660610861471
1679630400,2023-03-24,65.68,67.63,65.39,67.61,1923342.0,66.9385,69.05608612575757,64.82091387424244,68.73116666666667,65.27016666666667,67.00066666666666,66.9385,2.239999999999995,69.55600000000001,64.321,1,47.363777713755745,-1.227173119065016,-12.224912045313479,47.51818523377486,67.14043062878962,1.731265214508294,19.100498108883265,215866184.0,1910967.56,0,-0.1546582222923534,4.0,-56.0,60.0,66.9385,67.44584519377887,69.00332107652068,0.11913062413748132,-0.7468527809142955,-0.8659834050517768
1679889600,2023-03-27,67.99,68.49,67.28,67.73,1771511.0,66.91499999999999,68.98598527276293,64.84401472723705,68.68100000000001,65.25399999999999,66.9675,66.91499999999999,1.2099999999999937,69.50699999999999,64.323,1,47.72768840917372,-0.6891495601173003,-10.507883258670837,53.24651494672141,67.2095506687172,1.6940319849005583,18.04438312893082,217637695.0,1919858.68,0,-0.12353248747804961,8.0,-48.00000000000001,56.00000000000001,66.91499999999999,67.47290755627611,68.95338691665712,0.18275871989892345,-0.6375350051781226,-0.820293725077046
1679976000,2023-03-28,67.57,68.68,67.52,68.01,1033446.0,66.982,69.10304313958979,64.86095686041021,68.70066666666666,65.32266666666666,67.01166666666667,66.982,1.1600000000000108,69.53725,64.42675,1,48.60050331366033,2.0098995050247535,-8.745707764187198,57.912558890944794,67.2794811120232,1.6558868431219478,16.923161179193098,218671141.0,1906005.82,0,-0.1834203884417589,4.0,-48.0,52.0,66.982,67.52405921758314,68.91639135129803,0.23840647072975907,-0.5222856366648472,-0.7606921073946062
1680062400,2023-03-29,68.27,69.37,68.27,69.24,1510216.0,67.1775,69.37291226196827,64.98208773803172,68.84049999999999,65.5085,67.1745,67.1775,1.3599999999999994,69.71775,64.63725,1,52.28461159317744,5.984999234654824,-5.647738496122939,58.212651189136864,67.382049590947,1.634752068613237,16.0489409101178,220181357.0,1906594.8,0,-0.11625251457614391,100.0,52.0,48.0,67.1775,67.68748214924189,68.92908188654125,0.34621855296627657,-0.3279189161867606,-0.6741374691530372
1680148800,2023-03-30,69.42,69.85,69.05,69.74,1092153.0,67.3545,69.7662833650642,64.9427166349358,68.99683333333334,65.71983333333333,67.35833333333333,67.3545,0.7999999999999972,69.8535,64.8555,1,53.70449801108555,5.347432024169172,-2.5029738508649677,62.62363436436046,67.55711257655015,1.5751269208551484,15.57042304547167,221273510.0,1893117.14,0,-0.062045302129841606,100.0,56.0,44.0,67.3545,67.88296003979028,68.96088259687298,0.43369854333308155,-0.13201428998668518,-0.5657128333197667
1680235200,2023-03-31,69.98,70.07,69.17,69.87,1734906.0,67.4805,70.12979028232095,64.83120971767906,69.09716666666667,65.91416666666666,67.50566666666667,67.4805,0.8999999999999915,69.909,65.052,0,54.07848892790615,3.7416481069042473,0.21085309136925534,61.176042780724515,67.75664622690783,1.5269035693654942,15.27883550332446,223008416.0,1898933.94,0,-0.03220592779842123,100.0,60.0,40.0,67.4805,68.07220194076264,68.9965342597407,0.47924790444416365,0.0333470472354378,-0.44590085720872585
1680494400,2023-04-03,69.24,69.68,68.5,69.11,1676027.0,67.55699999999999,70.30006470940808,64.8139352905919,69.19766666666666,65.98066666666666,67.58916666666667,67.55699999999999,1.3700000000000045,70.02524999999999,65.08874999999999,0,51.51741028168678,2.263983427049425,1.4237570643448934,54.171541070185036,67.834442944378,1.5156961715536734,14.436184060794563,221332389.0,1886541.34,0,-0.04084499279005969,96.0,60.0,36.0,67.55699999999999,68.1710398511662,69.0009838966136,0.43823816297901785,0.10189684651504649,-0.33634131646397136
1680580800,2023-04-04,69.26,69.84,69.02,69.68,1072394.0,67.735,70.5432200768458,64.9267799231542,69.28433333333334,66.18333333333334,67.73383333333334,67.735,0.8200000000000074,70.11625000000001,65.35374999999999,0,53.26476259154243,5.384150030248037,3.153986720968084,51.94415680249488,67.85502519644521,1.4660035878712687,13.778741135236285,222404783.0,1875934.46,0,-0.04932953827461405,92.0,60.0,32.0,67.735,68.31475034153132,69.02761197909935,0.42900331081815385,0.19991282205872096,-0.2290904887594329
1680667200,2023-04-05,70.14,72.07,70.01,71.89,1808887.0,67.985,71.2934890811365,64.6765109188635,69.56133333333334,66.38833333333334,67.97483333333332,67.985,2.3899999999999864,70.445,65.525,0,59.25763121188885,7.4749588877261175,7.347441696261009,51.335614361589506,68.01226613667535,1.5320033315947488,14.61652295569005,224213670.0,1888930.5,0,0.031048294376950728,100.0,72.0,28.000000000000004,67.985,68.65525030900453,69.1398624897229,0.5438516332386205,0.45072405278884276,-0.09312758044977777
1680753600,2023-04-06,72.4,72.64,71.42,72.16,1175879.0,68.2775,71.95566190508235,64.59933809491766,69.80616666666667,66.67916666666666,68.24266666666668,68.2775,1.2199999999999989,70.703,65.852,0,59.91860017892541,8.822198763384097,10.977619716138399,63.84422143776326,68.23046733573513,1.509717379337981,15.690400634112091,225389549.0,1873754.0,0,0.1065251913927787,100.0,76.0,24.0,68.2775,68.98903599386124,69.25829925483181,0.6054065310686978,0.6636305833860945,0.05822405231739668
1681099200,2023-04-10,71.79,71.9,70.93,71.84,1179867.0,68.61600000000001,72.29719763120626,64.93480236879377,70.065,67.031,68.548,68.61600000000001,1.2299999999999898,70.99125000000001,66.24075000000002,0,58.72994202205593,10.404180113723699,13.407238094161,57.30599908441959,68.41353272307938,1.4897375665281245,16.234086184060587,224209682.0,1872213.04,0,0.1736328797988079,96.0,76.0,20.0,68.61600000000001,69.26055637539827,69.35954242130899,0.5912990677739366,0.7973478870348174,0.20604881926088084
1681185600,2023-04-11,71.68,71.86,71.31,71.65,1907105.0,68.8595,72.66487764223186,65.05412235776814,70.15650000000001,67.42150000000001,68.789,68.8595,0.5499999999999972,71.0105,66.7085,0,58.01068628147451,7.29260257562145,15.084478614197455,66.72308563441302,68.82367496947018,1.422613454633258,16.7389370518699,222302577.0,1879187.5,0,0.21086625153620356,92.0,76.0,16.0,68.8595,69.48812243488415,69.44936428714001,0.5374560450003554,0.8778688755113251,0.3404128305109697
1681272000,2023-04-12,71.79,71.85,70.97,71.22,1868297.0,69.03099999999999,72.93598092184813,65.12601907815186,70.31566666666667,67.62266666666667,68.96916666666667,69.03099999999999,0.8799999999999955,71.12875,66.93324999999999,0,56.366187062223126,5.059743324974174,15.776215653654216,67.50975629333715,69.30289211312233,1.383855350730882,16.873819750797118,220434280.0,1884404.68,0,0.2800059614428984,88.0,76.0,12.0,69.03099999999999,69.65306315537137,69.51880098176198,0.4449888732173699,0.8966489220326821,0.4516600488153122
1681358400,2023-04-13,70.76,71.36,69.75,71.09,3175246.0,69.15599999999999,73.15542195823318,65.1565780417668,70.405,67.773,69.089,69.15599999999999,1.6099999999999994,71.20799999999998,67.104,0,55.8622280532725,3.6448461874908875,16.134840821606115,65.18599030126585,69.91803418636798,1.4000085399643905,15.916312068724379,217259034.0,1908956.96,0,0.41108699580439306,84.0,76.0,8.0,69.15599999999999,69.78991428343124,69.58041662953602,0.35129119454026136,0.8907740419906389,0.5394828474503776
1681444800,2023-04-14,70.23,70.52,69.73,70.05,1676812.0,69.23,73.23807185564301,65.221928144357,70.441,67.874,69.1575,69.23,1.3599999999999994,71.276,67.18400000000001,0,51.95080141729286,2.158378299547913,14.706728153433533,57.56061445599851,70.18937313042551,1.397150787109791,15.010562471595149,215582222.0,1908713.36,0,0.31823962382466553,80.0,76.0,4.0,69.23,69.81468435167588,69.59883166367186,0.2028593073597863,0.7930569816501105,0.5901976742903242
1681704000,2023-04-17,70.36,70.95,69.9,70.66,1540053.0,69.3745,73.36996980967163,65.37903019032836,70.55350000000001,68.0205,69.287,69.3745,1.0499999999999972,71.395,67.354,0,53.94191354011105,4.264423786336137,14.295790083043583,57.24943795834049,70.39681182032852,1.3723543023162343,14.511879648545266,217122275.0,1894197.24,0,0.37244027164837507,76.0,40.0,36.0,69.3745,69.89519060389722,69.64044610823375,0.13273891136875493,0.7561213135012679,0.623382402132513
1681790400,2023-04-18,70.48,70.67,69.68,69.98,1629106.0,69.473,73.42596395126458,65.52003604873542,70.66033333333334,68.11733333333333,69.38883333333334,69.473,0.9899999999999949,71.50099999999999,67.44500000000001,0,51.44058389600331,2.89663284811057,12.822201079220871,51.37257330808527,70.48087446979964,1.3450432807222172,13.843811028891611,215493169.0,1891986.68,0,0.34192627508066087,72.0,40.0,32.0,69.473,69.90326768924034,69.65376194712655,0.03275114278174596,0.6643213306096953,0.6315701878279494
1681876800,2023-04-19,70.18,70.72,70.01,70.52,1112780.0,69.6545,73.44646769500967,65.86253230499032,70.72983333333335,68.38783333333333,69.55883333333333,69.6545,0.7399999999999949,71.53399999999999,67.775,0,53.25260494659719,5.426820152489154,12.324842978966998,50.58817956797922,70.57912823346187,1.3018259035277728,13.267227893732823,216605949.0,1890632.16,0,0.3184599702286339,68.0,40.0,28.000000000000004,69.6545,69.96200409978887,69.68773206684709,-0.002932488891680962,0.6279045767133482,0.6308370656050292
1681963200,2023-04-20,70.63,70.66,69.84,70.18,1276832.0,69.8815,73.19886205440358,66.56413794559643,70.88583333333334,68.63383333333333,69.75983333333333,69.8815,0.8199999999999932,71.6935,68.0695,0,51.967371308116064,6.916514320536268,11.342334028694548,45.44691904713652,70.60880179580992,1.2674097675615028,12.557238092339206,215329117.0,1887006.6,0,0.2716608740329812,64.0,40.0,24.0,69.8815,69.98276561409469,69.70703669167662,-0.05259379881329718,0.5650948170884078,0.617688615901705
1682049600,2023-04-21,70.78,71.05,69.98,70.39,1116558.0,70.131,72.73692325289835,67.52507674710165,71.11,68.897,70.0035,70.131,1.0699999999999932,71.91375,68.34825000000001,0,52.709420396984754,7.629969418960236,10.822149223417744,43.97920758653493,70.67270413221172,1.2533090698785379,12.27090600142181,216445675.0,1886292.82,0,0.22409420073981218,60.0,40.0,20.0,70.131,70.02154984132376,69.73381956651284,-0.07319313173488173,0.5261972012331029,0.5993903329679846
1682308800,2023-04-24,70.5,70.94,69.96,70.84,847584.0,70.2925,72.64110703396632,67.94389296603369,71.23216666666666,69.14516666666665,70.18866666666668,70.2925,0.980000000000004,71.98075,68.60425000000001,0,54.30186513434736,4.777399792930046,11.025366587678022,49.55652626819783,70.79253668811232,1.2337869934586425,11.981968233357566,217293259.0,1881741.88,0,0.26166035982584557,56.00000000000001,40.00000000000001,16.0,70.2925,70.0994974754834,69.77719919135548,-0.0590140681574548,0.5256227477711661,0.5846368159286209
1682395200,2023-04-25,70.98,71.35,70.77,71.04,723658.0,70.458,72.50857650430211,68.40742349569788,71.36166666666666,69.33766666666666,70.34966666666666,70.458,0.5799999999999983,72.09899999999999,68.81700000000001,0,55.01061608699243,4.887051528126387,11.481582950892957,48.77405073138706,70.86671143519379,1.1870879224973108,12.11753718664944,218016917.0,1867360.14,0,0.23254464023835533,52.0,40.0,12.0,70.458,70.18906914448499,69.82672079169448,-0.0395997803222391,0.5351370905258221,0.5747368708480612
1682481600,2023-04-26,70.38,70.92,69.16,69.2,1501489.0,70.51750000000001,72.33647636048296,68.69852363951706,71.47616666666667,69.39216666666667,70.43416666666667,70.51750000000001,1.8800000000000097,72.2125,68.82250000000002,0,47.82715202660112,1.749742684899276,8.530412728510077,40.78469338807932,70.74671430324935,1.236581642318932,11.941841117648234,216515428.0,1866254.32,0,0.0948527806132495,48.0,40.0,8.0,70.51750000000001,70.09487208310547,69.80214350574569,-0.14801966267277,0.3897122925070988,0.5377319551798688
1682568000,2023-04-27,69.28,70.1,68.6,69.62,1701658.0,70.5365,72.30904929409473,68.76395070590527,71.52016666666665,69.39616666666667,70.45816666666667,70.5365,1.5,72.242,68.831,0,49.41431992007526,0.5488157134604414,6.804943911650694,34.226577136962874,70.56872510925201,1.2553972392961512,12.242398906113062,218217086.0,1856644.02,0,0.10953629452252296,44.0,40.0,4.0,70.5365,70.04964617042876,69.79500062316744,-0.18631468996767664,0.304838592720273,0.49115328268794967
1682654400,2023-04-28,69.28,69.93,68.85,69.29,2321983.0,70.51400000000001,72.3371225959863,68.69087740401372,71.52466666666666,69.37266666666667,70.44866666666667,70.51400000000001,1.0800000000000125,72.24050000000001,68.78750000000001,0,48.20154467010194,-0.645253799827916,4.83916694920717,32.56338211423109,70.3910390459119,1.2428688650607127,12.521488281116117,215895103.0,1865139.88,-1,0.038595955347691766,40.0,36.0,4.0,70.51400000000001,69.97729891610221,69.77519667716088,-0.22608792704480973,0.20854337388193755,0.4346313009267473
1682913600,2023-05-01,69.18,70.21,69.12,69.39,1808040.0,70.49,72.35847531425914,68.62152468574085,71.52766666666666,69.35666666666667,70.44216666666667,70.49,1.0899999999999892,72.23074999999999,68.74925,0,48.6039095276592,-0.6869901245169657,3.400016258776121,32.09957050487242,70.22078084835748,1.231949660413518,12.448765341797882,217703143.0,1857599.94,0,-0.02235716906391094,36.0,32.0,4.0,70.49,69.92136568599724,69.76009092511535,-0.23674580300582398,0.13869904716946735,0.37544485017529133
1683000000,2023-05-02,69.27,69.38,68.0,68.25,1555555.0,70.447,72.47343628076382,68.42056371923618,71.51,69.319,70.4145,70.447,1.3900000000000006,72.18925,68.70475,0,44.4596187983154,-1.2443929966719713,0.2508883540080885,32.655825332572206,70.00643714124644,1.243238970383981,13.31038607267689,216147588.0,1854509.52,0,-0.031097444409141414,32.0,28.0,4.0,70.447,69.76218800161655,69.70087167315003,-0.3071903427684386,-0.008543078285256911,0.2986472644831817
1683086400,2023-05-03,68.98,69.18,68.03,68.43,1797821.0,70.3845,72.57238002413203,68.19661997586797,71.47816666666667,69.25416666666666,70.36616666666667,70.3845,1.1500000000000057,72.1515,68.6175,0,45.23572367463124,-1.7939150401836967,-1.9811003978998518,43.528310165715304,69.76711170539856,1.2365790439279827,14.110462465635967,217945409.0,1858218.7,0,-0.16211458516658103,28.000000000000004,-68.0,96.0,70.3845,69.63531295384354,69.65103356832063,-0.326475720794601,-0.10944738651006958,0.21702833428453144
1683172800,2023-05-04,68.35,68.86,67.51,68.5,2280525.0,70.215,72.43510360118538,67.99489639881463,71.291,69.138,70.21450000000002,70.215,1.3499999999999943,71.904,68.52600000000001,0,45.54720617531102,-4.715537626930033,-3.6816478531538674,42.40205169107799,69.58200528854657,1.244680540790269,15.248860340071264,220225934.0,1865437.98,0,-0.09232469676028379,24.0,-68.0,92.0,70.215,69.52718791062034,69.60589499701393,-0.31896039479131266,-0.18167215920460933,0.1372882355867033
1683259200,2023-05-05,68.34,69.61,67.9,69.14,1336408.0,70.06400000000001,72.1405779542306,67.98742204576942,71.15599999999999,68.95400000000001,70.05499999999999,70.06400000000001,1.7099999999999937,71.78975,68.33825000000002,0,48.373191527106776,-4.1851441241685094,-3.904089556654676,41.75002890130902,69.47002979375326,1.277917645019535,15.355942437671768,221562342.0,1858974.26,0,-0.09738819855143045,20.0,-68.0,88.0,70.06400000000001,69.49031287151365,69.58762460497418,-0.2579378288909947,-0.18513405052704002,0.07280377836395466
1683518400,2023-05-08,68.86,69.57,68.18,68.52,1364857.0,69.898,71.90994035696806,67.88605964303193,71.037,68.793,69.91499999999999,69.898,1.3899999999999864,71.63574999999999,68.16025,0,45.941848079817916,-4.621380846325177,-5.15165512447391,42.341054169332686,69.37284274798543,1.2859235275181387,15.455375814015094,220197485.0,1862141.16,0,-0.10129853605470426,16.0,-68.0,84.0,69.898,69.39790212184569,69.54575697340657,-0.24639922929299557,-0.23519525825228982,0.011203971040705765
1683604800,2023-05-09,68.47,68.47,67.69,68.26,1473347.0,69.72850000000001,71.69209135259786,67.76490864740217,70.87516666666666,68.60816666666668,69.74166666666667,69.72850000000001,0.8299999999999983,71.48725,67.96975000000002,0,44.944658555251955,-4.731332868108863,-6.6172826663311906,36.3400454887399,69.23174983127088,1.2533575612668428,15.975373685052338,218724138.0,1868381.12,0,-0.09036960190389971,12.0,-68.0,80.0,69.72850000000001,69.28953049119372,69.49533513131219,-0.24294514090775443,-0.29247745509398726,-0.04953231418623284
1683691200,2023-05-10,68.79,68.9,67.87,68.73,1844527.0,69.60400000000001,71.48766026660789,67.72033973339214,70.74033333333333,68.45833333333334,69.59933333333333,69.60400000000001,1.0300000000000011,71.37400000000001,67.83400000000002,0,47.12835841271833,-3.4962089300758143,-6.888708778764465,43.885206109684795,69.11086431106503,1.2374034497477826,15.900298487364543,220568665.0,1850959.18,0,-0.020933808150061795,8.0,-68.0,76.0,69.60400000000001,69.23624187298479,69.46532198890779,-0.19759872084263524,-0.2965307152395269,-0.09893199439689165
1683777600,2023-05-11,68.71,68.89,67.79,68.08,1731963.0,69.4535,71.31909668738918,67.58790331261083,70.59083333333334,68.35983333333334,69.47533333333334,69.4535,1.0999999999999943,71.18525,67.72175000000001,0,44.55566346433037,-4.234069489379666,-8.24194375033537,37.638886749318914,68.97598021422574,1.2275889176229404,15.907095997233657,218836702.0,1843446.74,0,-0.04538421826027769,4.0,-96.0,100.0,69.4535,69.12612359936719,69.41099563640161,-0.19939754916201813,-0.3481789308494143,-0.14878138168739619
1683864000,2023-05-12,68.41,69.0,68.41,68.82,1803512.0,69.392,71.25598068659457,67.52801931340542,70.513,68.30199999999999,69.4075,69.392,0.9200000000000017,71.09075,67.69324999999999,0,47.9600407691751,-1.7558886509636031,-7.823795892815272,40.13696410013729,68.89944346673367,1.2056182806498736,15.761765793838602,220640214.0,1820503.58,0,-0.0422936907716673,4.0,-92.0,96.0,69.392,69.09696897085603,69.38781933693488,-0.14149078820555855,-0.32564486694434436,-0.1841540787387858
1684123200,2023-05-15,69.13,69.22,67.82,68.6,2119685.0,69.28900000000002,71.08785407968456,67.49014592031547,70.43266666666666,68.18666666666668,69.30966666666667,69.28900000000002,1.4000000000000057,71.01400000000001,67.56400000000002,0,47.055847129482494,-2.915369374469293,-7.8733095894003915,34.88187299811807,68.80584252958879,1.219502689174883,16.215010075487733,218520529.0,1805625.5,0,-0.02804122441900748,4.0,-88.0,92.0,69.28900000000002,69.04963859267926,69.35692446097666,-0.11013975981419422,-0.3218287785065286,-0.21168901869233436
1684209600,2023-05-16,68.57,68.9,66.5,66.53,2306835.0,69.1165,71.24811230058329,66.98488769941672,70.36316666666667,67.97616666666667,69.16966666666666,69.1165,2.4000000000000057,70.94725,67.28575000000001,0,39.65180436784582,-4.929979994284086,-11.48018958692807,33.8723922301419,68.61393883373137,1.303823925662392,17.677595213099355,216213694.0,1816393.06,0,-0.05921781070538951,4.0,-96.0,100.0,69.1165,68.8096730124241,69.24606467819326,-0.2148884701090809,-0.4802996063286855,-0.2654111362196046
1684296000,2023-05-17,66.67,66.93,65.99,66.75,2725102.0,68.92800000000001,71.19245225164902,66.66354774835101,70.18166666666666,67.77166666666668,68.97666666666667,68.92800000000001,0.9400000000000119,70.77375,67.08225000000002,0,40.6957310754605,-5.346001134429944,-13.804252937741992,32.688951188985,68.34903865598092,1.2778365024007934,19.36253595133515,218938796.0,1831138.6,0,-0.01654881482651557,4.0,-92.0,96.0,68.92800000000001,68.61351367790752,69.14817978885236,-0.25281853500642354,-0.581434304977634,-0.3286157699712105
1684382400,2023-05-18,66.33,66.62,65.65,66.33,2210301.0,68.7355,71.18824111964523,66.28275888035478,69.98783333333333,67.56283333333334,68.77533333333334,68.7355,1.0999999999999943,70.60225,66.86875,0,39.32857853673856,-5.485893416927911,-16.29376462598567,32.95715145702512,68.08006571294948,1.2651338950864506,21.134071183946997,216728495.0,1837424.72,0,0.033409546531216174,32.0,-68.0,100.0,68.7355,68.39603618477348,69.03766293438755,-0.28714669104456114,-0.687549133776912,-0.4004024427323508
1684468800,2023-05-19,66.7,67.01,65.92,65.92,1670249.0,68.512,71.13002673783114,65.89397326216886,69.77933333333333,67.35233333333333,68.56583333333334,68.512,1.0900000000000034,70.38025,66.64375,0,38.01623311176319,-6.350333854240657,-18.895960440681506,32.38891662696993,67.86264661753523,1.2526243311517042,22.187623500405078,215058246.0,1844224.84,0,0.004679113049209282,28.000000000000004,-72.0,100.0,68.512,68.16022321479505,68.91540164284294,-0.3161250596953487,-0.7955587673515367,-0.47943370765618804
1684728000,2023-05-22,66.1,66.49,65.48,65.54,1830154.0,68.247,70.94065996369235,65.55334003630765,69.54366666666667,67.11366666666667,68.32866666666666,68.247,1.009999999999991,70.1175,66.3765,0,36.81763942342162,-7.481648785996607,-21.541021763526118,32.13843634204835,67.6827391073768,1.2352940217837247,23.464667658626492,213228092.0,1848208.04,0,-0.018798524603700077,24.0,-76.0,100.0,68.247,67.91067814671933,68.78303295096674,-0.33759614841409025,-0.9014288931738008,-0.5638327447597106
1684814400,2023-05-23,65.48,66.27,65.25,65.54,1502465.0,67.97200000000001,70.59091275150577,65.35308724849425,69.29733333333333,66.82333333333334,68.06033333333333,67.97200000000001,1.019999999999996,69.8755,66.06850000000001,0,36.81763942342162,-7.7421171171171155,-23.675599028761805,25.616980960986865,67.50898993750492,1.2199158773706011,24.802130594687792,214730557.0,1818279.4,0,-0.022863859925287083,20.0,-76.0,96.0,67.97200000000001,67.6848992756032,68.65585518818372,-0.32821610740005336,-0.9741028790097772,-0.6458867716097239
1684900800,2023-05-24,65.54,65.77,64.66,64.69,1871498.0,67.7465,70.66334949903141,64.82965050096858,69.02883333333332,66.61983333333333,67.82433333333333,67.7465,1.1099999999999994,69.59224999999999,65.90075,0,34.149119023516974,-6.517341040462435,-26.63639998754806,26.119286273120977,67.26076975293705,1.2120647432727008,26.412109750345444,212859059.0,1803665.78,0,-0.13313269704121122,16.0,-84.0,100.0,67.7465,67.3996707731648,68.50033145531377,-0.3534878365499031,-1.0877465672971027,-0.7342587307471996
1684987200,2023-05-25,64.43,64.48,63.44,63.84,1726209.0,67.4575,70.70158307538512,64.21341692461488,68.72983333333335,66.36683333333335,67.54833333333332,67.4575,1.25,69.2845,65.6305,0,31.728427081464858,-8.302212008043666,-30.182814978700545,20.59551609185037,66.957673481584,1.214774404467508,28.529998455022945,211132850.0,1789398.22,0,-0.1693515484216267,12.0,-88.0,100.0,67.4575,67.06065450905388,68.31757335902695,-0.39834816783782157,-1.2321939405444766,-0.833845772706655
1685073600,2023-05-26,63.14,63.34,61.2,61.89,3965754.0,67.0875,71.0250468251185,63.14995317488152,68.42216666666667,65.95316666666668,67.18766666666667,67.0875,2.6400000000000006,69.03150000000001,65.1435,0,27.090999607699487,-10.679751767931887,-35.444729804273535,18.946209740289532,66.20900570796368,1.3165762327198287,31.270793581102602,207167096.0,1824269.98,-1,-0.17875948614980902,8.0,-92.0,100.0,67.0875,66.56821122247732,68.06551165867295,-0.5224261169046807,-1.486878418837506,-0.9644523019328253
1685419200,2023-05-30,61.82,62.08,61.08,61.19,2120924.0,66.67750000000001,71.23026564299123,62.12473435700879,68.0115,65.5515,66.78150000000001,66.67750000000001,1.0,68.61475000000002,64.74025,0,25.67309615939567,-11.817264735552676,-40.23585030530291,18.6531692288668,65.76935652478413,1.2939636446684124,33.8489920497454,205046172.0,1772774.88,0,-0.2541461142075108,4.0,-96.0,100.0,66.67750000000001,66.05600062986043,67.79588375048971,-0.6086889684074532,-1.725313512442142,-1.1166245440346887
1685505600,2023-05-31,61.41,62.91,61.17,62.37,3574768.0,66.3835,71.24130722137073,61.525692778629264,67.70983333333332,65.21383333333333,66.46183333333332,66.3835,1.7399999999999949,68.347,64.42,0,31.989341229618134,-8.615384615384619,-40.9217552904204,22.490398886912487,65.19248102197713,1.325823384334954,35.111768747794905,208620940.0,1803843.98,0,-0.2361731699802002,8.0,-88.0,96.0,66.3835,65.70495295082611,67.58310399556855,-0.5453634748775615,-1.7983288876316408,-1.2529654127540792
1685592000,2023-06-01,62.56,62.58,61.44,62.01,2355079.0,66.0625,71.17855267760234,60.94644732239766,67.38250000000001,64.88750000000002,66.13499999999999,66.0625,1.1400000000000006,68.02525,64.09975,0,31.139531131653087,-9.381850065760643,-41.81106891260241,22.186481539837885,64.78986124433855,1.312550285453886,36.28434711026945,206265861.0,1804497.74,0,-0.20578196844640348,4.0,-88.0,92.0,66.0625,65.35305266979505,67.36455089770313,-0.48863474030451926,-1.8637588381347285,-1.3751240978302093
1685678400,2023-06-02,61.63,63.34,61.31,63.08,2754181.0,65.7915,70.93649863945583,60.64650136054416,67.13083333333333,64.56783333333334,65.84933333333333,65.7915,2.030000000000001,67.80525,63.77775,0,36.42361938456866,-7.91240875912409,-39.904573388075974,23.97228974580983,64.38581669039588,1.3637966936357515,36.38482469441203,209020042.0,1813801.18,0,-0.15869696431573058,8.0,-80.0,88.0,65.7915,65.1365714631479,67.19652929387163,-0.3466415837782222,-1.808426077552987,-1.4617844937747648
1685937600,2023-06-05,63.08,64.41,63.08,63.53,2216345.0,65.511,70.50466358498475,60.51733641501524,66.85133333333333,64.32633333333334,65.58883333333333,65.511,1.3299999999999983,67.49624999999999,63.525749999999995,0,38.51239967997479,-8.113971651721144,-37.38555976643126,30.729179220670886,64.06906849405976,1.3613826440903407,35.28204051549137,211236387.0,1806477.86,0,-0.18743521114148262,4.0,-80.0,84.0,65.511,64.98356465713383,67.05274383136685,-0.1974267405947956,-1.7085679195182593,-1.5111411789234637
1686024000,2023-06-06,63.94,64.01,62.88,63.07,2007725.0,65.2385,70.1395744740315,60.3374255259685,66.56649999999999,64.0675,65.31700000000001,65.2385,1.1300000000000026,67.20425,63.27275,0,37.197383586772986,-7.95388207822533,-35.911423511657226,31.145922149234096,63.79301532379688,1.3448553123696023,34.39295657570721,209228662.0,1808165.52,0,-0.16098210346720324,16.0,-64.0,80.0,65.2385,64.80132040407346,66.89655779876423,-0.10913167136444812,-1.647555768129024,-1.538424096764576
1686110400,2023-06-07,63.12,64.87,62.35,64.63,2659869.0,65.05699999999999,69.76198926672562,60.352010733274355,66.444,63.771,65.1075,65.05699999999999,2.520000000000003,67.14949999999999,62.96449999999999,0,44.02077844650126,-5.317902138880764,-31.302229562132062,39.55744017526064,63.57390061659568,1.4287942186289169,32.693240887460156,211888531.0,1825932.68,0,-0.146773798439072,12.0,-64.0,76.0,65.05699999999999,64.78500417511408,66.80767317920485,0.06551190440032162,-1.4565342162641741,-1.5220461206644957
1686196800,2023-06-08,64.39,64.73,63.74,64.5,1851998.0,64.84549999999999,69.24116365865311,60.449836341346874,66.23316666666666,63.564166666666665,64.89866666666667,64.84549999999999,0.990000000000002,66.93499999999999,62.755999999999986,0,43.60519698299024,-6.154517677869931,-27.897318171641857,45.934437712144145,63.43634518589143,1.3974517744411372,31.114933462659327,210036533.0,1842303.72,0,-0.14521008579302166,8.0,-64.0,72.0,64.84549999999999,64.75786092034132,66.71717619178506,0.17712077965219142,-1.3006451460992565,-1.477765925751448
1686283200,2023-06-09,64.62,64.69,63.36,63.4,1620166.0,64.6115,68.78622526042182,60.43677473957819,66.02283333333334,63.33083333333333,64.67683333333333,64.6115,1.3299999999999983,66.71825000000001,62.50475000000001,0,40.223001877048056,-6.8742655699177435,-26.528933344608564,40.644869003836014,63.307232114057186,1.3926337905524844,29.9595606915757,208416367.0,1844502.72,0,-0.1408346468382246,4.0,-64.0,68.0,64.6115,64.62854083268977,66.58709085093074,0.18106317615423073,-1.2514369555586597,-1.4325001317128905
1686542400,2023-06-12,63.58,63.58,62.77,63.27,1834245.0,64.334,68.06735452374997,60.60064547625004,65.757,63.043000000000006,64.4,64.334,0.8099999999999952,66.4325,62.2355,0,39.83859470987805,-8.064516129032244,-25.613555262921395,40.73629417759671,63.15709074288052,1.3510170912273067,29.34312189870484,206582122.0,1859344.56,0,-0.07709593906278714,20.0,-44.0,64.0,64.334,64.49915599148122,66.4570088567766,0.17880609698241168,-1.208992510484876,-1.3877986074672877
1686628800,2023-06-13,62.67,63.12,62.49,63.12,2362123.0,64.05999999999999,67.26821445667285,60.85178554332713,65.43666666666667,62.79966666666667,64.11816666666667,64.05999999999999,0.7800000000000011,66.112,62.00799999999999,0,39.38147153577609,-7.988338192419821,-25.06462570390997,39.75638548515657,63.02391515691579,1.310230156139642,28.978477057258498,204219999.0,1871888.9,0,0.016356025885832133,16.0,-44.0,60.0,64.05999999999999,64.36780780181634,66.32614576435398,0.17109773784172733,-1.1739264351651286,-1.345024173006856
1686715200,2023-06-14,63.39,64.0,62.9,62.98,1660454.0,63.88249999999999,66.9123044491361,60.852695550863885,65.17083333333333,62.66383333333333,63.91733333333334,63.88249999999999,1.1000000000000014,65.83699999999999,61.928,0,38.94247014597393,-5.335938674282285,-24.792553539169017,45.18380104851789,62.922241096053455,1.295213716415382,27.652887749762463,202559545.0,1871577.44,0,0.02720457693014076,12.0,-44.00000000000001,56.00000000000001,63.88249999999999,64.23563563021479,66.1949243618303,0.160624917233128,-1.1442430264654462,-1.3048679436985742
1686801600,2023-06-15,63.92,64.27,63.3,63.98,2275180.0,63.74399999999999,66.47536888757361,61.01263111242638,65.037,62.527,63.782,63.74399999999999,1.2899999999999991,65.72474999999999,61.76324999999999,0,43.664256618106265,-4.149812734082402,-22.506938240853934,51.37015850438126,62.93392155279794,1.2948413080999974,26.14240811929014,204834725.0,1895633.16,0,0.06623737615012801,8.0,-44.0,52.0,63.74399999999999,64.21128937971814,66.108064582935,0.22135442836946528,-1.0281749082367426,-1.249529336606208
1686888000,2023-06-16,64.26,65.17,64.26,64.94,4269992.0,63.6745,66.2022774822965,61.1467225177035,64.9635,62.45949999999999,63.7115,63.6745,1.1900000000000048,65.662,61.687000000000005,0,47.74764430962469,-2.0955826925976186,-18.73807981033654,63.668620281877914,63.263472021070946,1.2873526432357123,24.669122878420502,209104717.0,1944855.26,1,0.17051220515841436,4.0,-44.0,48.0,63.6745,64.28069039117355,66.06225812870225,0.32047142223025804,-0.8489400588183855,-1.1694114810486436
1687233600,2023-06-20,64.62,64.87,63.61,63.64,2207655.0,63.560500000000005,65.8690621065948,61.25193789340521,64.85983333333334,62.33883333333333,63.599333333333334,63.560500000000005,1.3299999999999983,65.566,61.55500000000001,0,43.27632697507942,-3.458737864077672,-17.516606555164117,63.33907191141679,63.42871952664574,1.2903988830045898,23.121320190938548,206897062.0,1965490.78,0,0.15675293108606797,4.0,-40.0,44.0,63.560500000000005,64.21967225868083,65.96726761385119,0.29349473054847053,-0.8025430678630556,-1.0960377984115262
1687320000,2023-06-21,63.35,64.27,62.55,64.17,1649036.0,63.492,65.63706503398043,61.34693496601957,64.78666666666666,62.19466666666666,63.49066666666666,63.492,1.7199999999999989,65.55075,61.43325,0,45.467845333826325,-2.0903265181568575,-15.550131603892225,56.00477092815744,63.58500513868848,1.3210846770756905,22.544242607991322,208546098.0,1974874.16,0,0.1694626987876742,8.0,-32.0,40.0,63.492,64.21494156737789,65.89678653095507,0.30501651329157364,-0.714767156797059,-1.0197836700886327
1687406400,2023-06-22,64.72,64.85,63.37,63.74,1584791.0,63.402,65.33651389243023,61.46748610756977,64.72466666666666,62.086666666666666,63.40566666666666,63.402,1.4799999999999969,65.49525,61.30875,1,44.01554695724941,-2.7464144034177664,-14.595390796110166,62.412855255907026,63.72540201136577,1.3324357715702837,21.448224375230982,206961307.0,1968427.88,0,0.14808046875564485,4.0,-32.0,36.0,63.402,64.16970903715142,65.81220666699605,0.2781042514773424,-0.6721533557419548,-0.9502576072192972
1687492800,2023-06-23,64.02,64.28,62.72,62.82,2878857.0,63.3085,65.1641214592437,61.45287854075631,64.65883333333333,61.975833333333334,63.31733333333333,63.3085,1.5600000000000023,65.4355,61.1815,1,41.06172423881807,-2.8907095377956367,-15.118126956207881,53.409969119044796,63.785327291459154,1.3486903593152635,20.934384303255175,204082450.0,1988639.08,0,0.0008107877091954037,4.0,-28.0,32.0,63.3085,64.04116531932748,65.69486522907464,0.1966085492459666,-0.704496920661839,-0.9011054699078056
1687752000,2023-06-26,63.11,63.9,62.79,63.81,1475589.0,63.307,65.16094821934317,61.453051780656835,64.64133333333334,61.95133333333333,63.29633333333334,63.307,1.1099999999999994,65.4235,61.1905,1,45.22543918519119,-0.0469924812030093,-13.69347927005836,52.26811644118487,63.77963112208976,1.3316410479356018,20.457247093563357,205558039.0,1954645.94,0,0.0652015902468496,4.0,-24.000000000000004,28.000000000000004,63.307,64.01914957462962,65.62094894558152,0.20661677063250283,-0.6428345066171772,-0.8494512772496801
1687838400,2023-06-27,64.05,64.45,63.77,64.25,1902031.0,63.425,65.2019918401629,61.64800815983709,64.669,62.125,63.397000000000006,63.425,0.6799999999999997,65.3945,61.4555,1,46.97784550394601,3.8132169978994983,-11.77657066364311,58.72954520010532,63.83387652258991,1.2850952587973445,19.44764669544273,207460070.0,1959150.32,0,0.1354133683576765,4.0,-20.0,24.0,63.425,64.0411353294268,65.56718624183323,0.2378825946000367,-0.5520980339996342,-0.7899806285996709
1687924800,2023-06-28,63.75,63.92,62.63,62.7,2252701.0,63.5005,64.9974899799282,62.0035100200718,64.76516666666666,62.19216666666667,63.47866666666666,63.5005,1.6199999999999974,65.51650000000001,61.484500000000004,1,41.99570266160108,2.4677234842294578,-12.446563933198355,50.64998719202436,63.76683092885932,1.3090170260261054,19.40790960842619,205207369.0,1973403.28,0,-0.002267710435569888,4.0,-16.0,20.0,63.5005,63.91340815519567,65.45474756568291,0.15329393233146726,-0.5983632131853369,-0.7516571455168042
1688011200,2023-06-29,62.14,63.11,61.94,62.81,1733864.0,63.5225,64.96430269107996,62.080697308920044,64.76016666666666,62.24416666666667,63.502166666666675,63.5225,1.1700000000000017,65.49575,61.54925,1,42.451627765161184,0.7054673721340465,-12.77198151777242,44.633854410432086,63.665200931996765,1.299087238452812,19.836925851483297,206941233.0,1975498.44,0,-0.007217390989389868,68.0,52.0,16.0,63.5225,63.80832166422465,65.35103197487182,0.10611213407411424,-0.6190169779241614,-0.7251291119982757
1688097600,2023-06-30,62.85,63.94,62.81,63.9,2528036.0,63.617,64.8874503138672,62.34654968613279,64.83666666666667,62.32166666666666,63.57916666666667,63.617,1.1299999999999955,65.5895,61.6445,1,46.812312144231605,3.0478955007256907,-11.109091922249211,51.567127942612416,63.64767228412561,1.287009578563325,19.390097122979306,209469269.0,2003803.56,0,0.1194649986600749,64.0,52.0,12.0,63.617,63.81705293429849,65.29412876017096,0.14714904083996694,-0.5411928109483171,-0.688341851788284
1688356800,2023-07-03,63.56,64.41,63.44,64.01,1022850.0,63.6635,64.91992787298166,62.40707212701834,64.85249999999999,62.44349999999999,63.648,63.6635,0.9699999999999989,65.5565,61.7705,1,47.23702311789119,1.4743183259353312,-9.610507431587308,56.38621176430429,63.6853044610696,1.2643660372373733,18.533787753823578,210492119.0,1998723.92,0,0.11429577058334034,60.0,52.0,8.0,63.6635,63.83542884531768,65.24377076957603,0.17845180740050948,-0.46527709253764726,-0.6437288999381567
1688529600,2023-07-05,63.63,65.43,63.52,64.54,2925158.0,63.71400000000001,65.02491418483636,62.40308581516366,64.92266666666667,62.45566666666667,63.68916666666668,63.71400000000001,1.9100000000000037,65.65050000000001,61.77750000000001,1,49.29068841734032,1.589800094443578,-7.503841228487919,64.95516595003573,63.82377183521913,1.3104827488632755,17.546687785187864,213417277.0,2034895.92,0,0.040945090032785396,56.00000000000001,52.00000000000001,4.0,63.71400000000001,63.90253086004933,65.21617191586716,0.22840915175081267,-0.35821746024964085,-0.5866266120004535
1688616000,2023-07-06,64.0,64.45,63.27,64.31,2015537.0,63.775999999999996,65.07646760821063,62.475532391789365,64.95966666666666,62.48766666666667,63.72366666666667,63.775999999999996,1.2700000000000031,65.723,61.82899999999999,1,48.429615837447884,1.9660694466465862,-6.148480332334979,58.80674795480977,63.864659409286055,1.3075911239444704,16.413816574847615,211401740.0,2058254.98,0,0.1366985476715599,52.0,44.0,8.0,63.775999999999996,63.941337444806535,65.18063576230375,0.23841796235836532,-0.2886041590524968,-0.5270221214108621
1688702400,2023-07-07,63.72,64.47,63.59,63.81,1702684.0,63.735,64.97550796047632,62.49449203952367,64.878,62.56999999999999,63.724000000000004,63.735,0.8799999999999955,65.559,61.911,1,46.56803725920968,-1.2687606374748464,-5.805412280534116,52.3734871527625,63.87096188897322,1.2770489008055794,15.379315484792611,209699056.0,2077835.5,0,0.0807146682226452,48.0,44.0,4.0,63.735,63.92882911672972,65.12688534025263,0.20508895556287982,-0.2706609269572624,-0.4757498825201422
1688961600,2023-07-10,63.64,63.92,62.8,63.41,1310112.0,63.68050000000001,64.87676878250886,62.48423121749116,64.83716666666666,62.51616666666666,63.67666666666666,63.68050000000001,1.1200000000000045,65.51425,61.84675000000001,1,45.10791414661382,-1.6899224806201603,-6.141113618460892,42.255409377439655,63.702809910926526,1.2658311221766099,14.838939647282798,208388944.0,2074007.96,0,0.016142198463704283,44.0,-28.0,72.0,63.68050000000001,63.879416819898324,65.05955650337998,0.15225813318879877,-0.2854272160341438,-0.43768534922294255
1689048000,2023-07-11,63.38,64.31,63.29,64.29,1373594.0,63.725,64.942251001234,62.50774899876601,64.829,62.539,63.684000000000005,63.725,1.0200000000000031,65.5355,61.914500000000004,1,48.82385015665176,1.4037854889590027,-4.87754687696058,48.837163824594796,63.68814292845893,1.2482717563068524,13.964677438372282,209762538.0,2067446.68,0,0.14650609815912516,40.0,-28.0,68.0,63.725,63.918519979908005,65.02937781697293,0.17131301223307988,-0.22354408393159275,-0.3948570961646726
1689134400,2023-07-12,64.84,65.45,64.49,65.25,1644894.0,63.824,65.19009516506172,62.457904834938276,64.92933333333333,62.624333333333325,63.77683333333333,63.824,1.1599999999999966,65.66075,61.987249999999996,1,52.51514364762864,3.1294452347083874,-2.210935628089458,55.14626995407919,63.775539260857535,1.2419666308563626,13.749931531528867,211407432.0,2053904.9,0,0.12763907233504956,100.0,36.0,64.0,63.824,64.04532760086914,65.03802966728772,0.23914052412020653,-0.09593144101441453,-0.33507196513462106
1689220800,2023-07-13,65.1,65.93,64.91,65.81,2208729.0,63.9585,65.53443496058843,62.382565039411574,65.08083333333335,62.73683333333332,63.90883333333333,63.9585,1.0200000000000102,65.81325,62.10375,1,54.52904516975558,4.261723700887207,0.8535308200985516,56.274873081141145,63.90843114052277,1.2261118715094803,13.910066949529124,213616161.0,2061918.68,0,0.21667770445260315,100.0,40.0,60.0,63.9585,64.2133916388816,65.0683030136686,0.30791003198284334,0.049815574843933064,-0.25809445713891027
1689307200,2023-07-14,65.68,66.05,65.16,65.61,1545319.0,64.09,65.75385095486484,62.426149045135155,65.186,62.863,64.0245,64.09,0.8900000000000006,65.929,62.251000000000005,1,53.67327031268458,4.175928866306768,2.973761194101994,65.21128856339423,64.0820848347966,1.2021038806873747,14.14872266763104,212070842.0,2061713.96,0,0.3265046649323201,96.0,39.99999999999999,56.00000000000001,64.09,64.34640195898811,65.08954603274042,0.3244617396869449,0.14748271746977082,-0.17697902221717407
1689566400,2023-07-17,65.23,65.43,64.45,65.03,2068495.0,64.14250000000001,65.85471347968196,62.430286520318056,65.24249999999999,62.918499999999995,64.0805,64.14250000000001,1.1599999999999966,65.97175000000001,62.31325000000001,1,51.21945983666166,1.6411378555798755,3.678868742433736,58.07073057469249,64.18483567904211,1.1990964606382764,13.640070060643705,210002347.0,2067127.44,0,0.28648167724418594,92.0,40.0,52.0,64.14250000000001,64.41150653432257,65.08721089420158,0.28242644782300697,0.17605403756158466,-0.10637241026142231
1689652800,2023-07-18,65.16,65.63,63.54,64.34,2004523.0,64.1125,65.78841020045962,62.43658979954037,65.28716666666666,62.84516666666667,64.06616666666667,64.1125,2.0899999999999963,66.00925,62.21575,1,48.44590036782574,-0.9239297813366097,3.033216061630439,50.60515831236506,64.21111154384394,1.2627324277355423,12.985047831438298,207997824.0,2061607.4,0,0.2377845668481316,88.0,40.0,48.0,64.1125,64.40469638819661,65.05790850619367,0.1982098690846277,0.1413899260943623,-0.0568199429902654
1689739200,2023-07-19,64.83,65.73,64.66,65.0,1597757.0,64.1805,65.88433655319533,62.476663446804665,65.33216666666667,62.90916666666667,64.12066666666666,64.1805,1.3900000000000006,66.08175,62.27925,1,51.111415723039,2.1370207416719036,3.6067344449834193,58.06501499748144,64.3672044297271,1.271822968611575,12.283138415294527,209595581.0,2066834.38,0,0.29936952748516116,84.0,40.0,44.0,64.1805,64.46139197027313,65.05563758438215,0.17767173490790855,0.16526972564462028,-0.012402009263288265
1689825600,2023-07-20,65.05,66.4,64.67,66.26,1581189.0,64.285,66.2148238261573,62.35517617384269,65.43833333333335,63.01433333333333,64.22633333333333,64.285,1.730000000000004,66.187,62.382999999999996,0,55.71290275366691,3.2569736637057867,6.1168334221055,64.53512259575808,64.57316887721566,1.3045498994250342,11.792158624718398,211176770.0,2071161.02,0,0.3199845073603375,100.0,60.0,40.0,64.285,64.63268797310425,65.10286748303383,0.23600830752458649,0.28260837514244486,0.046600067617858364
1689912000,2023-07-21,66.5,67.4,66.33,66.95,1848213.0,64.44550000000001,66.67758848391013,62.213411516089884,65.56316666666667,63.18016666666667,64.37166666666667,64.44550000000001,1.1400000000000006,66.32200000000002,62.56900000000001,0,57.99207382334248,5.036084091622216,9.17015806229231,63.7203096286478,64.84982994711456,1.292796335180389,12.131988875704952,213024983.0,2078658.34,0,0.24602250242865015,100.0,64.0,36.0,64.44550000000001,64.85338435661814,65.17530405232662,0.3038099397207143,0.4263624922687512,0.12255255254803693
1690171200,2023-07-24,66.91,67.06,65.97,66.4,1830631.0,64.62450000000001,66.88051839531596,62.36848160468406,65.69983333333333,63.36383333333333,64.53183333333334,64.62450000000001,1.0900000000000034,66.46575000000001,62.78325000000001,0,55.591589929588615,5.6988220312002635,10.557535420622074,57.64763633010114,65.00164599504706,1.2783108826675045,12.084022969462513,211194352.0,2078380.42,0,0.2162341590905824,96.0,64.0,32.0,64.62450000000001,65.00068108455928,65.22333134439225,0.2941634668549962,0.4902568861167822,0.19609341926178597
1690257600,2023-07-25,66.42,67.04,66.27,66.57,1497424.0,64.7625,67.136895712598,62.388104287402,65.83916666666667,63.53716666666666,64.68816666666666,64.7625,0.7700000000000102,66.57825000000001,62.94675,0,56.181720488900204,4.3253408556652415,11.91574990365029,55.263043480546905,65.1630423785293,1.242002962476969,12.039483199380248,212691776.0,2073689.64,0,0.20711414400783915,92.0,64.0,28.000000000000004,64.7625,65.15014002888697,65.27614187990628,0.2817579661078977,0.5482908768966581,0.2665329107887604
1690344000,2023-07-26,66.57,67.35,66.11,66.33,1617543.0,64.8665,67.32279212432147,62.41020787567854,65.98916666666668,63.63116666666666,64.81016666666667,64.8665,1.2399999999999949,66.72425,63.00875,0,55.09373326094461,3.2373540856031098,12.550491321682214,56.01848352400325,65.35786960616923,1.2418598937286138,12.262394845041362,211074233.0,2069970.26,0,0.10227554270187177,88.0,64.0,24.0,64.8665,65.26250764518345,65.31746964932171,0.2414660514205204,0.5683654750644109,0.3268994236438905
1690430400,2023-07-27,65.9,66.55,64.88,65.11,1781586.0,64.987,67.23386537202465,62.74013462797534,66.12966666666668,63.73366666666666,64.93166666666667,64.987,1.6700000000000017,66.8485,63.125499999999995,0,49.92081719087225,3.843700159489628,10.71224318020065,55.7386489698436,65.4692362654485,1.272441329890856,11.54984773112766,209292647.0,2063208.28,0,0.08355629080208365,84.0,64.0,20.0,64.987,65.24798310754693,65.30933358464243,0.12271598095607328,0.48029439983898214,0.35757841888290887
1690516800,2023-07-28,65.49,65.78,64.51,64.96,2103600.0,65.0945,67.10806872244365,63.080931277556346,66.25783333333334,63.85183333333332,65.05483333333333,65.0945,1.269999999999996,66.9635,63.2255,0,49.321471921075556,3.423021811813392,8.960712906039701,53.88400515652072,65.54735132479422,1.2722669491843661,11.214721624116736,207189047.0,2059143.58,0,0.05132866560756318,80.0,64.0,16.0,65.0945,65.2205561449234,65.29563422838194,0.029020139097963304,0.393853592755363,0.3648334536573997
1690776000,2023-07-31,65.53,65.71,64.81,65.17,7162195.0,65.158,67.09555103158685,63.220448968413145,66.33033333333334,63.94733333333333,65.13883333333334,65.158,0.8999999999999915,67.00975,63.30625,0,50.2025351177295,1.9874804381846685,7.87805563597571,62.63682122912907,65.54416576298992,1.2456764528140538,10.903533096178021,214351242.0,2147885.44,0,-0.04867389025763253,76.0,64.0,12.0,65.158,65.21574127397832,65.29070739589638,-0.021152290588317968,0.3383930904220023,0.35954538101032024
1690862400,2023-08-01,64.83,65.17,63.2,63.38,4156054.0,65.12650000000001,67.1559854027569,63.09701459724311,66.3785,63.895500000000006,65.137,65.12650000000001,1.9699999999999989,67.05325,63.19975000000001,0,43.428222248310014,-0.9842212154350922,3.6756450639551104,53.06996252377358,65.36318194161315,1.2974138490416214,11.885292627198993,210195188.0,2186800.5,0,-0.17696018322004434,72.0,64.0,8.0,65.12650000000001,65.04090877169467,65.21577769409652,-0.16900208433017905,0.14829277559759646,0.3172948599277755
1690948800,2023-08-02,63.39,63.51,62.64,62.89,2130662.0,65.044,67.28524429726066,62.80275570273933,66.25233333333334,63.87333333333332,65.06283333333333,65.044,0.8699999999999974,66.89274999999999,63.195249999999994,0,41.80280641978644,-2.5565540749922615,-0.47850667107982564,46.58560558646509,65.19858567249213,1.2668842883957911,13.156290845732352,208064526.0,2196008.76,0,-0.25620000960836664,68.0,64.0,4.0,65.044,64.83606031724756,65.12457072570058,-0.2869754741401535,-0.04142448274741639,0.24555099139273712
1691035200,2023-08-03,62.59,62.59,61.28,61.37,1818819.0,64.897,67.64083745874343,62.15316254125657,66.14566666666667,63.75366666666666,64.94966666666667,64.897,1.6099999999999994,66.77125000000001,63.02275,0,37.250341628418845,-4.571606282071225,-6.246396207500701,41.650875405412975,64.99047411809099,1.2913925535103774,15.083229250874082,206245707.0,2195782.06,0,-0.3018704058036531,64.0,-36.0,100.0,64.897,64.50595933465256,64.97733265802606,-0.4451166713096006,-0.3108448477442636,0.134271823565337
1691121600,2023-08-04,61.55,62.01,60.37,60.58,1731593.0,64.7355,68.039330958146,61.431669041854015,66.03516666666667,63.567166666666665,64.80116666666666,64.7355,1.6400000000000006,66.66675000000001,62.80425,0,35.15575883615389,-5.0619025231155055,-11.881302621796111,42.21408305502015,64.78078941877855,1.3162930854024935,17.28629295666919,204514114.0,2200364.62,0,-0.3557251929734821,60.0,-40.0,100.0,64.7355,64.13205844563802,64.80488824006426,-0.5725428435619919,-0.5814067308871529,-0.008863887325160968
1691380800,2023-08-07,60.66,61.08,60.37,60.44,1536979.0,64.587,68.35076991857952,60.82323008142049,65.87733333333334,63.45033333333333,64.66383333333333,64.587,0.7100000000000009,66.4875,62.6865,0,34.79082898710075,-4.683803816432738,-16.448989554660436,42.94252373746826,64.6010195533188,1.2729864364451726,19.331994969193214,202977135.0,2193674.24,0,-0.3844423296171798,56.00000000000001,-43.99999999999999,100.0,64.587,63.78043383176774,64.63371615221861,-0.6312511202985844,-0.7979277876983915,-0.16667666739980708
1691467200,2023-08-08,60.41,60.53,59.59,60.31,1677696.0,64.388,68.58900749820853,60.18699250179148,65.68233333333333,63.263333333333335,64.47283333333334,64.388,0.9399999999999977,66.2825,62.493500000000004,0,34.441378900193044,-6.190698397884591,-20.24593909031811,38.02732765171026,64.3446982689388,1.249201690984803,21.570492377842985,201299439.0,2192703.98,0,-0.33808293679036233,52.0,-48.0,100.0,64.388,63.44991632398033,64.46415865605317,-0.6417338409050715,-0.9688439685311465,-0.327110127626075
1691553600,2023-08-09,60.11,61.17,60.03,60.62,1546139.0,64.15650000000001,68.64259529546628,59.67040470453374,65.4685,63.03150000000001,64.25,64.15650000000001,1.1400000000000006,66.04950000000001,62.26350000000001,0,36.053623939373615,-7.095785440613031,-22.67007984925732,37.72036143534548,64.09673452482835,1.2414015702001744,22.874682443673525,202845578.0,2144311.68,0,-0.3776300262116608,48.0,-48.0,96.0,64.15650000000001,63.180400483601254,64.31340733620796,-0.5918977823648186,-1.0669823555820983,-0.4750845732172797
1691640000,2023-08-10,60.89,61.37,59.68,59.77,2635626.0,63.85450000000001,68.65675978056217,59.05224021943785,65.23816666666667,62.73416666666667,63.98616666666667,63.85450000000001,1.6899999999999977,65.79775000000001,61.91125000000001,0,33.66414886755709,-9.177936483817048,-25.725986584605742,31.244968907212808,63.63789160436483,1.2734443151858759,24.260450102013085,200209952.0,2154605.72,0,-0.44839268968666524,44.0,-56.0,100.0,63.85450000000001,62.85560043754399,64.13523449949393,-0.5795470054170557,-1.1995183299885994,-0.6199713245715437
1691726400,2023-08-11,59.9,60.41,59.64,60.4,1473638.0,63.593999999999994,68.54986682629841,58.63813317370157,64.95933333333333,62.46733333333334,63.71333333333333,63.593999999999994,0.769999999999996,65.52824999999999,61.659749999999995,0,36.92555608825288,-7.940862673372963,-26.822779288189192,31.74117040188463,63.3234170228372,1.237484006958313,25.567763035722077,201683590.0,2112583.12,0,-0.3978423058079493,40.0,-56.0,96.0,63.593999999999994,62.62173372920647,63.98875471520005,-0.49556767759138487,-1.2394309215607748,-0.74386324396939
1691985600,2023-08-14,60.36,60.36,59.4,59.77,1702393.0,63.330999999999996,68.50749649859878,58.15450350140121,64.70200000000001,62.212,63.456999999999994,63.330999999999996,1.0,65.25325,61.40875,0,35.108591258461885,-8.088574504075039,-28.481347239804816,26.920598205631308,62.994740010410226,1.220520863604148,26.909569110942748,199981197.0,2099529.4,0,-0.39717672661551084,36.0,-56.0,92.0,63.330999999999996,62.35014004071061,63.82331335381966,-0.4503760543149409,-1.3068333118630662,-0.8564572575481253
1692072000,2023-08-15,59.2,59.35,57.9,57.9,3118429.0,63.009,68.67264864729495,57.34535135270505,64.364,61.938,63.150999999999996,63.009,1.8700000000000045,64.91475,61.10325,0,30.430151488754518,-10.009325458501717,-32.009506757509584,25.993146768641452,62.410318418696555,1.2669122304895664,28.84479015438055,196862768.0,2106814.36,-1,-0.43994515438637805,32.0,-68.0,100.0,63.009,61.92631717969056,63.591026555630656,-0.5099722373794268,-1.4939225542724088,-0.9839503168929821
1692158400,2023-08-16,58.11,58.33,57.83,58.04,1346734.0,62.661,68.63911642576542,56.68288357423458,63.98233333333333,61.61333333333333,62.79783333333334,62.661,0.5,64.5,60.822,0,31.153145279022254,-10.707692307692309,-34.42997403782911,26.465549985097567,62.077048184460885,1.2121327854545974,30.670166608929808,198209502.0,2089422.14,0,-0.41405040210533833,28.000000000000004,-68.0,96.0,62.661,61.55619173400574,63.37333923972357,-0.5026874228277087,-1.612309595427618,-1.1096221725999094
1692244800,2023-08-17,58.01,58.76,57.9,58.0,1503615.0,62.248000000000005,68.31512650271995,56.18087349728006,63.561,61.278999999999996,62.42,62.248000000000005,0.8599999999999994,64.02175,60.474250000000005,0,31.056078977463812,-12.466042861454882,-36.39049892561993,31.325808789867082,61.71558932368039,1.1869804436364118,31.768909643083067,196705887.0,2079339.94,0,-0.43758909670514134,24.0,-68.0,92.0,62.248000000000005,61.21750680695758,63.16262005385206,-0.4642062298541276,-1.689879959917569,-1.2256737300634413
1692331200,2023-08-18,57.95,58.46,57.91,58.08,1680629.0,61.8045,67.72699432249684,55.882005677503166,63.097833333333334,60.86783333333334,61.982833333333325,61.8045,0.5500000000000043,63.534,60.074999999999996,0,31.50537180427544,-13.248693054518304,-37.78910794769303,10.658348881101247,60.60495385094302,1.1414818405195255,32.78917103193967,198386516.0,2059755.14,0,-0.49489437771048295,20.0,-68.0,88.0,61.8045,60.91869663486638,62.96330162036767,-0.39947285942761823,-1.725014804347964,-1.3255419449203458
1692590400,2023-08-21,58.0,58.26,57.03,57.53,1646750.0,61.36099999999999,67.1678680026334,55.55413199736658,62.66133333333333,60.41733333333333,61.53933333333333,61.36099999999999,1.2299999999999969,63.10099999999999,59.62099999999999,0,30.08646532766248,-13.358433734939764,-39.51558253713699,11.848229209902726,59.873004542283894,1.147804566196702,34.17478730944456,196739766.0,2055650.18,0,-0.4226116267255054,16.0,-84.0,100.0,61.36099999999999,60.59596362202196,62.75023096858855,-0.36097321176081887,-1.7767584596213695,-1.4157852478605506
1692676800,2023-08-22,57.52,57.86,57.22,57.54,1271390.0,60.9095,66.42289994921539,55.39610005078461,62.2005,59.969500000000004,61.085,60.9095,0.6400000000000006,62.63975,59.17925,0,30.14667551065388,-13.564668769716082,-40.90592217225787,12.34118974764813,59.48187575807037,1.1115328114683662,35.461430995699104,198011156.0,2048674.66,0,-0.40061908664111967,12.0,-84.0,96.0,60.9095,60.30491946754368,62.545908185506654,-0.30437394573161547,-1.79625268002507,-1.4918787342934545
1692763200,2023-08-23,57.77,58.05,57.3,57.78,1913661.0,60.482000000000006,65.55634173070841,55.4076582692916,61.73166666666666,59.54966666666667,60.64066666666666,60.482000000000006,0.75,62.17550000000001,58.788500000000006,0,31.634103123311448,-12.890094979647216,-41.44892075232532,19.88623132479671,59.17887265725118,1.085709039220626,36.35517785781198,199924817.0,2050262.98,0,-0.31416752240787077,8.0,-84.0,92.0,60.482000000000006,60.06445094682523,62.359009825290705,-0.22402542414294246,-1.7719105144721325,-1.54788509032919
1692849600,2023-08-24,57.71,58.39,57.3,57.63,1976088.0,60.10799999999999,64.85484568950889,55.361154310491095,61.315666666666665,59.19166666666666,60.25366666666666,60.10799999999999,1.0900000000000034,61.75799999999999,58.45799999999999,0,31.1970654102077,-11.48825065274151,-42.064511819766174,27.509139272519874,58.942840382413465,1.0860155364191528,36.64966411093054,197948729.0,2042542.28,0,-0.29077973005996194,4.0,-84.0,88.0,60.10799999999999,59.832598475699015,62.17355845959303,-0.1573816211720258,-1.7446121167942223,-1.5872304956221965
1692936000,2023-08-25,57.84,59.19,57.7,58.71,2271673.0,59.79549999999999,64.01739755915625,55.573602440843736,60.99916666666667,58.853166666666674,59.92616666666667,59.79549999999999,1.5599999999999952,61.467249999999986,58.123749999999994,0,37.718339620724414,-9.621305418719201,-39.69063269549974,35.563027202556114,58.806086308319564,1.11987156953207,35.781640240139225,200220402.0,2054766.66,0,-0.20323310528501332,8.0,-76.0,84.0,59.79549999999999,59.72568433515625,62.03773263764821,-0.023966817556189568,-1.6171890175674335,-1.593222200011244
1693195200,2023-08-28,58.89,59.26,58.64,58.71,1351345.0,59.472500000000004,62.917164715180554,56.02783528481945,60.66716666666666,58.549166666666665,59.60816666666667,59.472500000000004,0.6199999999999974,61.123250000000006,57.82175,0,37.718339620724414,-9.912536443148689,-37.74363820534242,41.39702692264765,58.72128737721997,1.0841664574226362,34.88130316242352,201571747.0,2036289.96,0,-0.28204868541851114,4.0,-76.0,80.0,59.472500000000004,59.6289524937128,61.90723331852475,0.07543647953370103,-1.4989266005941175,-1.5743630801278186
1693281600,2023-08-29,58.79,59.36,58.63,58.86,1090819.0,59.24649999999999,62.19314741698258,56.2998525830174,60.35683333333334,58.362833333333334,59.35983333333333,59.24649999999999,0.7299999999999969,60.80424999999999,57.68874999999999,0,38.61373937685607,-7.1315872514989,-35.71943480465404,40.22034797184122,58.61459095241163,1.058868853321019,33.90401977660032,202662566.0,1972706.5,0,-0.30550989617249613,4.0,-72.0,76.0,59.24649999999999,59.55571892288301,61.78773397270025,0.15771185273246813,-1.3772232642122333,-1.5349351169447014
1693368000,2023-08-30,58.35,58.77,57.83,58.04,2958805.0,59.004000000000005,61.4704987330243,56.53750126697571,60.12033333333333,58.11933333333334,59.119833333333325,59.004000000000005,1.0300000000000011,60.573750000000004,57.434250000000006,0,35.6633589228169,-7.711877882016221,-35.10475327715624,39.85607101383079,58.39491678794569,1.056806792369518,33.680483258794816,199703761.0,1987729.5,-1,-0.2732306708275156,12.0,-60.0,72.0,59.004000000000005,59.41136473975129,61.640764012986516,0.16267617292527325,-1.33158990078811,-1.4942660737133833
1693454400,2023-08-31,58.29,58.48,57.46,57.5,2421773.0,58.810500000000005,61.105420260054956,56.51557973994505,59.90916666666667,57.93716666666667,58.92316666666666,58.810500000000005,1.019999999999996,60.336000000000006,57.285000000000004,0,33.869449146285675,-6.3060127097930545,-35.315275347338925,38.517081635365145,58.242756941924206,1.0541777357716948,33.75509705794715,197281988.0,2003184.24,0,-0.40304398099930805,8.0,-92.0,100.0,58.810500000000005,59.22933000263212,61.47838111051646,0.13642135895511265,-1.3237393750194926,-1.4601607339746052
1693540800,2023-09-01,57.94,58.08,56.51,56.8,1809275.0,58.621500000000005,60.9249693399329,56.31803066006711,59.712833333333336,57.74783333333333,58.73033333333333,58.621500000000005,1.5700000000000003,60.14175,57.10125000000001,0,31.694060255075243,-6.239683063717401,-36.41068663862501,38.47966146932387,58.06301808994044,1.0910221832165738,34.45983774337832,195472713.0,2007673.92,0,-0.42988935537448963,4.0,-96.0,100.0,58.621500000000005,58.99796524047668,61.294915184613856,0.08145355915599573,-1.3583437850296107,-1.4397973441856065
1693886400,2023-09-05,56.63,56.71,55.08,55.3,2359739.0,58.3645,60.93098767774388,55.79801232225612,59.512166666666666,57.45516666666666,58.48366666666667,58.3645,1.7199999999999989,59.960499999999996,56.7685,0,27.683384346934673,-8.504301786896097,-39.194194275253096,39.79618392187489,57.80589849077078,1.1359491701296756,35.84295488224016,193112974.0,1997291.56,0,-0.38811489867314064,4.0,-96.0,100.0,58.3645,58.64577807471699,61.05982047149175,-0.039869261194093175,-1.489633920678223,-1.4497646594841298
1693972800,2023-09-06,55.41,55.42,54.39,54.94,3354174.0,58.096000000000004,60.90436892163609,55.287631078363916,59.25533333333334,57.18933333333333,58.222333333333324,58.096000000000004,1.0300000000000011,59.698750000000004,56.49325,0,26.82579394697504,-8.903996020560445,-41.78872979198866,37.13635990600572,57.442179995491436,1.1283813722632703,37.41076511842636,189758800.0,2034863.26,0,-0.34383528712568084,4.0,-96.0,100.0,58.096000000000004,58.29284682950585,60.81982751182541,-0.12357917333283819,-1.6042386261501775,-1.4806594528173393
1694059200,2023-09-07,55.39,55.84,54.94,55.27,2331664.0,57.8285,60.6434335693781,55.0135664306219,58.980500000000006,56.9385,57.959500000000006,57.8285,0.9000000000000057,59.41325,56.24375,0,28.94960111715396,-8.825470141867362,-42.889103141819184,38.74001553499582,57.22951214519696,1.1120684171016086,38.265444630998196,192090464.0,2043455.92,0,-0.31511038847321077,4.0,-92.0,96.0,57.8285,58.00495665526719,60.602187217244015,-0.13500998140173892,-1.6494219295695132,-1.5144119481677742
1694145600,2023-09-08,55.52,55.96,55.09,55.93,2381086.0,57.6365,60.41919132316395,54.853808676836046,58.70883333333334,56.74883333333334,57.72883333333333,57.6365,0.8699999999999974,59.159749999999995,56.11325,0,33.0410052460159,-6.424627739668735,-41.87688364323761,45.90177259977169,57.04816482923026,1.094777815880065,38.886800791881775,194471550.0,2046023.62,0,-0.20943177001422916,16.0,-76.0,92.0,57.6365,57.80734173571794,60.4189641891168,-0.07917088135395867,-1.6133755498602227,-1.534204668506264
1694404800,2023-09-11,55.89,56.5,55.88,56.18,1859982.0,57.4255,59.967581627330674,54.883418372669325,58.503166666666665,56.55816666666667,57.53066666666666,57.4255,0.6199999999999974,58.9375,55.9135,0,34.54389960639523,-6.986754966887415,-40.366604968103466,51.88769379318583,56.962237833666094,1.0608651147457744,38.701990976836136,196331532.0,2048545.98,0,-0.19946337804803896,12.0,-76.0,88.0,57.4255,57.65235680850671,60.25273029934751,-0.01008027973958181,-1.5468050181807413,-1.5367247384411595
1694491200,2023-09-12,56.34,56.44,55.62,56.21,1905053.0,57.2475,59.59943431030978,54.89556568969022,58.3085,56.3775,57.343,57.2475,0.8200000000000003,58.746,55.749,0,34.72895329566485,-5.956165300317888,-39.06617732596132,50.86252966904917,56.882324230390104,1.0436604636925046,38.69538223650163,198236585.0,2036086.32,0,-0.16735556095747886,8.0,-76.0,84.0,57.2475,57.51498949341083,60.094191856235845,0.04967735178572186,-1.4746280487090075,-1.5243054004947294
1694577600,2023-09-13,56.43,57.35,56.4,57.08,1884435.0,57.20649999999999,59.54002330179331,54.87297669820667,58.2115,56.330499999999994,57.270999999999994,57.20649999999999,1.1400000000000006,58.65024999999999,55.76274999999999,0,39.91446857966113,-1.4162348877374789,-35.5585864666382,50.772151964542616,56.833288060131665,1.05054185914304,37.49869696046972,200121020.0,2053318.02,0,-0.1582566468880774,4.0,-76.0,80.0,57.20649999999999,57.4735619226098,59.975988254030526,0.15394627755293078,-1.3318725535535663,-1.485818831106497
1694664000,2023-09-14,57.56,58.08,57.43,58.06,2596455.0,57.2075,59.54246787986739,54.87253212013262,58.2085,56.3125,57.2605,57.2075,1.0,58.68875,55.72625000000001,0,45.08728946329092,0.034458993797386504,-30.10220847564896,51.79312378750618,56.85943723093657,1.0469317263471085,35.56779942072653,202717475.0,2046743.96,0,-0.049858626485387046,8.0,-68.0,76.0,57.2075,57.52941316807553,59.90085145975482,0.28731713915223445,-1.126672407166204,-1.4139895463184384
1694750400,2023-09-15,57.88,58.42,57.71,57.85,4358622.0,57.2,59.52568269547082,54.874317304529185,58.18966666666667,56.30866666666667,57.24916666666667,57.2,0.7100000000000009,58.67,55.730000000000004,0,44.228417262834824,-0.25862068965517,-26.09834659383247,54.90087705644952,56.89432906562886,1.0228651744651722,33.41916221688371,198358853.0,2093605.66,-1,-0.15222821674680298,4.0,-68.0,72.0,57.2,57.55994524730643,59.82042591231345,0.35533913556153474,-0.9698156268665201,-1.3251547624280549
1695009600,2023-09-18,57.89,58.09,57.08,57.92,1852160.0,57.19200000000001,59.50659370084956,54.87740629915046,58.19,56.263,57.2265,57.19200000000001,1.0100000000000051,58.69650000000001,55.68750000000001,0,44.598713592707995,-0.275482093663906,-22.706503796925507,49.88688305334408,56.85863512254226,1.021946233431946,31.98110849214635,200211013.0,2096595.18,0,-0.08133512871264201,4.0,-64.0,68.0,57.19200000000001,57.59423617613439,59.74589940594822,0.39589495993613366,-0.8302860625078878,-1.2261810224440215
1695096000,2023-09-19,57.96,58.13,57.42,57.47,1777045.0,57.189,59.50198854299204,54.87601145700796,58.16733333333333,56.29233333333334,57.22983333333333,57.189,0.7100000000000009,58.6545,55.7235,0,42.681092347669264,-0.10429341213280424,-20.68332670034791,45.55427378601532,56.83401064505605,0.9996643596153785,30.600369671571865,198433968.0,2105933.84,0,-0.11287074577349678,44.0,-20.0,64.0,57.189,57.58240415935968,59.65664844885221,0.3830220065783161,-0.7474035142211264,-1.1304255207994425
1695182400,2023-09-20,57.8,57.99,57.17,57.62,2228645.0,57.193,59.508677870519215,54.87732212948078,58.178999999999995,56.286,57.2325,57.193,0.8200000000000003,58.672,55.714,0,43.532995818384705,0.13903371567604847,-18.656566235495706,46.617717675198875,56.76188267512091,0.9868311910714229,29.545311154444487,200662613.0,2123034.86,0,-0.059374518604350564,40.0,-20.0,60.0,57.193,57.58598471561114,59.576779882230554,0.37475336557204253,-0.6619838138343894,-1.036737179406432
1695268800,2023-09-21,57.53,58.41,57.11,57.67,3097118.0,57.1875,59.498091915508326,54.876908084491674,58.2075,56.2595,57.23349999999999,57.1875,1.2999999999999972,58.70775,55.66725,0,43.825939033390505,-0.1903772931810305,-16.8593355591246,54.99379151420161,56.77525721926754,1.0092003917091783,28.054526757080232,203759731.0,2152079.34,0,-0.004837697310734663,36.0,-20.000000000000007,56.00000000000001,57.1875,57.593986171267225,59.50200420057446,0.3625681690654763,-0.5835269680745867,-0.946095137140063
1695355200,2023-09-22,57.44,57.52,56.8,56.99,2179905.0,57.1555,59.45840664161891,54.8525933583811,58.1555,56.2445,57.2,57.1555,0.8700000000000045,58.65925,55.65175000000001,0,40.79607992744857,-1.1105327086586856,-16.619317203631375,54.395167971467934,56.77740401253099,0.9992575065870944,26.975541721613038,201579826.0,2151502.86,0,-0.001522309168824892,32.0,-20.0,52.0,57.1555,57.536463678765585,59.40349423192448,0.3011536587993707,-0.5696530636408497,-0.8708067224402204
1695614400,2023-09-25,56.53,56.79,55.93,56.29,2681148.0,57.0345,59.25065410114292,54.81834589885708,58.01416666666667,56.16616666666666,57.09016666666666,57.0345,1.0600000000000023,58.500750000000004,55.56825,0,37.952916157777324,-4.121955373871574,-17.713267482829455,53.85059013040397,56.81708726959135,1.0035962561165879,26.744197948135298,198898678.0,2174219.44,0,0.035789118685745594,28.000000000000004,-19.999999999999996,48.0,57.0345,57.41775285221649,59.28139641890784,0.21013987512802645,-0.6081318785301875,-0.8182717536582139
1695700800,2023-09-26,56.16,56.16,54.34,54.38,2234586.0,56.818,59.17843724763291,54.45756275236709,57.87866666666666,55.91066666666667,56.89466666666666,56.818,1.9499999999999957,58.384,55.251999999999995,0,31.622996664457972,-7.375234202009875,-21.949064712135375,55.592201214467075,56.88375373332809,1.0711965235368313,27.597515443104413,196664092.0,2177541.26,0,-0.03386604888380916,24.0,-76.0,100.0,56.818,57.128443056767296,59.08918479463694,0.02764660875097158,-0.7837134927194995,-0.8113601014704711
1695787200,2023-09-27,54.24,54.56,53.25,53.52,2377813.0,56.55100000000001,59.12547392684664,53.97652607315338,57.649,55.62299999999999,56.636,56.55100000000001,1.3100000000000023,58.16050000000001,54.941500000000005,0,29.306367569000628,-9.072375127420992,-26.541456564879496,48.823392438327645,56.769673778574536,1.0882539147127719,28.943661555816703,194286279.0,2185007.06,0,-0.05703910897932369,20.0,-80.0,100.0,56.55100000000001,56.784781813265646,58.8707853909257,-0.13567209175974893,-0.9809502161701573,-0.8452781244104084
1695873600,2023-09-28,53.87,53.9,52.1,52.24,2882078.0,56.26099999999999,59.353739238929364,53.16826076107061,57.418666666666674,55.30666666666666,56.36266666666667,56.26099999999999,1.7999999999999972,57.92824999999999,54.593749999999986,0,26.28907948960436,-9.993108201240519,-31.85826571323423,41.411224223861566,56.50570857987461,1.1390929208047165,30.674243374507256,191404201.0,2210693.48,0,-0.19332233639900043,16.0,-84.0,100.0,56.26099999999999,56.35194545009749,58.610754591281555,-0.30490530436905283,-1.2264097548717245,-0.9215044505026717
1695960000,2023-09-29,52.83,53.57,52.46,52.96,3917811.0,56.03399999999999,59.385300643036025,52.68269935696396,57.182333333333325,55.06133333333334,56.121833333333335,56.03399999999999,1.3299999999999983,57.72449999999999,54.34349999999999,0,30.524397525493,-7.895652173913042,-33.93061573892621,44.40300286894505,56.14003441129928,1.1527291407472366,32.28121220614848,195322012.0,2257425.92,0,-0.1913883183107062,12.0,-84.0,96.0,56.03399999999999,56.02890302627868,58.38915637201561,-0.3406438654290145,-1.3473092822889399,-1.0066654168599254
1696219200,2023-10-02,52.65,52.68,50.22,50.75,3621835.0,55.7315,59.772783335775166,51.69021666422483,56.93116666666667,54.72116666666667,55.826166666666666,55.7315,2.740000000000002,57.50975,53.95325,0,25.74490619077629,-10.65140845070422,-38.14669906210871,42.73867735386765,55.66944621038727,1.2661056306938627,34.51281943071613,191700177.0,2292898.36,0,-0.2595502464108285,8.0,-92.0,100.0,55.7315,55.52615035710928,58.08958161232873,-0.47704644940436003,-1.6029734786153753,-1.1259270292110153
1696305600,2023-10-03,50.26,51.24,49.37,51.04,3123829.0,55.518499999999996,60.04788086276859,50.989119137231405,56.685833333333335,54.45183333333333,55.56883333333333,55.518499999999996,1.8700000000000045,57.308,53.72899999999999,0,27.316897545975067,-7.703435804701625,-40.47477920635919,36.73833543411433,55.19697559996969,1.3092409427871587,36.800895061047235,194824006.0,2318762.32,0,-0.2090986472107876,4.0,-92.0,96.0,55.518499999999996,55.09889794214649,57.81312743145309,-0.5087613990113748,-1.7618787779752338,-1.253117378963859
1696392000,2023-10-04,51.1,51.28,50.16,51.1,2767726.0,55.326499999999996,60.24641168620073,50.40658831379926,56.48683333333334,54.24383333333333,55.36533333333334,55.326499999999996,1.1200000000000045,57.122749999999996,53.530249999999995,0,27.650469299457654,-6.9894430287586395,-42.07170651277072,36.45762465731889,54.712421232466774,1.2957237325880764,38.87579515698258,197591732.0,2344168.36,0,-0.2224683797438135,44.0,-48.0,92.0,55.326499999999996,54.718050519084926,57.549867532180414,-0.4867161100058168,-1.8615125164711301,-1.3747964064653133
1696478400,2023-10-05,50.81,51.02,49.97,50.28,2366955.0,55.077,60.46674247993491,49.68725752006509,56.248000000000005,53.989999999999995,55.11899999999999,55.077,1.1300000000000026,56.8905,53.26349999999999,0,25.937968561192122,-9.028406006875342,-44.11276514451661,26.28096158671289,54.05348238463908,1.2838863231174997,40.8535703181089,195224777.0,2359156.6,0,-0.18939465365688085,40.0,-60.0,100.0,55.077,54.29537904107684,57.264774687781184,-0.4871808151168704,-1.9837724253614013,-1.496591610244531
1696564800,2023-10-06,49.59,50.98,48.36,50.82,3080817.0,54.82149999999999,60.50191292513274,49.141087074867244,56.055166666666665,53.62216666666667,54.838666666666676,54.82149999999999,2.6199999999999974,56.76624999999999,52.876749999999994,0,28.986734249673972,-9.13642052565707,-44.3514229015792,25.67498589713138,53.556016941650746,1.3793230143233923,43.07324251162119,198305594.0,2385141.22,0,-0.14482776996093527,36.0,-60.0,96.0,54.82149999999999,53.96439056097428,57.01203842551526,-0.4138275814231336,-2.013876087023448,-1.6000485056003142
1696824000,2023-10-09,50.82,52.15,50.63,52.13,2771065.0,54.61900000000001,60.379451024009796,48.85854897599022,55.87266666666667,53.349666666666664,54.61116666666667,54.61900000000001,1.519999999999996,56.63125000000001,52.606750000000005,0,35.741537288446835,-7.208971164115338,-41.36874069562151,32.01106248753149,53.23476412472964,1.3893713704431498,43.7644108039829,201076659.0,2398490.52,0,-0.0337493803541943,32.0,-60.0,92.0,54.61900000000001,53.789686698024354,56.82058593824015,-0.24796919359200031,-1.9100099975903149,-1.6620408039983146
1696910400,2023-10-10,52.37,53.32,52.33,53.07,3144430.0,54.462,60.211593376928114,48.71240662307189,55.721999999999994,53.182,54.452,54.462,1.1899999999999977,56.502,52.422000000000004,0,40.04882476550622,-5.586194627290519,-36.924829472722564,39.244156192016646,52.96777895829025,1.375130558268639,43.23603223523129,204221089.0,2318135.22,0,0.0002856654414827893,28.000000000000004,-60.0,88.0,54.462,53.72114510773632,56.67350413674053,-0.05587230168961921,-1.7318811811103387,-1.6760088794207195
1696996800,2023-10-11,53.41,53.75,52.75,53.7,2269239.0,54.293000000000006,59.92229160729979,48.66370839270022,55.547333333333334,53.00233333333333,54.27483333333333,54.293000000000006,1.0,56.322500000000005,52.26350000000001,0,42.7558584772221,-5.921513665031527,-32.14001885148927,37.556402524230734,52.61849904544491,1.3483355183923076,42.3487574169442,206490328.0,2280398.92,0,0.06298051972029464,24.0,-60.0,84.0,54.293000000000006,53.71913128795191,56.55689613137817,0.12294420823562202,-1.522328619126192,-1.645272827361814
1697083200,2023-10-12,53.54,53.97,49.3,49.69,6297003.0,53.8745,59.5655296959352,48.1834703040648,55.40483333333334,52.45783333333334,53.93133333333333,53.8745,4.670000000000002,56.179249999999996,51.56975,0,32.82510317443672,-14.416121253875309,-32.765040875199624,34.305090609964765,52.157914430938355,1.5855972670785714,42.81106585263939,200193325.0,2363725.74,-1,-0.03981069051903616,20.0,-80.0,100.0,53.8745,53.335404498623156,56.287606087010396,-0.012331199742789511,-1.6606868270403012,-1.6483556272975117
1697169600,2023-10-13,49.56,50.17,48.92,50.11,4950976.0,53.4875,59.09661000070571,47.878389999294285,55.01883333333334,52.01783333333333,53.51833333333334,53.4875,1.25,55.83275,51.14225,0,34.502337581332014,-13.379429559204844,-32.40032393913206,32.92500276504215,51.651259987438806,1.5616260337158163,43.34983080930606,205144301.0,2426368.88,0,0.06939975955790652,16.0,-80.0,96.0,53.4875,53.0282231178019,56.0453470247747,-0.05464162046254173,-1.7166576528756892,-1.6620160324131474
1697428800,2023-10-16,50.31,51.39,49.04,51.18,3413710.0,53.1505,58.455529594641035,47.84547040535897,54.72783333333333,51.59283333333333,53.160333333333334,53.1505,2.3500000000000014,55.59625,50.704750000000004,0,38.61266498780401,-11.636740331491715,-30.15400804533222,39.38919301623248,51.4129180895855,1.6179384598789726,42.84243099274903,208558011.0,2460011.22,0,0.17279663026619987,12.0,-80.0,92.0,53.1505,52.852201868487434,55.854549102234515,0.005140614756509176,-1.655590263967511,-1.6607308787240203
1697515200,2023-10-17,50.6,51.49,50.31,50.51,2103505.0,52.802499999999995,57.834572634612655,47.770427365387334,54.40616666666667,51.22416666666667,52.81516666666666,52.802499999999995,1.1799999999999997,55.2835,50.32149999999999,0,37.078947281138284,-12.110666434661564,-29.124143700339378,44.19574902155589,51.26363983293948,1.586657141316189,42.291331819587576,206454506.0,2471341.74,0,0.1739653672688695,8.0,-80.0,88.0,52.802499999999995,52.62913502386958,55.644958941362574,0.014724213755343163,-1.6423256115298415,-1.6570498252851846
1697601600,2023-10-18,50.41,50.73,49.44,49.62,3089992.0,52.402499999999996,57.09992003657519,47.7050799634248,54.0465,50.817499999999995,52.432,52.402499999999996,1.2899999999999991,54.918749999999996,49.88625,0,35.12793555132093,-13.884068031933358,-29.187777203236216,44.15401573596633,51.08471115647734,1.5654673455078896,42.110741972092505,203364514.0,2499587.66,0,0.17758685657004333,4.0,-96.0,100.0,52.402499999999996,52.342550735882,55.4086860417013,-0.02173155351657674,-1.6842142671809057,-1.662482713664329
1697688000,2023-10-19,49.43,50.02,49.0,49.09,2376682.0,51.9735,56.21317109573592,47.73382890426408,53.6145,50.4135,52.013999999999996,51.9735,1.0200000000000031,54.46875,49.47825,0,34.00629410394757,-14.877752731056004,-29.729345305304065,36.880690775733264,50.829828534448424,1.5265053922573262,42.10424670485061,200987832.0,2516198.52,0,0.14904133955884205,8.0,-92.0,100.0,51.9735,52.03278399913133,55.16089443222282,-0.06210894249490129,-1.7401188917829558,-1.6780099492880545
1697774400,2023-10-20,49.12,49.92,48.6,48.72,2905956.0,51.56,55.35142189686392,47.768578103136086,53.243333333333325,49.98233333333333,51.612833333333334,51.56,1.3200000000000003,54.089000000000006,49.031,0,33.22666082429866,-14.51131777504826,-30.490530958105794,37.579212464142145,50.684604287526156,1.5117550070960886,42.24474223448884,198081876.0,2521605.12,0,0.14434610808920686,4.0,-96.0,100.0,51.56,51.71728076111883,54.90831033684154,-0.09247529347953165,-1.793604066137469,-1.7011287726579374
1698033600,2023-10-23,48.14,48.62,47.55,47.77,3189657.0,51.134,54.604909967144025,47.663090032855976,52.836,49.553999999999995,51.19500000000001,51.134,1.1700000000000017,53.67125,48.59675,0,31.287977690786818,-15.135903357612357,-31.947026428226195,37.660230583596054,50.501132371109605,1.4873439351606539,42.738437008786676,194892219.0,2555925.5,0,0.0472440129112105,12.0,-88.0,100.0,51.134,51.34134926005989,54.62837659814187,-0.1517785406136858,-1.8908519484250448,-1.739073407811359
1698120000,2023-10-24,48.47,49.54,48.19,49.2,2546501.0,50.875,54.10294981373937,47.64705018626063,52.513333333333335,49.27833333333333,50.895833333333336,50.875,1.769999999999996,53.39875,48.35125,0,37.10284687944759,-9.525560867966162,-30.652447046050092,37.215208221342586,50.3924201830229,1.5075336540777495,42.35502889235626,197438720.0,2572807.66,0,0.033676795157628635,8.0,-88.0,96.0,50.875,51.137411235292284,54.41549908448925,-0.07387812556305162,-1.8314210647651734,-1.7575429392021218
1698206400,2023-10-25,48.47,49.5,48.41,49.38,2372238.0,50.668,53.71694473548149,47.61905526451851,52.26833333333334,49.05533333333333,50.661833333333334,50.668,1.0900000000000034,53.17525,48.16075,0,37.800289437653234,-7.73542600896861,-29.3372844381761,42.46279081740537,50.321719653811726,1.4777098216436249,41.99900706995659,199810958.0,2557883.84,0,0.0970096353862301,4.0,-88.0,92.0,50.668,50.97003873669302,54.21802853215634,0.0063315218071668955,-1.7496285369431632,-1.7559600587503301
1698292800,2023-10-26,49.61,50.45,49.29,49.32,2644162.0,50.522000000000006,53.535301179772866,47.508698820227146,52.083333333333336,48.934333333333335,50.508833333333335,50.522000000000006,1.1600000000000037,52.98125,48.06275000000001,0,37.65378820748069,-5.589586523736603,-28.34151672729926,48.8257437889559,50.30238144406321,1.4550162629547947,40.82017357006505,197166796.0,2583832.4,0,-0.02028033987541224,4.0,-84.0,88.0,50.522000000000006,50.8128921903413,54.0259489818757,0.0684531588675592,-1.6703936101658812,-1.7388467690334404
1698379200,2023-10-27,49.18,49.71,48.25,48.41,2296827.0,50.2945,53.223031884754,47.365968115246,51.890499999999996,48.7065,50.298500000000004,50.2945,1.4600000000000009,52.7635,47.8255,0,35.45973017950642,-8.591389728096685,-28.393687299204856,42.973210763212805,50.13791068236439,1.4553722441723094,40.217756902652255,194869969.0,2599696.64,0,-0.12351616938503049,4.0,-80.0,84.0,50.2945,50.5840453150707,53.80571568846881,0.061580029782172474,-1.661871731805725,-1.7234517615878975
1698638400,2023-10-30,48.67,49.15,47.76,48.62,2651662.0,50.188,53.196359021131116,47.17964097886889,51.70166666666667,48.62466666666667,50.16316666666667,50.188,1.3900000000000006,52.55575,47.82025,0,36.3605136267505,-4.1970443349753745,-28.07783456077606,35.984152980976745,49.83581373876052,1.4507027981600016,39.87485873723125,197521631.0,2619117.3,0,-0.14642757955755997,4.0,-76.0,80.0,50.188,50.396993380302064,53.60235428892101,0.08315804884287137,-1.6195042005343083,-1.7026622493771797
1698724800,2023-10-31,48.87,49.26,48.3,48.98,2919712.0,50.085,53.11063381790016,47.05936618209984,51.57099999999999,48.584999999999994,50.077999999999996,50.085,0.9600000000000009,52.3845,47.7855,0,37.92392571368599,-4.036050156739816,-27.196813797263587,36.61673348127136,49.58498260367953,1.41565259829143,39.452754245208254,200441343.0,2644576.54,0,-0.16312193290021293,44.0,-32.0,76.0,50.085,50.2620416297971,53.421085493277054,0.13082065651423935,-1.5391364287343805,-1.6699570852486199
1698811200,2023-11-01,48.33,48.99,47.38,48.35,3497472.0,49.9475,53.02562199238777,46.86937800761223,51.46516666666666,48.430166666666665,49.94766666666667,49.9475,1.6099999999999994,52.28375,47.61125,0,36.282003770738015,-5.38160469667319,-27.105700599689126,39.38183545821397,49.254641761158595,1.429534555556328,39.476154647297825,196943871.0,2689098.18,0,-0.02870809415922016,40.0,-32.0,72.0,49.9475,50.07994242695928,53.22221939550149,0.12885637241348702,-1.5088866197317614,-1.6377429921452484
1698897600,2023-11-02,48.73,49.75,48.68,49.43,2797434.0,49.905,52.98705450957982,46.82294549042018,51.409333333333336,48.37233333333333,49.89083333333333,49.905,1.3999999999999986,52.2615,47.548500000000004,0,40.89933655582579,-1.6905330151153568,-25.127582761573287,48.83917517064686,49.19587683510237,1.4274249444451617,38.77253272332153,199741305.0,2706773.64,0,-0.11666735411775922,36.0,-32.0,68.0,49.905,50.01804314820125,53.07350490940339,0.20472440039152362,-1.381837491655844,-1.5865618920473676
1698984000,2023-11-03,50.44,51.28,50.02,50.48,4049380.0,49.888,52.953384804559015,46.82261519544098,51.36833333333334,48.467333333333336,49.917833333333334,49.888,1.8500000000000014,52.186749999999996,47.58925,0,44.97965723744486,-0.6690279417552212,-21.71168333084568,49.691777084669866,49.22330412654997,1.457608876984793,36.85928091861464,203790685.0,2748239.48,0,-0.21357439472702636,32.0,-32.0,64.0,49.888,50.06203903884875,52.971798834524826,0.3230179480910045,-1.1827894569336124,-1.5058074050246169
1699246800,2023-11-06,49.93,51.55,49.8,51.51,5270655.0,49.857,52.84256594300333,46.87143405699667,51.34566666666666,48.42166666666667,49.88366666666667,49.857,1.75,52.173,47.541,0,48.64101913821516,-1.1893343564166594,-17.253448851969566,53.561133850217345,49.36095102765117,1.478493957200165,34.88104912850438,209061340.0,2808219.12,1,-0.04702045155874418,28.000000000000004,-31.999999999999996,60.0,49.857,50.199940082767924,52.91447339003366,0.45968926987188596,-0.9311958176847597,-1.3908850875566456
1699333200,2023-11-07,51.33,52.49,50.66,51.32,3137949.0,49.7695,52.46140991677313,47.07759008322687,51.31683333333333,48.30883333333334,49.81283333333333,49.7695,1.8300000000000054,52.133500000000005,47.405499999999996,0,48.020523084319485,-3.2975315620878085,-13.91846342268693,61.03188680606662,49.47634996805981,1.503601531685868,32.40828711556777,205923391.0,2843951.2,0,-0.015245223820122195,24.0,-32.00000000000001,56.00000000000001,49.7695,50.306612455837644,52.85194502179705,0.5218096131947663,-0.7386230710631878,-1.260432684257954
1699419600,2023-11-08,51.15,51.31,50.0,50.72,2249166.0,49.6205,51.681688734692116,47.55931126530788,51.19616666666666,48.15716666666666,49.67666666666666,49.6205,1.3200000000000003,52.0085,47.2325,1,46.06707859697256,-5.549348230912484,-11.965337527863884,61.12910802966351,49.54577289030995,1.4904871365654488,30.513611498374416,203674225.0,2867118.14,0,0.03597946825575293,20.0,-32.0,52.0,49.6205,50.34598269813882,52.76833933466776,0.506591844641705,-0.6271928784558227,-1.1337847230975278
1699506000,2023-11-09,50.97,51.12,49.37,49.39,2427103.0,49.6055,51.66881262779582,47.542187372204175,50.99883333333334,48.25183333333333,49.62533333333333,49.6055,1.75,51.7745,47.436499999999995,1,42.0735220187731,-0.6037432078889056,-12.064459456515198,61.755308303413045,49.60187020269576,1.5090237696679167,29.15273028602895,201247122.0,2856484.1,0,0.036531261958395976,16.0,-32.0,48.0,49.6055,50.25493672688751,52.63585543919059,0.39595626655290683,-0.6388393899063942,-1.034795656459301
1699592400,2023-11-10,49.7,49.86,48.83,48.99,2398277.0,49.5495,51.61579596138157,47.48320403861843,50.9625,48.2375,49.6,49.5495,1.0300000000000011,51.702000000000005,47.397,1,40.9496821117158,-2.235082817800833,-12.643641045889934,62.80868389600161,49.70544555561647,1.4748077861202085,28.21711513408809,198848845.0,2856014.18,0,0.04268153376088448,12.0,-32.0,44.0,49.5495,50.134466562422034,52.49288071608508,0.28976231674253583,-0.6725927605311313,-0.9623550772736671
1699851600,2023-11-13,48.94,48.94,47.8,48.29,2981568.0,49.404999999999994,51.39789237040588,47.41210762959411,50.79233333333333,48.18833333333333,49.49033333333333,49.404999999999994,1.1900000000000048,51.470499999999994,47.339499999999994,1,39.029244644030626,-5.646737006643221,-13.980632573545376,56.194981675195585,49.65255029638238,1.4544643728259083,27.925726786482436,195867277.0,2879460.04,0,0.0018874113559234772,8.0,-32.0,40.0,49.404999999999994,49.9588030802866,52.3280618644739,0.17211342973664912,-0.7472132901028559,-0.919326719839505
1699938000,2023-11-14,49.71,51.34,49.39,51.21,2972915.0,49.44,51.531439695526004,47.34856030447399,50.824666666666666,48.14366666666667,49.48416666666667,49.44,3.0500000000000043,51.64575,47.234249999999996,1,49.44070900758643,1.3858641853098452,-10.382057269387502,56.90482508120906,49.75360678763463,1.5684312033383438,25.93252432031451,198840192.0,2891723.56,0,0.019040610499244884,4.0,-32.0,36.0,49.44,50.077964691687875,52.2842163011612,0.2840798207766353,-0.5642269438687109,-0.8483067646453462
1700024400,2023-11-15,51.19,52.47,51.03,52.14,3170597.0,49.565999999999995,51.966444958756966,47.165555041243024,50.92966666666667,48.233666666666664,49.58166666666666,49.565999999999995,1.4399999999999977,51.782999999999994,47.349,0,52.17843821215219,5.078597339782352,-6.273219647807804,57.572421514534334,49.9151859705354,1.5592575459570333,24.72309554466376,202010789.0,2888052.02,0,0.11746908997905284,100.0,68.0,32.0,49.565999999999995,50.27434900676522,52.2785607599392,0.406450530102486,-0.3402436020172388,-0.7466941321197248
1700110800,2023-11-16,52.56,53.07,51.78,52.35,2821594.0,49.729,52.404943945605275,47.05305605439472,51.09466666666667,48.37166666666666,49.73316666666667,49.729,1.2899999999999991,51.96625,47.491749999999996,0,52.786114095270094,6.640863719698508,-2.8229290130490035,63.427709807148005,50.136558371724874,1.5400248641029592,23.917571517186495,204832383.0,2897850.62,0,0.14985254739969855,100.0,72.0,28.000000000000004,49.729,50.472030053739964,52.28136229876511,0.4820524888505845,-0.1441285210564942,-0.6261810099070787
1700197200,2023-11-17,52.48,53.64,52.18,53.28,5534297.0,49.957,53.00183891199867,46.912161088001334,51.29933333333334,48.562333333333335,49.93083333333333,49.957,1.4600000000000009,52.204750000000004,47.70925,0,55.42648636978426,9.359605911330055,1.1359333917900944,71.5082813664878,50.57665190018511,1.5343088023813194,23.46385437215337,210366680.0,2960914.84,1,0.18756883820692447,100.0,76.0,24.0,49.957,50.73945576290759,52.320524561558635,0.5692275440113691,0.08535342010713265,-0.48387412390423645
1700456400,2023-11-20,52.87,53.36,52.02,53.09,2658752.0,50.223,53.384418036264876,47.06158196373512,51.55500000000001,48.791000000000004,50.172999999999995,50.223,1.3399999999999963,52.4835,47.9625,0,54.76781635936852,11.136696671551183,3.9877684976547285,65.4693153373413,50.8164845902992,1.520429602211225,22.923431721713303,207707928.0,2976890.24,0,0.1966996162090521,96.0,76.0,20.0,50.223,50.96331711882115,52.3507000689485,0.5863133631625204,0.24901758004891406,-0.33729578311360636
1700542800,2023-11-21,53.19,53.76,52.81,53.57,2660822.0,50.441500000000005,53.88167019928093,47.00132980071908,51.75516666666666,49.031166666666664,50.39316666666666,50.441500000000005,0.9499999999999957,52.6405,48.24250000000001,0,56.15345489139803,8.882113821138207,6.880937174711558,72.37662870556298,51.167294746516895,1.4796846306247085,22.642582751714794,210368750.0,2992005.62,0,0.21983670936800961,100.0,84.0,16.0,50.441500000000005,51.211572631314375,52.398515752519145,0.5999944481682997,0.4126972770967683,-0.18729717107153143
1700629200,2023-11-22,53.81,54.28,53.26,54.21,3808986.0,50.683,54.453469997231146,46.912530002768854,51.99266666666667,49.275666666666666,50.63416666666667,50.683,1.0200000000000031,52.87675,48.48925,0,57.96092323012988,9.781287970838392,10.007234350605668,73.16105593995647,51.50826894107164,1.4468500141515153,22.66518201022775,214177736.0,3030496.64,0,0.26187222417449474,100.0,88.0,12.0,50.683,51.49713714261777,52.469554350459575,0.6196676441865436,0.5872873841616482,-0.03238026002489551
1700802000,2023-11-24,54.1,54.28,53.68,53.97,946551.0,50.915499999999994,54.88910528991241,46.94189471008758,52.17916666666666,49.51816666666666,50.84866666666666,50.915499999999994,0.6000000000000014,53.067249999999994,48.763749999999995,0,57.03287983605744,9.428223844282236,12.168690553299715,71.30435570448296,51.648638227559445,1.3863607274264071,22.686167035989776,213231185.0,2997498.56,0,0.3054065249894581,96.0,88.0,8.0,50.915499999999994,51.73264789093989,52.528395356323905,0.5844933857907064,0.6982364722134875,0.11374308642278108
1701061200,2023-11-27,54.03,54.14,53.37,53.77,2353137.0,51.183499999999995,55.16801640729707,47.19898359270292,52.39316666666667,49.80116666666667,51.097166666666666,51.183499999999995,0.7700000000000031,53.2835,49.083499999999994,0,56.24293616693309,11.072092542863059,13.620961771738905,63.26598627543311,51.86380938710644,1.342334961181664,22.417995394812607,210878048.0,2957388.86,0,0.20453842461077798,92.0,88.0,4.0,51.183499999999995,51.92668142513609,52.577085734507286,0.5180062261833358,0.7612508691519508,0.24324464296861506
1701147600,2023-11-28,53.82,54.85,53.56,54.58,2586837.0,51.4815,55.54525331436581,47.417746685634185,52.679166666666674,50.097166666666666,51.38816666666666,51.4815,1.2899999999999991,53.574,49.388999999999996,0,58.682627772956664,12.258329905388731,15.804374336199697,62.8909457873436,52.054674007233956,1.3385967496686877,22.60180054359368,213464885.0,2972082.4,0,0.2674944786357649,100.0,40.0,60.0,51.4815,52.179378432265985,52.65563139197759,0.4986533129842122,0.8665612841988803,0.3679079712146681
1701234000,2023-11-29,54.79,55.39,54.14,54.38,2561964.0,51.7515,55.83209444199234,47.67090555800766,52.98316666666667,50.37216666666667,51.67766666666667,51.7515,1.25,53.86575,49.63725,0,57.84438591086102,11.02490812576563,17.25790289358461,68.81795570817852,52.2982424968784,1.3322684104066387,23.08156608584063,210902921.0,2987780.78,0,0.22023067361117807,96.0,39.99999999999999,56.00000000000001,51.7515,52.38896143871685,52.72325369033141,0.44426537175741765,0.9232396859114402,0.4789743141540226
1701320400,2023-11-30,54.62,54.69,53.65,54.1,6350151.0,52.039,55.926116669205896,48.15188333079411,53.25,50.696000000000005,51.973,52.039,1.0399999999999991,54.1105,49.9675,0,56.65183156751711,11.892450879007239,17.97174081163431,62.182401840781324,52.69573941260885,1.311392095377593,23.034113919270343,204552770.0,3070210.9,0,0.23513311073916154,92.0,40.0,52.0,52.039,52.551917492172386,52.77724374169097,0.3646512757017947,0.9347884087812659,0.5701371330794712
1701406800,2023-12-01,54.19,55.36,53.91,55.35,2103320.0,52.335,56.28346552473463,48.38653447526537,53.54833333333333,50.95633333333333,52.25233333333333,52.335,1.4500000000000028,54.410250000000005,50.25975,0,60.48057252594339,11.976532470159826,20.096319095903393,67.25921582512375,52.99221222764656,1.3212926599934796,23.393804269673144,206656090.0,3050334.94,0,0.3223938318118814,100.0,52.0,48.0,52.335,52.818401540536925,52.8781361439776,0.37020932860491385,1.0328987938356136,0.6626894652306997
1701666000,2023-12-04,54.74,55.71,54.16,55.27,2223513.0,52.5745,56.62364546540595,48.52535453459405,53.7855,51.1645,52.475,52.5745,1.5500000000000043,54.627250000000004,50.52175,0,60.12282144576733,9.488906497622834,21.681681193111427,73.25828571524342,53.42326658080379,1.3376288985653741,23.93010166812251,204432577.0,3051207.1,0,0.36037883414458594,96.0,52.0,44.0,52.5745,53.051887108104836,52.97193472656671,0.3431389972761898,1.091613211825937,0.7484742145497472
1701752400,2023-12-05,55.19,55.43,54.29,54.81,2029667.0,52.7395,56.86981947917075,48.60918052082925,53.9495,51.3895,52.66949999999999,52.7395,1.1400000000000006,54.7465,50.7325,0,58.04469562902402,6.406523005241708,22.11150223329334,67.83185722335078,53.68963367198125,1.3235125486678476,24.42809210953978,202402910.0,3038177.48,0,0.3026263867340079,92.0,52.0,40.0,52.7395,53.21932643114247,53.04401571768174,0.2720041028922576,1.0884793431650692,0.8164752402728116
1701838800,2023-12-06,55.24,55.5,54.73,55.19,2653066.0,52.93300000000001,57.14105941022903,48.72494058977098,54.07900000000001,51.625,52.852,52.93300000000001,0.7700000000000031,54.86050000000001,51.005500000000005,0,59.2689187662939,7.540919719407634,22.936810028779853,67.56890754173922,53.921770264303085,1.283975938048716,24.935180109489732,205055976.0,3046547.08,0,0.2773444792796275,88.0,52.0,36.0,52.93300000000001,53.40700962817652,53.12817196404716,0.2299662880017851,1.103933100275043,0.8739668122732579
1701925200,2023-12-07,55.32,55.32,54.18,54.98,2712507.0,53.146,57.31551507972051,48.97648492027949,54.278,51.84100000000001,53.0595,53.146,1.1400000000000006,55.06,51.232,0,58.27967589829695,8.39905362776025,23.19855056794368,60.90489662913406,54.08563065020023,1.2736919424738076,24.737775797340475,202343469.0,3053240.96,0,0.3126223187484644,84.0,52.0,32.0,53.146,53.55681823501685,53.200792671339435,0.17019308921428666,1.0867081737911164,0.9165150845768297
1702011600,2023-12-08,55.05,55.26,54.16,54.32,1923481.0,53.392500000000005,57.21296528580178,49.57203471419823,54.4765,52.104499999999994,53.290499999999994,53.392500000000005,1.1000000000000014,55.25775000000001,51.52725,0,55.23001121609285,9.98177768779105,22.061187619488525,52.14118446547186,54.26593779338081,1.2612853751542499,24.530230767430627,200419988.0,3034069.02,0,0.23170847718522297,80.0,52.0,28.000000000000004,53.392500000000005,53.62950221263429,53.24468315481632,0.073331252047802,1.0081791496365824,0.9348478975887804
1702270800,2023-12-11,53.98,55.47,53.88,55.36,2885309.0,53.711,57.04086426150016,50.381135738499836,54.788333333333334,52.36033333333334,53.574333333333335,53.711,1.5899999999999963,55.61825,51.803749999999994,0,58.80553467065562,13.002653602776071,22.49695286488426,59.387264142318614,54.416062502832396,1.2847649912146604,23.98769627526182,203305297.0,3013418.98,0,0.25409708768170997,100.0,76.0,24.0,53.711,53.794311525716736,53.327636756588234,0.06662352416577821,1.0181273027960032,0.951503778630225
1702357200,2023-12-12,55.37,55.37,54.46,54.83,1773367.0,54.038,56.281493704028506,51.79450629597149,55.104,52.699,53.9015,54.038,0.9099999999999966,55.92425,52.15174999999999,0,56.38967788955776,13.543176641126525,21.7462181127658,53.64782922663922,54.51335730684111,1.2579960632707559,23.483914246819353,201531930.0,2976449.62,0,0.2079796068996333,96.0,76.0,20.0,54.038,53.89294852326752,53.38655296221223,0.016428694905625485,0.9720396472622568,0.9556109523566313
1702443600,2023-12-13,54.79,57.56,54.39,57.45,2357952.0,54.35,56.66791285427541,52.032087145724596,55.456,52.928999999999995,54.192499999999995,54.35,3.1700000000000017,56.24525,52.454750000000004,0,64.07047471353057,12.185120093731697,24.555286344691314,51.92220563658551,54.707334649114074,1.3945677730371304,24.601497505849505,203889882.0,2961132.08,0,0.1856989650253735,100.0,84.0,16.0,54.35,54.23171533057537,53.5459038264392,0.14259648558643045,1.1338565593396694,0.991260073753239
1702530000,2023-12-14,57.89,58.79,57.59,57.85,3227789.0,54.6355,57.1889014568835,52.0820985431165,55.75383333333333,53.25083333333333,54.50233333333333,54.6355,1.3399999999999963,56.52325,52.74775,0,65.05944197283384,10.951285001917915,27.181215251458873,55.0798139370414,55.013812550242356,1.3906700749630494,26.2441756270947,207117671.0,2970333.34,0,0.12684811616047617,100.0,88.0,12.0,54.6355,54.57631387052058,53.71469191167688,0.23069080575445433,1.279623580946307,1.0489327751918527
1702616400,2023-12-15,57.35,57.85,56.07,56.91,6718604.0,54.8635,57.3738567475589,52.35314325244111,56.005500000000005,53.4535,54.729499999999994,54.8635,1.7800000000000011,56.788000000000004,52.939,0,60.91202474093651,8.7106017191977,27.27681534736423,49.03260580171644,55.39175160029385,1.4184793553228316,26.12239576648554,200399067.0,3057366.32,-1,0.10255598448601824,96.0,88.0,8.0,54.8635,54.798569692375764,53.83999811121897,0.20426190185265658,1.3042601525076734,1.0999982506550168
1702875600,2023-12-18,56.8,57.63,56.71,57.06,4266559.0,55.052499999999995,57.62590921736405,52.47909078263594,56.1835,53.685500000000005,54.93449999999999,55.052499999999995,0.9200000000000017,56.936499999999995,53.168499999999995,0,61.326143284414755,7.094594594594597,27.525170694593786,51.19256007806196,55.624174046878345,1.3828736870854867,26.009314467348453,204665626.0,3081081.16,0,0.04097402367207317,92.0,88.0,4.0,55.052499999999995,55.01394400738759,53.966272695092734,0.1765332059706588,1.3206647581183404,1.1441315521476816
1702962000,2023-12-19,57.46,57.46,56.51,56.71,2339558.0,55.23349999999999,57.737610820234195,52.72938917976579,56.36749999999999,53.908500000000004,55.138,55.23349999999999,0.9500000000000028,57.088249999999995,53.37874999999999,0,59.77080874910529,6.818609907703895,27.006819360722595,45.57408011441209,55.75040496477094,1.3519541380079523,25.697166412661684,202326068.0,3072451.02,0,0.046317822233229305,88.0,84.0,4.0,55.23349999999999,55.175473149541155,54.07386984430479,0.11713222292002734,1.290546830797716,1.1734146078776886
1703048400,2023-12-20,56.8,57.09,55.67,55.72,2264810.0,55.340999999999994,57.732283337460004,52.949716662539984,56.53000000000001,54.02399999999999,55.277,55.340999999999994,1.4200000000000017,57.230999999999995,53.45099999999999,0,55.57423194091259,4.013440358409555,24.590818802395866,50.037476556513234,56.03185824372015,1.35681455672167,24.5794028418635,200061258.0,3054858.62,0,0.01943642386611401,84.0,80.0,4.0,55.340999999999994,55.227332849584855,54.138423968057545,-0.00011671131951507263,1.1732687187282949,1.17338543004781
1703134800,2023-12-21,56.01,56.51,55.61,56.07,1106419.0,55.43399999999999,57.78646594024519,53.08153405975479,56.63133333333334,54.13733333333333,55.38433333333334,55.43399999999999,0.8999999999999986,57.31499999999999,53.55299999999999,0,56.705455555881954,3.4311012728278905,23.102129251500454,45.928434223174364,56.0960839765829,1.324184945527265,23.484281722788342,201167677.0,3031602.22,0,-0.03332366400782499,80.0,76.0,4.0,55.43399999999999,55.3075868639101,54.21417204774156,-0.061961302261307694,1.0959338022211753,1.157895104482483
1703221200,2023-12-22,56.17,57.1,55.96,56.23,1062202.0,55.54699999999999,57.8231994640219,53.27080053597808,56.781000000000006,54.23299999999999,55.507000000000005,55.54699999999999,1.1400000000000006,57.46849999999999,53.62549999999999,0,57.229521525513185,4.187511580507685,22.107054323915992,44.31740633671327,56.16810933527039,1.311028877989603,22.93115061830877,202229879.0,2926906.2,0,-0.07509296639768306,76.0,68.0,8.0,55.54699999999999,55.3954357340139,54.293224124300714,-0.09782166231808986,1.0356180265848707,1.1334396889029605
1703566800,2023-12-26,56.13,56.76,56.05,56.56,951882.0,55.6865,57.8491213260794,53.523878673920606,56.91283333333333,54.37083333333332,55.64183333333334,55.6865,0.7100000000000009,57.603500000000004,53.7695,0,58.32474170586379,5.188766970429605,21.721524072853942,48.20495742902404,56.24987644535666,1.2680982438474886,22.417528878434876,203181761.0,2846924.32,0,-0.060946505043363686,72.0,68.0,4.0,55.6865,55.50634661648877,54.38211729589677,-0.1044437923190289,1.0028849485041746,1.1073287408232035
1703653200,2023-12-27,56.55,56.74,56.18,56.49,1318585.0,55.782000000000004,57.90913516261034,53.65486483738967,56.983333333333334,54.51433333333333,55.74883333333332,55.782000000000004,0.5600000000000023,57.64425000000001,53.91975,0,57.99315693620139,3.4994503481128687,21.26250341899492,46.31340975905653,56.34254094032152,1.2175197978583825,21.940594405694835,201863176.0,2805021.82,0,-0.07403441112954033,68.0,64.0,4.0,55.782000000000004,55.60002789110889,54.46477936272435,-0.11768184015996686,0.960226440623245,1.0779082807832119
1703739600,2023-12-28,56.19,57.13,56.19,57.04,937704.0,55.915000000000006,58.00720935855214,53.822790641447874,57.07533333333333,54.63733333333333,55.85633333333334,55.915000000000006,0.9400000000000048,57.754000000000005,54.07600000000001,0,59.879618032856605,4.891504229496132,21.62437379948584,51.521497336613265,56.47920563053728,1.1976969551542125,21.833390951223457,202800880.0,2781705.8,0,-0.0881519364464179,64.0,52.0,12.0,55.915000000000006,55.73716809195566,54.5657684073234,-0.09453748450346722,0.9597364251538778,1.054273909657345
1703826000,2023-12-29,56.65,56.95,56.29,56.82,1485914.0,56.051,58.002490712253824,54.09950928774618,57.18333333333334,54.783333333333324,55.98333333333333,56.051,0.75,57.86825,54.23375,0,58.76837794734242,5.027726432532345,21.4551148028017,52.09923094139811,56.600360388558414,1.165718601214626,21.733844886357172,201314966.0,2749624.24,0,-0.020074497943751532,60.0,52.0,8.0,56.051,55.84029494034084,54.654169646251894,-0.09872673963625811,0.9308654851120224,1.0295922247482805
1704171600,2024-01-02,56.63,58.77,56.52,58.68,2187965.0,56.21750000000001,58.44942181762998,53.985578182370034,57.37916666666666,54.899166666666666,56.13916666666667,56.21750000000001,2.25,58.09475000000001,54.340250000000005,0,64.61280191460115,6.016260162601623,23.86446974248874,51.268904555313455,56.84839480767971,1.2431672725564382,22.959051655985807,203502931.0,2745849.9,0,-0.03529841639824344,100.0,96.0,4.0,56.21750000000001,56.11074304126076,54.81204534639888,0.013137194155470988,1.0460137174426194,1.0328765232871484
1704258000,2024-01-03,58.43,59.51,57.91,59.19,2511820.0,56.4135,58.94636616306753,53.88063383693247,57.572833333333335,55.087833333333336,56.33033333333334,56.4135,1.6000000000000014,58.2945,54.5325,0,66.00364235175849,7.092455219829915,26.43985257695494,57.7921318676533,57.10976795960881,1.2686553245166927,24.499078251611568,206014751.0,2737967.18,0,0.02165252927705751,100.0,88.0,12.0,56.4135,56.40400560875973,54.98372984261854,0.10569313770875666,1.1649929454230943,1.0592998077143376
1704344400,2024-01-04,59.22,59.5,57.83,57.9,2351088.0,56.568,59.06752475483084,54.068475245169154,57.77766666666666,55.239666666666665,56.508666666666656,56.568,1.6700000000000017,58.488749999999996,54.64725,0,59.750887250298305,5.637657361795286,25.644964132724006,50.557624232816536,57.24949409200972,1.2973228013369291,25.819509221166985,203663663.0,2721195.8,0,-0.11119291511380311,96.0,88.0,8.0,56.568,56.54648126506833,55.09809337820213,0.06618258062383808,1.1420280334941353,1.0758454528702972
1704430800,2024-01-05,57.72,57.86,56.76,57.14,3340592.0,56.66550000000001,59.093515444763916,54.2374845552361,57.89983333333333,55.32883333333333,56.614333333333335,56.66550000000001,1.1400000000000006,58.61400000000001,54.717000000000006,0,56.43534203404168,3.5332487769523517,23.405214988156754,40.47145170381736,57.16859233499318,1.2860854583842916,25.69096662299764,200323071.0,2737077.62,-1,-0.08655876426335649,92.0,88.0,4.0,56.66550000000001,56.603006858871346,55.1781681476844,-0.020360973482559164,1.0503942360170981,1.0707552094996573
1704690000,2024-01-08,57.0,57.89,56.92,57.88,1806583.0,56.810500000000005,59.16379109971798,54.457208900282026,58.02816666666668,55.474166666666655,56.75116666666666,56.810500000000005,0.9699999999999989,58.74625,54.874750000000006,0,58.7796608809002,5.274645325572946,22.62591099810444,54.02588767828061,57.24830677848092,1.2635079256425565,25.59325398274635,202129654.0,2725764.52,0,-0.02492247888887035,88.0,64.0,24.0,56.810500000000005,56.72462525326455,55.2841223379713,-0.03607424032508577,1.0256624090933002,1.061736649418386
1704776400,2024-01-09,55.03,55.03,53.36,53.4,7426277.0,56.7645,59.336522356048235,54.19247764395176,58.024166666666666,55.41316666666667,56.718666666666664,56.7645,4.520000000000003,58.95675,54.57225,0,43.76972396266017,-1.6936671575846864,13.431405175755074,35.31959384815622,56.47149630685108,1.496114502382374,25.02615329210111,194703377.0,2821406.82,-1,-0.21698572730517332,84.0,-16.0,100.0,56.7645,56.40799427676316,55.21023518746262,-0.3396147245459251,0.6372182437359797,0.9768329682819048
1704862800,2024-01-10,52.8,53.85,52.59,53.73,3414960.0,56.68300000000001,59.517756426928436,53.84824357307158,57.932,55.354,56.642999999999994,56.68300000000001,1.259999999999998,58.85050000000001,54.5155,0,44.861464258486635,-2.9443641618497156,7.3871562465402825,34.35648360124068,56.11367089492881,1.479249180783633,24.92842369312309,198118337.0,2843769.48,0,-0.08168103035830404,80.0,-16.0,96.0,56.68300000000001,56.15294720278572,55.1521867487386,-0.49991062510273465,0.35194468690348657,0.8518553120062212
1704949200,2024-01-11,53.51,53.61,51.83,52.59,2717610.0,56.571000000000005,59.83435348989536,53.30764651010465,57.86500000000001,55.2,56.532500000000006,56.571000000000005,1.8999999999999986,58.81275000000001,54.32925,0,41.903030408023575,-4.0853547328104955,1.2477102139410514,34.05530769528826,55.82410991344335,1.5093028107276591,25.229894649578586,195400727.0,2845088.44,0,-0.02817494244167041,76.0,-24.0,100.0,56.571000000000005,55.81361889775851,55.05170883702336,-0.6546931881199035,0.0334888268563418,0.6881820149762453
1705035600,2024-01-12,52.93,53.08,52.13,52.36,2195377.0,56.3165,60.02896158229449,52.6040384177055,57.55683333333334,55.11383333333333,56.33533333333334,56.3165,0.9499999999999957,58.39175,54.241249999999994,0,41.324277656618364,-8.859878154917325,-3.629258718259279,33.08721775763617,55.6012843004255,1.4693526099613976,25.509831966287262,193205350.0,2830601.74,0,-0.06158657855717232,72.0,-28.0,100.0,56.3165,55.484702812257694,54.946151627728334,-0.7383398879782959,-0.23474284499662446,0.5035970429816714
1705381200,2024-01-16,52.18,52.39,51.53,51.78,2617772.0,56.013,60.14332250556939,51.88267749443061,57.23100000000001,54.822,56.0265,56.013,0.8599999999999994,58.05225,53.973749999999995,0,39.86280061878809,-10.49265341400173,-8.10927472823135,28.72549494258314,55.30156381451153,1.4258274235355834,26.082467902460774,190587578.0,2813007.74,0,-0.07409094571925379,68.0,-32.0,100.0,56.013,55.13187397299505,54.82198881879781,-0.793668465093939,-0.48848853838575224,0.30517992670818667
1705467600,2024-01-17,51.11,51.89,50.22,50.41,2880755.0,55.688,60.45820586557996,50.91779413442004,56.92033333333334,54.522333333333336,55.721333333333334,55.688,1.6700000000000017,57.719,53.657000000000004,0,36.64083394960005,-11.42154278685644,-13.233113025895845,24.791162748343098,54.92643427052935,1.4432683218544704,27.216502607968525,187706823.0,2814674.16,0,-0.14125283515849188,64.0,-36.0,100.0,55.688,54.682171689852666,54.64896964943319,-0.8769543994904511,-0.7910130726548772,0.0859413268355739
1705554000,2024-01-18,50.18,50.48,49.3,49.71,2993767.0,55.3205,60.70431453989771,49.9366854601023,56.56816666666667,54.14416666666666,55.356166666666674,55.3205,1.1799999999999997,57.371,53.27,0,35.11435170125917,-12.881177707676134,-17.961052413846687,20.400141065905927,54.481523868896645,1.4244634417220081,28.632459766964097,184713056.0,2793561.9,0,-0.16229846470081946,60.0,-40.0,100.0,55.3205,54.20863152891432,54.455284565141696,-0.9286408862781514,-1.0748597810121154,-0.146218894733964
1705640400,2024-01-19,49.71,49.78,48.8,49.17,5158021.0,54.94350000000001,60.90978284612912,48.977217153870896,56.1875,53.7605,54.974000000000004,54.94350000000001,0.980000000000004,56.99625000000001,52.890750000000004,0,33.965314311535224,-13.2957150414389,-22.209273384255976,16.336564911381004,53.80510554559943,1.3927160530275793,30.13164995808998,179555035.0,2791309.22,-1,-0.1933132708610568,56.00000000000001,-43.99999999999999,100.0,54.94350000000001,53.72876185949391,54.248018503763596,-0.9454845738070038,-1.3280746119927187,-0.3825900381857149
1705899600,2024-01-22,49.34,49.72,48.45,48.59,3718864.0,54.587,61.14756125647913,48.02643874352088,55.818,53.40599999999999,54.612,54.587,1.269999999999996,56.6285,52.545500000000004,0,32.75354904487335,-12.796123474515426,-26.13410931391299,15.675987419685995,53.30978170520916,1.3839506206684662,31.65128409093042,175836171.0,2802927.52,0,-0.26762360235513627,52.0,-48.0,100.0,54.587,53.239355968113536,54.026135425184634,-0.9400042518015962,-1.5575953529377102,-0.617591101136114
1705986000,2024-01-23,48.8,49.2,47.95,48.68,4203081.0,54.21750000000001,61.2198935193629,47.21510648063712,55.462833333333336,53.01583333333333,54.239333333333335,54.21750000000001,1.25,56.285250000000005,52.14975000000001,0,33.14314970611571,-13.179953629391832,-29.105032767386017,10.100779658254297,52.67615491493782,1.3743827191921472,33.241833513776065,180039252.0,2842005.82,0,-0.28383765499052366,48.0,-48.0,96.0,54.21750000000001,52.805131590197966,53.81648305556955,-0.8759186660523878,-1.7124894337015988,-0.836570767649211
1706072400,2024-01-24,49.14,49.31,48.66,48.94,6364769.0,53.85300000000001,61.15111235868674,46.55488764131328,55.06533333333333,52.66733333333333,53.86633333333333,53.85300000000001,0.6500000000000057,55.88400000000001,51.82200000000001,0,34.30064348580112,-12.964609638982749,-31.05385602654847,15.642664083532082,51.91141543442867,1.3226410963927084,34.58572590051905,186404021.0,2920759.14,0,-0.30913103144546517,44.0,-48.0,92.0,53.85300000000001,52.43702381970292,53.625248425939375,-0.7656145099934994,-1.7935889051410854,-1.027974395147586
1706158800,2024-01-25,50.15,50.69,49.59,50.5,4503479.0,53.55,60.87653806377994,46.223461936220055,54.775,52.338,53.55649999999999,53.55,1.75,55.659,51.440999999999995,0,40.776463044413894,-10.714285714285717,-29.854209302354974,23.377330962623816,51.485561538385454,1.353166732364658,34.30739195483885,190907500.0,2962863.18,0,-0.20101541118108157,40.0,-48.0,88.0,53.55,52.2525453606836,53.50268966413783,-0.5474158222974737,-1.7122441730194282,-1.1648283507219546
1706245200,2024-01-26,50.84,51.68,50.42,50.74,4415831.0,53.2625,60.55619830744437,45.96880169255564,54.53383333333333,52.02683333333333,53.28033333333333,53.2625,1.259999999999998,55.42400000000001,51.101,0,41.70695664525478,-10.178792706673748,-28.470910518450776,31.186217510955203,51.08775601958251,1.346511965767182,33.134750208904926,195323331.0,2991548.44,0,-0.2179987163021821,36.0,-48.0,84.0,53.2625,52.10849342157088,53.394348892995176,-0.3560209130504346,-1.609854492034998,-1.2538335789845634
1706504400,2024-01-29,50.62,51.15,50.18,50.78,2756402.0,52.9495,60.10385664473174,45.79514335526826,54.23116666666666,51.72116666666667,52.976166666666664,52.9495,0.9699999999999989,55.11325,50.78575,0,41.86719463056602,-10.974754558204765,-27.276362235051387,27.096924712965745,50.85732454566244,1.3196182539266688,32.19208197511994,198079733.0,2987218.18,0,-0.23441093408565372,32.0,-48.0,80.0,52.9495,51.981970238564124,53.291825406995365,-0.20341141935463036,-1.5080978531778513,-1.304686433823221
1706590800,2024-01-30,50.58,51.02,50.32,50.46,3605248.0,52.6315,59.63319200979433,45.62980799020568,53.92883333333333,51.414833333333334,52.671833333333325,52.6315,0.7000000000000028,54.7915,50.471500000000006,0,40.91997543094735,-11.193241816261878,-26.62429391506877,29.37163974949692,50.396643070044036,1.275359807217621,31.31674718660531,194474485.0,2995911.2,0,-0.15658350989193162,28.000000000000004,-48.0,76.0,52.6315,51.83702069203421,53.18077343025045,-0.10562265776649737,-1.4367147560313427,-1.3310920982648453
1706677200,2024-01-31,50.59,51.08,49.77,49.92,6070189.0,52.19350000000001,58.70578769327787,45.681212306722145,53.49516666666667,51.07516666666667,52.28516666666667,52.19350000000001,1.3099999999999952,54.28300000000001,50.104000000000006,0,39.3390174902585,-14.928425357873207,-26.65966567339496,28.04645104062169,50.192369279885405,1.2778341067020764,30.859306699810425,188404296.0,3060883.1,0,-0.28626330060978716,24.0,-48.0,72.0,52.19350000000001,51.65444729279285,53.05289996239749,-0.061119868117664344,-1.4074919334119258,-1.3463720652942615
1706763600,2024-02-01,49.91,51.53,49.64,51.52,2422535.0,51.81,57.477637955975915,46.14236204402409,53.111000000000004,50.662,51.8865,51.81,1.8900000000000006,53.92125,49.698750000000004,0,45.862583971703515,-12.958269978036821,-23.74775804226364,32.81821939101404,50.09877751035798,1.3215602419376424,29.971369790014297,190826831.0,2998647.86,0,-0.23600209941285027,20.0,-48.0,68.0,51.81,51.64164278871734,52.9927862383819,0.08436050198219536,-1.2409214378165174,-1.3252819397987128
1706850000,2024-02-02,50.7,51.45,50.0,50.82,2443315.0,51.456,56.395560304320554,46.51643969567945,52.71733333333334,50.29033333333333,51.50383333333333,51.456,1.5200000000000031,53.556000000000004,49.356,0,43.698393048873506,-12.227979274611396,-22.20333930174264,32.71276339289142,50.030169804112575,1.3357345103706684,29.146856945203606,188383516.0,2994339.12,0,-0.2080997473821938,16.0,-48.0,64.0,51.456,51.56339109455378,52.907578934915946,0.13853244042337476,-1.1521163892694943,-1.290648829692869
1707109200,2024-02-05,50.13,50.34,49.39,49.43,2224951.0,51.0705,55.33244544779963,46.80855455220038,52.33316666666667,49.92116666666667,51.12716666666667,51.0705,1.4299999999999997,53.19225,48.948750000000004,0,39.77517616108096,-13.493174658732936,-22.549706878184836,33.02035218479226,49.92628631527314,1.3424677596299064,28.820871152418018,186158565.0,2985621.7,0,-0.2271380312742549,12.0,-48.0,60.0,51.0705,51.36021099031056,52.77120329040944,0.08828430882304517,-1.1802934436640626,-1.2685777524871078
1707195600,2024-02-06,49.46,49.72,49.23,49.47,2942908.0,50.65,53.598789582188004,47.70121041781199,51.904666666666664,49.54066666666667,50.72266666666667,50.65,0.490000000000002,52.735749999999996,48.56425,0,39.93851688995537,-14.530062197650317,-22.752236597195886,33.03096152852167,49.852615994059086,1.2815772053706276,28.630587884194057,189101473.0,2968300.14,0,-0.18664795734734876,8.0,-48.00000000000001,56.00000000000001,50.65,51.18019089599527,52.641744337844365,0.0662798318245934,-1.1857279627063662,-1.2520077945309596
1707282000,2024-02-07,49.64,49.68,48.8,49.52,2379605.0,50.456,53.15557329961993,47.756426700380075,51.635333333333335,49.35033333333333,50.49283333333333,50.456,0.8800000000000026,52.268750000000004,48.64325,0,40.152093810120085,-7.265917602996247,-22.825089593672104,33.42693649007738,49.83066526668315,1.2528931192727257,28.75432407608616,191481078.0,2996961.22,0,-0.14317775409045083,4.0,-48.0,52.0,50.456,51.02207747732905,52.519322991262236,0.0636185528994293,-1.172484603406673,-1.2361031563061022
1707368400,2024-02-08,49.21,49.81,48.53,49.78,3148502.0,50.258500000000005,52.512219370290175,48.004780629709835,51.435500000000005,49.1485,50.291999999999994,50.258500000000005,1.2800000000000011,52.072750000000006,48.444250000000004,0,41.294748376874274,-7.351572678205836,-22.403736107319272,40.80704337065511,49.861039932366246,1.2548293250389597,29.05369710712358,194629580.0,3012868.52,0,-0.06551347092464417,4.0,-44.0,48.0,50.258500000000005,50.90378438425009,52.411898560232345,0.08647743427633414,-1.1280063634606847,-1.2144837977370189
1707454800,2024-02-09,49.6,50.88,49.49,50.62,3498086.0,50.160000000000004,52.15484335225131,48.165156647748695,51.29866666666667,49.050666666666665,50.17466666666667,50.160000000000004,1.3900000000000006,51.93600000000001,48.384,0,44.874097371440996,-3.7459593078532154,-20.48923026385491,47.8134514841169,49.96186717801809,1.2644843732504627,28.034024476722376,198127666.0,3031093.5,0,0.034016775011522386,8.0,-36.0,44.0,50.160000000000004,50.87675730003579,52.34162802845853,0.16095070283756874,-1.013295419190058,-1.1742461220276268
1707714000,2024-02-12,50.62,51.5,50.5,51.07,2375627.0,50.0955,51.87324548235155,48.31775451764845,51.226166666666664,48.973166666666664,50.099666666666664,50.0955,1.0,51.87525,48.31575,1,46.70645941693255,-2.463712757830403,-18.089538278152844,54.3455740376898,50.12877284223189,1.2455926323040012,26.4430143976598,200503293.0,3027366.76,0,0.027681951614805887,4.0,-36.0,40.0,50.0955,50.89516136669905,52.29176026263663,0.2386151294522345,-0.8759772102123335,-1.114592339664568
1707800400,2024-02-13,50.73,51.41,49.49,50.17,3391889.0,50.015,51.617516770589766,48.412483229410235,51.202,48.843,50.022499999999994,50.015,1.9199999999999946,51.87425,48.15575,1,43.65179128440389,-3.1093086133642323,-17.297515031373084,44.22421580260018,50.305225091617366,1.2937645871394294,25.78112077778398,197111404.0,2968201.52,0,0.02712476389773424,8.0,-28.0,36.0,50.015,50.82609837939438,52.20855397782735,0.22751071623352415,-0.8302039443726628,-1.057714660606187
1707886800,2024-02-14,53.4,54.18,51.55,52.53,8427097.0,50.121,52.0592868724782,48.18271312752181,51.34566666666667,48.89066666666667,50.11816666666667,50.121,4.009999999999998,52.155750000000005,48.08625,1,52.268443633708465,4.205514778813737,-12.425005996066368,49.01360960098321,50.72105757217308,1.4877814023437559,24.918286438947746,205538501.0,3094677.06,0,-0.0766828028453377,4.0,-28.0,32.0,50.121,50.98837472421397,52.221159704187066,0.3688768667381621,-0.5966185771834844,-0.9654954439216465
1707973200,2024-02-15,53.64,54.71,52.95,53.97,5745790.0,50.334,52.884422710066126,47.78357728993388,51.577,49.064,50.320499999999996,50.334,2.1799999999999997,52.44375,48.224250000000005,0,56.53721497388151,8.569704284852138,-6.310581843383697,50.656157430867545,51.05421917526907,1.5372255878906305,24.43455152500281,211284291.0,3165122.6,1,-0.014679609656326649,100.0,72.0,28.000000000000004,50.334,51.27233903619359,52.289741676571886,0.5388449698252997,-0.291939231640022,-0.8307842014653217
1708059600,2024-02-16,53.77,54.28,53.03,54.2,5241821.0,50.5855,53.580472287020484,47.59052771297952,51.819833333333335,49.279833333333336,50.54983333333333,50.5855,1.25,52.715500000000006,48.4555,0,57.18105065583397,10.229814927801508,-1.2888088798979718,48.04960828859551,51.342664595702644,1.5167094744698713,23.985369104911086,216526112.0,3229365.68,1,0.058650355889080456,100.0,76.0,24.0,50.5855,51.551163889889445,52.36465376768672,0.6393827039537211,-0.03155582152317038,-0.6709385254768915
1708405200,2024-02-20,54.05,54.82,52.94,52.95,3555285.0,50.8035,53.82037437590967,47.78662562409033,52.082833333333326,49.481833333333334,50.782333333333334,50.8035,1.8800000000000026,52.97925,48.62775,0,52.71379938204653,8.973039720107016,0.7758207413944462,47.91061417189832,51.5393747183217,1.5426587977220234,23.90367433237817,212970827.0,3247410.06,0,0.033563222409630285,96.0,76.0,20.0,50.8035,51.68438637656664,52.38760852189508,0.5952250487885576,0.07309278550880549,-0.5221322632797522
1708491600,2024-02-21,53.22,54.65,52.96,53.78,3286364.0,51.058499999999995,54.174826523331596,47.942173476668394,52.36416666666666,49.719166666666666,51.04166666666667,51.058499999999995,1.6999999999999957,53.267999999999994,48.849,0,55.16217080992949,10.476581758422352,3.540296795250391,56.907918376081966,51.83701449341466,1.553897455027593,23.82781490074046,216257191.0,3258887.2,0,0.1251044958406146,92.0,76.0,16.0,51.058499999999995,51.883968626417435,52.44221210927175,0.594074046533434,0.22046029488704022,-0.3736137516463937
1708578000,2024-02-22,53.18,53.95,52.81,53.5,3568171.0,51.286500000000004,54.41669663919374,48.15630336080627,52.61116666666667,49.91716666666667,51.26416666666667,51.286500000000004,1.1400000000000006,53.53275000000001,49.04025,0,54.16624284226696,9.317531671434415,5.273560563854924,50.95635987021374,51.98877550983678,1.5243333510970507,23.598157938637957,212689020.0,3291781.0,0,0.09085118924187183,88.0,76.0,12.0,51.286500000000004,52.03787637628244,52.48369398733953,0.5477474968266719,0.31107061938694613,-0.23667687743972576
1708664400,2024-02-23,53.42,54.62,53.28,54.2,2184271.0,51.471500000000006,54.82339662728724,48.119603372712774,52.81183333333333,50.093833333333336,51.45283333333333,51.471500000000006,1.3399999999999963,53.687000000000005,49.25600000000001,0,56.24512298320949,7.3267326732673315,7.580698499101632,55.42518778456443,52.13263245777477,1.5111666831615467,23.840121281568567,214873291.0,3277760.24,0,0.10082615114202398,84.0,76.0,8.0,51.471500000000006,52.24379291187459,52.55100010548308,0.5368271866577504,0.43435710588246224,-0.10247008077528817
1708923600,2024-02-26,53.73,54.16,52.87,53.06,2045364.0,51.5875,54.99029811332076,48.184701886679235,52.93416666666667,50.213166666666666,51.57366666666667,51.5875,1.3300000000000054,53.80825,49.366749999999996,0,52.187309293281665,4.572329523058731,7.6540621034270835,55.4554217543853,52.28488388679736,1.498226205792865,23.609052371069932,212827927.0,3283200.18,0,0.11265914722452584,80.0,76.0,4.0,51.5875,52.32152692026749,52.57096088566021,0.4300232430304427,0.4350589730127652,0.00503572998232249
1709010000,2024-02-27,53.51,54.76,53.29,54.56,2677462.0,51.7765,55.39214530893437,48.16085469106563,53.13416666666667,50.363166666666665,51.748666666666665,51.7765,1.6999999999999957,54.052,49.501,0,56.530916257501254,7.443875541551794,9.639909362925538,60.825392496582985,52.54515799017754,1.5126386196648027,23.810608872136303,215505389.0,3289590.38,0,0.1522292969007524,100.0,96.0,4.0,51.7765,52.53471483262296,52.64896241955589,0.4362186572591856,0.5503090515563045,0.1140903942971189
1709096400,2024-02-28,54.35,54.53,53.59,53.96,1741776.0,51.951499999999996,55.63352267782517,48.26947732217482,53.317499999999995,50.5225,51.92,51.951499999999996,0.9699999999999989,54.247249999999994,49.65575,0,54.44821320102202,6.936187078874356,10.26448816870002,61.353206757463624,52.74605858982475,1.4738787182601738,23.997768480269364,213763613.0,3259870.12,0,0.11709712704895715,96.0,92.0,4.0,51.951499999999996,52.67045627713506,52.70037565800468,0.377903781404498,0.5864701210527414,0.20856633964824342
1709182800,2024-02-29,54.33,54.49,53.62,54.04,4728975.0,52.157500000000006,55.822812401422105,48.49218759857791,53.48516666666667,50.73416666666667,52.10966666666667,52.157500000000006,0.8700000000000045,54.42025000000001,49.89475,0,54.682540032907845,8.253205128205122,10.854301290744859,62.74331900501992,53.06597445442501,1.430744524098733,24.171559544964346,218492588.0,3220077.54,0,0.0532667099538535,92.0,60.0,32.0,52.157500000000006,52.80088901264601,52.75290994592606,0.32474675988669877,0.6144997895066169,0.2897530296199181
1709269200,2024-03-01,54.04,54.34,52.96,53.77,3089490.0,52.269999999999996,55.987881116982955,48.55211888301704,53.599333333333334,50.89933333333333,52.24933333333333,52.269999999999996,1.3800000000000026,54.494499999999995,50.0455,0,53.701130651184215,4.36723602484472,10.908745936481907,56.6270969179778,53.2868490437196,1.4271199152345382,23.505920042483755,215403098.0,3196536.16,0,0.02194896712172804,88.0,60.0,28.000000000000004,52.269999999999996,52.89318529715592,52.792795830399555,0.2545328145573067,0.6079190478165515,0.3533862332592448
1709528400,2024-03-04,53.37,55.21,52.89,54.89,2789061.0,52.4735,56.29572068960156,48.651279310398444,53.8215,51.0345,52.428,52.4735,2.3200000000000003,54.758,50.189,0,57.065750873910844,8.00865800865801,12.348116458926038,57.09598485912876,53.44477235177671,1.4908970641463568,23.58752896652113,218192159.0,3205526.22,0,0.05392748020164277,100.0,76.0,24.0,52.4735,53.08335812599822,52.87503913116821,0.2654350718030333,0.6851800730130364,0.41974500121000313
1709614800,2024-03-05,55.07,55.66,54.15,54.17,2516686.0,52.7105,56.33096115847386,49.090038841526145,54.09649999999999,51.253499999999995,52.675,52.7105,1.509999999999998,55.001000000000005,50.42,0,54.39099859430324,9.58931822779689,12.358452062497447,62.74496403753369,53.70704917673873,1.492261559564474,23.98745161438685,215675473.0,3210563.74,0,0.026532407286083734,96.0,76.0,20.0,52.7105,53.1868478282841,52.92582191033809,0.2085783973557741,0.6804679979047208,0.4718896005489467
1709701200,2024-03-06,54.7,54.94,53.98,54.51,2078881.0,52.9625,56.33906556281934,49.585934437180654,54.37016666666666,51.480166666666676,52.92516666666667,52.9625,0.9600000000000009,55.28825,50.63675,0,55.42943284960588,10.18799272286234,12.788425197566394,53.04440181260915,53.92002437063784,1.4542428767384403,24.138124910184313,217754354.0,3230012.98,0,0.08248476724823131,92.0,76.0,16.0,52.9625,53.31286232082847,52.98794654130523,0.1794035893458057,0.6961440872312039,0.5167404978853982
1709787600,2024-03-07,54.96,55.63,54.7,55.37,2297891.0,53.25500000000001,56.39315550921511,50.116844490784906,54.66766666666666,51.772666666666666,53.22016666666667,53.25500000000001,1.1200000000000045,55.59875000000001,50.91125000000001,0,57.97692137812326,11.813408723747969,14.201009896105571,49.2449456884056,53.998178629786594,1.4303683855428377,24.777633714073595,220052245.0,3254726.76,0,0.09165536951695995,100.0,88.0,12.0,53.25500000000001,53.508780195035285,53.08136040243051,0.2018849186922771,0.7690966462507447,0.5672117275584676
1709874000,2024-03-08,55.55,56.26,55.12,55.98,1874681.0,53.565,56.4862360397641,50.643763960235894,54.98133333333334,52.10033333333333,53.54083333333334,53.565,1.1400000000000006,55.89825,51.23175,0,59.69685160364155,12.45480112494977,16.08278116510517,58.4800132210156,54.107441840102204,1.409627786575492,25.778349521727105,221926926.0,3273182.74,0,0.005574410888504571,100.0,92.0,8.0,53.565,53.744134462174785,53.19503254351167,0.2391502532338603,0.8661495441007929,0.6269992908669326
1710129600,2024-03-11,55.98,56.63,55.98,56.51,2871016.0,53.859500000000004,56.72074081475437,50.99825918524564,55.246500000000005,52.439499999999995,53.843,53.859500000000004,0.6500000000000057,56.13725,51.58175000000001,0,61.151053279765435,11.635717107862506,18.238280970058305,67.18701670101686,54.330386205711996,1.3553686589629572,26.93099285922109,224797942.0,3304231.36,0,0.146825091636815,100.0,96.0,4.0,53.859500000000004,54.00755022768195,53.32503126729553,0.27807792049560565,0.9745966914864397,0.696518770990834
1710216000,2024-03-12,56.29,56.54,55.22,55.73,2028671.0,54.09250000000001,56.75952737144109,51.42547262855893,55.50283333333333,52.66383333333333,54.083333333333336,54.09250000000001,1.3200000000000003,56.39425000000001,51.79075000000001,0,57.91389757771678,9.124730761699622,18.628146707817805,60.43923092832295,54.46181686581136,1.352842326179889,26.97191821367543,222769271.0,3326050.7,0,0.14191527434799925,96.0,92.0,4.0,54.09250000000001,54.17159306314082,53.419343766617274,0.23177191762749838,0.9862336680252071,0.7544617503977087
1710302400,2024-03-13,55.78,56.35,54.66,55.11,3252032.0,54.3395,56.339214729659105,52.3397852703409,55.74216666666668,52.92616666666667,54.33416666666666,54.3395,1.6900000000000048,56.624,52.055,1,55.45752840273172,9.846521825792301,17.862459175065794,60.76133937925328,54.64651428900821,1.37692501716704,26.330757105195854,219517239.0,3361373.06,0,0.08036911768306369,92.0,88.0,4.0,54.3395,54.26096515236551,53.48564401106366,0.1441531098878902,0.9346531377575715,0.7905000278696813
1710388800,2024-03-14,54.93,55.1,53.82,55.03,2950321.0,54.4645,56.302123193153434,52.62687680684657,55.769499999999994,53.088499999999996,54.428999999999995,54.4645,1.2899999999999991,56.545,52.384,1,55.13987659802364,4.759185227489054,17.101965949665786,53.6192123511326,54.68304793985931,1.370716087369394,24.829254045194492,216566918.0,3376620.18,0,0.12776833358710998,88.0,84.0,4.0,54.4645,54.334206566425934,53.54620699102195,0.06936634346670445,0.877207957203062,0.8078416137363575
1710475200,2024-03-15,54.71,55.46,54.51,54.9,6062313.0,54.511,56.34327618006003,52.678723819939975,55.783,53.18299999999999,54.483000000000004,54.511,0.9500000000000028,56.49925,52.52275,1,54.604878763688795,1.7231795441912168,16.245336048423464,63.11277323225022,54.7894478000284,1.3406649382715803,23.75475058303436,210504605.0,3447630.04,-1,0.12397870998382571,84.0,72.0,12.0,54.511,54.388091655337746,53.59929691294266,0.0031939147020239034,0.8118340071138874,0.8086400924118635
1710734400,2024-03-18,54.9,55.32,54.43,54.94,2246509.0,54.54799999999999,56.38354460583644,52.712455394163534,55.818,53.254,54.536,54.54799999999999,0.8900000000000006,56.50924999999999,52.58674999999999,1,54.74708734544834,1.365313653136522,15.585167103794193,57.20151700243416,54.834112077264464,1.308474585537896,22.669269345815554,212751114.0,3445538.46,0,0.0853062259541823,80.0,72.0,8.0,54.54799999999999,54.440654354829384,53.651873504591975,-0.04326862277508792,0.7545543139430038,0.7978229367180917
1710820800,2024-03-19,55.03,55.33,54.48,54.79,2784311.0,54.64000000000001,56.32414963706175,52.955850362938264,55.83133333333334,53.370333333333335,54.600833333333334,54.64000000000001,0.8500000000000014,56.52400000000001,52.75600000000001,1,54.07836195096678,3.474976392823411,14.750094925659896,55.73038755427977,54.87012364717466,1.2757264008566178,21.6711439726135,209966803.0,3434412.84,0,0.07395822551268885,76.0,72.0,4.0,54.64000000000001,54.47392536865516,53.696505916176605,-0.08696847742864988,0.6891123399322794,0.7760808173609293
1710907200,2024-03-20,54.69,55.59,54.45,55.17,1955151.0,54.70949999999999,56.360347963930984,53.058652036069,55.86750000000001,53.4615,54.6645,54.70949999999999,1.1400000000000006,56.55149999999999,52.86749999999999,1,55.52697437567334,2.5846039419858693,14.586898282844086,52.660231820491475,54.980161308204465,1.2660316579382882,21.007807451412308,211921954.0,3437384.2,0,0.09671071428477362,72.0,68.0,4.0,54.70949999999999,54.540218190688,53.75428999789517,-0.09262433684360882,0.6603003963064182,0.7529247331500271
1710993600,2024-03-21,55.35,55.44,53.92,53.94,3736082.0,54.7315,56.328124877676366,53.13487512232363,55.93716666666667,53.49316666666666,54.715166666666676,54.7315,1.519999999999996,56.602,52.861,1,50.13807135285001,0.8224299065420518,12.064333624737928,51.75061666256234,55.029420148942094,1.2841722537998386,19.737869115321107,208185872.0,3363580.3,-1,-0.01072365760044585,68.0,56.0,12.0,54.7315,54.48305455347962,53.76157274307575,-0.17667379672807548,0.5320824872399328,0.7087562839680083
1711080000,2024-03-22,54.42,54.6,53.84,53.94,2157059.0,54.718500000000006,56.33631673869914,53.10068326130087,55.91283333333333,53.52683333333333,54.71983333333333,54.718500000000006,0.759999999999998,56.545500000000004,52.89150000000001,1,50.138071352850005,-0.47970479704797986,9.989069671212436,45.49842549419166,55.029508600228596,1.2467313785284213,18.462269783175117,210342931.0,3338422.28,0,-0.10388791151421439,64.0,56.0,8.0,54.718500000000006,54.43133507219584,53.76856989040612,-0.22655443326222047,0.4255632423902327,0.6521176756524532
1711339200,2024-03-25,53.94,54.28,53.29,53.6,1923841.0,54.74549999999999,56.26684775775134,53.22415224224864,55.91583333333333,53.55983333333334,54.737833333333334,54.74549999999999,0.990000000000002,56.547,52.94399999999999,1,48.690735603711545,1.0177157934413854,7.602203329330639,39.69333354952285,54.988090813466755,1.2283934229192486,17.651346682228688,208419090.0,3322546.9,0,-0.060207317137455016,60.0,56.0,4.0,54.74549999999999,54.35216030341529,53.761959306468626,-0.2735855302068767,0.31013576289385725,0.583721293100734
1711425600,2024-03-26,53.57,53.88,52.33,52.45,2165646.0,54.64,56.46125231640627,52.818747683593735,55.854000000000006,53.489999999999995,54.672000000000004,54.64,1.5500000000000043,56.43025,52.84975,0,44.152829328741305,-3.8673020527859223,3.4269814751873455,39.669110303869004,54.89703995468991,1.2513653212821596,17.84221538759043,206253444.0,3321952.28,0,-0.11350632393441627,56.00000000000001,-43.99999999999999,100.0,54.64,54.1710021792805,53.71050992190123,-0.36743389405286025,0.12442892553465867,0.49186281958751893
1711512000,2024-03-27,53.03,54.97,53.03,54.96,2840904.0,54.69,56.48859945513589,52.891400544864105,55.918666666666674,53.45466666666666,54.68666666666667,54.69,2.519999999999996,56.5965,52.7835,1,54.002013964274326,1.8532246108228319,4.414818459282797,40.44503954469349,54.83495059869736,1.3419820840477195,16.745997635591042,209094348.0,3326414.92,0,-0.06562284716551169,52.0,-44.0,96.0,54.69,54.24614482887283,53.759509532807066,-0.2512966217401029,0.17774204241239033,0.42903866415249325
1711598400,2024-03-28,55.23,55.89,54.79,55.69,1921036.0,54.7725,56.59547421814326,52.94952578185674,56.0005,53.5135,54.757000000000005,54.7725,1.1000000000000014,56.69625,52.84875,1,56.35829118008765,3.053293856402662,6.354551176518799,40.49956242138888,54.8197860089186,1.3246976494728826,16.240605231839915,211015384.0,3307220.54,0,-0.05863647138510413,48.0,-44.0,92.0,54.7725,54.38365484517065,53.83521504132443,-0.12265521426564308,0.27571964632043944,0.3983748605860825
1711944000,2024-04-01,55.64,55.64,54.53,54.86,1533062.0,54.827,56.591053287181246,53.06294671281875,56.05300000000001,53.592999999999996,54.823,54.827,1.1599999999999966,56.73425,52.91974999999999,1,53.10265808791873,2.0271526873721335,6.345653121578238,34.15041923841041,54.708790554934666,1.3129335316533908,15.498192788749224,209482322.0,3278006.44,0,-0.1254926425911629,44.0,-44.0,88.0,54.827,54.4290210503925,53.87540268676269,-0.09219605177848511,0.28312979586297615,0.37532584764146126
1712030400,2024-04-02,54.57,55.58,54.52,55.23,1839477.0,54.843999999999994,56.616686097428115,53.07131390257187,56.028999999999996,53.69499999999999,54.862,54.843999999999994,1.0599999999999952,56.656749999999995,53.03124999999999,1,54.340343588446956,0.6194206595008132,6.913973632642355,39.31160445708816,54.66767087857021,1.2948668508210055,14.797907324831527,211321799.0,3211635.56,0,-0.0970711469391229,40.0,-44.0,84.0,54.843999999999994,54.505304759878925,53.928524150026895,-0.04808100793960518,0.31522458771695483,0.36330559565656
1712116800,2024-04-03,55.14,55.23,54.08,54.44,1660808.0,54.8575,56.61348263089785,53.101517369102154,56.00716666666666,53.70916666666667,54.85816666666667,54.8575,1.1499999999999986,56.64325,53.07175,1,51.29762957806992,0.4984308657928669,5.9669823524175,41.11123920550187,54.59961212512191,1.284519218619505,13.817055904094847,209660991.0,3170474.44,0,-0.07625523397656687,36.0,-44.0,80.0,54.8575,54.499085258938074,53.94858202649643,-0.07163820940815308,0.27375783389636865,0.3453960433045217
1712203200,2024-04-04,55.38,55.53,54.32,54.9,1733571.0,54.876999999999995,56.62576070404583,53.12823929595416,56.04166666666667,53.71866666666667,54.88016666666666,54.876999999999995,1.2100000000000009,56.6815,53.07249999999999,1,52.913628670202414,0.7154650522839857,5.9361337340057805,47.59381538585219,54.611214521585836,1.2791964172895403,13.077803162702198,211394562.0,3121084.24,0,-0.15704420803094424,32.0,-44.0,76.0,54.876999999999995,54.53726761522969,53.98589253526128,-0.056440798036484774,0.2748450457589158,0.33128584379540055
1712289600,2024-04-05,54.56,54.83,54.1,54.52,1426325.0,54.83449999999999,56.57456292990079,53.09443707009919,55.99416666666666,53.69116666666666,54.84266666666666,54.83449999999999,0.7999999999999972,56.614999999999995,53.05399999999999,1,51.42971946826002,-1.5351273252663795,5.253287098073069,34.62826944235141,54.535133257331346,1.2449681017688585,12.148850007999913,209968237.0,3022315.36,0,-0.13793881624172108,28.000000000000004,-44.0,72.0,54.83449999999999,54.53562308044591,54.00683792603535,-0.07122761716613124,0.2422513223377365,0.31347893950386774
1712548800,2024-04-08,54.58,55.54,54.58,55.41,1654333.0,54.806,56.48777763096522,53.124222369034776,55.95466666666666,53.66966666666666,54.81216666666667,54.806,1.019999999999996,56.5775,53.034499999999994,1,54.57065527140808,-1.018220793140408,6.08958804081454,41.02744225804296,54.54362654719054,1.2288989516425113,12.035540129332674,211622570.0,2965332.44,0,-0.11078521753747797,24.0,-44.0,68.0,54.806,54.61889707278439,54.06186388972024,-0.022822046394277096,0.2849513815110214,0.3077734279052985
1712635200,2024-04-09,55.51,56.32,55.38,55.87,1862118.0,54.774,56.345615729119245,53.202384270880756,55.94333333333333,53.62933333333333,54.786333333333324,54.774,0.9399999999999977,56.56725,52.98075,1,56.11467205213163,-1.1325429127588047,7.455804854506217,49.02270036116955,54.59803075058256,1.2082633122394744,12.643832991236607,213484688.0,2914258.18,0,-0.085072771042606,20.0,-44.0,64.0,54.774,54.73804973251921,54.132771188162586,0.035264210740102,0.351853691330426,0.316589480590324
1712721600,2024-04-10,55.2,55.34,54.3,55.04,2344801.0,54.7395,56.254946798807225,53.224053201192774,55.88250000000001,53.59649999999999,54.7395,54.7395,1.5700000000000003,56.5515,52.9275,1,52.71198822902267,-1.2381123272922983,7.081993299742926,41.51788146824199,54.590032387627794,1.234101647079512,11.979351045548247,211139887.0,2906026.16,0,-0.06734072272937419,16.0,-44.0,60.0,54.7395,54.76680690085071,54.1683487886268,0.013967996364197766,0.3340494760455712,0.32008147968137346
1712808000,2024-04-11,55.43,55.59,54.55,55.12,1310097.0,54.739999999999995,56.2559419514002,53.22405804859979,55.835666666666654,53.614666666666665,54.72516666666667,54.739999999999995,1.0400000000000063,56.503249999999994,52.976749999999996,1,53.00113664100193,0.018145527127559444,6.906433740534573,50.30654970894229,54.636901380137225,1.2202372437166902,11.59960540431513,212449984.0,2860123.14,0,0.06917604390611615,12.0,-44.00000000000001,56.00000000000001,54.739999999999995,54.80044433886493,54.20566844397477,0.00207500767251384,0.3226752392720158,0.32060023159950196
1712894400,2024-04-12,55.3,55.44,54.44,54.78,2204619.0,54.7275,56.23778308605211,53.21721691394789,55.8335,53.640499999999996,54.737,54.7275,1.0,56.469,52.986,1,51.589900240405214,-0.4542976558240959,6.159496922409465,50.158616874272,54.69939963158094,1.204506012022641,11.124905019556897,210245365.0,2782811.74,0,0.1025077069071653,8.0,-44.0,52.0,54.7275,54.79849725897303,54.22819125009341,-0.03010891937724053,0.28296408237795134,0.31307300175519187
1713153600,2024-04-15,54.99,55.21,53.74,54.27,2131363.0,54.69599999999999,56.2168208310038,53.17517916899618,55.831999999999994,53.587,54.709500000000006,54.69599999999999,1.4699999999999989,56.47649999999999,52.915499999999994,1,49.508470526962476,-1.147540983606549,4.641359064070805,49.724908266042334,54.74648798289731,1.223469868306738,10.718194127987596,208114002.0,2776988.3,0,0.10638619078888471,4.0,-44.0,48.0,54.69599999999999,54.748164186689884,54.22983080891328,-0.08410405738300086,0.20794293002644082,0.2920469874094417
1713240000,2024-04-16,53.95,53.95,52.8,53.3,2391638.0,54.61400000000001,56.24613234757947,52.981867652420554,55.76766666666666,53.49666666666667,54.63216666666667,54.61400000000001,1.470000000000006,56.43800000000001,52.79000000000001,1,45.80832010045733,-2.985074626865673,1.701614771126252,49.28338937676552,54.772101186686754,1.2410791634276859,11.186109989952877,205722364.0,2775954.76,0,0.16203214665837026,80.0,36.0,44.0,54.61400000000001,54.610243787957515,54.19336685562256,-0.1781039607024577,0.06941703653136955,0.24752099723382726
1713326400,2024-04-17,53.61,54.57,53.18,54.52,1993998.0,54.6005,56.231051747113604,52.96994825288639,55.75583333333333,53.430833333333325,54.59333333333333,54.6005,1.3900000000000006,56.464999999999996,52.736,1,50.6876487593258,-0.49279065522904913,1.397380933436109,47.62905757505286,54.769189216215615,1.2517163660399941,10.936627040944568,207716362.0,2771335.7,0,0.13035461239640989,76.0,36.0,40.0,54.6005,54.60164914148537,54.20617599853932,-0.15208382692612157,0.05741621357617532,0.2095000405022969
1713412800,2024-04-18,54.76,55.15,54.12,54.97,1626195.0,54.5905,56.209369667396125,52.97163033260387,55.73416666666666,53.42016666666666,54.57716666666666,54.5905,1.0300000000000011,56.446749999999994,52.73425,1,52.353319603872315,-0.36251586006888314,1.9039881416274975,46.977422251889465,54.71640166137707,1.2358794827514232,10.190616554148033,209342557.0,2745001.44,0,0.12544540980632427,72.0,36.0,36.0,54.5905,54.636730175629616,54.23612988094955,-0.10099444881607128,0.08325697948220778,0.18425142829827906
1713499200,2024-04-19,55.09,55.82,54.96,55.62,2323408.0,54.6745,56.32369950279375,53.02530049720625,55.75283333333333,53.50483333333333,54.62883333333333,54.6745,0.8599999999999994,56.48125,52.86775,1,54.68083524557716,3.1145717463848714,3.374022923420698,54.41484909249697,54.765191587343764,1.2090309482691788,10.111928422306704,211665965.0,2743877.5,0,0.19204677734141112,68.0,36.0,32.0,54.6745,54.73037492080775,54.2903992973829,-0.02387662410987787,0.15440564816093172,0.1782822722708096
1713758400,2024-04-22,55.61,56.7,55.4,56.19,1559368.0,54.787,56.52501150744608,53.04898849255392,55.87833333333333,53.57633333333333,54.72733333333334,54.787,1.3000000000000043,56.63425,52.93975,1,56.636188815333604,4.171301446051168,5.461550189866733,53.9741258135854,54.820181945943254,1.2155287376785233,10.74595633538641,213225333.0,2712094.82,0,0.18308238198954518,100.0,72.0,28.000000000000004,54.787,54.86938683311177,54.36489344258357,0.06046168941638552,0.2538593840412915,0.19339769462490597
1713844800,2024-04-23,55.94,56.83,55.74,56.23,1831877.0,54.91850000000001,56.675250124523934,53.16174987547608,56.0105,53.6985,54.85450000000001,54.91850000000001,1.0899999999999963,56.77325000000001,53.063750000000006,1,56.773957467091506,4.90671641791044,7.196414533574968,60.620514511294374,54.93547994861352,1.206562399272914,11.433232664498275,215057210.0,2678770.64,0,0.19841973765004875,100.0,76.0,24.0,54.91850000000001,54.99896903948208,54.438034876207745,0.11094334544976059,0.3320768764371067,0.22113353098734612
1713931200,2024-04-24,55.56,56.89,55.39,56.69,2087281.0,55.1305,56.65212380370924,53.60887619629076,56.17983333333333,53.87283333333333,55.02633333333333,55.1305,1.5,56.9815,53.2795,1,58.37481745418896,8.083889418493793,9.334000657818473,61.218589011820434,55.04500281291917,1.2275222278962772,11.666899748253897,217144491.0,2673003.72,0,0.25570095564928647,100.0,80.0,20.0,55.1305,55.16001960715045,54.526347234003524,0.1641085291304069,0.42626919240035477,0.26216066326994786
1714017600,2024-04-25,56.74,57.01,55.6,56.39,1432034.0,55.202,56.81641754203009,53.58758245796991,56.254,54.0,55.126999999999995,55.202,1.4099999999999966,56.96975,53.43425,1,56.92748048917392,2.601892285298398,10.499801902520659,66.56397484632345,55.143909233548875,1.2405563544751144,11.98790937317435,215712457.0,2633806.62,0,0.25406642166664456,96.0,80.0,16.0,55.202,55.27716059694565,54.599431656199464,0.16729322813689945,0.4712771984410722,0.30398397030417273
1714104000,2024-04-26,56.44,56.61,55.38,55.4,1590695.0,55.1875,56.789284941874065,53.585715058125935,56.277499999999996,54.0105,55.14399999999999,55.1875,1.2299999999999969,56.964999999999996,53.410000000000004,1,52.41332834526949,-0.5207398096606198,9.522080499592686,60.48012147134605,55.18078315690685,1.2398023291554632,12.015387054326796,214121762.0,2497078.58,0,0.15181339708582978,92.0,80.0,12.0,55.1875,55.288859587712736,54.63082649321125,0.09456869730709128,0.4221948419380368,0.3276261446309455
1714363200,2024-04-29,55.74,56.62,55.6,56.34,1789853.0,55.2615,56.93123381112511,53.591766188874885,56.33183333333333,54.073833333333326,55.20283333333333,55.2615,1.2199999999999989,57.043499999999995,53.4795,1,55.90782631453391,2.6977761574918047,10.236082152938012,60.38743877284404,55.20113872468132,1.23838787707293,12.05087860324324,215911615.0,2417959.84,0,0.1795743783162859,88.0,80.0,8.0,55.2615,55.38896819840676,54.697852905242186,0.10103062187738654,0.45391442197767873,0.3528838001002922
1714449600,2024-04-30,55.77,56.73,55.07,56.48,3515974.0,55.324,57.075894974025076,53.57210502597492,56.411,54.092999999999996,55.25200000000001,55.324,1.6599999999999966,57.150999999999996,53.497,1,56.40966740913124,2.263262719536484,11.027297643454496,57.69720495105068,55.339997940627505,1.2685030287105776,11.413663676090446,219427589.0,2383442.9,1,0.22472277948596406,84.0,80.0,4.0,55.324,55.49287598903469,54.767741026605236,0.10550193755431242,0.4847612220431827,0.3792592844888703
1714536000,2024-05-01,56.52,58.23,56.31,57.42,2087404.0,55.473,57.39723595227148,53.54876404772852,56.586333333333336,54.19133333333333,55.38883333333333,55.473,1.9199999999999946,57.357749999999996,53.58825,0,59.655079079163514,5.473916238060257,13.138466393974223,58.96421773275861,55.49630258804143,1.3150385266598217,12.224201676326475,221514993.0,2354085.28,0,0.22561571800351948,100.0,43.99999999999999,56.00000000000001,55.473,55.676411609126625,54.87175118242464,0.15930485518268583,0.5783903534672277,0.41908549828454184
1714622400,2024-05-02,58.35,58.93,56.21,56.61,3164779.0,55.5585,57.524798807407976,53.59220119259203,56.778499999999994,54.232499999999995,55.505500000000005,55.5585,2.719999999999999,57.5565,53.560500000000005,1,55.88127396010753,3.1147540983606574,13.1885360723286,56.80773316094291,55.72979546657625,1.4153929176126916,13.486805328467051,218350214.0,2351653.58,0,0.1665112468339819,96.0,44.0,52.0,55.5585,55.7653247892098,54.93991780272171,0.1291634276851622,0.5805397828909946,0.4513763552058324
1714708800,2024-05-03,57.02,57.3,54.88,55.92,3447870.0,55.62850000000001,57.54087313305065,53.71612686694937,56.9405,54.22549999999999,55.583000000000006,55.62850000000001,2.4199999999999946,57.748000000000005,53.509000000000015,1,52.881580104685476,2.5678650036683757,11.854602323669894,54.2608317433812,55.8551628223128,1.4871505663546418,13.183446133865946,214902344.0,2349247.56,0,0.16297186557483098,92.0,44.0,48.0,55.62850000000001,55.780055761666006,54.97835239869341,0.05535110445006103,0.5205652357684087,0.4652141313183477
1714968000,2024-05-06,56.11,56.31,55.49,55.64,1751169.0,55.64,57.54974343826963,53.73025656173037,56.965333333333334,54.26433333333333,55.61483333333333,55.64,0.8200000000000003,57.7445,53.5355,1,51.69620811834622,0.41508752932684345,10.246543844526439,55.21778207122331,56.05111708737137,1.4394969544721674,12.901755453164922,213151175.0,2340585.52,0,0.13998767950270732,88.0,44.0,44.0,55.64,55.766717117697816,55.00429936345053,-0.0159248404326206,0.445308080777572,0.4612329212101926
1715054400,2024-05-07,56.03,57.08,55.94,57.0,2076178.0,55.69649999999999,57.69492212758311,53.698077872416874,57.01616666666666,54.295166666666674,55.655666666666676,55.69649999999999,1.4399999999999977,57.838499999999996,53.55449999999999,1,56.66290138904107,2.022552353678186,11.11465073644437,55.475760777716815,56.222900227958014,1.4395328862955838,13.265713419137294,215227353.0,2341201.8,0,0.1374363560110078,84.0,44.0,40.0,55.69649999999999,55.884172630298025,55.082562133511296,0.022822634900413752,0.4897612148357098,0.466938579935296
1715140800,2024-05-08,56.73,57.15,56.38,56.88,1567933.0,55.7885,57.82658022413587,53.75041977586413,57.09816666666667,54.404166666666676,55.75116666666666,55.7885,0.769999999999996,57.8705,53.7065,1,56.12688778860794,3.3430232558139594,11.562006157981603,55.47667770885108,56.332433187785604,1.3917091087030418,13.65848803013519,213659420.0,2319011.22,0,0.11819898984572594,80.0,44.0,36.0,55.7885,55.979013332174404,55.15304989298144,0.033997291981062716,0.5094351949116245,0.47543790293056176
1715227200,2024-05-09,56.78,57.64,56.52,57.55,1376602.0,55.910000000000004,58.06079520178318,53.75920479821683,57.20966666666667,54.50766666666666,55.85866666666667,55.910000000000004,1.1199999999999974,57.998000000000005,53.822,0,58.43760862114174,4.4085631349782295,12.951808952788232,54.127476480855336,56.443649301249884,1.3723013152242527,14.40557647952767,215036022.0,2311707.74,0,0.11903647661510598,100.0,68.0,32.0,55.910000000000004,56.12863111006256,55.24704793639394,0.07764251447654541,0.5724910460262436,0.49484853154969816
1715313600,2024-05-10,57.86,58.0,57.22,57.7,1635835.0,56.056000000000004,58.27548102042197,53.83651897957804,57.336333333333336,54.656333333333336,55.99633333333334,56.056000000000004,0.7800000000000011,58.127500000000005,53.984500000000004,0,58.94715665476806,5.330412559328225,14.290689655470834,54.31584476524416,56.52874774357891,1.3299940784225206,15.367895245889644,216671857.0,2249844.94,0,0.12014475830567534,100.0,72.0,28.000000000000004,56.056000000000004,56.278285290056594,55.34324213496673,0.10598955544999278,0.6273354758621892,0.5213459204121964
1715572800,2024-05-13,57.58,57.68,56.9,57.1,2147181.0,56.197500000000005,58.30131439295703,54.09368560704298,57.44283333333334,54.83183333333333,56.13733333333333,56.197500000000005,0.8000000000000043,58.21875,54.17625000000001,0,56.05364746403187,5.214667403722126,14.149373157850059,47.537179849200434,56.59543483487305,1.292137358535198,15.847805178280927,214524676.0,2230998.76,0,0.08984302381067613,96.0,72.0,24.0,56.197500000000005,56.35654383386073,55.412134600262156,0.07515717439175518,0.6152923884018904,0.5401352140101352
1715659200,2024-05-14,57.66,57.76,56.71,56.75,1767533.0,56.36999999999999,58.00980486644384,54.730195133556144,57.624,55.023,56.3235,56.36999999999999,1.0499999999999972,58.35974999999999,54.38024999999999,1,54.41357713929105,6.472795497185747,13.319036469999586,40.94298041878114,56.64356442963066,1.2748418329255409,16.048011005868716,212757143.0,2210568.2,0,-0.01696100852356245,92.0,72.0,20.0,56.36999999999999,56.39401584968351,55.4645999100558,0.024631680014397195,0.5709248140281318,0.5462931340137346
1715745600,2024-05-15,57.37,57.52,56.87,57.07,2109143.0,56.49749999999999,57.92488747367795,55.07011252632203,57.74016666666667,55.21316666666668,56.47666666666667,56.49749999999999,0.7700000000000031,58.44074999999999,54.55424999999999,1,55.662087535742806,4.677182685253112,13.150364328733186,42.32618630391841,56.694164851009184,1.2387817020022882,16.23391641720023,214866286.0,2202417.34,0,-0.049343323403968305,88.0,72.0,16.0,56.49749999999999,56.4583952925708,55.527556776328126,0.007113247808907652,0.5551846937748692,0.5480714459659616
1715832000,2024-05-16,57.07,58.29,56.75,57.94,3011341.0,56.646,58.023946297942175,55.26805370205783,57.91133333333333,55.333333333333336,56.62233333333334,56.646,1.5399999999999991,58.6275,54.664500000000004,1,58.88468416245766,5.402947062033834,14.396399589437872,50.031001947746056,56.83204310223438,1.2602972947164104,17.085368136045467,217877627.0,2221066.54,0,0.0540505940000215,100.0,88.0,12.0,56.646,56.59950050280215,55.62216239294271,0.046284850452830706,0.605927509032,0.5596426585791693
1715918400,2024-05-17,57.75,57.87,57.15,57.47,1921717.0,56.7385,58.076323231975145,55.40067676802486,58.00583333333333,55.44183333333333,56.72383333333333,56.7385,0.7899999999999991,58.71475,54.76225,1,56.54746805612132,3.326141675656241,14.40482440309169,44.15905308769651,56.90906326041729,1.2267046308080953,17.876001874973184,215955910.0,2213543.06,0,0.021504089936205728,96.0,88.0,8.0,56.7385,56.682405216820996,55.69462661282731,0.0333140664809739,0.6012852416803867,0.5679711751994128
1716177600,2024-05-20,57.51,57.52,57.14,57.3,980480.0,56.794,58.12829232179921,55.459707678200786,58.021,55.549,56.78499999999999,56.794,0.38000000000000256,58.701249999999995,54.88675,1,55.70564047512585,1.9754404698344892,14.04834682307138,47.91908463589671,57.02168098763885,1.166225728607517,18.594083027636195,214975430.0,2195659.04,0,-0.06653930135860174,92.0,88.0,4.0,56.794,56.74122376759995,55.75758243193212,0.007410764322291263,0.5772346306022769,0.5698238662799856
1716264000,2024-05-21,57.34,57.84,57.21,57.72,1622629.0,56.8685,58.23452013162772,55.502479868372276,58.064166666666665,55.63816666666666,56.851166666666664,56.8685,0.6300000000000026,58.741249999999994,54.99575,1,57.356607862301296,2.6498310510403735,14.44225101543365,47.08186725443946,57.032158752673894,1.1279238908498375,19.554698530914873,216598059.0,2170691.3,0,-0.043887338237781875,88.0,84.0,4.0,56.8685,56.834440551638046,55.83453998362106,0.012395035232444451,0.5853176603205412,0.5729226250880968
1716350400,2024-05-22,57.18,57.56,56.34,56.39,1565622.0,56.85350000000001,58.23354746295636,55.47345253704366,58.07216666666667,55.674166666666665,56.87316666666667,56.85350000000001,1.3799999999999955,58.71725000000001,54.989750000000015,1,51.018021319847726,-0.5291938613512033,11.882246194099412,49.90838414501444,56.99100798704541,1.1459293272177058,19.09622704428717,215032437.0,2161430.32,0,-0.016961712747069493,84.0,80.0,4.0,56.85350000000001,56.79211288005347,55.856322729361416,-0.07523140764027958,0.47888336553774735,0.5541147731780269
1716436800,2024-05-23,55.89,55.91,54.16,54.24,1776883.0,56.746,58.5296524325138,54.962347567486205,58.011,55.57899999999999,56.795,56.746,2.230000000000004,58.67125,54.820750000000004,1,42.942673172641086,-3.8127327540344007,5.521919175252451,53.22712816406662,56.96554266257757,1.2233629467021554,19.046134523487947,213255554.0,2131927.34,0,-0.06272801780823169,80.0,-20.0,100.0,56.746,56.54905451052457,55.79293752428842,-0.26846994554793346,0.21852734124311013,0.4869972867910436
1716523200,2024-05-24,54.32,54.97,54.07,54.24,2058925.0,56.688,58.70334711650685,54.67265288349316,57.926,55.527,56.72650000000001,56.688,0.8999999999999986,58.5885,54.7875,0,42.942673172641086,-2.0938628158844708,0.7102656032951403,52.703611205770194,56.840254125204616,1.2002655933662871,19.070962562199156,215314479.0,2114099.42,0,-0.06863427663380821,76.0,-20.0,96.0,56.688,56.32914455714128,55.73203801353201,-0.37995434058877225,0.012054361055078289,0.39200870164385054
1716868800,2024-05-28,54.38,55.05,53.51,53.55,1506219.0,56.548500000000004,58.98344784338653,54.11355215661348,57.8445,55.3935,56.61900000000001,56.548500000000004,1.5399999999999991,58.473000000000006,54.624,0,40.654396253747926,-4.952076677316305,-4.241664948297048,45.763014733259524,56.6855011402155,1.2245323366972667,19.530429859073003,213808260.0,2022977.54,0,-0.1984598752767849,72.0,-28.0,100.0,56.548500000000004,56.06446412312782,55.64646789535429,-0.4775208217494916,-0.20489232554301395,0.27262849620647767
1716955200,2024-05-29,53.13,53.61,52.85,53.52,1972288.0,56.4005,59.17083914891532,53.63016085108468,57.66116666666667,55.30016666666667,56.480666666666664,56.4005,0.759999999999998,58.2575,54.5435,0,40.5554913713866,-5.240793201133133,-8.168621384724302,39.047215850051366,56.41796870927447,1.1913514555046045,20.42407413455764,211835972.0,2017493.12,0,-0.15457120995787604,68.0,-32.0,100.0,56.4005,55.822134206639454,55.56307699749726,-0.5180412032965804,-0.3749230079142478,0.14311819538233256
1717041600,2024-05-30,53.87,54.3,53.45,54.28,1675286.0,56.243500000000004,59.118845370562134,53.368154629437875,57.442166666666665,55.18816666666667,56.31516666666666,56.243500000000004,0.8499999999999943,58.020250000000004,54.466750000000005,0,44.177020322315755,-5.468477882270987,-9.80737479330681,39.53941846203485,56.21754771288187,1.1669692086828467,20.40577037274566,213511258.0,1995312.62,0,-0.1356494976126377,64.0,-32.0,96.0,56.243500000000004,55.6752642821976,55.512760252497365,-0.46908537430776154,-0.4432385225023694,0.025846851805392174
1717128000,2024-05-31,54.54,55.87,54.36,55.84,4679640.0,56.205,59.08030520119397,53.329694798806024,57.287,55.153999999999996,56.2205,56.205,1.5899999999999963,57.897,54.513,0,50.67045836021898,-1.3601837131248826,-8.07810034659303,45.717371388122885,55.99683107606337,1.1971856937769287,19.05748999196179,218190898.0,2049802.4,1,0.02163829706426355,60.0,-32.0,92.0,56.205,55.690953398178785,55.52559318377198,-0.31449066394016695,-0.3672664781198165,-0.05277581417964956
1717387200,2024-06-03,55.88,56.74,55.62,56.27,2077315.0,56.22249999999999,59.09491274889474,53.350087251105236,57.23083333333334,55.22783333333334,56.22933333333333,56.22249999999999,1.1200000000000045,57.816999999999986,54.62799999999999,0,52.28100471623374,0.625894134477828,-5.94316677761085,53.16046139314143,55.92031727264302,1.1916724299357198,18.489683420039118,220268213.0,2016627.06,0,0.06972976812542653,56.00000000000001,-31.999999999999993,88.0,56.22249999999999,55.746100693590336,55.55478560793778,-0.17318483173861304,-0.26925685385291587,-0.09607202211430282
1717473600,2024-06-04,56.23,57.54,56.03,57.34,2705293.0,56.307500000000005,59.206423075904745,53.408576924095264,57.323166666666665,55.25116666666668,56.287166666666664,56.307500000000005,1.509999999999998,57.95375000000001,54.66125,0,56.040349012289056,3.0553558590941816,-2.364295339415089,60.741842031835475,55.947344590066145,1.2144101135117396,18.520307995627384,222973506.0,2027591.74,1,0.18961512629213276,52.0,-32.0,84.0,56.307500000000005,55.89790062753411,55.62479401546963,-0.006377668037484283,-0.1040441071611582,-0.09766643912367391
1717560000,2024-06-05,57.31,57.34,56.06,56.11,1865380.0,56.263,59.14531226622187,53.380687733778124,57.32166666666667,55.23566666666667,56.278666666666666,56.263,1.2800000000000011,57.89725,54.62875,0,51.16309527689014,-1.5614035087719307,-1.6418583889826681,53.970682595702115,55.8961371556771,1.2190951054037582,18.548745101530777,221108126.0,2026422.52,0,0.16030696959853333,48.0,-32.0,80.0,56.263,55.91810056776896,55.6438217011375,0.020902838262613896,-0.07153789129540655,-0.09244072955802045
1717646400,2024-06-06,55.83,56.8,55.36,55.46,1238312.0,56.19199999999999,59.079972299038396,53.30402770096159,57.30866666666666,55.15566666666666,56.23216666666667,56.19199999999999,1.4399999999999977,57.87649999999999,54.50749999999999,0,48.80053061995889,-2.496483825597753,-2.14092738831172,46.355954797686266,55.70298686728118,1.2348740264463467,17.87979344234833,219869814.0,2007875.84,0,0.07260365203642585,44.0,-32.0,76.0,56.19199999999999,55.87447194226716,55.63661300697524,-0.003732747217225496,-0.09710666357955233,-0.09337391636232684
1717732800,2024-06-07,54.99,55.68,54.9,55.23,1944468.0,56.076,58.92254457193513,53.229455428064874,57.19333333333333,55.074333333333335,56.133833333333335,56.076,0.7800000000000011,57.735,54.417,0,47.97537447248386,-4.031277150304084,-2.893684553082174,46.44708898489488,55.54797893880723,1.2023830245573222,16.83155143060063,217925346.0,1989947.12,0,0.06944931188023125,40.0,-32.0,72.0,56.076,55.81309366205124,55.620667398858565,-0.03280496865428777,-0.13438012718018655,-0.10157515852589878
1717992000,2024-06-10,55.11,55.98,54.95,55.66,1785694.0,55.974000000000004,58.72506088627887,53.22293911372114,57.10033333333333,54.956333333333326,56.02833333333333,55.974000000000004,1.029999999999994,57.65175,54.29625000000001,0,49.65078527399305,-3.535528596187186,-2.7644353637675967,51.460480584377855,55.48583315837812,1.190069951374656,16.11425373414073,219711040.0,1987240.28,0,0.09666813918006571,36.0,-32.0,68.0,55.974000000000004,55.79851331328445,55.62220985380529,-0.020939546391131908,-0.1277495915148137,-0.10681004512368178
1718078400,2024-06-11,55.01,55.91,55.01,55.71,1661914.0,55.904500000000006,58.60808632190903,53.200913678090984,57.02216666666666,54.86616666666667,55.94416666666666,55.904500000000006,0.8999999999999986,57.58975,54.21925000000001,0,49.848470618154394,-2.4343257443082322,-2.576783254042912,51.42546288814662,55.36944084699275,1.1693506691336089,15.44819158742796,221372954.0,1989817.32,0,0.09368718456667657,32.0,-32.0,64.0,55.904500000000006,55.79008347392403,55.62565260463646,-0.008240193981201724,-0.11711028760018394,-0.10887009361898221
1718164800,2024-06-12,56.57,56.57,55.02,55.57,1301797.0,55.8455,58.52409272753691,53.16690727246309,56.97950000000001,54.7735,55.8765,55.8455,1.5499999999999972,57.56825,54.12275,0,49.27821293204441,-2.0792951541850213,-2.6524149168141977,56.60559550883772,55.3083439375651,1.1965399070526368,15.404543133090172,220071157.0,1979063.72,0,0.13206207916877452,28.000000000000004,-31.999999999999996,60.0,55.8455,55.76912314307412,55.62347014955267,-0.007790446405647453,-0.11860815162604155,-0.1108177052203941
1718251200,2024-06-13,55.68,55.81,54.5,55.35,1411036.0,55.7595,58.38523780107873,53.133762198921275,56.91583333333334,54.643833333333326,55.77983333333334,55.7595,1.3100000000000023,57.52275,53.99625,0,48.3630383986507,-3.013842649377955,-3.0799835185329263,57.31737140531814,55.33817934974627,1.20464419940602,14.804122846244622,218660121.0,1974068.28,0,0.20675908837994403,24.0,-32.00000000000001,56.00000000000001,55.7595,55.729206653257535,55.61274582996238,-0.020129747439293716,-0.13597988951951123,-0.11585014208021752
1718337600,2024-06-14,55.06,55.77,54.7,55.63,1677378.0,55.644000000000005,58.071668840681106,53.216331159318905,56.77766666666666,54.55266666666667,55.665166666666664,55.644000000000005,1.0700000000000003,57.37200000000001,53.916000000000004,0,49.616607077086236,-3.9868829823955734,-2.9293704867936903,64.13370758564999,55.40815676412133,1.1950267565913042,14.246589722745185,220337499.0,1972944.42,0,0.30124069959976724,20.0,-32.0,52.0,55.644000000000005,55.71975840056634,55.6134224640815,-0.00788341815115412,-0.12570441476916017,-0.11782099661800605
1718596800,2024-06-17,55.13,55.43,54.22,54.35,2292973.0,55.488,57.82557652281463,53.15042347718537,56.66066666666667,54.38666666666667,55.52366666666667,55.488,1.4100000000000037,57.262499999999996,53.7135,0,44.42669723186313,-5.428919436227592,-4.991431234861125,62.33551368268179,55.42107876879594,1.2103819882633542,13.24951899660727,218044526.0,1990277.38,0,0.2797022431759828,16.0,-32.0,48.0,55.488,55.589305219560025,55.563876485097914,-0.0804068525484481,-0.21832956230356615,-0.13792270975511806
1718683200,2024-06-18,54.14,54.87,54.14,54.68,2352754.0,55.357000000000006,57.56369979834466,53.150300201655355,56.54033333333333,54.23133333333334,55.38583333333334,55.357000000000006,0.7299999999999969,57.15775000000001,53.556250000000006,0,45.96068862237922,-4.572425828970327,-6.036467348882454,61.42658826899771,55.4947716832861,1.1760689891016856,12.409668872487387,220397280.0,2004245.8,0,0.2628356777622881,12.0,-32.0,44.0,55.357000000000006,55.50270472245907,55.529214662152896,-0.09933083206211557,-0.2620862498327625,-0.16275541777064695
1718856000,2024-06-20,54.49,55.13,54.21,54.67,1734486.0,55.20450000000001,57.142060063588886,53.266939936411134,56.40883333333333,54.07083333333334,55.23983333333333,55.20450000000001,0.9200000000000017,57.02700000000001,53.38200000000001,0,45.920256785083254,-5.2841302841302795,-6.905898697729475,61.53157664931754,55.531559698101724,1.1577783470229939,11.710672194810243,218662794.0,2001693.16,0,0.20672372445440754,8.0,-32.0,40.0,55.20450000000001,55.4233995107963,55.49551996951945,-0.1051392960113903,-0.2941795377848848,-0.18904024177349452
1718942400,2024-06-21,54.68,54.96,53.91,53.91,4191419.0,55.080499999999994,57.01613917092382,53.144860829076165,56.275166666666664,53.954166666666666,55.114666666666665,55.080499999999994,1.0500000000000043,56.878249999999994,53.28274999999999,0,42.901037012190194,-4.3979428976769,-8.915890640947987,46.20962569436536,55.37181578631998,1.150079893664209,11.038411162474215,214471375.0,2038625.52,-1,-0.09724651657871905,4.0,-32.0,36.0,55.080499999999994,55.2792662240538,55.433342715812806,-0.1500463337565658,-0.3765981589692018,-0.226551825212636
1719201600,2024-06-24,54.03,54.81,53.76,54.68,1569403.0,55.1025,57.009213140463096,53.1957868595369,56.222500000000004,53.971500000000006,55.097,55.1025,1.0500000000000043,56.811749999999996,53.39325,0,46.642483628247746,0.8112094395280194,-8.98735097219787,45.10864090084685,55.254977813421725,1.1429313298310515,10.589883851779762,216040778.0,2043811.64,0,-0.06848792629438372,12.0,-20.0,32.0,55.1025,55.22219325033439,55.4037998642123,-0.11912248738088538,-0.3754549344387428,-0.2563324470578574
1719288000,2024-06-25,54.76,55.01,53.77,53.82,1543552.0,55.08149999999999,57.03443906715357,53.12856093284641,56.22816666666667,53.94316666666667,55.085666666666654,55.08149999999999,1.2399999999999949,56.81624999999999,53.34674999999999,0,43.30632434813613,-0.7743362831858438,-10.493288983283131,36.740217026107906,55.01907577693302,1.1498648062716903,9.912298042813472,214497226.0,2030590.3,0,-0.19973452166974817,8.0,-20.000000000000004,28.000000000000004,55.08149999999999,55.088651036016834,55.341690065615744,-0.14604167883090358,-0.43888454559648693,-0.29284286676558335
1719374400,2024-06-26,53.59,53.87,53.13,53.71,1407795.0,55.0895,57.018442456377244,53.16055754362276,56.164833333333334,53.959833333333336,55.062333333333335,55.0895,0.7399999999999949,56.76425,53.414750000000005,0,42.89325332956777,0.29878618113912925,-11.88132344036402,37.50957136284121,54.83492575614659,1.120588748680855,10.041357503608722,213089431.0,2016118.94,0,-0.1067818844283107,4.0,-20.0,24.0,55.0895,54.957350937348565,55.27770221990533,-0.1596085108960542,-0.49235350538565115,-0.33274499448959693
1719460800,2024-06-27,53.65,54.36,53.52,53.92,1274001.0,55.109500000000004,56.980355152066736,53.23864484793327,56.19916666666667,53.986166666666676,55.09266666666666,55.109500000000004,0.8399999999999963,56.79025,53.42875000000001,0,43.967287387719196,0.7473841554559016,-12.56103614307906,42.322271022663216,54.74182342199432,1.100546695203651,9.512371610397873,214363432.0,1993766.2,0,-0.06817692109327807,36.0,16.0,20.0,55.109500000000004,54.858555609982034,55.22445899559532,-0.14330971451849261,-0.5118821376377127,-0.3685724231192201
1719547200,2024-06-28,54.05,54.12,53.08,53.47,3208269.0,55.069,57.04219943239773,53.095800567602275,56.186,53.95400000000001,55.07000000000001,55.069,1.0399999999999991,56.764,53.374,0,42.17797577458795,-1.4922623434045732,-13.872017170027306,40.50142486870379,54.56565090064299,1.096221931260533,9.528128114631219,211155163.0,2018051.62,-1,-0.08338008413058523,32.0,-68.0,100.0,55.069,54.72631221855517,55.15565668204256,-0.150939156956717,-0.5572463693151164,-0.4063072123583994
1719806400,2024-07-01,53.81,54.11,53.1,53.32,1984809.0,54.943000000000005,57.022164255179206,52.863835744820804,56.06866666666666,53.88666666666668,54.977666666666664,54.943000000000005,1.009999999999998,56.594500000000004,53.291500000000006,0,41.58417664659673,-4.512893982808029,-15.198881938881858,33.71328812104265,54.427401043895124,1.0900632218847806,9.54275915427647,209170354.0,2025223.9,0,-0.14783397208647436,28.000000000000004,-72.0,100.0,54.943000000000005,54.592377721549916,55.08367014549188,-0.15367708792212503,-0.5984035722610557,-0.44472648433893064
1719892800,2024-07-02,53.48,53.99,53.05,53.29,1987138.0,54.794000000000004,56.898380193789876,52.68961980621013,55.92133333333334,53.757333333333335,54.83933333333333,54.794000000000004,0.9400000000000048,56.432,53.156000000000006,0,41.46129047112613,-5.2958947929625095,-16.3497246914339,27.318468885909596,54.29101962321396,1.0793444203215823,9.617697987793093,207183216.0,2018498.5,0,-0.21397021433676236,24.0,-76.0,100.0,54.794000000000004,54.468341748068966,55.01333013978632,-0.14519720656810353,-0.6262229925490601,-0.4810257859809566
1719979200,2024-07-03,53.53,54.53,53.43,54.03,1105636.0,54.628499999999995,56.40027058334743,52.85672941665256,55.75216666666667,53.62916666666668,54.690666666666665,54.628499999999995,1.240000000000002,56.246249999999996,53.010749999999994,0,45.632849131719986,-5.772584583188005,-15.535156219492787,26.69814005227832,54.21222948412874,1.0908198188700409,8.961293634743805,208288852.0,2009423.86,0,-0.19823587384105218,20.0,-76.0,96.0,54.628499999999995,54.42659491491954,54.97476817352019,-0.08066021222657938,-0.5818510512641808,-0.5011908390376014
1720152000,2024-07-05,54.07,54.55,53.78,53.99,1753634.0,54.5225,56.176826146808864,52.86817385319114,55.60683333333334,53.53483333333334,54.57083333333334,54.5225,0.769999999999996,56.102,52.943000000000005,0,45.448568333736034,-3.778292639458203,-14.934080755972559,32.63914774800149,54.15500251804929,1.0679041175221806,8.379930803197437,206535218.0,2007859.0,0,-0.23915958076060767,16.0,-76.0,92.0,54.5225,54.38501444683197,54.9361498137743,-0.03396477819516974,-0.5436468117815636,-0.5096820335863939
1720411200,2024-07-08,53.91,54.2,53.74,54.03,1535572.0,54.451,56.060060595507686,52.841939404492315,55.46366666666667,53.489666666666665,54.47666666666667,54.451,0.46000000000000085,55.957,52.945,0,45.679478378439995,-2.578434908041831,-14.332219406852623,26.70763353541669,54.07319599873177,1.024482394842025,7.783519664883096,208070790.0,1996824.82,0,-0.2703594113679901,12.0,-76.0,88.0,54.451,54.351203547133686,54.90061452695962,0.004282885375141654,-0.5043284268674668,-0.5086113122426085
1720497600,2024-07-09,53.97,54.6,53.63,54.53,1914758.0,54.416,55.985731187183205,52.84626881281679,55.422333333333334,53.42933333333333,54.42583333333333,54.416,0.9699999999999989,55.936249999999994,52.89575,0,48.54529359766875,-1.2674271229404233,-12.559770313139747,34.06725597447014,54.03633918032671,1.0205907952104518,7.821644935218378,209985548.0,2006479.3,0,-0.14931352042843105,8.0,-76.0,84.0,54.416,54.368231780740004,54.8860806239416,0.0645770081493322,-0.4278900520559432,-0.4924670602052754
1720584000,2024-07-10,54.68,54.84,54.01,54.77,1876897.0,54.37149999999999,55.84516583729679,52.89783416270319,55.362833333333334,53.38983333333333,54.376333333333335,54.37149999999999,0.8300000000000054,55.87674999999999,52.866249999999994,1,49.88127945488952,-1.5989938914839983,-10.46928800773505,41.66775050263323,54.02546443940963,1.0069771669811343,8.192097290220051,211862445.0,2012203.34,0,-0.13597788269119365,4.0,-76.0,80.0,54.37149999999999,54.40649542066953,54.88152844261056,0.11878893023774462,-0.3439808974080947,-0.4627698276458393
1720670400,2024-07-11,55.29,56.3,55.13,56.0,2619573.0,54.38599999999999,55.91666521487085,52.85533478512913,55.38966666666668,53.38966666666666,54.38966666666666,54.38599999999999,1.529999999999994,55.93849999999999,52.83349999999999,1,56.038932943437366,0.5205528630407452,-5.658734578509477,43.646096361714406,54.15261749546291,1.0443359407681956,10.095959939061588,214482018.0,2028797.74,0,-0.08605182374854174,4.0,-72.0,76.0,54.38599999999999,54.558257761558146,54.925390072312105,0.22925551141023254,-0.17620043838304866,-0.4054559497932812
1720756800,2024-07-12,56.2,57.15,55.84,56.89,2294861.0,54.452,56.26835459093635,52.63564540906365,55.423,53.447,54.435,54.452,1.3099999999999952,55.9865,52.9175,0,59.8007249678586,2.375382400575851,0.27312927705070683,55.816712299362365,54.3530905102482,1.0633119449990385,12.496708601024016,216776879.0,2004375.48,0,0.12150154735359335,100.0,28.0,72.0,54.452,54.78032845093356,55.0024335988881,0.3469700569581981,0.028256621404466387,-0.3187134355537317
1721016000,2024-07-15,56.44,56.72,55.69,55.87,1624970.0,54.477999999999994,56.358772181848586,52.5972278181514,55.452666666666666,53.50466666666667,54.47866666666666,54.477999999999994,1.2000000000000028,56.00424999999999,52.95175,0,54.20504550202216,0.9394760614272737,2.5726496201555125,49.58994947606358,54.45748824568389,1.0730753774991073,14.467373937061023,215151909.0,1995126.8,0,0.035606641703272324,96.0,28.0,68.0,54.477999999999994,54.88410669370179,55.03645581069641,0.3403741423322566,0.10675424236158904,-0.2336198999706676
1721102400,2024-07-16,56.17,56.39,55.78,56.3,1413215.0,54.5115,56.49425843208785,52.52874156791215,55.46916666666667,53.567166666666665,54.51816666666667,54.5115,0.6099999999999994,56.003249999999994,53.01975,0,56.030788872852014,1.204386122595712,5.2643282663755775,55.333954602902466,54.56512784227412,1.0399985648205996,16.2972774633811,216565124.0,1960095.52,0,0.1286762039378257,92.0,28.0,64.0,54.5115,55.018953675254,55.08600656321812,0.3479684393216742,0.20134064918142514,-0.14662779014024907
1721188800,2024-07-17,56.32,58.27,56.23,58.03,2593677.0,54.6955,57.19882958277874,52.19217041722126,55.652833333333334,53.66783333333333,54.660333333333334,54.6955,2.0400000000000063,56.234500000000004,53.1565,0,62.38219137192787,6.770929162833486,10.783320541199856,62.59393655526892,54.897602181458474,1.1114272387619857,19.143581393848706,219158801.0,1943011.66,1,0.16662765505221955,100.0,40.0,60.0,54.6955,55.30571999189647,55.20145728622917,0.44622865294731345,0.41115802604389273,-0.03507062690342071
1721275200,2024-07-18,57.62,58.81,57.53,57.88,1695265.0,54.85549999999999,57.71774020655411,51.99325979344587,55.85583333333334,53.81583333333333,54.83583333333333,54.85549999999999,1.2800000000000011,56.43574999999999,53.27524999999999,0,61.570455241039305,5.852231163130949,14.565757941162271,63.32470346829768,55.13710231638046,1.1234681502789867,22.026415238720485,217463536.0,1941893.58,0,0.1384587636786696,96.0,39.99999999999999,56.00000000000001,54.85549999999999,55.55088951647775,55.306498176965285,0.47517129052424834,0.5588934862518897,0.08372219572764139
1721361600,2024-07-19,58.09,58.09,57.16,57.6,1696087.0,55.001999999999995,58.10137800211828,51.90262199788171,56.003666666666675,53.962666666666664,54.98316666666666,55.001999999999995,0.9300000000000068,56.583,53.42099999999999,0,60.03546611138848,5.359429303091274,16.806433668117403,66.56503054982505,55.49255858782738,1.109648996687631,24.0940803614892,215767449.0,1934291.76,0,0.1737228418041935,92.0,40.0,52.0,55.001999999999995,55.746042895860825,55.39643942492743,0.449770485666554,0.6459353028108339,0.1961648171442799
1721620800,2024-07-22,57.75,58.57,57.55,58.23,1530668.0,55.218,58.57434086469394,51.86165913530607,56.19499999999999,54.157000000000004,55.176,55.218,1.0200000000000031,56.79675,53.639250000000004,0,62.263653459203525,8.013355592654426,19.614533673386603,73.58441878954537,55.80266129385655,1.1032454969242291,26.25749355394293,217298117.0,1933546.46,0,0.2403814616744104,100.0,52.0,48.0,55.218,55.98261023911217,55.507559447479295,0.44868877221978126,0.7570257824190065,0.30833701019922527
1721707200,2024-07-23,58.29,58.45,57.27,57.34,1183943.0,55.351,58.820431653745935,51.88156834625406,56.364999999999995,54.31400000000001,55.3395,55.351,1.1799999999999997,56.939499999999995,53.7625,0,57.49665123484122,4.864667154352604,19.637260222841533,75.58656429743081,56.081212490942235,1.1087279614296413,27.804959210020236,216114174.0,1929693.28,0,0.24529423732675995,96.0,52.0,44.0,55.351,56.11188545443482,55.57941986130364,0.3648809978614559,0.7644382575260451,0.3995572596645892
1721793600,2024-07-24,58.11,59.51,57.78,59.42,2386551.0,55.63100000000001,59.44753193357712,51.8144680664229,56.62466666666667,54.52466666666667,55.574666666666666,55.63100000000001,2.1699999999999946,57.28925000000001,53.972750000000005,0,64.23324053752273,10.405053883314755,22.882046671331654,76.9262008064398,56.427307364246666,1.1845331070418095,29.783991600037176,218500725.0,1944707.6,1,0.31127998054758205,100.0,60.0,40.0,55.63100000000001,56.426943982583886,55.73003084713487,0.42232229714804304,0.9274601310996431,0.5051378339516001
1721880000,2024-07-25,58.11,59.51,57.78,59.42,2386551.0,55.9165,59.962872573060146,51.87012742693985,56.940833333333345,54.74183333333333,55.84133333333333,55.9165,1.7299999999999969,57.649,54.184,0,64.23324053752273,10.631167380376096,25.29238697378205,75.33856435178602,56.80030741499352,1.2234950279673942,31.621664533624333,220887276.0,1949495.0,1,0.4136376031988278,96.0,60.0,36.0,55.9165,56.711996936623514,55.874735519796246,0.43158131283715917,1.044614474998049,0.6130331621608899
1721966400,2024-07-26,60.05,60.88,59.72,60.81,3160970.0,56.261,60.720873989252716,51.80112601074729,57.28366666666666,55.05266666666667,56.16816666666667,56.261,1.4600000000000009,58.040000000000006,54.482,0,67.98994938903306,12.77818991097923,29.00413834818166,82.70793966734738,57.36113712110037,1.2403882402554376,33.897783780579324,224048246.0,1977363.74,1,0.47377449549715706,100.0,68.0,32.0,56.261,57.102282942659365,56.06827530333365,0.4978781253057767,1.2353808187931108,0.7375026934873341
1722225600,2024-07-29,60.96,61.63,60.56,61.22,2395762.0,56.64849999999999,61.40772798361375,51.88927201638623,57.66416666666667,55.43016666666667,56.547166666666655,56.64849999999999,1.0700000000000003,58.42974999999999,54.86724999999999,0,69.00088318620033,14.494108846081916,32.31392740910447,83.18931827335632,57.88076592239253,1.2282176516657635,36.26063181007307,226444008.0,1983096.12,1,0.42850156231223463,100.0,72.0,28.000000000000004,56.64849999999999,57.494446471929905,56.27030372281076,0.532773659830879,1.403469768275933,0.870696108445054
1722312000,2024-07-30,61.1,62.29,60.93,62.19,2054005.0,57.092,62.17032098237318,52.01367901762682,58.096333333333334,55.82733333333333,56.96183333333333,57.092,1.3599999999999994,58.899499999999996,55.2845,0,71.2611997192985,16.63540885221305,35.97393864429386,83.45513405969605,58.3741947092891,1.2376306765467804,38.65063768120185,228498013.0,1963949.4,0,0.4324877185314018,100.0,76.0,24.0,57.092,57.94164204603182,56.5024486748574,0.5806817929009855,1.596548349571286,1.0158665566703005
1722398400,2024-07-31,61.86,62.04,61.06,61.2,4958491.0,57.4875,62.55186126278636,52.423138737213634,58.49783333333333,56.224833333333336,57.361333333333334,57.4875,1.1299999999999955,59.30925,55.665749999999996,0,66.08442891663051,14.843310189529,36.43266338142605,67.20067751399989,59.07174994120587,1.229942771079153,40.86992884725,223539522.0,2024684.88,-1,0.24668590647382255,96.0,76.0,20.0,57.4875,58.25196185117164,56.686666373882595,0.5078284347947284,1.6506521001637111,1.1428236653689827
1722484800,2024-08-01,60.64,62.59,60.6,62.29,2578131.0,57.9005,63.114655636343294,52.68634436365671,58.93383333333334,56.57183333333332,57.75283333333334,57.9005,1.990000000000002,59.7785,56.0225,0,68.7181284912007,15.287803072367199,37.93511129680656,67.7550410799388,59.473340300861516,1.284232573144928,43.09142881578057,226117653.0,2056637.9,0,0.2576467823868331,100.0,84.0,16.0,57.9005,58.63653691296482,56.90640494745583,0.4946865039890811,1.7611817953553341,1.266495291366253
1722571200,2024-08-02,64.06,64.79,62.01,63.27,2955862.0,58.3645,63.75283360140311,52.97616639859689,59.49683333333335,56.93383333333334,58.215333333333334,58.3645,2.7800000000000082,60.39325,56.33575,0,70.85972071653089,17.18836821633636,40.05502605631167,74.39923533214817,59.987781332411494,1.3910731036345767,45.63974855914778,229073515.0,2083302.56,0,0.27091391361708445,100.0,88.0,12.0,58.3645,59.07781911173008,57.15595769461443,0.5115120271143963,1.9058853252592485,1.3943732981448522
1722830400,2024-08-05,63.34,63.64,61.23,61.3,2500478.0,58.727999999999994,63.87304266260342,53.58295733739657,59.99766666666667,57.239666666666665,58.61866666666666,58.727999999999994,2.4100000000000037,60.90299999999999,56.553,0,61.89356824313917,13.455487692022944,37.31005138395055,67.3067309410354,60.29847665928493,1.4638535962321073,46.923943938086175,226573037.0,2101999.68,0,0.1639198343714419,96.0,88.0,8.0,58.727999999999994,59.289455386803404,57.31846915757073,0.35681060043235413,1.840386548685295,1.483575948252941
1722916800,2024-08-06,61.34,62.2,61.3,61.74,2173611.0,59.088499999999996,64.01205674284442,54.16494325715557,60.36883333333334,57.61783333333334,58.993333333333325,59.088499999999996,0.9000000000000057,61.25825,56.918749999999996,0,62.99443945718209,13.222079589216944,35.698256062844955,59.98268872056182,60.60689399497123,1.4235783393583858,48.11641107567182,228746648.0,2109934.24,0,0.10559966838965958,92.0,88.0,4.0,59.088499999999996,59.52284058806023,57.49186252394051,0.2556964353257629,1.8031964924101445,1.5475000570843815
1723003200,2024-08-07,61.97,62.54,61.51,61.6,1887127.0,59.43000000000001,64.04590294525441,54.8140970547456,60.746,57.975,59.3605,59.43000000000001,1.0300000000000011,61.61475000000001,57.245250000000006,0,62.3907546797854,12.470330472886614,34.184978920297354,60.36525635611365,60.80495039165556,1.395465600832787,49.33045860829622,226859521.0,2106498.28,0,0.08168612081004566,88.0,80.0,8.0,59.43000000000001,59.72066529395925,57.65296595437422,0.15587327032258957,1.7423416449876186,1.586468374665029
1723089600,2024-08-08,60.98,61.81,60.81,61.14,2782429.0,59.687,64.07723962899611,55.296760371003884,61.00966666666667,58.25566666666666,59.63266666666667,59.687,1.0,61.832,57.541999999999994,0,60.3891731581971,9.178571428571429,32.08341691258012,58.15994867741994,60.99545505691271,1.3672180579161595,49.47323162240516,224077092.0,2132022.48,0,0.0546762790502591,84.0,80.0,4.0,59.687,59.8558400278679,57.789712387536014,0.04131525529819746,1.6381124437877759,1.5967971884895784
1723176000,2024-08-09,61.36,61.44,60.12,61.2,2768930.0,59.902499999999996,64.1429757987763,55.66202420122369,61.22483333333334,58.46983333333334,59.847333333333324,59.902499999999996,1.3200000000000003,62.048249999999996,57.75675,0,60.56288443029133,7.576023905783094,30.480739765282834,51.62246946379078,61.111496246405785,1.3638453394935766,48.725888120758455,226846022.0,2147955.32,0,0.08741133954275385,80.0,76.0,4.0,59.902499999999996,59.98385526330905,57.92344915665225,-0.043381938451151125,1.5425697654256396,1.5859517038767907
1723435200,2024-08-12,61.16,61.5,60.84,61.16,2605982.0,60.16700000000001,64.00963503341225,56.32436496658776,61.46,58.742000000000004,60.101,60.16700000000001,0.6599999999999966,62.272250000000014,58.06175,0,60.377073487473,9.46840880615715,29.10560027424704,56.82214896092108,61.2231757125793,1.313570672386892,48.06488452050324,224240040.0,2166569.24,0,0.10976022590848894,76.0,72.0,4.0,60.16700000000001,60.09586904775581,58.050372719136476,-0.11120587124249526,1.446944364823672,1.5581502360661672
1723521600,2024-08-13,61.36,62.05,61.27,61.99,2426210.0,60.451499999999996,63.93230608480373,56.970693915196264,61.74916666666667,59.014166666666675,60.38166666666666,60.451499999999996,0.8900000000000006,62.577749999999995,58.32525,0,62.865564400007855,10.106571936056847,28.89889703409097,57.00698794669597,61.40553832115051,1.283315624359257,47.75155130850158,226666250.0,2121500.64,0,0.10737822800537979,72.0,68.0,4.0,60.451499999999996,60.27626247177906,58.204867906621324,-0.10912370012752493,1.4217456109067612,1.5308693110342861
1723608000,2024-08-14,61.61,62.93,61.52,62.65,2474714.0,60.68249999999999,64.10251681282509,57.262483187174894,61.9605,59.2885,60.6245,60.68249999999999,1.4099999999999966,62.76149999999999,58.60349999999999,0,64.7201970408033,7.961399276236425,29.464298704793862,59.86130586282702,61.62689461711059,1.2923645083335955,47.89081373557143,229140964.0,2129448.62,0,0.0899919533761779,68.0,56.0,12.0,60.68249999999999,60.50233271256201,58.379186812244015,-0.07393517610379297,1.438450340904545,1.512385517008338
1723694400,2024-08-15,61.76,62.15,60.96,61.14,3628329.0,60.8455,64.01745507534487,57.67354492465513,62.12316666666667,59.46016666666666,60.791666666666664,60.8455,1.6899999999999977,62.95525,58.73575,0,57.77148936528482,5.63234277816171,26.879136809188402,50.94452943119771,61.70267697861668,1.3207670434526242,47.289985065857316,225512635.0,2147909.34,0,-0.050154861841750976,64.0,56.0,8.0,60.8455,60.563062930413246,58.48745399607758,-0.15815668929152316,1.3146896553939342,1.4728463446854574
1723780800,2024-08-16,61.34,61.47,61.02,61.39,2269215.0,61.035000000000004,63.84040549653803,58.229594503461975,62.283,59.668000000000006,60.9755,61.035000000000004,0.44999999999999574,63.10875,58.96125000000001,0,58.54712599994393,6.57986111111111,25.122983378667502,44.869361137689346,61.71389867656465,1.2585693974917223,46.73207272969422,227781850.0,2155986.04,0,-0.026607940344617956,60.0,56.0,4.0,61.035000000000004,60.64181884180246,58.60127932956474,-0.20012751015001418,1.22268695699794,1.4228144671479541
1724040000,2024-08-19,61.38,62.21,61.21,62.07,2722498.0,61.227,63.74959469594414,58.704405304055854,62.46766666666667,59.85466666666666,61.16116666666667,61.227,1.0,63.299249999999994,59.15475,0,60.61819000238084,6.594538897475534,24.52034774588115,45.823885977439616,61.71731668660151,1.240100154813742,46.62353342782866,230504348.0,2185669.76,0,-0.02077193136402665,56.00000000000001,52.00000000000001,4.0,61.227,60.77783609496414,58.73730759115044,-0.18551850928672264,1.190916330539551,1.3764348398262736
1724126400,2024-08-20,62.13,62.34,61.96,62.22,2194102.0,61.471000000000004,63.28780929103887,59.65419070896114,62.652,60.11899999999999,61.3855,61.471000000000004,0.38000000000000256,63.483250000000005,59.45875,1,61.06982128116046,8.510638297872331,24.215660105220586,55.43094667283678,61.78428458917315,1.1786644294699034,46.59164955709946,232698450.0,2190662.44,0,0.09857739434232995,52.0,32.0,20.0,61.471000000000004,60.91518503830088,58.873883764046504,-0.16961272788114412,1.1644189299748433,1.3340316578559874
1724212800,2024-08-21,62.22,62.89,62.21,62.72,2247677.0,61.636,63.26774017539708,60.004259824602926,62.784666666666666,60.35666666666667,61.57066666666667,61.636,0.6799999999999997,63.536500000000004,59.7355,1,62.57572389927874,5.553685627734764,24.57415541755058,55.05317246496017,61.833087090207286,1.1430455416506244,46.84754736504391,234946127.0,2199902.1,0,0.08049539219194111,48.0,32.0,16.0,61.636,61.08707217751032,59.024711851730956,-0.1310051928466689,1.1702751667976514,1.3012803596443203
1724299200,2024-08-22,62.84,63.4,62.81,63.3,2483463.0,61.830000000000005,63.27349575683637,60.38650424316364,62.940999999999995,60.626999999999995,61.784000000000006,61.830000000000005,0.6799999999999997,63.65175000000001,60.008250000000004,1,64.26365608265317,6.529787950185114,25.570888934952368,54.42455952128731,61.7994364393828,1.1099708601041514,47.33087715314326,237429590.0,2216333.08,0,0.13612165909715537,100.0,88.0,12.0,61.830000000000005,61.29782720822362,59.19237021048661,-0.07478850878655163,1.2077947236611308,1.2825832324476825
1724385600,2024-08-23,63.51,63.59,62.75,62.96,1562967.0,61.9375,63.38136806876682,60.49363193123318,63.05650000000001,60.7745,61.915499999999994,61.9375,0.8400000000000034,63.71275,60.16225,1,62.523562446794934,3.5356026969248453,25.680506723767703,55.87858245330472,61.84003389433461,1.0906872272395693,47.86898451061195,235866623.0,2221556.48,0,0.18582924210510987,96.0,88.0,8.0,61.9375,61.456129378868994,59.34012039831067,-0.06902351530773476,1.196303838313014,1.2653273536207488
1724644800,2024-08-26,63.17,63.4,62.84,63.14,1406080.0,62.033500000000004,63.528200973440605,60.5387990265594,63.130500000000005,60.8995,62.01500000000001,62.033500000000004,0.5599999999999952,63.770500000000006,60.2965,1,63.080659809508596,3.1362299901992836,25.99384658667216,61.39042083643492,61.90016746572189,1.052780996722457,48.36865562826144,237272703.0,2221457.36,0,0.19453721785264128,92.0,88.0,4.0,62.033500000000004,61.616498009452904,59.489135284651425,-0.061840370819368884,1.1880268900965376,1.2498672609159065
1724731200,2024-08-27,63.04,63.27,62.51,62.64,1560500.0,62.056000000000004,63.572830906859515,60.539169093140494,63.150666666666666,60.979666666666674,62.06516666666668,62.056000000000004,0.7600000000000051,63.748000000000005,60.364000000000004,1,60.45302658647207,0.7235890014471825,25.178800002478024,56.26188635155753,61.94382049919714,1.0318680683851391,48.2630067837887,235712203.0,2219119.8,0,0.21247197971574713,88.0,84.0,4.0,62.056000000000004,61.713974389505005,59.61269860682196,-0.0973999737379252,1.1281172937435002,1.2255172674814254
1724817600,2024-08-28,62.73,63.48,62.66,63.2,1366902.0,62.156000000000006,63.69742012443205,60.61457987556796,63.22666666666667,61.07166666666667,62.149166666666666,62.156000000000006,0.8399999999999963,63.82625000000001,60.48575,1,62.3042357325936,3.2679738562091507,25.236186525903676,63.050818251276155,62.05479498612688,1.018163206357629,48.29421909379191,237079105.0,2200598.38,0,0.2654455741059929,84.0,80.0,4.0,62.156000000000006,61.85550063812357,59.75337709282894,-0.09001709163321436,1.1129959029399075,1.2030129945731218
1724904000,2024-08-29,63.2,63.44,62.3,62.85,1089734.0,62.184000000000005,63.75421527186691,60.6137847281331,63.236000000000004,61.16600000000001,62.201,62.184000000000005,1.1400000000000006,63.79050000000001,60.5775,1,60.44282005972947,0.8990207095842065,24.510479056201483,66.43208078892289,62.18873232048887,1.026865834474941,47.69435900301187,235989371.0,2175337.98,0,0.22035167044877266,80.0,76.0,4.0,62.184000000000005,61.95021486306419,59.874813285267024,-0.11397462164331973,1.0605447175189724,1.1745193391622921
1724990400,2024-08-30,63.06,63.68,62.58,63.67,3607831.0,62.20400000000001,63.837932679152985,60.57006732084703,63.149666666666675,61.24766666666667,62.19866666666667,62.20400000000001,1.1000000000000014,63.68450000000001,60.72350000000001,0,63.15737456834234,0.6322111585269458,25.022653608192957,67.62802029795193,62.40486572926787,1.0320897034410168,47.31239042817607,239597202.0,2212804.88,1,0.32990127752165527,100.0,64.0,36.0,62.20400000000001,62.114003923724745,60.02364413682518,-0.08139338360714765,1.0727776096533574,1.154170993260505
1725336000,2024-09-03,63.64,64.23,63.41,63.86,1526526.0,62.33200000000001,64.06093724582585,60.60306275417417,63.159000000000006,61.41600000000001,62.2875,62.33200000000001,0.8200000000000074,63.693250000000006,60.97075000000001,0,63.763875030241415,4.176182707993479,25.697506627849233,66.7275495945316,62.52831775652666,1.0169404389095162,47.33420606441389,241123728.0,2159507.02,0,0.27657739006292764,100.0,68.0,32.0,62.33200000000001,62.280289264322384,60.17408946479283,-0.05510231965302914,1.0852930936942187,1.1403954133472478
1725422400,2024-09-04,63.85,64.77,63.55,64.27,1571961.0,62.4585,64.35752369653558,60.55947630346442,63.2975,61.5225,62.410000000000004,62.4585,1.2199999999999989,63.84375,61.07325,0,65.07000309961344,4.097829608033679,26.81129239169487,65.75683688486842,62.63169835243447,1.0314446932731223,47.68427535829407,242695689.0,2159558.18,0,0.24378764830966,100.0,72.0,28.000000000000004,62.4585,62.46978552486311,60.33471340734998,-0.019966560596581973,1.1154372126015204,1.1354037731981024
1725508800,2024-09-05,65.06,65.06,64.02,64.16,1366448.0,62.5865,64.57958078110333,60.59341921889667,63.4245,61.6485,62.536500000000004,62.5865,1.0400000000000063,63.972500000000004,61.2005,0,64.41429358498807,4.155844155844148,27.46514927220446,76.17144943995827,62.88537089878433,1.032055786610757,48.17483488142556,241329241.0,2156016.1,0,0.3210248651977756,96.0,72.0,24.0,62.5865,62.630758332019006,60.484724646277435,-0.014268669903819031,1.1175679358183288,1.1318366057221478
1725595200,2024-09-06,64.31,64.5,63.48,63.54,1104569.0,62.706500000000005,64.62434540565795,60.78865459434206,63.55483333333333,61.77683333333333,62.66583333333333,62.706500000000005,1.0200000000000031,64.09400000000001,61.319,0,60.78042048238788,3.925417075564276,26.48685164669579,79.38018332581319,63.06618847984859,1.031194658995703,47.65172462055782,240224672.0,2149951.58,0,0.24109375991304952,92.0,72.0,20.0,62.706500000000005,62.717352776588626,60.60453936603126,-0.05983504500260195,1.0570427994688956,1.1168778444714975
1725854400,2024-09-09,63.66,64.19,63.54,64.17,1351390.0,62.855000000000004,64.74295656729785,60.967043432702155,63.67366666666667,61.962666666666664,62.81816666666667,62.855000000000004,0.6499999999999986,64.19225,61.51775000000001,0,63.012296818495116,4.852941176470586,26.589350186307207,78.28794829173128,63.25368396907002,1.0039664690674386,47.16597937832349,241576062.0,2151499.36,0,0.22630639410017275,88.0,72.0,16.0,62.855000000000004,62.85570013119923,60.74436135167709,-0.05523574812508647,1.0478331593151395,1.103068907440226
1725940800,2024-09-10,64.27,64.68,63.68,64.11,2617335.0,63.0025,64.79631019062856,61.20868980937144,63.84016666666666,62.09516666666666,62.96766666666667,63.0025,1.000000000000007,64.36525,61.63975,0,62.65485200613327,4.823413996075872,26.522448322617148,78.72158599574372,63.44407671286459,1.0036831498483363,47.075446100745175,238958727.0,2139680.68,0,0.17520471567953205,84.0,72.0,12.0,63.0025,62.97515726156121,60.87634718102309,-0.06334297725687299,1.023890185869135,1.087233163126008
1726027200,2024-09-11,63.81,63.98,63.05,63.91,2126073.0,63.0985,64.87066562431471,61.3263343756853,63.941500000000005,62.18149999999999,63.0615,63.0985,1.0600000000000023,64.474,61.723,0,61.43211157794648,3.0972737538312543,25.95283526030628,70.04066104474373,63.53756022232678,1.0077057820020268,45.890198245353076,236832654.0,2142505.96,0,0.20363784064784995,80.0,72.0,8.0,63.0985,63.064189903317285,60.99531395823788,-0.08777951785364713,0.977508765808949,1.065288283662596
1726113600,2024-09-12,64.02,64.5,63.33,63.64,1684979.0,63.148,64.92259403808383,61.37340596191618,64.00233333333334,62.26633333333334,63.13433333333332,63.148,1.1700000000000017,64.50550000000001,61.7905,0,59.774414925708555,1.5802075019952146,24.771342154031366,69.0698971716843,63.595795477885,1.0192982261447392,45.21595979780415,235147675.0,2136462.78,0,0.10878482549932987,76.0,72.0,4.0,63.148,63.119028960144206,61.099027136346194,-0.12543711987787542,0.9084918838152518,1.0339290036931272
1726200000,2024-09-13,63.71,64.11,63.52,64.08,1850194.0,63.295,64.85386497170296,61.73613502829705,64.09666666666666,62.42066666666667,63.25866666666667,63.295,0.5899999999999963,64.57000000000001,62.02,0,61.55402871142848,4.808635917566238,24.496777929989758,75.8577139487366,63.65125927126127,0.9886340671344004,44.589881239365866,236997869.0,2151353.94,0,0.2083400987572645,72.0,52.0,20.0,63.295,63.21055001155904,61.21592803296007,-0.12381091546589218,0.879165359360762,1.0029762748266542
1726459200,2024-09-16,64.39,64.8,64.14,64.49,1984805.0,63.45,64.82613952781041,62.0738604721896,64.26633333333334,62.569333333333326,63.41783333333334,63.45,0.7199999999999989,64.74525,62.15475,0,63.152973307921854,5.049682358690331,24.942721252619684,76.45630338422242,63.747025656065524,0.9694459194819431,44.53830198311467,238982674.0,2155977.36,0,0.20428053591578071,100.0,84.0,16.0,63.45,63.33240239141056,61.34432301205968,-0.09927997034975822,0.8788763118894565,0.9781562822392147
1726545600,2024-09-17,64.49,64.69,64.15,64.33,1600327.0,63.563,64.83448889102583,62.29151110897418,64.37133333333334,62.72033333333333,63.54583333333333,63.563,0.539999999999992,64.82375,62.30225,0,62.0921770327629,3.6410504269373254,24.866623120924185,76.21365327089697,63.84748812826317,0.938771210947518,44.49040695945285,237382347.0,2157272.46,0,0.22380104290146635,96.0,84.0,12.0,63.563,63.427411687466694,61.46140838413577,-0.09782851941864934,0.8558706329659032,0.9536991523845525
1726632000,2024-09-18,64.06,64.25,63.3,63.63,1624762.0,63.63349999999999,64.7456919798317,62.52130802016828,64.4775,62.76950000000001,63.62349999999999,63.63349999999999,1.0300000000000011,64.943,62.32399999999999,1,57.63386576597968,2.2661523625843842,22.831285895643063,70.01392838638556,63.87963906863339,0.9452875530226954,42.97730370078745,235757585.0,2151472.54,0,0.18448531971959722,92.0,84.0,8.0,63.63349999999999,63.44670581246987,61.54645119260103,-0.14515750325193233,0.7722522733196371,0.9174097765715694
1726718400,2024-09-19,63.22,63.53,62.67,63.36,2331513.0,63.665499999999994,64.7051821629719,62.62581783702809,64.5155,62.7895,63.652499999999996,63.665499999999994,0.9600000000000009,64.996,62.334999999999994,1,56.00128889001231,1.020408163265307,20.408912120893124,66.73441547082011,63.86035269021804,0.946338442092503,40.670440455416504,233426072.0,2160564.86,0,0.2307455803773866,88.0,84.0,4.0,63.665499999999994,63.43844811604417,61.6175707536755,-0.19280761626764797,0.6764002562370095,0.8692078725046575
1726804800,2024-09-20,63.3,63.68,62.95,63.3,4668617.0,63.665499999999994,64.7051821629719,62.62581783702809,64.52950000000001,62.7895,63.659499999999994,63.665499999999994,0.7299999999999969,64.99974999999999,62.33125,1,55.63265980760778,0.0,18.244938721609056,68.01117091013222,63.8390532703036,0.9308856962287526,38.69156978374445,228757455.0,2201545.74,-1,0.08558179148229277,84.0,80.0,4.0,63.665499999999994,63.42526258118282,61.683548371178425,-0.2243199522110937,0.5888079322407904,0.8131278844518841
1727064000,2024-09-23,63.78,63.81,63.2,63.4,2064819.0,63.6875,64.68427229094809,62.690727709051906,64.5365,62.819500000000005,63.678,63.6875,0.6099999999999994,65.00450000000001,62.3705,1,56.13917619580999,0.6988564167725504,16.641174183564974,68.61404539143628,63.81209956419217,0.9079652893552702,36.99902369192072,230822274.0,2196944.9,0,0.0531700441426492,80.0,76.0,4.0,63.6875,63.422856621070174,61.750860199759664,-0.23334341664732694,0.5214486136427254,0.7547920302900524
1727150400,2024-09-24,63.06,64.21,62.89,63.39,1999614.0,63.7,64.67502820472123,62.72497179527878,64.59299999999999,62.79999999999999,63.6965,63.7,1.3199999999999932,65.074,62.326,1,56.07179310204184,0.3959455178967374,15.263451901058431,69.06596710028235,63.76856655440411,0.9373963401156076,35.86291056977419,228822660.0,2204437.78,0,0.025295182091047308,76.0,72.0,4.0,63.7,63.41972741906349,61.815140191925956,-0.23428637336125813,0.46193406358847966,0.6962204369497378
1727236800,2024-09-25,63.69,63.73,62.87,63.02,1554839.0,63.718999999999994,64.62287831039463,62.815121689605355,64.61800000000001,62.815,63.716499999999996,63.718999999999994,0.8599999999999994,65.1005,62.33749999999999,1,53.5676142979103,0.6066411238825072,13.00734080603802,63.839737484000935,63.70713558501036,0.9318680301073499,34.77466816378218,227267821.0,2207270.26,0,0.024641889825655492,72.0,52.0,20.0,63.718999999999994,63.38165814105744,61.86238959616415,-0.252555565969397,0.3805259794879916,0.6330815454573886
1727323200,2024-09-26,62.87,63.85,62.71,62.88,1432703.0,63.702999999999996,64.65320208377054,62.752797916229454,64.63566666666667,62.800666666666665,63.718166666666676,63.702999999999996,1.1400000000000006,65.107,62.29899999999999,1,52.63141429634091,-0.5063291139240511,10.692108446202395,63.147275482387805,63.67426335737346,0.9467345993853964,33.48770280061327,225835118.0,2184050.78,0,0.02329647274164263,68.0,52.0,16.0,63.702999999999996,63.333881175242446,61.90229588651066,-0.26547311840648313,0.30124014744928473,0.5667132658557679
1727409600,2024-09-27,63.06,64.49,63.06,64.34,1844660.0,63.777499999999996,64.68100152185914,62.873998478140855,64.70516666666667,62.841166666666666,63.773166666666654,63.777499999999996,1.6099999999999923,65.21674999999999,62.338249999999995,1,60.25633690546723,2.3707239459029466,12.254623347893913,63.768570915589954,63.67896248229837,0.9941106994292961,33.01467697230972,227679778.0,2187038.68,0,0.029352213720364836,64.0,52.0,12.0,63.777499999999996,63.42970201569555,61.99789212625534,-0.17164587797405506,0.35215591838819904,0.5238017963622541
1727668800,2024-09-30,64.27,64.96,64.27,64.85,1888279.0,63.8365,64.85145369352583,62.82154630647418,64.75383333333333,62.930833333333325,63.84233333333333,63.8365,0.6899999999999977,65.245,62.428000000000004,1,62.47725884567616,1.8533061096277565,14.659721613699608,62.86032609987533,63.70217224724222,0.9723885066129176,33.03315859927381,229568057.0,2190882.52,0,0.08777050613891017,100.0,92.0,8.0,63.8365,63.56496849039121,62.10973949385317,-0.07606721329742427,0.42871777974047376,0.504784993037898
1727755200,2024-10-01,64.45,64.89,63.57,64.54,3450821.0,63.87050000000001,64.93086738916362,62.81013261083639,64.80383333333334,62.930833333333325,63.86733333333334,63.87050000000001,1.3200000000000003,65.3165,62.42450000000001,1,60.32051601859678,1.0648293141246583,15.6177443808487,60.01061254377958,63.77875535167931,0.9972178989977093,31.87732627206648,226117236.0,2229285.58,0,0.0777156941070557,96.0,92.0,4.0,63.87050000000001,63.65782863416348,62.20504382742756,-0.03655829313841824,0.4590871266148753,0.4956454197532935
1727841600,2024-10-02,64.01,64.77,63.03,63.54,2741637.0,63.834,64.88707929426123,62.78092070573878,64.809,62.88399999999999,63.846500000000006,63.834,1.7399999999999949,65.319,62.349000000000004,1,53.99175703148878,-1.1358332036720038,13.370503016880988,52.5368588598174,63.776445230659554,1.0502737633550154,30.028983906417274,223375599.0,2260439.46,-1,0.06403856107697006,92.0,84.0,8.0,63.834,63.646606859481246,62.25739504988138,-0.07821478976087415,0.3978769325522009,0.47609172231307506
1727928000,2024-10-03,63.51,63.84,62.48,62.79,1604663.0,63.765499999999996,64.89993333872106,62.631066661278936,64.75616666666666,62.799166666666665,63.77766666666666,63.765499999999996,1.3600000000000065,65.27449999999999,62.256499999999996,1,49.86168068153444,-2.1352867830423903,9.500023848006574,46.969159422296656,63.73026894553127,1.0723970659725148,28.15535830359725,221770936.0,2244801.7,0,-0.017782556566012325,88.0,-12.0,100.0,63.765499999999996,63.565025253816366,62.27828151851349,-0.15242781151797802,0.28555695791560254,0.43798476943358056
1728014400,2024-10-04,62.01,62.5,61.64,62.3,1593769.0,63.7035,65.00385802762234,62.40314197237765,64.6635,62.722500000000004,63.693,63.7035,1.1499999999999986,65.22225,62.18475,1,47.36971202612591,-1.9515265974189517,5.214972917947252,41.052966396295844,63.59851843998803,1.0779401326887637,27.32244541053884,220177167.0,2228946.06,0,0.006073096617523927,84.0,-16.0,100.0,63.7035,63.444546658214804,62.279133223669824,-0.22621625686504426,0.15521444835227527,0.38143070521731953
1728273600,2024-10-07,61.94,62.2,61.0,61.06,1374466.0,63.54799999999999,65.26506260806123,61.83093739193874,64.56366666666666,62.56766666666666,63.565666666666665,63.54799999999999,1.2999999999999972,65.11549999999998,61.98049999999999,0,41.804285347238824,-4.846501480442574,-1.1540069450863635,41.45228339051953,63.457311945831485,1.093801551782423,27.13182043199817,218802701.0,2193215.98,0,-0.01719787674101192,80.0,-20.0,100.0,63.54799999999999,63.21744697648006,62.23132407764356,-0.3432181289639974,-0.04759195598767718,0.2956261729763202
1728360000,2024-10-08,61.43,61.45,60.68,60.72,2061196.0,63.378499999999995,65.46889015497163,61.288109845028366,64.39183333333334,62.41883333333334,63.40533333333334,63.378499999999995,0.7700000000000031,64.92875,61.82825,0,40.43318481776042,-5.287786616752458,-6.712367916890195,40.97954978693775,63.27418857426883,1.0706728695122503,27.22380943173452,216741505.0,2186524.66,0,-0.06108843537600865,76.0,-24.0,100.0,63.378499999999995,62.97959488348196,62.172056466755585,-0.42295374731828617,-0.23306601117153747,0.1898877361467487
1728446400,2024-10-09,60.75,61.58,60.13,60.41,1533781.0,63.2035,65.64340389155035,60.76359610844965,64.27083333333333,62.24583333333334,63.25833333333334,63.2035,1.4499999999999957,64.783,61.624,0,39.1992687155716,-5.47645125958379,-11.624307999323245,42.15949172334549,63.1489462422583,1.0977676645470893,27.7421906378386,215207724.0,2176120.18,0,-0.14158482612364887,72.0,-28.0,100.0,63.2035,62.734871561245576,62.10295621315733,-0.47227319986232397,-0.40045376368115626,0.0718194361811677
1728532800,2024-10-10,60.67,61.38,60.21,60.85,2094314.0,63.064,65.69933223711978,60.428667762880224,64.12033333333332,62.09533333333333,63.10783333333334,63.064,1.1700000000000017,64.6435,61.484500000000004,0,41.85057839515243,-4.384035197988685,-14.288153800031045,36.48483614731753,62.94176944065533,1.1029271170794401,28.223544614935246,217302038.0,2118836.64,0,-0.1406934737924743,68.0,-28.0,96.0,63.064,62.5553599839841,62.05382067538645,-0.45100332771987334,-0.49193472346867395,-0.04093139574880063
1728619200,2024-10-11,60.83,61.0,60.46,60.82,1718128.0,62.900999999999996,65.66493849425107,60.13706150574891,63.96066666666667,61.940666666666665,62.95066666666666,62.900999999999996,0.5399999999999991,64.47675,61.32525,0,41.72000911129539,-5.087390761548062,-16.438686020525868,29.296560950050605,62.7618236163216,1.0627180372880516,28.670516165096416,215583910.0,2101636.58,0,-0.09477901765299845,64.0,-28.0,92.0,62.900999999999996,62.39008760455704,62.005435550861485,-0.4155708104327451,-0.560394908789732,-0.1448240983569869
1728878400,2024-10-14,60.82,61.07,60.6,61.01,1677469.0,62.72700000000001,65.50700791365838,59.94699208634164,63.772000000000006,61.771,62.7715,62.72700000000001,0.46999999999999886,64.284,61.170000000000016,0,42.9074921598225,-5.396185455109315,-17.644133175852993,28.241247494303025,62.58856011004593,1.0203810346246194,28.957975853193535,217261379.0,2076068.72,0,-0.030670817180401246,60.0,-28.0,88.0,62.72700000000001,62.25865068983732,61.966398862592406,-0.3581317966724309,-0.5924888441975256,-0.23435704752509465
1728964800,2024-10-15,61.33,62.62,61.23,62.32,3339776.0,62.6265,65.31113237706829,59.94186762293171,63.697833333333335,61.611833333333344,62.65483333333334,62.6265,1.6099999999999994,64.26375,60.98925,0,50.26254197599939,-3.124514223534895,-15.054637911400045,38.20050420404245,62.49201991510549,1.0624966750085751,26.94500075427516,220601155.0,2092854.68,0,0.07390599893038308,56.00000000000001,-27.999999999999993,84.0,62.6265,62.26449348128138,61.98026557386329,-0.21761854699117256,-0.5063802312640604,-0.28876168427288784
1729051200,2024-10-16,62.63,62.84,62.21,62.65,2259873.0,62.57750000000001,65.22256238111758,59.93243761888243,63.623833333333344,61.56983333333333,62.596833333333336,62.57750000000001,0.6300000000000026,64.18475000000001,60.97025000000001,0,51.9054798207095,-1.5401540154015463,-12.178456421720703,44.88976193795998,62.4656611920552,1.0316040553651056,25.220184764490188,222861028.0,2094579.92,0,0.13699267224912778,52.0,-28.0,80.0,62.57750000000001,62.30120838782601,62.00652966900591,-0.09444722623849511,-0.40682071707100675,-0.31237349083251165
1729137600,2024-10-17,62.77,62.77,61.9,61.94,1624302.0,62.506499999999996,65.1399409049765,59.873059095023486,63.57516666666667,61.52016666666667,62.54766666666667,62.506499999999996,0.8700000000000045,64.107,60.906,0,48.292712816031596,-2.2411616161616186,-11.348836092009346,38.7778059746767,62.3555602539341,1.0200609085533128,23.593887337346164,221236726.0,2089323.42,0,0.03677948407712749,48.0,-28.0,76.0,62.506499999999996,62.266807588985436,62.00392066237823,-0.054757440771142196,-0.3808202917964394,-0.3260628510252972
1729224000,2024-10-18,62.07,63.36,61.73,63.02,1622369.0,62.49249999999999,65.11185774570856,59.873142254291416,63.58983333333333,61.444833333333335,62.51733333333334,62.49249999999999,1.6300000000000026,64.16049999999998,60.82449999999999,0,53.477507034423155,-0.4423380726698168,-8.05435630780849,38.07726844332026,62.22139256927531,1.0636279865137905,22.426856750575308,222859095.0,2066122.22,0,0.025248956878401733,44.0,-28.0,72.0,62.49249999999999,62.33854019955825,62.04376691091242,0.04488555306443692,-0.26995590969475103,-0.31484146275918795
1729483200,2024-10-21,63.11,63.36,62.74,63.02,1227850.0,62.47349999999999,65.07167840034195,59.87532159965802,63.56883333333334,61.42283333333334,62.49583333333334,62.47349999999999,0.6199999999999974,64.14224999999999,60.80474999999999,0,53.477507034423155,-0.5993690851734944,-5.517005669270022,46.149653146021336,61.98406919554391,1.0319402731913767,21.343185491430944,224086945.0,2035300.62,0,-0.03834409833303622,40.0,-28.0,68.0,62.47349999999999,62.40344113293366,62.08205056146487,0.10785722585153312,-0.1800199304447716,-0.2878771562963047
1729569600,2024-10-22,62.84,63.24,62.22,63.11,1297108.0,62.459500000000006,65.04073594427236,59.87826405572766,63.52183333333333,61.40583333333334,62.46383333333333,62.459500000000006,1.0200000000000031,64.10575,60.813250000000004,0,53.904294621338266,-0.4417100489036143,-3.3019194020886466,48.93273849568785,61.83256783766797,1.0310873965348502,19.97689771282233,225384053.0,2009123.14,0,0.043383046884566595,36.0,-28.0,64.0,62.459500000000006,62.470732453606644,62.122362304152524,0.15004070721232737,-0.10032627228089552,-0.2503669794932229
1729656000,2024-10-23,63.16,63.99,63.05,63.93,1382902.0,62.50500000000001,65.15530941589913,59.8546905841009,63.54833333333333,61.42433333333334,62.486333333333334,62.50500000000001,0.9400000000000048,64.15725,60.85275000000001,0,57.631944155496576,1.4439860361789854,0.31657182724367827,55.087992018553194,61.85636635698233,1.0245811539252183,19.27233386766279,226766955.0,1988256.98,0,0.1275964514167501,32.0,-28.0,60.0,62.50500000000001,62.609710315167916,62.19325005693086,0.22322814658853135,0.02866820374244128,-0.19455994284609007
1729742400,2024-10-24,64.07,64.07,63.37,63.67,1499107.0,62.54449999999999,65.23916491423394,59.849835085766045,63.55416666666666,61.47416666666667,62.51416666666667,62.54449999999999,0.6999999999999957,64.16375,60.92524999999999,0,56.11731136505922,1.2563613231552149,2.60133321057842,61.45358057592081,61.94968416501228,1.0013967857877024,18.70583437104023,225267848.0,1968744.84,0,0.08492352541922726,28.000000000000004,-28.000000000000004,56.00000000000001,62.54449999999999,62.71069028515193,62.25116181940416,0.24257980067014207,0.10866480799158751,-0.13391499267855456
1729828800,2024-10-25,63.77,63.98,62.68,62.74,1386912.0,62.4645,65.03325436739357,59.895745632606435,63.50616666666667,61.439166666666665,62.47266666666667,62.4645,1.2999999999999972,64.0605,60.8685,0,51.064329776777896,-2.4867889337892466,2.3107678109359218,61.32776858771358,62.04552407493382,1.0227255868028664,17.455376332952603,223880936.0,1923916.5,0,0.0839962521585297,24.0,-28.0,52.0,62.4645,62.713481686566034,62.27033194413341,0.1838630586251094,0.0959138306028322,-0.0879492280222772
1730088000,2024-10-28,63.07,63.69,62.89,63.36,1554361.0,62.39000000000001,64.75612763814712,60.023872361852895,63.442666666666675,61.364666666666665,62.40366666666667,62.39000000000001,0.9499999999999957,64.00550000000001,60.77450000000001,0,53.9727113760064,-2.2976098689282884,3.3994907107741468,68.96642269629923,62.22013300657152,1.0175309020312329,16.294236726156946,225435297.0,1909619.42,0,0.17325253629070167,20.0,-28.0,48.0,62.39000000000001,62.775054859274036,62.31306402475563,0.17779090478197943,0.1342894029551971,-0.04350150182678234
1730174400,2024-10-29,62.95,63.09,61.31,61.51,1891425.0,62.2385,64.41499511830462,60.06200488169539,63.347500000000004,61.2235,62.28549999999999,62.2385,2.049999999999997,63.908750000000005,60.56825,0,45.48236645061026,-4.694762937713059,0.2147346164960427,67.88073325949097,62.2953375116008,1.0912786947432875,16.840937701742828,223543872.0,1892997.96,0,0.14937042821836713,16.0,-28.0,44.0,62.2385,62.65457344410508,62.281571317902475,0.04699882020182747,0.015247023425501993,-0.031751796776325475
1730260800,2024-10-30,61.89,62.55,61.64,62.41,2212332.0,62.181999999999995,64.27758201939315,60.08641798060684,63.227,61.186,62.20649999999999,62.181999999999995,1.0399999999999991,63.799749999999996,60.564249999999994,0,49.546687088624005,-1.7784073024866267,-0.31681124207644573,68.0942388126659,62.41248637147328,1.0876159308330526,17.348588607644,225756204.0,1893362.56,0,0.20270683921022797,12.0,-28.0,40.0,62.181999999999995,62.63128073514269,62.28660773680826,0.020282492140119346,-0.006398681601176293,-0.02668117374129564
1730347200,2024-10-31,62.46,63.48,62.41,62.75,3621816.0,62.17999999999999,64.27333227176287,60.08666772823712,63.204666666666675,61.19266666666666,62.19866666666667,62.17999999999999,1.0700000000000003,63.77599999999999,60.583999999999996,0,50.99935247300693,-0.06370441153049713,-0.03886441206699574,76.73006352050706,62.58289389334171,1.086357650059263,16.61743033164942,229378020.0,1920845.34,0,0.11703366199920515,8.0,-28.0,36.0,62.17999999999999,62.64258733179577,62.304779982423625,0.024415226405131298,0.0038378592651184817,-0.020577367140012816
1730433600,2024-11-01,62.66,63.12,60.58,60.67,2303867.0,62.0985,64.29135453233998,59.905645467660015,63.25416666666668,61.07416666666667,62.164166666666674,62.0985,2.539999999999999,63.79875,60.398250000000004,0,43.022487680913514,-2.6163723916532833,-3.761221508497381,68.95950521469575,62.5916915616123,1.1901892464836015,17.421402573463492,227074153.0,1917253.42,0,-0.010173564308751647,4.0,-28.0,32.0,62.0985,62.45472187162474,62.24067096350505,-0.10682748314674277,-0.1541117210734413,-0.047284237926698516
1730696400,2024-11-04,60.44,61.14,60.05,60.42,2063689.0,62.066500000000005,64.33636585506811,59.7966341449319,63.204499999999996,61.0355,62.120000000000005,62.066500000000005,1.0900000000000034,63.751000000000005,60.382000000000005,0,42.18764259464219,-1.0481493612839838,-6.931690865862826,59.67997004175565,62.49711482371112,1.183032871734773,18.503683215239796,225010464.0,1927267.86,0,-0.10936384817833182,4.0,-24.000000000000004,28.000000000000004,62.066500000000005,62.26093883623191,62.16927210219113,-0.19901113229245032,-0.2960481532922614,-0.0970370209998111
1730782800,2024-11-05,60.04,60.35,58.17,59.15,4821107.0,61.988,64.53087711067683,59.445122889323166,63.18866666666666,60.87866666666666,62.03366666666667,61.988,2.25,63.7835,60.1925,0,38.2215836806065,-2.5856389986824775,-11.378665396361686,46.80143477846895,61.937980971276815,1.2592448094680033,20.468624370084843,220189357.0,1995568.4,-1,-0.14806028226033913,64.0,-36.0,100.0,61.988,61.964658947066965,62.050869274654225,-0.3265213303285598,-0.5051886839105109,-0.17866735358195107
1730869200,2024-11-06,58.86,58.86,57.06,57.84,4184221.0,61.859500000000004,64.91618758626137,58.80281241373864,63.06683333333334,60.72183333333332,61.89433333333333,61.859500000000004,2.0899999999999963,63.703,60.016000000000005,0,34.68148360052261,-4.254262539314672,-16.62865024454582,43.333544757974735,61.382987373142576,1.3185844659345742,22.726965097025435,216005136.0,2048042.82,0,-0.10634460619456972,60.0,-40.0,100.0,61.859500000000004,61.57183428544154,61.88573714623641,-0.4712977279309478,-0.7677895134956358,-0.296491785564688
1730955600,2024-11-07,57.93,58.85,57.73,57.96,2853076.0,61.71500000000001,65.19310580632686,58.236894193673166,62.93266666666667,60.59266666666667,61.76266666666667,61.71500000000001,1.1200000000000045,63.55475000000001,59.87525000000001,0,35.25967032247388,-4.7493837304848,-20.310476697043,45.1807894638463,61.033744833335724,1.304399861224962,24.823995772041695,218858212.0,2077766.3,0,-0.18361915428436892,56.00000000000001,-39.99999999999999,96.0,61.71500000000001,61.22785006778044,61.73178666991341,-0.526973384810687,-0.9552085165780468,-0.42823513176735983
1731042000,2024-11-08,58.13,58.71,58.04,58.51,2412697.0,61.5995,65.33287099683444,57.86612900316555,62.82216666666666,60.46916666666667,61.64566666666667,61.5995,0.75,63.455,59.744,0,37.91123755636159,-3.798092732653736,-22.034101571511165,46.89267149520333,60.7718468418237,1.2647998711374648,26.771238541699653,221270909.0,2104225.56,0,-0.14453656418056163,52.0,-40.0,92.0,61.5995,60.969007204182304,61.605442094622695,-0.49524113925903546,-1.0472865558411542,-0.5520454165821187
1731301200,2024-11-11,58.23,58.63,57.97,58.21,2131335.0,61.45949999999999,65.47047232600835,57.44852767399164,62.7005,60.3285,61.5145,61.45949999999999,0.6600000000000037,63.329249999999995,59.58974999999999,0,37.04020168679738,-4.589411571873459,-23.75474271118156,45.92977937028769,60.537674924218756,1.221599880341932,28.609447631197895,219139574.0,2074695.64,0,-0.18612215430666626,48.0,-40.0,88.0,61.45949999999999,60.706244613307796,61.47228750267671,-0.4635030300943861,-1.1314242042001013,-0.6679211741057152
1731387600,2024-11-12,57.95,58.13,57.35,57.72,1699116.0,61.229499999999994,65.53356540377874,56.925434596221244,62.45383333333333,60.14283333333333,61.29833333333333,61.229499999999994,0.8599999999999994,63.04299999999999,59.416,0,35.63264043224905,-7.3812580231065485,-25.718933969976277,41.49159678786443,60.27556591320377,1.195771317460365,30.578555064690335,217440458.0,2078147.44,0,-0.2217692993223245,44.0,-56.0,100.0,61.229499999999994,60.421840364421335,61.32513897315998,-0.44449394882059834,-1.2235386101314631,-0.7790446613108648
1731474000,2024-11-13,58.08,58.17,57.31,57.98,2014181.0,60.995999999999995,65.46983236163419,56.522167638365794,62.227999999999994,59.894000000000005,61.061,60.995999999999995,0.8599999999999994,62.82675,59.16524999999999,0,36.97044255674262,-7.454110135674384,-26.742492257701517,42.073232795510435,59.98866674935957,1.1717876519274817,32.40701196721903,219454639.0,2086991.84,0,-0.18044428621930603,40.0,-56.0,96.0,60.995999999999995,60.18928413923835,61.1939570526439,-0.38558332359345804,-1.2610238158026874,-0.8754404922092294
1731560400,2024-11-14,57.89,59.01,57.8,58.59,1729049.0,60.828500000000005,65.3982364256602,56.2587635743398,62.05816666666667,59.69016666666666,60.87416666666667,60.828500000000005,1.2100000000000009,62.68475000000001,58.97225,0,40.04770732607611,-5.408459799806256,-26.28207877212782,46.568629166802836,59.79163826546053,1.1745171053612329,32.89680118397648,221183688.0,2094243.86,0,-0.12833876072884723,36.0,-56.0,92.0,60.828500000000005,60.03697136407279,61.091841089795125,-0.28153637123118047,-1.227360956248205,-0.9458245850170246
1731646800,2024-11-15,58.34,59.14,58.24,58.94,1718516.0,60.6245,65.14874347267097,56.10025652732902,61.82516666666667,59.53016666666666,60.67766666666667,60.6245,0.8999999999999986,62.425999999999995,58.823,0,41.76490387771553,-6.474135195176142,-25.173469159815248,46.633789393545605,59.58903920004847,1.1549087406925733,33.175248721717516,222902204.0,2106522.8,0,-0.1086007935629688,32.0,-56.0,88.0,60.6245,59.93249790082776,61.00745516470512,-0.17060407088243634,-1.1590796736200701,-0.9884756027376338
1731906000,2024-11-18,58.73,59.33,58.58,59.15,1683996.0,60.431000000000004,64.85888391898503,56.00311608101498,61.63066666666666,59.322666666666656,60.47666666666667,60.431000000000004,0.75,62.242250000000006,58.61975,0,42.79966576296491,-6.140907648365605,-23.827988622931283,51.745568767939176,59.434968032288715,1.125986687785961,33.16855094691669,224586200.0,2113174.92,0,-0.04316772715727404,28.000000000000004,-56.0,84.0,60.431000000000004,59.85797429122512,60.93461378569708,-0.06971705404562512,-1.0756219202946653,-1.0059048662490402
1731992400,2024-11-19,58.98,58.98,58.25,58.77,2130706.0,60.214,64.51913367969061,55.908866320309386,61.40666666666667,59.12766666666666,60.267166666666675,60.214,0.8999999999999986,62.01625,58.41175,0,41.398526800350524,-6.876881635240051,-23.22818261411057,45.48648854007781,59.21572095244547,1.1098447815155352,33.39331236812553,222455494.0,2103442.34,0,-0.060989738763649,24.0,-56.0,80.0,60.214,59.75435769206082,60.84972697057171,-0.017908412819030772,-1.0282903822728287,-1.0103819694537979
1732078800,2024-11-20,58.68,58.74,58.31,58.71,2371578.0,59.952999999999996,63.947041061382166,55.958958938617826,61.12766666666666,58.89966666666667,60.013666666666666,59.952999999999996,0.46000000000000085,61.719249999999995,58.186749999999996,0,41.17449320767265,-8.165180666353823,-22.81535595046523,36.144754298153465,58.78300008591968,1.0634272971215686,33.60201940210517,220083916.0,2108352.44,0,0.03528181820244804,20.0,-56.0,76.0,59.952999999999996,59.6548950547217,60.765816108980665,0.020885428115367866,-0.9842751843095883,-1.0051606124249561
1732165200,2024-11-21,58.78,59.84,58.5,59.8,1452775.0,59.7595,63.37115599137114,56.147844008628866,60.94350000000001,58.6515,59.7975,59.7595,1.3400000000000034,61.573750000000004,57.94525,0,46.69118737534155,-6.078215800219891,-20.08560874461446,41.593562474167754,58.62390494456779,1.083182490184314,32.26317975315911,221536691.0,2103708.36,0,0.14159657221022307,16.0,-56.0,72.0,59.7595,59.66871457331963,60.727940967452014,0.1228309183945876,-0.8516219644317218,-0.9744528828263094
1732251600,2024-11-22,59.87,60.75,59.7,60.4,1415930.0,59.642500000000005,63.003255123481516,56.281744876518495,60.7885,58.5215,59.65500000000001,59.642500000000005,1.0499999999999972,61.438,57.84700000000001,0,49.43865747726251,-3.729678036340458,-16.58424258789072,46.92254903216475,58.574922878681264,1.0808123123140054,30.010958499259967,222952621.0,2095023.08,0,0.1791935711656135,12.0,-56.0,68.0,59.642500000000005,59.73836080443205,60.71508053735586,0.22746387619518782,-0.6901230375823246,-0.9175869137775124
1732510800,2024-11-25,60.77,61.05,60.39,60.97,3369180.0,59.523,62.49386586705078,56.55213413294923,60.65599999999999,58.403,59.5295,59.523,0.6599999999999966,61.29675,57.74925,0,51.916805690760405,-3.7720959595959607,-12.560165027525288,60.18561360979181,58.715518710731956,1.050754290005862,28.116054415694006,226321801.0,2122710.58,1,0.2850487057554849,8.0,-56.0,64.0,59.523,59.85565977543852,60.72507737902818,0.32586328792803565,-0.5102578038674679,-0.8361210917955035
1732597200,2024-11-26,60.78,60.84,59.87,60.59,1420834.0,59.477,62.35026364958168,56.603736350418316,60.538666666666664,58.36666666666666,59.45266666666667,59.477,1.1000000000000014,61.1795,57.774499999999996,0,50.190509084966706,-1.4956917574378064,-9.92789975770292,65.81352316361344,58.91864379659277,1.0542718407197291,26.394472095890272,224900967.0,2119120.72,0,0.35666239379602194,4.0,-56.0,60.0,59.477,59.925596939682464,60.71978022690943,0.35382788501377616,-0.3938362355282834,-0.7476641205420596
1732683600,2024-11-27,60.74,62.14,60.57,61.55,1309797.0,59.434000000000005,62.1519433401025,56.71605665989751,60.53266666666667,58.29466666666667,59.413666666666664,59.434000000000005,1.5700000000000003,61.17625,57.691750000000006,0,54.23706336039278,-1.3779842973882381,-5.880183652704382,63.971833722280664,59.11908079864907,1.0911095663826056,25.434953762968394,226210764.0,2112821.42,0,0.4518634216929858,4.0,-52.00000000000001,56.00000000000001,59.434000000000005,60.080301993046035,60.75233786506985,0.42088857863299534,-0.22155339725081546,-0.6424419758838108
1732856400,2024-11-29,61.58,61.66,61.03,61.45,912519.0,59.36900000000001,61.815220758641296,56.92277924135872,60.43566666666667,58.241666666666674,59.33866666666667,59.36900000000001,0.6299999999999955,61.078250000000004,57.65975000000001,0,53.75818738965921,-2.071713147410354,-2.813618004801078,58.20911862797214,59.266946493949355,1.0581731687838478,24.54397245382665,225298245.0,2084441.54,0,0.45224859013122526,8.0,-44.0,52.0,59.36900000000001,60.21074942227975,60.77969716447887,0.44033250191563267,-0.09202634848927005,-0.5323588504049027
1733115600,2024-12-02,61.45,61.45,60.39,60.67,2165490.0,59.36900000000001,61.815220758641296,56.92277924135872,60.33066666666666,58.284666666666666,59.30766666666666,59.36900000000001,1.0600000000000023,60.96725000000001,57.77075000000001,0,50.12449713147953,0.0,-1.7650075837088903,57.91824038978804,59.48448263366872,1.0583036567278588,23.02887311583658,223132755.0,2034379.0,0,0.43430589142813664,4.0,-44.0,48.0,59.36900000000001,60.25448757253882,60.77539531489147,0.38451225521543964,-0.05171853138560323,-0.43623078660104286
1733202000,2024-12-03,60.03,60.56,58.39,58.42,2208304.0,59.26899999999999,61.69864935741923,56.839350642580754,60.31400000000001,58.160000000000004,59.237,59.26899999999999,2.280000000000001,60.95649999999999,57.58149999999999,0,41.58871861795188,-3.310162197947699,-4.970198601211797,56.69956436393256,59.568561332717955,1.1455676812472977,22.791222871399846,220924451.0,2037248.7,0,0.346236290697864,12.0,-32.0,44.0,59.26899999999999,60.079774470392266,60.683026871170235,0.18975572742944474,-0.19903612731423692,-0.38879185474368166
1733288400,2024-12-04,58.43,59.82,58.2,58.88,2830997.0,59.255500000000005,61.690638394426024,56.820361605573986,60.27316666666667,58.17516666666667,59.224166666666655,59.255500000000005,1.6199999999999974,60.89575000000001,57.61525,0,43.65367284666387,-0.4564666103127574,-6.532940536412174,47.594984776776286,59.636599484077976,1.1794557040153477,22.698436209712003,223755448.0,2053876.36,0,0.2765736465828169,8.0,-32.0,40.0,59.255500000000005,59.96551023511681,60.61231993504592,0.09063946656778665,-0.2754925215339483,-0.366131988101735
1733374800,2024-12-05,59.06,59.27,58.51,58.74,1674617.0,59.3005,61.66147839888629,56.93952160111371,60.26716666666666,58.27316666666667,59.27016666666667,59.3005,0.7600000000000051,60.841,57.76,0,43.16480655398015,1.5560165975103708,-7.97244314025678,41.31716836558002,59.662433572037365,1.149494582299966,22.612277166716147,222080831.0,2056271.92,0,0.2325201868559074,4.0,-32.0,36.0,59.3005,59.8487949746295,60.538895623867646,0.018167326361276603,-0.3434228301501392,-0.3615901565114158
1733461200,2024-12-06,58.75,58.97,56.86,56.97,2574363.0,59.251,61.759241615157464,56.74275838484253,60.28766666666667,58.19466666666666,59.241166666666665,59.251,2.1099999999999994,60.86575,57.63625,0,37.56610746513375,-1.7080745341614942,-11.897481181367155,33.959195198610004,59.525029121791675,1.2181021121356825,23.56065387423305,219506468.0,2079105.12,0,0.1068100742458707,76.0,-24.0,100.0,59.251,59.574624024664786,60.39893893273558,-0.13786988489126423,-0.5339275126254961,-0.39605762773423187
1733720400,2024-12-09,57.18,58.29,56.85,57.41,2299356.0,59.19599999999999,61.812718555750266,56.579281444249716,60.281000000000006,58.111000000000004,59.19599999999999,59.19599999999999,1.4399999999999977,60.86249999999999,57.52949999999999,0,39.615561417910904,-1.8800205093146494,-14.041027692175575,27.343671245773777,59.39112901086845,1.233951961268848,24.446763977868585,221805824.0,2088199.04,0,0.055191168031206876,72.0,-24.0,96.0,59.19599999999999,59.36846935564909,60.281725641255754,-0.19675306490497468,-0.6419989588654502,-0.44524589396047554
1733806800,2024-12-10,57.53,58.05,56.26,57.69,1782347.0,59.17,61.835272969136156,56.50472703086385,60.29066666666667,58.00766666666667,59.149166666666666,59.17,1.7899999999999991,60.92125,57.41875,0,40.914768688064136,-0.8933172994330925,-15.159446971635868,27.7221384776184,59.3146901509749,1.2736696783210733,25.592483771163778,223588171.0,2086080.4,0,0.061662692523545864,68.0,-24.0,92.0,59.17,59.20861513130156,60.18008934159867,-0.2014176129052314,-0.6970179100920149,-0.49560029718678345
1733893200,2024-12-11,57.62,57.99,56.85,57.17,1987897.0,59.142500000000005,61.87748720289655,56.40751279710346,60.28883333333333,57.96983333333334,59.12933333333333,59.142500000000005,1.1400000000000006,60.914750000000005,57.370250000000006,0,39.26333075920371,-0.9528759528759481,-16.78192218036856,35.17001679766858,59.23420884181909,1.2641218441552824,26.656366436366454,221600274.0,2056821.92,0,-0.04375415121784196,64.0,-24.0,88.0,59.142500000000005,59.014461309272846,60.062046622320295,-0.22244950900666238,-0.7736621834451114,-0.551212674438449
1733979600,2024-12-12,57.14,57.46,56.68,56.98,2153125.0,59.09250000000001,61.94471931134477,56.24028068865525,60.24583333333334,57.93483333333334,59.090333333333334,59.09250000000001,0.7800000000000011,60.85875000000001,57.32625000000001,0,38.663117376316265,-1.7247326664367024,-18.338207316730454,29.198316377678353,59.05857281557613,1.229541712429905,27.742232578952734,219447149.0,2045051.68,0,-0.10894859533163159,60.0,-24.0,84.0,59.09250000000001,58.8207030893421,59.941182048895975,-0.23107077857472158,-0.8400511476568511,-0.6089803690821295
1734066000,2024-12-13,56.77,57.31,56.47,56.72,1495073.0,58.999,62.02809821564242,55.96990178435758,60.145666666666656,57.87166666666667,59.00866666666667,58.999,0.8400000000000034,60.737500000000004,57.2605,0,37.83010355384944,-3.191670933606425,-19.955280017867796,24.061403049566707,58.878999697309446,1.2017173043991978,28.874082719201247,217952076.0,2042859.88,0,-0.14686040956373722,56.00000000000001,-43.99999999999999,100.0,58.999,58.620636128452375,59.81486118423339,-0.23540194609078324,-0.9032328016956086,-0.6678308556048254
1734325200,2024-12-16,56.63,56.83,55.28,55.39,2334359.0,58.8215,62.23525028378005,55.40774971621995,60.03116666666667,57.69216666666667,58.861666666666665,58.8215,1.5499999999999972,60.60875,57.03425,0,33.89752004356377,-6.0230743128605315,-23.06887165150003,12.267334135615727,58.37831584028992,1.2265946397992546,30.544206337222754,215617717.0,2057671.68,0,-0.32025171046171663,52.0,-48.0,100.0,58.8215,58.31295649717119,59.641337216224244,-0.30456548542847006,-1.048537712390413,-0.7439722269619429
1734411600,2024-12-17,55.14,56.25,55.0,55.76,1852695.0,58.652,62.31147318613057,54.99252681386943,59.88866666666668,57.49966666666667,58.694166666666675,58.652,1.25,60.47675,56.82725,0,35.85033587999993,-5.73119188503804,-24.748884192729054,12.135075626023777,58.090525713186686,1.228266451242165,32.22283593711383,217470412.0,2067236.26,0,-0.3256887623428904,48.0,-48.0,96.0,58.652,58.06981778315489,59.489127913627215,-0.3015548375541932,-1.1209157739046844,-0.8193609363504912
1734498000,2024-12-18,55.52,56.02,54.17,54.2,2483187.0,58.423500000000004,62.564052016339005,54.282947983661,59.75116666666666,57.250166666666665,58.50066666666667,58.423500000000004,1.8500000000000014,60.319500000000005,56.5275,0,31.69476799506458,-7.776076229368726,-28.050590023969395,6.875282485302222,57.65441039306928,1.2726759904391531,34.132294637544796,214987225.0,2075676.08,0,-0.40727142958395635,44.0,-56.0,100.0,58.423500000000004,57.70126370856871,59.28171113270066,-0.3759454172132797,-1.2892927078670908,-0.9133472906538112
1734584400,2024-12-19,54.19,54.87,53.94,53.95,2855440.0,58.185500000000005,62.757547571932,53.61345242806801,59.5595,57.00849999999999,58.284000000000006,58.185500000000005,0.9299999999999997,60.11675,56.254250000000006,0,31.086903987104364,-8.107647760177139,-30.919603708078608,6.4881909635925865,57.2272958215041,1.2481991339792136,35.995957955909276,212131785.0,2102109.26,0,-0.48242179239930094,40.0,-60.0,100.0,58.185500000000005,57.34400049822884,59.07262442161436,-0.41049191441607524,-1.4264621836739053,-1.01597026925783
1734670800,2024-12-20,53.94,55.14,53.87,54.96,7254674.0,57.94350000000001,62.65824400153494,53.228755998465076,59.319833333333335,56.77583333333333,58.04783333333332,57.94350000000001,1.2700000000000031,59.86950000000001,56.017500000000005,0,36.28360585313834,-8.093645484949826,-30.95018268661118,25.253364784907674,56.48776606101631,1.2497563386949844,37.29622504912985,219386459.0,2205316.46,1,-0.2400164778413426,36.0,-60.0,96.0,57.94350000000001,57.11695283173085,58.91134503253144,-0.3369080776574871,-1.437105366329689,-1.100197288672202
1734930000,2024-12-23,54.73,55.23,54.31,55.18,1911716.0,57.68249999999999,62.402334213191175,52.962665786808806,59.044500000000006,56.5135,57.778999999999996,57.68249999999999,0.9199999999999946,59.59874999999999,55.76624999999999,0,37.36655984956047,-8.642384105960263,-30.49282721370656,30.836306086949747,56.238603335444175,1.2262023145024852,38.35694402216904,221298175.0,2209188.22,0,-0.13350771252563787,32.0,-60.0,92.0,57.68249999999999,56.93248113347077,58.765017776353744,-0.2490557014764676,-1.4115169155177867,-1.162461214041319
1735016400,2024-12-24,55.02,55.33,54.83,55.28,552203.0,57.39799999999999,61.9746739014278,52.82132609857218,58.75366666666666,56.238666666666674,57.49616666666667,57.39799999999999,0.5,59.30224999999999,55.49374999999999,0,37.871803978401616,-9.332458586189926,-29.90747605546518,34.73743489980373,55.98790035226828,1.1743307206094507,39.171445667098006,221850378.0,2186682.9,0,-0.1156858329611865,28.000000000000004,-60.0,88.0,57.39799999999999,56.775101977902125,58.62835041257517,-0.1639559192772504,-1.367406113137882,-1.2034501938606317
1735189200,2024-12-26,55.03,55.62,55.01,55.34,1354473.0,57.1355,61.54907213603798,52.72192786396202,58.48016666666666,56.00116666666666,57.24066666666666,57.1355,0.6099999999999994,59.003,55.268,0,38.18672698907464,-8.66479617098531,-29.297903211702035,39.265783327162495,55.81532036026491,1.1340213834230612,39.42825233224236,223204851.0,2146976.84,0,-0.09333864576716137,24.0,-60.0,84.0,57.1355,56.6384255990543,58.49939549443497,-0.08722149871063678,-1.3124770672489277,-1.2252555685382909
1735275600,2024-12-27,54.99,55.78,54.79,55.32,1083293.0,56.824,60.8055996785226,52.8424003214774,58.144999999999996,55.724000000000004,56.9345,56.824,0.990000000000002,58.647999999999996,55.0,0,38.11892983080103,-10.12185215272136,-28.819512885016234,41.25174590437962,55.65110718352539,1.1237341417499855,39.81694397661503,222121558.0,2123445.24,0,-0.02189343560579777,20.0,-60.0,80.0,56.824,56.51286125628722,58.37471331818262,-0.024659487541825342,-1.2560799279655726,-1.2314204404237472
1735534800,2024-12-30,55.32,55.5,54.85,55.3,1741959.0,56.51649999999999,59.931093826505816,53.10190617349417,57.837833333333336,55.414833333333334,56.626333333333335,56.51649999999999,0.6499999999999986,58.34199999999999,54.690999999999995,0,38.0478239905085,-10.00813669650123,-28.444999586663588,42.12110254395367,55.487489687775785,1.0898959887678437,40.177871932103926,220379599.0,2125798.38,0,0.016000740650966766,16.0,-60.0,76.0,56.51649999999999,56.39735066045034,58.25413632531272,0.025796131937568134,-1.199175275501787,-1.2249714074393552
1735621200,2024-12-31,55.39,55.73,54.93,55.42,1635477.0,56.254,59.1130166141546,53.39498338584539,57.551,55.153999999999996,56.3525,56.254,0.7999999999999972,58.059999999999995,54.448,0,38.76920075059857,-8.653370693917918,-27.83897597603383,47.73650554533688,55.373517534065954,1.0691891324272833,40.07162740649682,222015076.0,2126060.54,0,-0.006643990339590654,12.0,-60.0,72.0,56.254,56.30426964516936,58.142993724320064,0.07489441103049899,-1.1313533936512314,-1.2062478046817304
1735794000,2025-01-02,55.85,56.01,55.2,55.34,1840368.0,56.1,58.803309083329594,53.39669091667041,57.30266666666667,55.041666666666664,56.172166666666655,56.1,0.8099999999999952,57.79575,54.404250000000005,0,38.454973938929136,-5.272167066073259,-27.436188578160696,47.37088102567317,55.25439071119517,1.0506756229681913,39.44831490609388,220174708.0,2138310.9,0,-0.017554245718164642,8.0,-60.0,68.0,56.1,56.21243444086752,58.03307240179771,0.10763389026828918,-1.071705441846369,-1.1793393321146581
1735880400,2025-01-03,55.41,55.77,55.17,55.31,1718929.0,55.9215,58.32141062333841,53.521589376661595,57.07416666666667,54.915166666666664,55.99466666666666,55.9215,0.6000000000000014,57.54075,54.30225,0,38.33233473427768,-6.063179347826087,-27.135349713251237,48.15709546752874,55.135983412635724,1.018484507041892,38.89930999026041,218455779.0,2146747.32,0,-0.03175067604483757,4.0,-60.0,64.0,55.9215,56.12648830364204,57.92628524878604,0.13134929686129926,-1.0151527110380343,-1.1465020078993335
1736139600,2025-01-06,55.1,55.37,53.98,54.27,1805956.0,55.698,57.823197402598844,53.57280259740116,56.890666666666675,54.668666666666674,55.779666666666664,55.698,1.3900000000000006,57.3645,54.0315,0,34.33638634658493,-7.6098059244126635,-28.460591971207855,47.76793203675591,55.017199056070474,1.0450213279674712,39.39363095804754,216649823.0,2155208.4,0,-0.04612622842002285,4.0,-56.0,60.0,55.698,55.94967989377137,57.78290151353953,0.08341017667182005,-1.0422392870595587,-1.1256494637313788
1736226000,2025-01-07,54.58,55.19,54.05,54.12,2007340.0,55.555499999999995,57.7025116441261,53.40848835587389,56.68483333333334,54.55983333333334,55.62233333333334,55.555499999999995,1.1400000000000006,57.149249999999995,53.961749999999995,0,33.801423158095645,-5.002632964718275,-29.794181140216253,48.37566667158176,54.916293684358926,1.0518055188269375,39.85264328527844,214642483.0,2165373.06,0,-0.03858007586186285,4.0,-52.00000000000001,56.00000000000001,55.555499999999995,55.77542466579314,57.63925831693014,0.04968004730284936,-1.063549404602817,-1.1132294519056665
1736312400,2025-01-08,53.79,54.78,53.38,54.74,2177850.0,55.422000000000004,57.41788176002821,53.4261182399718,56.522000000000006,54.400999999999996,55.4615,55.422000000000004,1.3999999999999986,57.012750000000004,53.831250000000004,0,38.00394692588041,-4.650757707716417,-29.141973775201674,47.93721217953772,54.82627641863008,1.076676553196442,40.73773226030158,216820333.0,2181191.82,0,0.016173604080453596,8.0,-44.0,52.0,55.422000000000004,55.67681279286046,57.52556191234465,0.0756503974867595,-1.0186664550472173,-1.0943168525339768
1736485200,2025-01-10,54.0,54.8,53.66,53.69,3693767.0,55.222,57.06448310711756,53.37951689288244,56.32533333333333,54.26933333333333,55.29733333333333,55.222,1.1400000000000006,56.764,53.68,0,34.140256599047746,-6.933610677760443,-30.245645364261044,46.17709022374789,54.737956677708254,1.0811996565395534,41.51830818555519,213126566.0,2223979.94,-1,-0.01911456787643006,4.0,-96.0,100.0,55.222,55.48759252687375,57.37514771970369,0.030930521859447557,-1.0556537002096675,-1.086584222069115
1736744400,2025-01-13,54.03,54.08,52.84,53.91,2317311.0,55.05899999999999,56.75422741837601,53.36377258162397,56.144000000000005,54.077999999999996,55.111000000000004,55.05899999999999,1.2399999999999949,56.60849999999999,53.50949999999999,0,35.58460855688163,-5.702291411579508,-30.496057260662585,47.01019302220448,54.69840044569199,1.0925425382152993,42.73884981341302,215443877.0,2232497.66,0,0.12449760377890143,4.0,-92.0,96.0,55.05899999999999,55.33734561955244,57.23925957383296,0.025225608099903152,-1.0550522119442363,-1.0802778200441394
1736830800,2025-01-14,53.87,54.34,53.85,54.02,1748027.0,54.911,56.41567139270143,53.406328607298576,55.980999999999995,53.943999999999996,54.9625,54.911,0.490000000000002,56.43875,53.383250000000004,1,36.319638312456114,-5.194805194805184,-30.376285103985172,35.570230297113724,54.667304807842875,1.0495037854856353,43.342718688219065,217191904.0,2223211.56,0,-0.07276849576477264,12.0,-80.0,92.0,54.911,55.211884131976014,57.11301410034932,0.03719614031642893,-1.0337826446486034,-1.0709787849650323
1736917200,2025-01-15,54.86,55.35,54.48,54.63,2277680.0,54.80649999999999,56.064137070069975,53.54886292993001,55.88183333333334,53.84183333333333,54.86183333333332,54.80649999999999,1.3299999999999983,56.370999999999995,53.24199999999999,1,40.29639800588194,-3.684767277856129,-28.47121463827352,36.473783112070535,54.66307430648958,1.0695392293795183,42.13723098867319,219469584.0,2196328.84,0,-0.19488785827985414,8.0,-80.0,88.0,54.80649999999999,55.156466595597344,57.015640998374835,0.09144183894236213,-0.9566764862870798,-1.048118325229442
1737003600,2025-01-16,54.51,56.13,54.47,56.09,2310473.0,54.841499999999996,56.19727689905609,53.4857231009439,55.87383333333334,53.822833333333335,54.848333333333336,54.841499999999996,1.6600000000000037,56.414249999999996,53.26875,1,48.412826641455936,1.2637660227477936,-22.765533169142095,40.57537969399737,54.72849448359848,1.111714998709553,39.93626735074168,221780057.0,2196460.96,0,-0.11910987218463441,4.0,-80.0,84.0,54.841499999999996,55.24537453887379,56.979341351379745,0.2233777435061738,-0.7688961458467247,-0.9922738893528985
1737090000,2025-01-17,56.01,56.47,55.67,55.85,2137870.0,54.846000000000004,56.21447944815191,53.477520551848094,55.867666666666665,53.861666666666665,54.864666666666665,54.846000000000004,0.7999999999999972,56.385000000000005,53.307,1,47.30016810099929,0.16140602582497024,-18.751245937850054,42.27955654246879,54.79536260695832,1.0894496416588704,37.469365488999,219642187.0,2197944.58,0,-0.1609939259217644,4.0,-76.0,80.0,54.846000000000004,55.3029579161239,56.93505345524721,0.2880929143593255,-0.6321577464037418,-0.9202506607630673
1737435600,2025-01-21,56.02,56.52,55.93,56.2,2048765.0,54.946000000000005,56.40062572506264,53.49137427493737,55.87566666666667,53.99566666666666,54.935666666666656,54.946000000000005,0.6700000000000017,56.3965,53.49550000000001,0,49.09608344603835,3.6900369003690034,-14.66999730529398,47.95802241940462,54.87576709970692,1.0594889529689513,35.11575265908093,221690952.0,2142497.74,0,-0.1642111628090195,4.0,-72.0,76.0,54.946000000000005,55.388390495540676,56.90622782955124,0.3442787550371752,-0.4899022169665983,-0.8341809720037735
1737522000,2025-01-22,55.83,55.93,53.81,53.84,1944377.0,54.9405,56.41089416484628,53.47010583515372,55.94883333333333,53.94983333333333,54.949333333333335,54.9405,2.3900000000000006,56.5005,53.3805,1,39.53373027654042,-0.2038924930491185,-15.877768065123954,47.668039634829135,54.832866352325816,1.154525456328312,34.81399733201934,219746575.0,2097700.86,0,-0.2493674538751125,4.0,-68.0,72.0,54.9405,55.24092473406061,56.785983600941385,0.21844267232165904,-0.5611276316016998,-0.7795703039233588
1737608400,2025-01-23,54.18,54.82,53.77,54.27,2438938.0,54.90599999999999,56.405045029348365,53.40695497065162,55.91933333333333,53.94233333333334,54.93083333333334,54.90599999999999,1.0499999999999972,56.44949999999999,53.36249999999999,1,41.711121547610595,-1.2554585152838387,-15.734348907212512,41.04538120203488,54.7608469463782,1.147059352304861,34.56134555620937,222185513.0,2089418.1,0,-0.25868110939466543,92.0,24.0,68.0,54.90599999999999,55.148455711769124,56.687317577375055,0.16266871677870665,-0.5762344079499755,-0.7389031247286821
1737694800,2025-01-24,53.99,54.43,53.82,54.35,2938812.0,54.86450000000001,56.37680254909993,53.352197450900086,55.8685,53.9225,54.89549999999999,54.86450000000001,0.6099999999999994,56.384750000000004,53.34425000000001,1,42.11930459805647,-1.5041681768756765,-15.436428255960442,33.76576760937324,54.66456610571142,1.108697969997371,34.3267403358144,225124325.0,2099940.4,0,-0.14285068483600205,88.0,24.0,64.0,54.86450000000001,55.072412310648254,56.59565806453682,0.13102517088398358,-0.5751216611237027,-0.7061468320076862
1737954000,2025-01-27,54.91,56.51,54.84,56.2,5876424.0,54.9105,56.52319308921879,53.297806910781205,55.96216666666667,53.899166666666666,54.93066666666666,54.9105,2.1599999999999966,56.55525,53.26575,1,50.548844122343915,1.6642547033285124,-11.004715709634548,46.50743334225342,54.82337726443507,1.1837909721404156,32.00205741703365,231000749.0,2174842.18,1,0.00286313468986399,84.0,24.0,60.0,54.9105,55.17980161439604,56.58014206200597,0.2288235373264882,-0.42011741034957595,-0.6489409476760641
1738040400,2025-01-28,56.94,57.51,55.41,55.67,3574057.0,54.927,56.56350970055604,53.29049029944396,56.08033333333334,53.868333333333325,54.974333333333334,54.927,2.1000000000000014,56.683499999999995,53.170500000000004,1,48.42219838638108,0.5963136971449192,-8.622543602788252,53.94363113647863,54.967942135409864,1.249234474130386,30.652617302315683,227426692.0,2212341.0,0,-0.04092585031304803,80.0,23.999999999999993,56.00000000000001,54.927,55.22648717492976,56.544450216437106,0.250219259728508,-0.33616687301542925,-0.5863861327439372
1738126800,2025-01-29,55.54,56.03,55.15,55.28,2657560.0,54.925,56.55968039690149,53.2903196030985,56.08433333333333,53.88333333333334,54.98383333333334,54.925,0.8800000000000026,56.673249999999996,53.17675,1,46.894045680693644,-0.07230657989876925,-7.492976076538294,52.96311369391867,55.031167504428396,1.2228605831210728,29.14680335633843,224769132.0,2225208.58,0,-0.043152703875465166,76.0,24.0,52.0,54.925,55.23158363446026,56.494863933439575,0.23096985851546314,-0.2976738095996083,-0.5286436681150715
1738213200,2025-01-30,55.95,56.09,55.04,55.41,2693863.0,54.93050000000001,56.57092037295751,53.29007962704251,56.11916666666666,53.878166666666665,54.998666666666665,54.93050000000001,1.0500000000000043,56.70875000000001,53.15225000000001,1,47.475663848717986,0.1989150090415903,-6.358638602052574,59.205206853362526,55.10595842791076,1.2105133986124252,27.638554413819513,227462995.0,2244504.86,0,-0.11626746951417206,72.0,24.0,48.0,54.93050000000001,55.24857566927356,56.452320249775276,0.21991272482433005,-0.2537527620846589,-0.47366548690898896
1738299600,2025-01-31,55.36,56.11,55.1,55.66,12768416.0,54.942499999999995,56.6004852230988,53.28451477690119,56.14283333333334,53.88083333333334,55.011833333333335,54.942499999999995,1.009999999999998,56.73649999999999,53.1485,1,48.614877534250155,0.43305665824611134,-4.965925219377505,74.65230651246996,55.32607064383477,1.1961910129972517,26.256065124643705,240231411.0,2465502.86,1,0.008281949827667353,68.0,24.0,44.0,54.942499999999995,55.28775893886656,56.421248867431146,0.22172687299895194,-0.1965068956602991,-0.41823376865925105
1738558800,2025-02-03,55.52,56.62,54.73,56.46,3179879.0,54.9985,56.77763771249275,53.21936228750725,56.21783333333333,53.847833333333334,55.032833333333336,54.9985,1.8900000000000006,56.8735,53.1235,1,52.113402478594324,2.023852547885792,-2.2941933201847577,79.76746423288444,55.44785835199723,1.2457487977831623,25.431432616850977,243411290.0,2495420.52,0,0.027881106238537918,100.0,60.0,40.0,54.9985,55.39940094468879,56.422768519688745,0.2661077453492242,-0.08559908697272078,-0.351706832321945
1738645200,2025-02-04,55.9,56.31,55.29,56.0,2474897.0,55.032999999999994,56.86104923347645,53.20495076652354,56.26133333333333,53.849333333333334,55.05533333333333,55.032999999999994,1.1700000000000017,56.95074999999999,53.115249999999996,1,50.05085789873828,1.2475140119327386,-1.0256414632568274,75.04134098316581,55.51770629560637,1.2403381693700795,24.66570243104344,240936393.0,2502304.34,0,0.05799731965830468,96.0,60.0,36.0,55.032999999999994,55.45660085471843,56.406189362053894,0.2538253273038324,-0.034425173192154546,-0.28825050049598694
1738731600,2025-02-05,56.54,57.04,56.19,56.52,2379358.0,55.14549999999999,57.04732517598587,53.243674824014114,56.3365,53.9785,55.157500000000006,55.14549999999999,1.0399999999999991,57.03699999999999,53.25399999999999,0,52.29741635428359,4.1459369817578775,0.964489571887699,75.13007262760809,55.601161415530925,1.2260283001293595,24.58953987378237,243315751.0,2502459.94,0,0.07731031666794541,100.0,68.0,32.0,55.14549999999999,55.557876963792864,56.410652524326295,0.2686341125152548,0.04754214014808156,-0.22109197236717323
1738818000,2025-02-06,56.56,56.97,56.38,56.88,2305845.0,55.283500000000004,57.26646016097488,53.30053983902513,56.423500000000004,54.12050000000001,55.272000000000006,55.283500000000004,0.5899999999999963,57.133750000000006,53.43325,0,53.8113286339254,5.099778270509987,3.2221108263972855,75.15234994726289,55.65622260271868,1.1805977072629763,24.51881749918281,245621596.0,2519521.34,0,0.06524209369903636,100.0,72.0,28.000000000000004,55.283500000000004,55.68379344343164,56.42905830768605,0.2888237404007415,0.13993770313375364,-0.14888603726698785
1738904400,2025-02-07,56.79,57.58,56.42,57.34,2302567.0,55.4135,57.57018518797096,53.25681481202904,56.552166666666665,54.27316666666667,55.41266666666667,55.4135,1.1599999999999966,57.24575,53.58125,0,55.70224471455483,4.749725977347463,5.874834911356189,75.25843845331627,55.709209105530086,1.1791264424584778,24.953736910701814,247924163.0,2537254.08,0,0.11596160507746958,100.0,76.0,24.0,55.4135,55.841527401200054,56.46478151130621,0.3170510812289117,0.24742781426915172,-0.06962326695975993
1739163600,2025-02-10,57.3,58.52,57.24,58.38,3375699.0,55.648,58.01385375710609,53.282146242893916,56.759,54.46600000000001,55.6125,55.648,1.2800000000000011,57.490750000000006,53.80525,0,59.63497294424737,8.735332464146033,9.831323708737768,75.96136726976445,55.84377596353762,1.1863316965685866,26.012439530245054,251299862.0,2537384.46,0,0.1681513415638739,100.0,80.0,20.0,55.648,56.08328669632386,56.53988811870597,0.3851282024307813,0.41178698607871667,0.02665878364793539
1739250000,2025-02-11,58.1,59.49,57.67,59.31,3212652.0,55.918000000000006,58.635275105691846,53.200724894308166,57.04866666666667,54.69766666666667,55.87316666666667,55.918000000000006,1.8200000000000003,57.80425,54.03175000000001,0,62.74803254048302,10.016694490818042,14.493191577288062,80.26629972415854,56.07630716651277,1.231593718242259,27.546246526962854,254512514.0,2573220.82,0,0.24966440971580958,100.0,84.0,16.0,55.918000000000006,56.3905927252454,56.64851995718809,0.46671595067013233,0.6100537219856008,0.1433377713154685
1739336400,2025-02-12,57.96,58.58,56.7,57.63,4620225.0,56.0985,58.76663998883348,53.43036001116652,57.2965,54.80650000000001,56.0515,56.0985,2.6099999999999994,58.14375,54.053250000000006,0,54.72287090430169,6.68271010736764,14.543380113660826,76.75406966962147,56.28922070795819,1.3300513097963833,27.6940445691856,249892289.0,2639429.38,0,0.2408785575323173,96.0,84.0,12.0,56.0985,56.50863151331726,56.6870093706317,0.3848670909895565,0.6244216350524141,0.23955454406285762
