start,start_unix,end,end_unix,direction,bottom,top,start_open,start_high,start_low,start_close,start_volume,end_open,end_high,end_low,end_close,end_volume,bb_bbh,bb_bbl,kch_high,kch_low,squeeze,rsi,roc,tsi,mfi,vwap,atr,adx,obv,pocket_pivot,cmf,aroon_up,aroon,aroon_down,sma,ema20,ema50,macd_diff,rel_open,rel_high,rel_low,rel_close
2016-03-15,1458014400,2016-03-23,1458705600,0.75,32.945,37.602906880875906,32.95,33.2,32.69,33.06,1555370.0,35.92,36.22,35.76,36.1,2663182.0,0.49347310795828037,-12.99208806640705,-4.3878116343490206,-8.373961218836584,0,9.90226391836272,7.696897374701665,14.854871670480266,17.04944406359516,-6.683136813937423,2.3421866223017824,2.1584248291669006,-0.8455595008703968,0,0.2670961327188501,46.0,39.99999999999999,6.000000000000007,-6.24930747922437,-5.260139569696491,-3.830214334676441,0.441577609520343,-0.004986149584487509,0.003324099722991525,-0.009418282548476542,-0.0005537098560353115
2016-03-17,1458187200,2016-03-31,1459396800,0.25,34.46904536154805,37.602906880875906,33.84,34.66,33.69,34.5,2405162.0,35.85,36.01,35.52,35.97,2116770.0,3.542907001495152,-12.806181952843474,-2.886664813270329,-6.873320359558903,0,8.525788032537108,6.767586821015143,20.63933941825177,29.294335333125133,-2.52351465119996,2.2047478796977145,-3.0109480567455833,0.66691591090719,0,0.5931112072173771,26.0,40.0,-14.0,-4.631637475674168,-3.217829276992319,-2.9656173031667947,0.20589766123937542,-0.0033361134278564464,0.0011120378092854821,-0.012510425354461896,0.003907340217694788
2016-03-22,1458619200,2016-04-04,1459742400,-0.25,34.46904536154805,37.602906880875906,35.52,36.2,35.15,36.12,2524269.0,36.09,36.37,35.8,36.11,2118286.0,4.081744572033045,-12.256765341902877,-2.415766638973494,-6.384196436813426,0,9.02717730439997,10.971112476951445,23.098197879635382,29.6602586817083,-2.0134519669319957,2.151519454208912,-3.6367746175213327,-0.6751259856265516,0,0.5802153913417359,46.0,68.0,-21.999999999999996,-4.087510384934916,-2.9197796473940087,-3.0754684259348153,0.15437029369108402,-0.0005538631957905382,0.007200221545278218,-0.008584879534754952,-0.0024861878453039665
2016-03-24,1458792000,2016-04-05,1459828800,0.25,34.46904536154805,37.45466722452591,35.76,35.85,34.97,35.67,3686031.0,35.82,36.11,35.64,35.91,3293324.0,4.785420613568775,-10.931340970015412,-1.4522417153996088,-5.375939849624061,0,7.429717792454966,10.62846580406653,23.244845836750965,25.834844080422926,-1.0848437667131634,2.1024541062761855,-4.15949411805175,-1.0405312482308682,0,0.5491191341102158,42.0,68.0,-26.0,-3.072960178223326,-2.152513052844469,-2.4362120323492746,0.10879278258059621,-0.0025062656641603454,0.00556947925368978,-0.007518796992481147,-0.005538631957906492
2016-04-01,1459483200,2016-04-12,1460433600,-0.25,34.668588738706966,37.45466722452591,35.52,36.31,35.52,36.2,2408479.0,36.39,36.82,36.29,36.65,1443805.0,2.2239686493926314,-7.421785839024281,-1.023647112323772,-4.76989540700319,0,11.163051560826041,9.73053892215569,26.743854287082456,17.56588780487911,-1.9275076016575952,1.9757874379011677,-3.0472197995065287,0.5089594926401392,0,0.3177339116287838,50.0,96.0,-46.0,-2.598908594815825,-2.7696467336308928,-3.7331698868203347,0.03347806709327339,-0.007094133697134963,0.004638472032742147,-0.009822646657571599,0.00880814753647119
2016-04-05,1459828800,2016-04-14,1460606400,0.75,34.668588738706966,38.74666919206295,35.82,36.11,35.64,35.91,3293324.0,37.71,37.71,37.13,37.45,2266054.0,-0.19534614925663618,-6.979553717232051,-2.0315976858033054,-5.684468179795303,0,14.994551148230613,10.930094786729873,31.579341303351065,26.77248519941743,-3.393506485313125,1.972661647127346,-0.33479635459940127,-0.8272489273910911,0,0.2702330703997067,46.0,92.0,-46.0,-3.5874499332443435,-3.9444415112100444,-5.33436039975453,0.0993375873741601,0.006942590120160075,0.006942590120160075,-0.008544726301735639,-0.0026631158455391324
2016-04-06,1459915200,2016-04-15,1460692800,0.25,36.02757302392177,38.74666919206295,35.89,36.5,35.68,36.41,1848109.0,37.53,37.64,37.15,37.24,2098427.0,0.36156251124180017,-5.713334799104331,-1.1327425707124945,-4.67731829573934,0,13.024065250096086,7.9420289855072514,32.25534473208052,19.319828166413032,-2.480245480976734,1.9360716643086324,0.8779008998696618,-0.7769024943639751,0,0.24595697369062297,42.0,80.0,-38.0,-2.6758861439312653,-3.0787010348594777,-4.612275463643101,0.08424198500182589,0.007787325456498406,0.01074113856068748,-0.0024167561761547773,-0.005607476635514086
2016-04-13,1460520000,2016-04-19,1461038400,-0.25,36.097128016459,38.74666919206295,36.99,37.75,36.94,37.55,1966245.0,37.56,37.73,37.13,37.54,3708746.0,0.45819025702746785,-6.457124726926224,-1.461552122180791,-4.92985260166931,0,14.66874711696552,4.655701143016453,34.248188860552595,20.1067619899803,-2.4333295996092517,1.9062365019660976,1.5626478755612716,1.3683859833852323,0,0.2628118777548042,34.0,80.0,-46.0,-2.9994672349493783,-3.1817881564443695,-4.973339144147374,0.06759260063987393,0.0005327650506128379,0.005061267980820405,-0.010921683537559845,0.003206841261357507
2016-04-15,1460692800,2016-04-22,1461297600,0.75,36.097128016459,40.220365998239984,37.53,37.64,37.15,37.24,2098427.0,39.14,39.32,38.78,39.25,2032238.0,-0.11753785644282289,-11.849341124448912,-4.329936305732488,-7.952866242038212,0,20.417750386387496,10.036445192038123,42.81949526528457,18.836704932857714,-4.4538804216901156,2.088508847277902,7.971553137038185,0.7385296322223909,0,0.19034718406384632,42.0,68.0,-26.0,-5.9834394904458605,-5.5072333099850965,-8.093701838543325,0.20801871089516,-0.0028025477707006585,0.0017834394904459039,-0.011974522292993561,0.005894413121475983
2016-04-18,1460952000,2016-04-25,1461556800,0.25,37.222153342080354,40.220365998239984,37.06,37.57,36.8,37.42,2412587.0,39.09,39.24,38.42,38.47,1934979.0,2.3105107865235937,-9.70588380445966,-1.9292089073737202,-5.72957282731133,0,13.729356575806186,8.213783403656826,40.92244491793512,21.04296609640116,-1.9607549659267818,2.132759551642373,9.0038656247688,-0.7115239732200503,0,0.13642003789340332,38.0,68.0,-30.0,-3.697686508968019,-3.2493089741188186,-5.985928460159144,0.14775420151003638,0.016116454380036505,0.020015596568754956,-0.0012997140629060766,-0.019872611464968215
2016-04-20,1461124800,2016-04-28,1461816000,-0.25,37.222153342080354,40.220365998239984,39.6,40.07,37.81,39.37,5836282.0,39.08,39.39,38.66,38.77,1382917.0,3.1706021707438765,-9.510555743093661,-1.3773536239360311,-5.174103688418896,0,12.819998230767759,7.784264664998622,38.72465245395957,20.265181861953636,-1.4560306664268694,2.036622404554535,11.282246291829829,-0.5155451408109859,0,0.10989736155886298,26.0,68.0,-42.0,-3.1699767861748853,-2.7438465690387943,-5.856748217100261,0.07056846872471645,0.007995873097755846,0.015991746195511913,-0.0028372452927523106,-0.014489069649212039
2016-04-25,1461556800,2016-05-12,1463025600,0.25,37.222153342080354,40.17065108040303,39.09,39.24,38.42,38.47,1934979.0,37.79,38.0,36.88,37.35,2917627.0,6.116635679505549,-1.6400627210048953,4.169567157518969,0.2927264614011449,0,1.4855880351225252,-0.26702269692924274,10.694005816187543,-16.228660475213132,1.974440436611971,1.9751605825848415,-2.062698957431042,-1.1300819237516115,-1,-0.18031140985097516,-14.0,32.0,-46.0,2.238286479250334,1.0058485452549633,-1.148180857805201,-0.24654192678401987,0.011780455153949099,0.01740294511378848,-0.012583668005354709,-0.007704569606801215
2016-04-26,1461643200,2016-05-13,1463112000,-0.75,35.94433894821886,40.17065108040303,38.53,39.24,38.46,39.22,1529664.0,37.32,37.53,36.74,36.85,1274919.0,7.6655296030088635,-0.5203464279749426,5.58254183627318,1.5716870194481913,0,-1.9723456197036384,-1.0472610096670263,7.175295796119445,-15.241560338696317,3.0816008620291058,2.0120938570925953,-3.097463799356653,-0.5050991513200862,0,-0.15383359803625354,-18.0,28.0,-46.0,3.5725915875169534,2.150029618324197,0.18551988883805848,-0.2753656297799872,0.012754409769335062,0.018453188602442383,-0.0029850746268657025,-0.01338688085676032
2016-04-29,1461902400,2016-05-18,1463544000,-0.25,35.94433894821886,38.699004021210634,38.58,38.63,37.99,38.16,2009142.0,37.66,37.99,37.42,37.68,1208913.0,4.804520265047074,-2.5805287576160936,2.9334748761500293,-0.5909412597310677,0,3.426854126754627,-4.292608585217165,5.637673057790477,-15.981106172747744,0.1466166374106308,1.9649512468295531,-6.156849384241642,-0.523760604196873,0,-0.182840192424883,-30.0,-68.0,38.0,1.1119957537155045,-0.08480215340878772,-1.7981779812609062,-0.16280780481745943,-0.0005307855626327518,0.00822717622080682,-0.006900212314224996,-0.0021186440677966045
2016-05-13,1463112000,2016-05-19,1463630400,0.25,35.92701716523939,38.62882395508007,37.32,37.53,36.74,36.85,1274919.0,37.39,37.45,36.79,37.03,974722.0,6.394174590402784,-1.1578796943725678,4.447294986047339,0.8961202628499478,0,-1.1547377576697428,-5.099948744233731,3.3177289789717137,-14.412639501424565,1.7106635288637477,2.0283008347420783,-6.945802850955761,-0.4304854021221025,0,-0.16207848647774944,-34.0,-68.0,34.0,2.6181474480151223,1.5100863422599105,-0.07149050868223128,-0.17937505196503428,0.009721847150958585,0.011342155009451904,-0.006481231433972501,-0.0172505307855626
2016-05-16,1463371200,2016-05-20,1463716800,-0.25,35.92701716523939,38.62882395508007,36.96,37.71,36.95,37.54,1088406.0,37.26,37.72,37.16,37.41,1218785.0,4.792541840934476,-2.132825187633216,3.163592622293507,-0.3568564554931868,0,1.409480426131779,-4.687898089171983,2.552438257724774,-15.002768174134303,0.5360941606447795,1.9960357025174496,-8.160968406143713,0.5446959206537568,0,-0.2070533234421231,-38.0,-68.0,30.0,1.3298583266506228,0.4333593612909823,-1.0439262770720887,-0.1584662574593629,-0.00400962309542896,0.008286554397220147,-0.006682705159048341,0.010261949770456358
2016-05-19,1463630400,2016-05-23,1463976000,0.25,35.92701716523939,38.62305132498958,37.39,37.45,36.79,37.03,974722.0,37.48,37.48,36.97,37.15,1723810.0,5.383496507756334,-1.6607508819151207,3.6406460296097123,0.17900403768504702,0,-0.38185049435291063,-3.431245126072265,1.1597678121841755,-15.594501785579212,1.0988269836869051,1.964491527024247,-8.968841857814386,-0.7754712463021038,0,-0.2616131160027239,-42.0,-68.0,26.0,1.8613728129206066,1.028042684627323,-0.3375878495965452,-0.15564640782327216,0.008882907133243467,0.008882907133243467,-0.004845222072678346,-0.006950013365410235
2016-05-20,1463716800,2016-06-02,1464840000,-0.25,35.965305319507266,38.62305132498958,37.26,37.72,37.16,37.41,1218785.0,37.62,37.99,37.36,37.99,1105038.0,0.4168314710914842,-2.5858233110494098,0.5404931122225065,-2.6708783013073685,1,4.927845244253369,1.1987213638785372,3.8195692450550975,-5.905540995360873,-1.1555997110992706,1.7772130697293835,-13.04383793910404,0.5438433658976854,0,0.014540981920600994,-46.0,-44.0,-2.0,-1.0844959199789628,-0.887163347400147,-2.0611053800515577,-0.005299841339887826,-0.00973940510660709,0.0,-0.016583311397736278,0.00822717622080682
2016-05-23,1463976000,2016-06-09,1465444800,0.75,35.965305319507266,39.978270891558736,37.48,37.48,36.97,37.15,1723810.0,39.12,39.14,38.65,38.86,1264411.0,1.9927300088531013,-6.4857819903250515,-0.49579687768056147,-4.180820037742322,0,7.764560789399937,3.241232731137085,17.73500962972157,13.813153051083155,-1.1960601144796073,1.917257474344082,-7.808565835526423,-0.6310359127977841,0,0.29129856286293976,38.0,60.0,-21.999999999999996,-2.246525990735975,-1.4534036021360492,-3.2762516825734025,0.14493213697130636,0.006690684508491973,0.0072053525476067914,-0.005404014410705149,-0.01069246435845217
2016-05-24,1464062400,2016-06-13,1465790400,0.25,37.25606358488337,39.978270891558736,37.68,37.91,37.32,37.77,1171758.0,38.05,38.21,37.49,37.51,1206392.0,5.617543208642786,-2.6583323315433347,3.208922065227071,-0.4247756153914395,0,-2.0827852487526,1.7910447761193937,10.961344333591237,10.312436383462597,2.623567972134083,1.988215618904192,-9.316169131506438,-0.615528564117955,0,0.25507752194308025,30.0,60.0,-30.0,1.4796054385497257,1.8835784805731919,0.2634524725083196,-0.032965952305331614,0.014396161023727094,0.01866169021594244,-0.0005331911490268348,-0.01934640522875819
2016-06-03,1464926400,2016-06-14,1465876800,-0.75,35.92726040770962,39.978270891558736,37.96,39.48,37.51,39.42,6689989.0,37.38,37.5,36.87,37.08,1462729.0,6.8975227993473,-1.7087417853235962,4.354548723480761,0.713772024451643,0,-4.730083501550297,-1.2253596164091658,6.139691788067735,4.917597552188276,3.7027907685819343,1.9908953271810974,-9.107060302948273,-0.7513437058863354,0,0.20650728732833668,26.0,60.0,-34.0,2.594390507011852,2.7731642617246024,1.370234474451422,-0.12515466603851966,0.008090614886731462,0.011326860841424091,-0.005663430420712046,-0.011463609704078892
2016-06-10,1465531200,2016-06-23,1466654400,-0.25,35.92726040770962,38.59666653511614,38.5,38.62,38.12,38.25,1129940.0,37.91,38.08,37.43,37.92,1744597.0,4.461535084151038,-3.1878009069358484,2.3597925457102633,-1.234616736990148,0,0.8089360774629029,-0.052714812862403856,0.9354400985277187,-7.641985735555863,0.9709610051482684,1.844461949274709,-12.744502432649258,0.9514620346961704,0,-0.11537718191654488,-2.0,44.0,-46.0,0.6368670886076018,0.2141683731279329,-0.6845073493556981,-0.06881675492817095,-0.0002637130801689258,0.00421940928270037,-0.012921940928270148,0.0026441036488631386
2016-06-14,1465876800,2016-06-24,1466740800,0.25,35.76046163307907,38.59666653511614,37.38,37.5,36.87,37.08,1462729.0,36.44,36.72,35.38,35.45,3138346.0,12.592530950880445,2.059091051940399,9.313587212035728,5.25716972261398,0,-12.894760609167541,-6.067832538420771,-6.424489445375372,-21.355852522476752,6.604608694281836,2.3438363137506757,-11.110946640175573,-1.6954484216796695,-1,-0.3614757215813765,-6.0,-56.0,50.0,7.325811001410415,6.511255328727515,5.990835246720948,-0.2184125119214225,0.027926657263751542,0.03582510578279252,-0.001974612129760245,-0.0651371308016877
2016-06-15,1465963200,2016-06-27,1467000000,-0.75,34.13254553497507,38.59666653511614,37.24,37.85,37.02,37.59,1562343.0,35.02,35.02,33.59,33.88,2855894.0,19.422455405776844,4.039764192806388,14.025482093663896,9.447560015741828,0,-18.567088640502433,-10.204081632653047,-15.46198974415992,-29.553801126572083,9.82318190527478,2.6694150893742594,-8.556227282241942,-1.530333011965762,-1,-0.3534455892317528,-10.0,-60.0,50.0,11.731109799291616,10.356799947524053,10.474905876170013,-0.40125461339754415,0.03364817001180631,0.03364817001180631,-0.008559622195985828,-0.04428772919605073
2016-06-24,1466740800,2016-06-28,1467086400,-0.75,32.52576630102136,37.25606358488337,36.44,36.72,35.38,35.45,3138346.0,34.19,34.58,33.84,34.07,3006601.0,19.651213318573824,1.5433860356967983,12.894530867821146,8.31865766559045,0,-17.25731581822464,-9.267643142476691,-21.25586781286868,-28.07605658938685,7.695452066261879,2.620062019296403,-6.18398787844643,1.6008980659245196,0,-0.33554427936824327,-14.0,-60.0,46.0,10.597299677135325,8.813617988483372,9.472194353693595,-0.4821163656666869,0.0035221602582917733,0.014969181097739925,-0.006750807161725714,0.005608028335301052
2016-06-27,1467000000,2016-06-29,1467172800,-0.25,32.52576630102136,35.780126252217805,35.02,35.02,33.59,33.88,2855894.0,34.44,34.77,33.56,34.58,3565917.0,18.256922798048564,-1.2210639200844042,10.828513591671495,6.201561596298433,0,-13.813154772943214,-8.227176220806797,-23.960248874639422,-15.414531322784612,4.850851263776647,2.6469711413834798,-3.8407866647205147,1.9016044507752152,0,-0.20473916026179795,-18.0,-60.0,42.0,8.51792943898208,6.52223874588249,7.549510325523514,-0.4732994109278047,-0.004048582995951455,0.005494505494505697,-0.029496818970503047,0.014969181097739925
2016-06-28,1467086400,2016-07-01,1467345600,0.75,32.52576630102136,37.50416548965749,34.19,34.58,33.84,34.07,3006601.0,36.45,36.48,35.8,35.91,2095643.0,13.07420291903614,-5.583253322823396,5.964912280701768,1.668059036480102,0,-5.793856329783019,-8.904109589041107,-20.197875569547982,0.08772227375170871,0.3607275223221933,2.6119653285236746,-3.551857525291581,-1.1749132397973723,0,-0.08308074995130432,-26.0,-60.0,34.0,3.745474798106386,2.1526848562307066,3.310864017694115,-0.2526172626298626,0.015037593984962516,0.015873015873015817,-0.0030632135895293233,-0.004987531172069959
2016-06-29,1467172800,2016-07-07,1467864000,0.25,34.10568425667032,37.50416548965749,34.44,34.77,33.56,34.58,3565917.0,35.41,35.64,34.94,35.25,1832190.0,12.512136345919984,-4.673838473579536,6.196217494089822,1.787706855791967,0,-8.444400568290625,-10.259674134419555,-20.26862094320845,-1.8010848322222799,1.2604905493845564,2.552778961801228,-2.165173054094648,-1.0217736798541737,0,-0.10026747276578624,-38.0,-60.0,22.0,3.919148936170231,3.027795756172054,4.659436471197395,-0.14382276061445276,0.004539007092198455,0.01106382978723408,-0.008794326241134853,-0.001699235344095218
2016-06-30,1467259200,2016-07-08,1467950400,-0.25,34.10568425667032,37.50416548965749,34.74,36.09,34.74,36.09,2693383.0,35.9,36.52,35.86,36.51,2150304.0,7.820397436999116,-7.7984856320141915,2.20031041723729,-2.1026202866794392,0,-1.4678797186030579,-6.047349459598562,-17.124962855477644,-1.2582076758353224,-2.4496721542940776,2.5370954322600716,-2.908423209316773,1.1907350035835502,0,-0.03058051530536618,-42.0,-60.0,18.0,0.01095590249246925,-0.47753882472350995,1.006445531912135,-0.028140259811071155,-0.01670775130101343,0.00027389756231177564,-0.0178033415502602,0.03574468085106375
2016-07-05,1467691200,2016-07-21,1469073600,0.75,34.10568425667032,39.219402406265104,35.78,35.95,35.12,35.26,2065370.0,38.77,39.09,38.53,38.7,1798425.0,3.1396432037809916,-13.42646490920734,-3.0271317829457303,-7.391472868217065,0,8.023454288852626,2.3268112109994776,11.017770337996255,31.05128359627564,-4.168467829621605,2.126432065437133,-6.487928427117939,-0.9964950613063676,0,0.13773311034477476,46.0,64.0,-18.0,-5.143410852713174,-3.0934891102771758,-3.6358722709390605,0.31703123261704014,0.0018087855297157507,0.010077519379845024,-0.004392764857881204,-0.001547987616098978
2016-07-08,1467950400,2016-07-22,1469160000,0.75,35.780126252217805,40.72729837042122,35.9,36.52,35.86,36.51,2150304.0,38.94,39.48,38.45,39.31,2680720.0,2.1187285005150187,-14.995859001659795,-4.322055456626799,-8.715339608242175,0,10.84763385017476,3.6656118143459926,13.81732236557266,31.618275302113446,-4.925684734583086,2.131060748121926,-5.896074941398158,1.4798127762373396,1,0.2577720727503685,50.0,72.0,-21.999999999999996,-6.438565250572395,-4.1594196833312935,-4.929995654142658,0.32540450603378285,-0.009412363266344537,0.004324599338590529,-0.0218773848893411,0.015762273901808843
2016-07-11,1468209600,2016-08-12,1470974400,0.25,37.44745462839048,40.72729837042122,36.57,38.11,36.37,37.75,4295969.0,38.78,38.87,38.51,38.7,559285.0,1.434162087547051,-2.149924361448896,0.9229112833764077,-1.803186907838068,1,5.1593242110334,1.1764705882353015,11.560404776635044,-11.970545775889022,-0.5577630903812008,1.5139146334551272,-11.50420942569644,-0.3284367597642587,0,0.17194470434284972,-10.0,-28.0,18.0,-0.3578811369509225,-0.9237111963526132,-2.0931825057041635,-0.013003788335805844,0.002067183462532318,0.004392764857880982,-0.004909560723514339,-0.00462962962962965
2016-07-22,1469160000,2016-08-22,1471838400,-0.25,37.716356153834425,40.72729837042122,38.94,39.48,38.45,39.31,2680720.0,39.96,40.37,39.71,40.25,790323.0,0.3878257386105304,-6.877266732399349,-2.181366459627327,-4.61863354037267,0,13.756988916492737,4.166666666666665,24.716848493693526,33.38039538849159,-2.789147124138495,1.450385884091284,-4.938597923737696,0.5141822201990662,0,0.4822222661871925,50.0,56.0,-6.0,-3.244720496894402,-2.8892492739189635,-4.75929345806594,0.12735929290727516,-0.007204968944099388,0.0029813664596272105,-0.013416149068323002,0.0029902815848492637
2016-07-25,1469419200,2016-08-24,1472011200,0.75,37.716356153834425,41.37884294819058,39.13,39.21,38.51,38.64,1888301.0,40.37,40.67,40.25,40.47,2123625.0,0.8688159534680437,-7.636792232193031,-2.323943661971825,-4.747961452928081,0,14.99538821904136,4.411764705882355,28.69212927631486,35.59536292312177,-2.248942270145662,1.3801968931458353,-2.1875409920624342,1.3719084875198369,1,0.43196716391527284,46.0,60.0,-14.0,-3.3839881393624864,-2.797263349652951,-4.871264275015193,0.12201232519301553,-0.0024709661477637646,0.004941932295527529,-0.005436125525080326,0.0
2016-08-15,1471233600,2016-08-25,1472097600,0.25,39.219402406265104,41.37884294819058,38.76,39.8,38.59,39.79,1533540.0,40.43,40.44,40.16,40.34,2124303.0,1.572252090647325,-7.308494034127733,-1.8187076516278324,-4.20591637745828,0,13.573113888065144,4.264667872835373,29.62544753558615,22.047182185527618,-1.4574050547348776,1.3406321047045744,-1.214124250085245,-1.3624540243768033,0,0.3770962899024375,42.0,60.0,-18.0,-2.868120971740197,-2.2474439967994186,-4.38569375761098,0.09683892285083018,0.002231036192364755,0.0024789291026274807,-0.004462072384729954,-0.0032122559920928495
2016-08-23,1471924800,2016-08-30,1472529600,-0.25,39.38077891794294,41.37884294819058,40.38,40.63,40.27,40.47,1089816.0,40.65,40.8,40.52,40.71,883537.0,1.5178335612943954,-7.199484261368099,-1.8852861704740747,-4.130434782608688,0,15.913228430363603,7.926829268292688,33.477837976410996,33.413837397249125,-1.5727239240564046,1.25519992733759,2.462929165818018,0.5716950721327322,0,0.40718146091388596,50.0,80.0,-30.0,-2.8408253500368517,-2.3863405154795174,-4.689880537421303,0.05964024428033077,-0.0014738393515106862,0.002210759027265974,-0.004667157946450451,0.0007374631268437515
2016-08-25,1472097600,2016-09-01,1472702400,0.25,39.38077891794294,41.32245135825996,40.43,40.44,40.16,40.34,2124303.0,40.35,40.38,39.73,40.28,1481601.0,2.5694491722002084,-5.106688496927134,-0.2821913273750596,-2.603442568685878,0,10.830058061650526,5.805095876017864,31.552027985964003,21.191637085155776,-0.24837053734303538,1.3062596199161174,1.051824843170671,-0.9468945637193912,0,0.3813313893366034,42.0,80.0,-38.0,-1.268619662363463,-1.0918693848866923,-3.386292235253734,-0.014636669851716078,0.0017378351539225623,0.0024826216484608032,-0.013654419066534418,-0.0009920634920634885
2016-08-26,1472184000,2016-09-02,1472788800,-0.25,39.424295113539046,41.32245135825996,40.4,40.62,40.12,40.41,1065183.0,40.51,40.73,40.35,40.59,1031030.0,1.858205791241602,-5.391095665594889,-0.7891927404122612,-3.0582245216391897,0,13.092618765065303,5.401194494936394,31.61365752961651,20.437171388651905,-0.7873910088145237,1.282880701391749,0.5729536188151307,0.6649989674433848,0,0.32205208846948735,38.0,80.0,-42.0,-1.7664449371766295,-1.6713352780317763,-3.962432894494924,-0.021033745593215802,-0.0019709288001972247,0.00344912540034481,-0.005912786400591341,0.00769612711022849
2016-08-31,1472616000,2016-09-08,1473307200,0.25,39.40031885362096,41.29153699986187,40.66,40.67,40.12,40.32,1605708.0,40.1,40.49,39.98,40.31,1177033.0,2.090993476107599,-3.0336875966732464,0.5788472670139839,-1.8275035144298357,0,9.409016719504187,4.40300440300441,26.771126062764782,8.8690474905492,0.12928435921801906,1.29636230736819,-3.012849411472356,0.8202235848686218,0,0.25384708641362186,26.0,72.0,-46.0,-0.4713470602828238,-0.7592682549708627,-2.9352668312208863,-0.082977498677692,-0.0052096254031257505,0.0044653932026792464,-0.0081865542049121,0.00024813895781661266
2016-09-02,1472788800,2016-09-09,1473393600,-0.75,38.39960533085362,41.29153699986187,40.51,40.73,40.35,40.59,1031030.0,39.91,40.05,39.32,39.33,1292771.0,4.453876873188506,-0.32217079640231816,3.232053563861342,0.65641156030172,0,-0.5935227197282842,1.1574074074073963,20.4619162988797,3.335119325681468,2.5128534356678784,1.4135569720136445,-3.7760214781284915,-0.9303510002037348,0,0.14249439937679975,22.0,68.0,-46.0,2.0658530383930866,1.5503541900649935,-0.49640781739188355,-0.15305207615905903,0.014747012458682818,0.01830663615560635,-0.0002542588354944586,-0.024311585214587095
2016-09-06,1473134400,2016-09-12,1473652800,-0.25,38.39960533085362,40.46583855333349,40.58,40.7,40.05,40.18,1144985.0,39.02,40.05,38.99,39.92,1497065.0,2.4109430151588356,-0.9906023337960903,1.914245156980627,-0.7986806947227905,1,4.284295946270937,3.152454780361754,17.644455712717683,5.024174859122468,0.8880806577618046,1.4828541801833233,-3.9162741730527273,1.0962485367694572,0,0.1702238278792142,18.0,64.0,-46.0,0.7101703406813726,0.0447718957079104,-1.8898887252166787,-0.1559209769372123,-0.02254509018036066,0.0032565130260520103,-0.023296593186372783,0.01500127129417761
2016-09-09,1473393600,2016-09-27,1474948800,0.25,38.30676484674504,40.46583855333349,39.91,40.05,39.32,39.33,1292771.0,38.64,39.12,38.51,39.1,848173.0,4.842771822169695,-3.0882961188449087,2.358056265984658,-0.5677749360613831,0,-0.49132288327502494,-3.8839724680432606,-7.932445861412322,-12.986071359714138,-0.11526563693966807,1.4819400766359745,-1.1852341139452882,0.7171893036528032,0,-0.1556127223742701,-26.0,-48.0,22.0,0.8772378516624002,0.25858544295699915,-0.14794865651947475,-0.07872835167875365,-0.01176470588235301,0.000511508951406503,-0.015089514066496279,0.010074916042366322
2016-09-12,1473652800,2016-09-28,1475035200,-0.25,38.30676484674504,40.46583855333349,39.02,40.05,38.99,39.92,1497065.0,39.18,39.72,39.07,39.68,974949.0,2.91078519915456,-4.364918263670674,0.7589885752688161,-2.217321908602159,0,3.6984542616183944,-2.5300908867600125,-5.2441157028690855,-13.875229008377943,-1.7304795535411017,1.4729805244708845,-2.72608744257537,0.8248951313073299,0,-0.12604620387207366,-30.0,-48.0,18.0,-0.7270665322580641,-1.0919461338652638,-1.544441231333849,-0.011858032606265612,-0.012600806451612878,0.0010080645161290036,-0.015372983870967749,0.014833759590792805
2016-09-13,1473739200,2016-10-05,1475640000,0.25,38.30676484674504,40.45238046341905,39.54,39.72,39.11,39.29,1126208.0,38.89,39.14,38.8,39.11,1457342.0,2.39702390279308,-2.540209788755746,1.5349867893974363,-1.5767493394698988,1,-0.41143319003398915,-2.9528535980148827,-4.143426466609445,6.516133346913286,-0.3696449583296868,1.531388641687216,-7.356961325164146,1.3033399509340142,1,-0.04996488372485575,-38.0,-36.0,-2.0,-0.07159294298134,0.1905661772151177,-0.09745246849858802,0.0032557655634966876,-0.005625159805676239,0.0007670672462285477,-0.007926361544362104,0.010072314049586861
2016-09-28,1475035200,2016-10-06,1475726400,-0.25,38.31926164452274,40.45238046341905,39.18,39.72,39.07,39.68,974949.0,39.27,39.49,39.13,39.41,1071288.0,1.0897581212401235,-2.982678699773473,0.6267444810961678,-2.423242831768576,1,1.6805848214336692,-2.232696601339632,-2.9080919254140865,17.823922358940536,-0.9076548870572907,1.480052066359212,-8.458658744874985,0.9698254088303933,0,0.10276397109825494,-42.0,-36.0,-6.0,-0.9464602892666818,-0.5176256683380132,-0.8242940908329075,0.0275780698877912,-0.003552397868561097,0.0020299416391780234,-0.007104795737122416,0.007670672462285699
2016-09-29,1475121600,2016-10-10,1476072000,0.25,38.08082232841805,40.450238188454854,39.68,39.75,38.94,39.01,929673.0,38.22,38.57,38.15,38.38,890982.0,3.4977956795831204,-0.8193173054299621,2.913844015980544,-0.23102310231023182,1,-4.50318332717687,-3.857715430861721,-7.1602927460747114,9.009161276104507,0.9845285348385033,1.877781792314715,-5.318298180165701,0.7747433639020836,0,0.34329329622061333,-38.0,-84.0,46.0,1.3392391870765863,1.6786860149134384,1.6596763529093295,-0.06683733279811263,-0.004168837936425307,0.004950495049504955,-0.005992704533611337,0.009734280452512678
2016-10-06,1475726400,2016-10-19,1476849600,-0.75,36.73095032454412,40.450238188454854,39.27,39.49,39.13,39.41,1071288.0,37.77,38.07,37.49,37.62,2566787.0,6.547610572454616,-2.06595188026958,3.7542087542087472,0.7398546872231009,0,-7.393946478240984,-3.0162412993039487,-17.98155341091428,7.6318221169476175,1.215088240833765,1.711881889864518,2.114662700689376,2.079361163354186,0,0.029566262008809425,-10.0,-48.0,38.0,2.240829346092511,1.6680668348543577,2.7126057602340268,-0.09985428339057423,0.003987240829346206,0.011961722488038395,-0.0034556087187664897,0.0
2016-10-07,1475812800,2016-10-28,1477627200,-0.25,36.73095032454412,39.501810416062945,37.21,38.15,36.73,38.01,3452678.0,39.13,39.86,39.01,39.31,1157754.0,1.4983699689656902,-6.214727129993435,-0.5842448910370734,-4.221996099380988,0,4.21943997792031,0.12735608762099915,0.36640598583392886,25.256114954872487,-2.752251946819115,1.9616482589092994,-2.299622939614661,0.8565039634597843,0,-0.15561741681607164,-38.0,-48.0,10.0,-2.3581785805138793,-1.7995603087393448,-1.526480737170786,0.200390828918878,-0.004578987534978318,0.013991350801322744,-0.0076316458916307894,0.005885363357216011
2016-10-11,1476158400,2016-10-31,1477886400,0.75,36.73095032454412,40.85240327145634,38.18,38.27,37.25,37.43,1285530.0,39.47,39.79,39.34,39.58,1271682.0,0.9033678872497006,-6.901346664409857,-1.2422098703048619,-4.8248273538824265,0,5.864701619272402,0.5078720162518937,2.986486789166469,30.864819073833047,-3.143367577273594,1.895728560150182,-1.9661280964163268,0.9321760044750945,0,-0.11538910940254095,-42.0,-48.00000000000001,6.000000000000007,-2.9989893885800853,-2.234261650899114,-2.1120252509838338,0.21807686099041984,-0.002779181404749864,0.005305709954522397,-0.006063668519454168,0.006868481302467533
2016-10-20,1476936000,2016-11-04,1478232000,0.25,38.08082232841805,40.85240327145634,36.85,39.41,36.73,39.0,2968784.0,38.56,39.03,38.52,38.59,928408.0,3.1947514591471418,-4.36085666775044,1.2740779131035396,-2.304569404854476,0,-1.0184681830538125,1.5259142330965678,1.0884880535096566,28.52946240614527,0.04894900617522069,1.8880396918458553,-6.124880531581908,0.6982058775402867,0,-0.18127791894623302,34.0,44.0,-10.0,-0.5830526043016562,0.23985598648366135,0.36918638639471624,0.048085477102179926,-0.0007774034724021828,0.011401917595231792,-0.0018139414356050931,0.0015572281339217842
2016-10-31,1477886400,2016-11-08,1478581200,-0.25,38.11783133605479,40.93303268033077,39.47,39.79,39.34,39.58,1271682.0,40.1,40.56,40.01,40.22,1432417.0,0.3615711678335032,-8.429696478624138,-2.3077241836565463,-5.743825625725179,0,8.81636285412722,7.453913972749129,8.403980444921379,27.854484261999303,-2.9566164698624675,1.933402934207273,-4.520994395881424,-1.0629086963064582,0,-0.012780864807921306,46.0,64.0,-18.0,-4.034062655395303,-3.1248523512323914,-3.4122226517610983,0.1784213605590375,-0.002983590253605062,0.008453505718547971,-0.00522128294380908,-0.0004970178926442248
2016-11-01,1477972800,2016-11-09,1478667600,0.75,38.11783133605479,42.604331469418845,39.71,39.83,38.82,39.06,1264760.0,39.69,42.55,39.66,42.35,3321742.0,-2.7676992184709093,-13.808451903134738,-6.443919716647002,-10.3211334120425,0,17.803954359073316,12.933333333333339,15.893629537264554,28.46260455131703,-6.748012042290966,2.19244233121878,-2.2836154969655844,2.3787848048725766,1,0.02367754368723004,50.0,72.0,-21.999999999999996,-8.288075560802838,-7.235564929178352,-7.945801864776584,0.33266898936608025,-0.062809917355372,0.0047225501770955525,-0.06351829988193636,0.052958727001491956
2016-11-07,1478494800,2016-11-11,1478840400,0.75,39.501810416062945,44.37482320214349,39.4,40.25,39.35,40.24,2081376.0,43.26,44.2,42.87,44.15,2468115.0,-2.4009829688395996,-18.73151986241747,-8.668176670441667,-12.767836919592298,0,23.11725301504063,18.364611260053625,30.298040118729762,30.406524334289458,-8.126119564846462,2.283915990348591,3.0289665580228764,1.7120130604139872,1,0.21421564881466182,50.0,80.0,-30.0,-10.566251415628543,-9.139932105556653,-10.852205604733996,0.5936035301797913,-0.02015855039637604,0.0011325028312572094,-0.028992072480181208,0.014243050769584098
2016-11-09,1478667600,2016-11-15,1479186000,0.75,40.93303268033077,46.20549209413566,39.69,42.55,39.66,42.35,3321742.0,44.47,44.65,43.93,44.57,1469767.0,0.1505189919544847,-19.78704580371125,-7.819908757759336,-12.156906738463846,0,24.148531314612015,18.474215842636905,39.91049553096684,30.282218661937918,-6.9821208939059005,2.23428596321625,8.027607123828858,-0.9927415843741425,0,0.17947315444163012,46.0,84.0,-38.0,-9.818263405878398,-8.18084873946296,-10.79237340287959,0.6511250664839188,-0.0022436616558223488,0.0017949293246577458,-0.014359434597262744,-0.00022431583669801913
2016-11-10,1478754000,2016-11-21,1479704400,0.25,42.604331469418845,46.20549209413566,42.66,44.05,42.66,43.53,2881297.0,43.74,44.04,43.65,44.01,1576078.0,4.820821720342082,-17.12029911184402,-4.3766568204195835,-8.148526849958344,0,18.707490988612008,14.193046185781006,42.667448000104855,22.14400356843987,-3.689498879833863,1.9381794706563993,14.079442456701607,1.0684883111129948,0,0.23207319025164166,30.0,76.0,-46.0,-6.149738695750955,-4.751923096396794,-8.25182171053703,0.29846740693500995,-0.006134969325153339,0.0006816632583503957,-0.008179959100204526,0.007324330510414256
2016-11-14,1479099600,2016-11-30,1480482000,-0.25,42.6306648207829,46.20549209413566,44.19,45.28,44.15,44.58,2649659.0,45.57,45.7,45.42,45.46,1627945.0,5.389527298662401,-15.708489023255439,-3.6284645842498833,-7.086449626044882,0,22.12477000562805,16.385048643113155,48.123944240934854,21.811041258057813,-2.368738304917457,1.6762176703699436,21.432338685697133,1.1175049625967102,0,0.25049266669686576,50.0,76.0,-26.0,-5.159480862296505,-4.489548177674777,-8.904957922708107,0.09791146842425613,0.0024197096348437253,0.005279366476022895,-0.0008798944126704455,0.0011010790574763618
2016-11-16,1479272400,2016-12-06,1481000400,0.75,42.6306648207829,47.400754009920185,44.32,44.66,44.04,44.06,1078936.0,46.56,47.14,46.34,47.07,1238043.0,1.931406058936929,-11.908036609181238,-3.333333333333343,-7.0915657531336365,0,24.111020744526016,16.97316103379721,51.994518353689635,13.429599956514288,-3.041956090713228,1.858029104039509,26.678767626935546,0.7916547043354865,0,0.13330347683030605,38.0,80.0,-42.0,-4.9883152751221616,-5.249157192376558,-10.264808444106237,0.1129265185186612,-0.010834926704907488,0.0014871468026342871,-0.015508816656044089,0.006414368184733732
2016-11-22,1479790800,2016-12-07,1481086800,0.75,44.37482320214349,49.00011391013095,44.19,44.73,44.1,44.65,1068738.0,46.94,47.92,46.85,47.86,1326920.0,0.12945997803284115,-11.64638434075745,-4.114082741328886,-7.918930213121584,0,26.263208630521717,18.995524614619594,53.200112408378565,19.020743753344647,-4.238780512011772,1.8565258627138919,27.696912285216968,0.8433229165128108,0,0.23676978651884786,50.0,96.0,-46.0,-5.758462181362319,-6.164287457324065,-11.285392091205537,0.12849178557803942,-0.019222732971165946,0.001253656498119593,-0.021103217718345113,0.01678351391544508
2016-12-01,1480568400,2016-12-08,1481173200,0.25,45.736919816867335,49.00011391013095,45.79,47.28,45.78,47.28,2830649.0,48.01,48.56,47.17,47.34,1313003.0,1.4619902141814265,-9.854470146585342,-2.5675961132235017,-6.097380650612578,0,22.109731888536828,11.782762691853605,52.31964493710994,24.1430817118717,-2.7710233898081356,1.9525820225471198,28.87333208363645,-0.8309075697240603,0,0.22084402236371067,46.0,92.0,-46.0,-4.196239966201958,-4.644650810190797,-9.906568423987423,0.08333340080673457,0.014152936206168087,0.02577101816645544,-0.003591043514997949,-0.0108650229837024
2016-12-07,1481086800,2017-01-03,1483419600,-0.25,45.736919816867335,49.07045718918355,46.94,47.92,46.85,47.86,1326920.0,48.2,48.84,48.17,48.66,1633902.0,0.24022302936970164,-3.378324139110717,0.17296889984930885,-3.234347170845311,1,19.139742952152716,3.752665245202554,37.98086913531573,14.613467992346656,-1.0593059341469768,1.625438937193387,18.9444650535953,1.0422830874654394,0,-0.2692950815644161,50.0,96.0,-46.0,-1.5690505548705147,-2.3422018024128164,-7.0727451239290815,-0.20274561763916443,-0.009453349773941522,0.0036991368680643344,-0.010069872585285577,0.014172571904960352
2016-12-08,1481173200,2017-01-06,1483678800,0.75,45.736919816867335,50.54674025575614,48.01,48.56,47.17,47.34,1313003.0,49.64,49.75,49.21,49.26,878837.0,0.4391129187356597,-4.578373982479079,-0.3495060224658175,-3.66659899851129,1,19.030360406495532,2.9251984956121992,40.4769454817742,18.28011544178429,-1.4068436615304165,1.6687441150039162,19.60593808091614,-0.560396905504812,0,-0.18968200961845422,42.0,80.0,-38.0,-2.069630531871695,-2.4829166751375595,-7.216831907414473,-0.0679759803209572,0.007714169711733776,0.009947218838814553,-0.001015022330491222,-0.007455168245013133
2016-12-09,1481259600,2017-01-09,1483938000,0.25,47.400754009920185,50.54674025575614,47.47,48.31,47.47,47.81,1855668.0,49.15,49.39,48.91,48.94,1918088.0,1.183845637724204,-3.7155170721336503,0.351110202969636,-2.80173000953549,0,16.115595104712128,3.3798056611744705,38.69700473433382,4.0971411191692795,-0.5829342896583256,1.6297366401515097,19.277750534858008,-1.2229996634928624,0,-0.0966970747690383,38.0,80.0,-42.0,-1.2658357172047374,-1.6695477775782166,-6.350936259766897,-0.09567699384603379,0.0042909685328973435,0.00919493257049453,-0.0006129955046996205,-0.00649614291514411
2017-01-04,1483506000,2017-01-12,1484197200,-0.25,47.63478958814128,50.54674025575614,48.86,49.86,48.7,49.69,2617252.0,49.3,49.36,48.37,49.17,1281255.0,1.355697049429125,-3.9223027032831084,0.31862246627348156,-2.827604908141808,0,16.06431966148793,2.67279181457507,36.25610525498963,9.57946685005978,-0.4771297685516487,1.6228593384758843,17.621888067555425,-0.8063042634358588,0,0.0955411767372521,26.0,68.0,-42.0,-1.2833028269269846,-1.5134240956220566,-5.992593243458316,-0.11136050011672638,0.002643888549928697,0.0038641448037419757,-0.01627008338417746,-0.004252733900364514
2017-01-09,1483938000,2017-01-24,1485234000,0.25,47.63478958814128,50.50257710443709,49.15,49.39,48.91,48.94,1918088.0,48.34,49.15,48.21,48.79,3253937.0,2.0871837342805577,-2.2491021601874905,1.4336954293912925,-1.6284074605451764,1,9.40700221844412,1.6246615288481592,18.67162343563178,19.57215789267802,0.381568522909447,1.7113073998439716,4.011555383451224,2.03228033150619,1,0.020258807263026736,-2.0,40.0,-42.0,-0.08095921295347352,-0.5595151410660435,-4.068573863938113,-0.20700534317214103,-0.009223201475712095,0.007378561180569676,-0.011887681902029046,0.010354110581900944
2017-01-10,1484024400,2017-01-25,1485320400,-0.75,45.523455794867004,50.50257710443709,49.19,49.58,48.81,49.34,1988221.0,44.94,46.63,43.13,46.17,17229997.0,8.68826878084974,2.01781742231249,7.201285105768534,3.3156450797776387,1,-6.877535312508137,-4.508790072388831,8.732824744917858,-12.499461453837775,2.4497137789928303,2.5548917734135266,5.843743617306792,-9.125574096957552,0,0.2951415507242455,-6.0,-56.0,50.0,5.3530431015811075,4.5992799582086406,1.3212975821429467,-0.3541301708365374,-0.026640675763482835,0.009963179553822865,-0.06584362139917699,-0.053699528591924506
2017-01-13,1484283600,2017-01-26,1485406800,-0.25,45.523455794867004,49.966759055206445,49.24,49.37,48.67,48.89,1176167.0,46.16,48.8,46.09,47.93,5554351.0,4.704172071121121,-1.8437506231762057,3.4150497252938266,-0.803602475832804,1,2.35717129127174,-1.0732714138286958,6.301648276165439,-6.871035852589195,-1.4307992176800752,2.6891472554030167,5.330347011608932,2.8486410968682017,0,0.32336109980141475,-10.0,-56.0,46.0,1.4302107239724506,0.686145825498869,-2.305154510863673,-0.3206858198525737,-0.03692885457959527,0.0181514708950552,-0.03838931775505938,0.038119991336365455
2017-01-25,1485320400,2017-02-02,1486011600,0.25,45.29954888489125,49.966759055206445,44.94,46.63,43.13,46.17,17229997.0,46.2,46.99,46.01,46.97,1997048.0,7.1491142582225535,-1.8244389335472135,4.884323326946287,0.25796607763821555,0,-1.8005041250037692,-5.473938418192794,-6.491998198473209,-7.058000299341444,-0.23636409000698677,2.5598300734966113,4.53678975855491,0.9852206930602969,0,0.31151397041083245,-30.0,-56.0,26.0,2.662337662337677,1.5706066012387367,-0.29199937978940227,-0.3044247279628366,-0.016393442622950727,0.0004258037044921892,-0.020438577815626968,0.00967325881341341
2017-01-26,1485406800,2017-02-06,1486357200,-0.25,45.29954888489125,49.966759055206445,46.16,48.8,46.09,47.93,5554351.0,47.58,47.99,47.5,47.7,829043.0,4.820825062974393,-3.363802002177735,2.818658280922449,-1.621593291404622,0,1.8617026496309137,-3.1668696711327557,-4.645449810363099,-4.017265024940862,-1.884357351065674,2.358036188691114,2.738529915513819,-0.4094921582614487,0,0.36949693286433194,-38.0,-56.0,18.0,0.7285115303983218,0.018657450606625048,-1.6757723508678595,-0.14577082564127802,-0.002515723270440362,0.00607966457023057,-0.004192872117400492,-0.0006285355122562786
2017-01-27,1485493200,2017-02-08,1486530000,0.25,45.29954888489125,49.75922709073718,47.97,48.59,47.09,47.2,3579704.0,47.58,47.6,47.04,47.43,815537.0,4.806678702368572,-2.8817366825499136,3.0743551901047113,-1.4080399184763621,0,0.34736524058147467,-3.8710985002026828,-4.222606589995871,-6.843346496844319,-1.4791660482049451,2.2413091180446036,0.886314735435608,-0.40184082543180777,0,0.3406255023757739,-46.0,-56.0,10.0,0.9624710099093363,0.5176873952549244,-1.0143469938741276,-0.07943280231352065,0.003162555344718543,0.0035842293906811484,-0.008222643896268145,-0.004199034222128972
2017-02-03,1486098000,2017-02-17,1487307600,-0.25,45.66772927129915,49.75922709073718,47.12,47.77,47.12,47.73,1693676.0,48.08,48.09,47.17,47.77,1938544.0,3.01137305343822,-3.2228028210748505,1.8892610424952778,-2.418882143604762,1,0.719633676827037,-2.0303527481542143,3.6752312199137807,2.511901750130697,-0.1793032209192802,1.9165148316795115,-6.985882921615776,-0.9830067073358353,0,0.2957865257868966,-46.0,-28.0,-18.0,-0.10571488381830818,0.48266752014451697,-1.01226833119658,0.058154280648565065,0.006489428511618156,0.006698764915218813,-0.01256018421603522,-0.013424204874018963
2017-02-07,1486443600,2017-02-21,1487653200,0.25,45.66772927129915,49.52382688091663,47.85,48.21,47.44,47.63,1245677.0,47.92,48.05,47.45,47.63,2011155.0,3.196668752784177,-2.9594233192338777,2.002589404436989,-2.1082650990272214,1,-0.1863035468311054,-1.3667425968109268,2.383344741858355,12.00140424408606,0.33406422046205364,1.874831102278415,-6.974642751439099,-1.0127985409089875,0,0.17921784686770778,-38.0,-16.000000000000004,-21.999999999999996,0.11862271677513547,0.7039216193363274,-0.6930246017634971,0.01162111946932158,0.006088599622086965,0.008817971866470709,-0.003779130799915986,-0.002930709650408203
2017-02-09,1486616400,2017-02-22,1487739600,-0.25,46.03935645485267,49.52382688091663,47.61,48.21,47.57,48.07,1258680.0,47.38,47.93,47.25,47.83,1303364.0,2.482061491277591,-3.28281415696857,1.4394731340163105,-2.5998327409575523,1,1.126423614748326,-1.9676163148186123,1.827216786542242,5.567536982719538,0.035953527478767455,1.8351851351808068,-6.781984668697596,0.6564254484470592,0,0.2858784411542148,-42.0,-16.0,-26.0,-0.40037633284548235,0.25589433594257116,-1.064812603181096,-0.00599024663852947,-0.009408321137361453,0.0020907380305248413,-0.01212628057704368,0.00419903422212875
2017-02-21,1487653200,2017-02-28,1488258000,0.25,45.99959588253195,49.22670844236261,47.92,48.05,47.45,47.63,2011155.0,47.32,47.58,46.68,46.73,2842515.0,4.791366245691037,-1.1020874098254012,3.3454597332192293,0.2639275269277448,0,-4.835233110533572,-0.3199658703071793,-7.141375484848715,-9.694755960977403,1.7217753652052608,1.915383859599698,-4.924427958974459,-1.3706225235802487,0,0.05436733421048179,-46.0,-4.0,-42.0,1.8446394179327967,1.8190261405394637,1.1047233386897233,-0.14489324345248417,0.012625722234110848,0.01818959982880375,-0.001069976460517763,-0.011632825719120277
2017-02-22,1487739600,2017-03-02,1488430800,-0.25,45.99959588253195,49.4461797046249,47.38,47.93,47.25,47.83,1303364.0,48.86,48.92,48.22,48.24,1919641.0,1.8866104408725732,-3.7647198936088984,0.5673023770038839,-2.598120508568286,0,3.1212243382811593,3.6973344797936347,-0.7119828812592371,-0.02042300807016062,-1.1410279621365333,2.0368496623268513,-6.983877477382926,-0.9269352026932117,0,0.056912523045073375,46.0,76.0,-30.0,-0.9390547263681555,-0.9877334769550572,-1.8438376839184087,0.03834345533675699,0.012852404643449278,0.014096185737976885,-0.0004145936981758691,-0.015108207431604681
2017-02-23,1487826000,2017-03-23,1490241600,0.25,45.86170380320208,49.4461797046249,47.94,48.01,46.61,46.64,2089954.0,46.5,46.85,46.31,46.36,1129573.0,4.342574531414641,-0.9797617617856531,3.44801553062986,0.007549611734262385,1,-5.6416742224168175,-0.6003430531732442,-9.765402847850597,1.22500180404095,1.3989717279580702,1.7908137319394617,-7.984073231585494,-0.5316052224082154,0,-0.07922443426875722,-14.0,-56.0,42.0,1.681406384814494,1.5367083223010383,1.7443758037174035,-0.074881087018985,0.0030198446937015344,0.01056945642795526,-0.0010785159620362306,-0.004509340777324455
2017-03-01,1488344400,2017-03-27,1490587200,-0.75,44.33904829181816,49.4461797046249,47.38,49.09,47.26,48.98,3519981.0,44.94,45.99,44.66,45.82,1225940.0,5.861220937400759,-0.6364282704430764,4.5104030263349415,0.8329695911537982,0,-8.009928524305352,-3.0879864636209833,-13.787878999395067,-5.728304360414562,2.075514633990892,1.9216431488286654,-5.047110273840612,0.5767323818734058,0,-0.10174639658807184,-21.999999999999996,-68.0,46.0,2.612396333478827,2.198006842000183,2.6998572275199706,-0.131100235171293,-0.01920558707987785,0.0037101702313400153,-0.025316455696202667,0.004604253453190044
2017-03-03,1488517200,2017-04-07,1491537600,-0.25,44.33904829181816,47.64672415208005,48.3,48.54,47.43,47.48,1604516.0,46.99,47.44,46.64,47.12,1207202.0,0.838108163761575,-2.8499927138464614,0.6755800792303432,-2.679683078664411,1,1.1130791122990829,0.08496176720475605,-5.303354245944653,5.255159242937971,-1.3266562924907959,1.758278865854589,-6.987064249509437,0.7246357846839332,0,-0.004916053616372415,-46.0,-56.0,10.0,-1.0059422750424432,-0.7594483613833631,-0.36305690049861994,0.09473549730763284,-0.002758913412563624,0.00679117147707986,-0.01018675721561968,0.005333902282910197
2017-03-24,1490328000,2017-04-10,1491796800,0.75,44.33904829181816,48.98302885190101,46.42,46.48,45.43,45.61,1652041.0,47.13,47.85,47.02,47.6,1544332.0,0.09648215154025763,-3.943120807002458,-0.2531512605041968,-3.643907563025209,1,4.056384981326389,1.6442451420029962,-2.419323985490963,15.3300128741717,-2.153872489422639,1.7407732624067929,-7.963502753561887,0.9502203397355884,0,0.09908931709072201,50.0,43.99999999999999,6.000000000000007,-1.9233193277310932,-1.5925559513598557,-1.314160000174354,0.14181883395226116,-0.009873949579831898,0.005252100840336116,-0.012184873949579789,0.01018675721561979
2017-03-28,1490673600,2017-04-12,1491969600,0.25,45.86170380320208,48.98302885190101,45.75,46.86,45.63,46.44,1010750.0,47.31,47.31,46.78,46.91,1560733.0,1.6697826033275476,-2.5416649311893877,1.278689689476309,-2.1726000142115964,1,-0.6237338881493741,-0.7825719120135459,-0.5159331734769803,7.346282865628886,-0.517907120549026,1.7352460021257814,-10.26743667576035,-0.975896790607378,0,0.1352956680250454,42.0,44.0,-2.0,-0.4359411639309201,-0.021406574648281662,0.16941492145441828,0.12360058531390475,0.008526966531656521,0.008526966531656521,-0.002771264122788275,-0.011172006745362562
2017-04-10,1491796800,2017-04-13,1492056000,-0.75,44.505597166630416,48.98302885190101,47.13,47.85,47.02,47.6,1544332.0,46.65,47.07,45.99,46.0,1769570.0,3.6226153185956917,-0.7943544490304646,3.235869565217399,-0.3619565217391312,1,-5.9770450503215855,-2.335456475583867,-3.0162382144768123,6.939354429267638,1.5429448958823428,1.810877437075101,-10.236363855482429,-1.1002348061252185,0,0.1001771471882204,38.0,44.0,-6.0,1.4141304347826065,1.7701040725483779,2.0666732499172724,0.04023823038601447,0.014130434782608559,0.023260869565217446,-0.00021739130434783593,-0.019398848859518147
2017-04-11,1491883200,2017-04-18,1492488000,-0.25,44.505597166630416,47.49153432067087,46.98,47.45,46.81,47.44,1253694.0,46.09,46.9,45.98,46.79,3025614.0,1.6603032416844883,-2.506637928583416,1.3272066680914776,-2.229108783928197,1,-0.7846304949853504,-0.6159728122344926,-3.5332753376821775,10.50701250548002,-0.09259519767445568,1.7463788699641294,-10.82694636795821,1.86409733598952,1,0.16675185143442844,30.0,44.0,-14.0,-0.42316734344946383,-0.045974306546568755,0.2783284624558604,0.017150467369742586,-0.014960461637101852,0.002350929685830394,-0.017311391322932246,0.010364931980133774
2017-04-13,1492056000,2017-04-20,1492660800,0.25,44.421942416371785,47.46159545114835,46.65,47.07,45.99,46.0,1769570.0,45.45,45.74,44.83,45.38,3883285.0,5.0897202366940775,-0.17786479376768227,4.244527692081675,0.5997502570882887,1,-8.23625553535856,-2.555293107150521,-8.962266440208111,-8.204965329127717,2.281304926612492,1.942835149219522,-9.675295447081256,-2.256976594249209,0,0.10011776049028485,22.0,-28.0,50.0,2.4559277214631976,2.5236345964889892,3.1413926806866073,-0.11008098912621866,0.0015425297487881018,0.007933010136623952,-0.01211987659762015,-0.0021987686895337255
2017-04-17,1492401600,2017-04-28,1493352000,-0.25,44.421942416371785,47.61749018615362,46.3,46.46,45.96,46.31,1402212.0,46.59,46.62,46.07,46.12,1835897.0,3.2806028891876338,-1.502632377479074,2.567215958369488,-0.7003469210754503,1,-3.597051659052056,-1.389779773359003,-5.623984187304398,-9.994355476320301,0.43074779138392216,1.747546572878442,-12.996119399337958,-1.0128319435370343,0,-0.09000435164157877,-2.0,-28.0,26.0,0.8889852558542799,0.7335075224748948,1.287875564611582,0.015866717255052565,0.010190806591500623,0.010841283607979202,-0.0010841283607978536,-0.008811519449817395
2017-04-19,1492574400,2017-05-04,1493870400,0.25,44.421942416371785,47.61749018615362,45.47,46.33,45.1,45.48,3064972.0,45.75,45.92,45.4,45.71,818307.0,4.239413870320206,-1.579164471939123,2.938817180777349,-0.21804127470282708,0,-5.089844823967368,-1.465833153696917,-10.327641633085682,-8.387450804129017,0.6540910049058368,1.6421077411316705,-12.54660844817649,0.4545311945484185,0,-0.13417116749518762,-18.0,-60.0,42.0,1.3301246991905344,0.9911179965576906,1.8220119488156428,-0.05812840392325158,0.0008750820389411551,0.004594180704440953,-0.006781885801793952,0.0004377325454147929
2017-04-21,1492747200,2017-05-10,1494388800,-0.25,44.57431351179789,47.61749018615362,45.62,46.46,45.62,46.12,2941894.0,46.5,46.56,45.98,46.34,913893.0,1.5413116139579444,-2.484341393845753,1.0563228312472859,-1.869874838152782,1,-0.6323404569608826,-2.318718381112973,-5.49747246516171,5.893982963608877,-0.4421010203108864,1.5091685187339925,-14.159864462130903,-0.5550651703370124,0,-0.22871101630352625,-34.0,-60.0,26.0,-0.47151488994390434,-0.2921028686798195,0.35408792617499785,0.06776361954762042,0.0034527406128614935,0.004747518342684387,-0.007768666378938471,-0.004083387062110422
2017-05-01,1493611200,2017-05-16,1494907200,0.75,44.57431351179789,48.75250180433084,46.17,46.2,45.55,45.59,1802411.0,47.46,47.76,47.21,47.62,947139.0,0.5328185058679651,-5.870911744003209,-1.161276774464497,-4.206215875682474,0,6.304661719084429,1.7738833083992271,7.570702072053391,9.808232366431312,-2.3038808633452703,1.6015556864657765,-8.56800473195285,0.5744406802975324,0,0.07394425106876032,38.0,28.0,10.0,-2.6690466190676148,-1.9882611928332636,-1.9925834144005705,0.2223281298395054,-0.0033599328013439456,0.0029399412011759107,-0.008609827803443881,0.004429445264712006
2017-05-05,1493956800,2017-05-17,1494993600,0.25,45.776571624206106,48.75250180433084,45.79,46.09,45.67,46.08,837049.0,46.95,47.11,45.58,45.65,2467235.0,4.851146637089315,-1.751475224164892,3.1891201168309635,-0.05293902884264412,0,-5.180159090027843,0.37379067722076015,3.613566529987274,6.311259654762026,1.8164351166280852,1.8705352265115063,-9.31238174827193,-1.480977767124664,0,-0.0175317881134044,34.0,27.999999999999993,6.000000000000007,1.5498357064622041,2.027915337139021,2.149150919187349,0.08773801453753687,0.028477546549835697,0.03198247535596943,-0.0015334063526835084,-0.0413691726165476
2017-05-11,1494475200,2017-05-18,1495080000,-0.75,44.21305417112621,48.75250180433084,46.15,48.1,46.0,48.01,4889383.0,45.51,45.99,44.93,45.59,1195342.0,4.958070992516525,-1.5450418194522513,3.3618483585581487,0.08262045770268855,0,-5.471352001014054,0.46275892463640556,0.5251584396952239,7.906630969146278,1.876523817157306,1.9052880176938136,-9.283403894492144,-0.7207141438349458,0,0.05929980232819626,30.0,28.0,2.0,1.7065145865321227,1.9562689893016767,2.1940347399817597,-0.005240369210263267,-0.0017547707830666281,0.008773853915332364,-0.014476858960298378,-0.001314348302300039
2017-05-17,1494993600,2017-05-24,1495598400,-0.25,44.21305417112621,47.32740925920887,46.95,47.11,45.58,45.65,2467235.0,46.63,47.15,46.63,46.92,698987.0,2.0494824595331096,-4.385373337623491,0.337453822108543,-2.718812162546186,0,2.345651046098723,0.6866952789699576,0.5457796180581888,24.181403469333475,-0.4531486879915576,1.7278444694393744,-11.923932015164409,0.42667296974268354,0,0.16527273432229045,14.0,28.0,-14.0,-1.167945439045198,-0.9488209031212165,-0.7513217196135429,0.017740590667373504,-0.006180733162830299,0.004901960784313708,-0.006180733162830299,0.007515567962207426
2017-05-18,1495080000,2017-05-30,1496116800,0.75,44.21305417112621,48.79430127538218,45.51,45.99,44.93,45.59,1195342.0,47.5,47.78,47.27,47.43,2045609.0,1.7468617504782884,-5.280490255643798,-0.2965774123269398,-3.3684728371635373,0,4.786223498289225,4.035972801052854,6.636061694048159,15.536481479647364,-1.0590670866515808,1.6352224924216352,-11.319891462340111,-1.2596812631241878,-1,0.09442158950872283,2.0,28.0,-26.0,-1.766814252582762,-1.4310795809384302,-1.585606644763729,0.1260154084612513,0.0014758591608685645,0.007379295804343267,-0.0033733923676997346,-0.0035714285714285587
2017-05-19,1495166400,2017-06-16,1497585600,0.25,45.776571624206106,48.79430127538218,45.71,46.36,45.66,45.95,1321070.0,46.72,47.13,46.55,46.91,2518523.0,1.7548055257735342,-2.0596445792802456,1.0875435230583577,-1.4087259290840564,1,1.4781661653774947,2.895371792059647,2.4584630489362334,-11.225371920216894,-0.05788059121427125,1.384709334018138,-15.168032311488316,1.5803184017898089,1,0.01385931779502557,-38.0,-8.0,-30.0,-0.1524195267533628,-0.2663512053798769,-0.3903253131486082,-0.008516327036391061,-0.0040503091025366755,0.004689831592411098,-0.007674269878490736,0.0032078699743369743
2017-05-25,1495684800,2017-06-19,1497844800,-0.25,45.942358326434544,48.79430127538218,47.03,47.79,46.97,47.61,1103864.0,47.11,47.8,46.87,47.56,1336877.0,0.4372865807782631,-3.1328290534443823,-0.12054948135688903,-2.631062517521727,1,6.2661814634587,3.503808487486397,4.83305712981171,-2.2187379304888992,-1.4869077231570031,1.4079017379014191,-14.877742181745601,0.8325605542999431,0,0.0921464106413506,-42.0,-8.0,-34.0,-1.3477712363330596,-1.4742242038558402,-1.6829919117854217,0.03745341450264589,-0.009461732548360025,0.005046257359125228,-0.014507989907485364,0.013856320613941708
2017-05-31,1496203200,2017-06-20,1497931200,0.25,45.942358326434544,48.53268577899152,47.58,47.59,46.9,47.24,1657970.0,47.43,47.51,46.34,46.36,1095831.0,3.0116564842346634,-0.5742104100327765,2.576934138625248,-0.14308311763014103,1,-2.787401945751661,0.25951557093425054,2.501231609927456,-0.642730836853076,0.9678795793551984,1.5291468730890074,-15.527604517520148,-0.6833934550395331,0,0.036195545083029926,-46.0,-8.0,-38.0,1.2187230371009576,0.973573318981579,0.8280838489480544,-0.012939112463667482,0.02308024158757549,0.024805867126833414,-0.0004314063848144256,-0.025231286795626584
2017-06-19,1497844800,2017-06-27,1498536000,-0.75,44.739184471230764,48.53268577899152,47.11,47.8,46.87,47.56,1336877.0,45.08,46.07,45.0,45.93,2722748.0,4.354363680743134,-2.055212798966508,2.7977356847376456,-0.37230568256040897,0,-3.1751626642288144,-3.1625553447185326,-11.508290973084566,-8.388298985848706,0.18918710608679135,1.7182794550677887,-11.103476806153859,1.5779785560279265,1,0.14498413181231237,-38.0,-76.0,38.0,1.1495754408882988,0.6876868702603929,1.2274579329101982,-0.1663575728881305,-0.018506422817330725,0.003048116699325032,-0.020248203788373553,0.019307589880159792
2017-06-20,1497931200,2017-07-03,1499054400,-0.25,44.739184471230764,47.48103925061611,47.43,47.51,46.34,46.36,1095831.0,46.86,47.46,46.47,47.2,491743.0,1.1902943935229615,-4.7072435460653566,-0.1059322033898411,-3.3813559322034052,0,4.4127450931129175,1.5272101527210171,-3.05613401540185,-4.551043235344217,-2.594613863844927,1.766932692007445,-13.105364216390777,0.31737732144727,0,0.0338254340173799,10.0,-12.0,22.0,-1.7584745762711975,-1.760075483644897,-1.463377598168094,0.07889188627663757,-0.0072033898305085,0.005508474576271238,-0.015466101694915357,0.013528022331973366
2017-06-21,1498017600,2017-07-05,1499227200,0.75,44.739184471230764,48.949569121807805,46.47,46.54,45.55,45.67,1681216.0,47.18,47.6,47.02,47.49,1369250.0,0.8615415760350658,-5.350907758389255,-0.6359233522846921,-3.8513371236049636,0,5.958535482219929,2.327084680025868,0.27450506900396027,-0.23336816373841174,-3.0835521141804776,1.717940468392997,-13.585510272673645,0.8959564173296353,0,0.07543984799256673,6.000000000000007,-11.999999999999993,18.0,-2.2446830911770945,-2.1352221457477327,-1.9841121181520833,0.1424746798595103,-0.006527690040008416,0.0023162771109708213,-0.00989682038323858,0.006144067796610253
2017-06-28,1498622400,2017-07-06,1499313600,0.25,46.02997579879524,48.949569121807805,46.22,46.79,46.1,46.45,973207.0,47.43,47.56,46.88,46.9,1520271.0,2.220833959387818,-4.12701732825775,0.7263681592039717,-2.6041222459132882,0,2.1701053394061702,1.2521588946459377,1.3094222824221953,-1.1968204704796932,-1.7812588961316038,1.7188621793661054,-14.247017663789615,-0.9986398847312556,0,-0.008067695000711864,2.0,-12.0,14.0,-0.9530916844349662,-0.817983850471748,-0.721622450796886,0.13836218052593333,0.011300639658848644,0.014072494669509661,-0.0004264392324092592,-0.012423668140661315
2017-07-05,1499227200,2017-07-13,1499918400,-0.25,46.02997579879524,48.949569121807805,47.18,47.6,47.02,47.49,1369250.0,48.41,48.72,48.28,48.64,1018946.0,0.5525389148924376,-8.182061941208232,-2.108347039473685,-5.4965049342105345,0,11.043036160271818,3.776402816300412,14.47492879445057,12.966752382772839,-4.530337649206032,1.5921435113370432,-11.977264855718008,0.6980426449794948,0,0.18337317175129164,50.0,56.0,-6.0,-3.8147615131578902,-3.0307339402650797,-3.686245312305374,0.26100986500376283,-0.004728618421052766,0.00164473684210531,-0.0074013157894736725,0.007874015748031482
2017-07-06,1499313600,2017-07-18,1500350400,0.75,46.02997579879524,50.31312640813516,47.43,47.56,46.88,46.9,1520271.0,48.86,49.21,48.64,48.99,1964402.0,1.5044794740707061,-9.322401498973747,-2.2385520854596166,-5.504524732938691,0,12.338300595132282,3.0067283431455,21.68538632079775,21.929495496182142,-2.5528494319814143,1.488112104153909,-8.304993059810272,1.3282888520881817,0,0.10634010686546551,42.0,60.0,-18.0,-3.9089610124515133,-2.7469510860400987,-3.87451825681093,0.251334683229591,-0.0026536027760768466,0.004490712390283758,-0.007144315166360493,0.0004084133142741031
2017-07-07,1499400000,2017-08-17,1502942400,0.25,47.48103925061611,50.31312640813516,47.05,47.81,47.0,47.52,1287462.0,48.44,48.51,47.56,47.58,969799.0,3.343561997299389,0.16841782615581735,3.185161832702832,0.19651113913410256,1,-3.0165025199698263,-1.0605115408608965,4.376217329522417,-2.1164102027639515,1.8202893009585068,1.5384310162761572,-12.51920673070254,-0.6779569758747873,0,0.01533341241953565,-46.0,-96.0,50.0,1.7559899117276103,1.4434424393327276,0.5556232923054552,-0.12488607450897476,0.018074821353509796,0.01954602774274905,-0.00042034468263962843,-0.020584602717167555
2017-07-14,1500004800,2017-08-21,1503288000,-0.75,46.219335928846974,50.31312640813516,48.81,49.21,48.75,49.08,1071491.0,47.23,47.23,46.71,47.0,1105852.0,5.122451086489519,0.4690382752126254,4.231205673758879,1.307801418439709,0,-6.722813727443416,-2.570480928689888,-3.2826401866829107,-17.64171720044095,2.591491451674031,1.5009286333583254,-9.571917674488317,-0.7804143473637773,0,-0.059394708502203276,-46.0,-96.0,50.0,2.7957446808510866,2.235688514792571,1.6712080586942335,-0.21345747838111817,0.004893617021276553,0.004893617021276553,-0.006170212765957417,-0.003392705682781938
2017-07-19,1500436800,2017-08-22,1503374400,-0.25,46.219335928846974,48.9454553130212,49.54,49.59,47.94,48.13,3205696.0,47.17,47.68,46.97,47.52,1279572.0,3.9147341880892554,-0.8297173530724393,2.942620650953984,0.09118967452299387,0,-2.65549531313426,-2.5030775543701247,-4.436851276057715,-17.885760657550364,1.2021915382833583,1.485190288272512,-9.00359325062306,0.9000961455402059,0,0.0048980235455161735,6.000000000000007,-39.99999999999999,46.0,1.542508417508401,1.010571833122654,0.5367367131993177,-0.1925819032713963,-0.007365319865319853,0.0033670033670032407,-0.011574074074074181,0.01106382978723408
2017-08-18,1503028800,2017-08-24,1503547200,0.25,46.219335928846974,48.78516973486191,47.5,47.55,47.02,47.16,1090948.0,47.53,47.64,47.19,47.4,1004448.0,4.191144952005658,-0.944309508967649,2.9377637130801872,0.24578059071731673,0,-3.4835000247642967,-1.1676396997497962,-6.611121447140865,-16.177194950734503,1.1118351148270875,1.444005100133682,-8.754992914798276,-0.7001361673282838,0,-0.04692786023780475,-2.0,-40.0,38.0,1.6234177215189902,1.0456708878510597,0.7343917902037589,-0.15762411502900153,0.002742616033755363,0.005063291139240533,-0.004430379746835467,-0.0010537407797682752
2017-08-22,1503374400,2017-09-08,1504843200,-0.25,46.25030874526384,48.78516973486191,47.17,47.68,46.97,47.52,1279572.0,48.06,48.7,47.97,48.69,850790.0,0.672006680626211,-3.606900909420631,-0.17080851646470308,-2.744232217429996,0,5.608605516748867,2.075471698113197,4.268218449651904,-0.5421984361814012,-1.5438687739153636,1.3509893214717128,-13.512268374027958,0.6795708365473146,0,-0.011250760398138732,-42.0,-40.0,-2.0,-1.467447114397217,-1.1593916481482012,-1.6141302919054965,0.07685606602449066,-0.012939001848428777,0.0002053809817212926,-0.014787430683918634,0.01100498338870426
2017-08-23,1503460800,2017-09-11,1505102400,0.75,46.25030874526384,50.09385235297498,47.35,47.92,47.26,47.45,1262631.0,49.43,50.62,49.09,50.62,3114944.0,-1.8915893662378949,-8.027414979870372,-3.6918872645858016,-6.2778216778611835,0,16.16906369741355,5.590321234876929,11.628364270833629,11.38677407162615,-4.444944351661377,1.4789971648867613,-11.748894738401267,2.4158860603288073,1,0.15480901500790237,50.0,56.0,-6.0,-4.959502173054133,-4.458584793906411,-5.154905908588816,0.21027746401265446,-0.0235084946661398,0.0,-0.03022520742789403,0.039638529472170836
2017-08-25,1503633600,2017-09-12,1505188800,0.75,47.51479736988513,51.502055191393325,47.66,48.08,47.41,47.89,1316310.0,50.68,51.84,50.63,51.82,2915911.0,-2.5017533894445165,-11.158995356213524,-5.566383635661893,-8.204361250482435,0,20.726848221984355,7.066115702479342,20.042294516693023,14.95711016906651,-5.663967224778318,1.5097161525133467,-9.311311235287514,2.2096546425654795,1,0.2490975558034971,50.0,60.0,-10.0,-6.830374372829013,-6.035707561966618,-7.062957567123561,0.35875038496798684,-0.021999228097259738,0.0003859513701274242,-0.022964106522578076,0.023706045041485657
2017-09-11,1505102400,2017-09-13,1505275200,0.75,48.74624929621675,52.89324354135322,49.43,50.62,49.09,50.62,3114944.0,51.72,52.3,51.65,51.76,1965238.0,-1.1786165386014176,-11.64402642894106,-5.093701700154554,-7.798493044822266,0,20.22887967611223,6.633704161516272,25.840265309224836,16.416226192888686,-4.834686811265115,1.4932040507039923,-6.797779748850438,-1.4567106966973347,0,0.20319221158160952,46.0,60.0,-14.0,-6.411321483771232,-5.362328835799929,-6.682471359248112,0.4276461919609999,-0.0007727975270478415,0.010432766615146916,-0.0021251931993817585,-0.0011578541103821616
2017-09-12,1505188800,2017-09-15,1505448000,0.25,50.09385235297498,52.89324354135322,50.68,51.84,50.63,51.82,2915911.0,51.09,51.39,50.57,51.05,3168356.0,1.5861324271022852,-10.61257708919824,-3.193601044727373,-5.963434541299378,0,14.508553132000955,7.292980243799914,29.294020410487192,2.8533970103320456,-2.4122108402864058,1.5305835456725234,-4.80875574634079,-2.280753907180636,0,0.14251471775125052,38.0,60.0,-21.999999999999996,-4.513222331047984,-3.2868067514309445,-4.959504438689038,0.36470260898113604,0.0007835455435849514,0.0066601371204702,-0.009402546523016642,-0.002929687500000111
2017-09-13,1505275200,2017-09-26,1506398400,-0.25,50.100951723573424,52.919904610074774,51.72,52.3,51.65,51.76,1965238.0,52.55,52.81,52.36,52.56,1165853.0,3.087320943335655,-10.996377259926234,-2.7235540334855415,-5.427130898021318,0,19.983406778368703,10.53627760252367,41.83921938166869,12.886608417464544,-2.3678481574440724,1.361096756291099,2.4660715521747356,0.8300064814166167,0,0.34939665237947987,50.0,88.0,-38.0,-3.9545281582952896,-3.145989549536651,-5.887175792108565,0.1830061351894111,-0.00019025875190270547,0.00475646879756475,-0.003805175038051778,0.0011428571428571122
2017-09-14,1505361600,2017-10-03,1507003200,0.75,50.100951723573424,54.23520342789581,51.52,51.85,51.0,51.2,1725046.0,54.04,54.1,53.68,53.91,1519168.0,2.278326627073014,-10.145141689213617,-2.7524268843133513,-5.4921783218944995,0,22.628093148782426,11.962616822429903,47.25465070953888,6.858798363742359,-2.8434897435002995,1.340500757805062,7.3933551709080945,-1.1609678010658415,0,0.3026841043605467,46.0,92.0,-46.0,-3.9334075310703014,-3.636637038252317,-6.877005445510946,0.11743992086431665,0.0024114264514931705,0.0035243925060286507,-0.004266369875718712,-0.001296776583920023
2017-09-18,1505707200,2017-10-09,1507521600,0.75,51.502055191393325,55.54465604430048,51.22,51.92,51.18,51.89,1591901.0,55.04,55.2,54.54,54.73,708239.0,1.0654211909795208,-7.542673155167336,-2.091174858395746,-4.680248492600015,0,23.286471703394483,8.11932042670881,51.93071373381583,23.54352319701198,-2.293239461465916,1.2916440485797753,12.978123076144563,-0.538559071095312,0,0.3699374069242103,42.0,88.0,-46.0,-3.2386259820939074,-3.376124108144566,-7.037772925702981,0.1015016861755309,0.005664169559656429,0.008587611913027704,-0.0034715877946280838,-0.002914920750592187
2017-09-27,1506484800,2017-10-12,1507780800,0.25,52.89678536830778,55.54465604430048,52.85,53.49,52.59,53.38,1992148.0,53.34,53.52,52.84,52.97,3123237.0,4.383824631847617,-3.4229033556535455,1.7314832295009808,-0.9436158832043162,0,8.243963348612809,3.457031249999992,37.75659453773104,3.564717829127396,1.257000043820014,1.4034954757173193,8.941833788832241,-2.2486419643544076,-1,0.0820627318282407,30.0,76.0,-46.0,0.48046063809704265,0.06112341317816572,-3.4186476012452403,-0.19636000506479423,0.0069850858976781005,0.010383235793845591,-0.0024542193694543357,-0.0069366329208849775
2017-10-04,1507089600,2017-10-17,1508212800,-0.75,51.584764057478736,55.54465604430048,53.89,54.42,53.63,54.4,1887853.0,52.61,52.87,52.24,52.5,1620062.0,4.880943258512673,-1.5818956394650456,2.9250793650793696,0.31174603174602566,0,4.6040736489548735,0.632547441058076,24.18021495448294,-15.585751430114001,1.9428576221526441,1.3497980862223786,2.929936620099408,-1.1080833929156155,0,-0.16083322514540915,18.0,56.0,-38.0,1.6495238095238136,0.7781211196110434,-2.2341004350782896,-0.35104526164926997,0.00209523809523815,0.007047619047618969,-0.00495238095238093,-0.004927975739196344
2017-10-10,1507608000,2017-10-18,1508299200,-0.25,51.584764057478736,54.23520342789581,54.89,54.89,53.67,53.81,1498988.0,52.65,53.1,52.34,52.99,3521564.0,3.892642737110677,-2.3904725163143183,1.9909416871107766,-0.5906774863181852,0,7.533715994494344,0.8372978116080017,21.853987469506695,-5.5592770347367875,0.8651818482550624,1.344239066463717,1.1188251109764984,2.331973919555825,0,-0.05558814448949765,14.0,56.0,-42.0,0.7510851103981793,-0.13913153711661153,-3.0150799334091545,-0.33247317860015757,-0.00641630496320067,0.002075863370447184,-0.012266465370824653,0.009333333333333416
2017-10-13,1507867200,2017-10-19,1508385600,0.25,51.3886348409601,54.178947474682204,53.03,53.2,52.66,52.68,3823840.0,51.76,52.56,50.52,52.53,4480336.0,4.798176009466815,-1.5238565729543438,2.9754426042261457,0.06282124500285136,0,4.084587382517562,0.07620499142693683,18.40860320195373,-13.597115190375277,1.320215648389862,1.5950150467961988,1.1487755552598493,-2.849391204538129,0,0.06778372923638008,10.0,56.0,-46.0,1.6371597182562425,0.6653077852253375,-2.0808595640572065,-0.34101947880009553,-0.01465829050066636,0.0005711022272987254,-0.03826384922901194,-0.00868088318550675
2017-10-18,1508299200,2017-10-26,1508990400,-0.25,51.3886348409601,54.45406800084491,52.65,53.1,52.34,52.99,3521564.0,53.41,53.73,52.61,53.18,1300709.0,3.4809786423851676,-2.2286281346755175,2.0991600852450603,-0.9997492791776352,0,6.311117166963719,0.33962264150943344,13.949982976481328,-17.097288103308742,-0.36498037949883155,1.653273778193849,-5.144378133620354,0.7761967947393855,0,-0.032274167794664854,-10.0,32.0,-42.0,0.6261752538548251,-0.26577073963049713,-2.6479510584085375,-0.16982847797184109,0.004324934185784057,0.0103422339225272,-0.010718315156073688,0.0009410878976094939
2017-10-19,1508385600,2017-11-01,1509508800,0.25,51.29224699054367,54.45406800084491,51.76,52.56,50.52,52.53,4480336.0,52.43,52.97,52.39,52.82,1597097.0,3.906335974401159,-2.4390887195734194,2.295531995456244,-0.8188186293070743,0,3.5701688413353168,-2.904411764705879,3.97081342166035,-5.089540398140379,-0.19115707282205108,1.584613395652882,-6.524274770276254,0.9318439936074133,0,0.10128937641017532,-26.0,-68.0,42.0,0.733623627413877,0.006690070154590444,-1.8152047449587059,-0.21137343277644582,-0.007383566830745925,0.002839833396440783,-0.008140855736463504,0.012459267778416772
2017-10-20,1508472000,2017-11-14,1510635600,-0.25,51.29224699054367,54.49890189806936,52.92,53.45,52.23,53.16,3543554.0,52.95,53.25,52.76,52.99,955091.0,2.7134525342762146,-1.8340413246140344,2.0010064792098916,-1.3241492105428705,1,1.4735583461737178,0.933333333333337,8.045215865738667,-7.605577293069054,0.3354307689606344,1.5488597028081257,-10.491129384922532,-0.5544170803539785,0,-0.005002714486447798,34.0,27.999999999999993,6.000000000000007,0.4397056048310901,0.5602242322275401,-1.112062630300528,-0.06493570475302574,-0.0007548594074353598,0.004906586148329728,-0.004340441592753375,-0.0024472891566263977
2017-10-27,1509076800,2017-11-17,1510894800,0.25,51.29224699054367,54.49890189806936,52.99,53.32,52.27,52.46,1823926.0,52.17,52.95,52.04,52.4,1534825.0,4.037866209131579,-1.2878662091315363,2.9303435114503884,-0.1402671755725322,0,-1.9077469858708653,-1.4296463506395751,-0.9619255884405962,9.0194892015963,1.2932047150023607,1.6138176855471649,-10.36174724318738,0.8737038804378143,0,0.025310346453400596,22.0,-20.0,42.0,1.3750000000000142,1.1676092401957021,-0.03836023861036608,-0.19078375080293122,-0.004389312977099213,0.010496183206107013,-0.006870229007633566,0.0013376648194152185
2017-11-02,1509595200,2017-11-22,1511326800,-0.25,51.366832960984794,54.49890189806936,52.71,53.94,52.36,53.69,1402250.0,53.13,53.27,52.83,52.95,1152488.0,2.78449354812129,-2.3520100731449247,1.6490399748190043,-1.2140384010072296,0,1.4525706790148547,-0.3387916431394687,-0.5441183253088017,3.2042893885944395,0.34125086911612357,1.4870195674567104,-12.423057245332814,-0.6824869155976906,0,-0.07132283284181155,10.0,-20.0,30.0,0.21624173748817554,0.10515592399885065,-0.9469452117419053,-0.08653768880546643,0.0033994334277620553,0.006043437204910296,-0.002266288951841444,-0.0030126153266804012
2017-11-15,1510722000,2017-11-24,1511499600,0.25,51.366832960984794,54.401498720672436,52.32,52.65,51.76,51.9,1447942.0,53.09,53.22,52.7,52.72,550613.0,3.202465451025759,-1.982814464682832,2.0077769347496,-0.7539833080424785,0,-0.10366578347056077,-0.8649868371568274,-1.188955129881215,-1.905084415763035,0.6817997979067059,1.457280944150805,-12.890127499820846,-0.3306645741005718,0,-0.17442549998296264,6.000000000000007,-19.999999999999993,26.0,0.6098254931714848,0.4902739697043188,-0.4946207485810845,-0.08336810124478876,0.007018209408194309,0.00948406676782998,-0.0003793626707131459,-0.004343720491029379
2017-11-20,1511154000,2017-11-29,1511931600,-0.25,51.51388404354643,54.401498720672436,52.61,52.99,52.28,52.9,1950882.0,53.82,54.38,53.78,54.25,955914.0,0.5340315276158236,-4.2114508824545425,-0.538556067588317,-3.2113671274961604,0,9.11956846714105,3.9869656890933456,4.403376260268078,5.666795828421662,-2.234221107966249,1.3919320543339486,-13.029811837911067,0.5889104639533671,0,-0.08257100982827087,-6.0,-20.0,14.0,-1.8387096774193594,-2.0125162018406257,-3.0538297350007895,0.07585717510221815,-0.007926267281106014,0.0023963133640554357,-0.008663594470046054,0.009678019728271092
2017-11-24,1511499600,2017-12-04,1512363600,0.75,51.51388404354643,55.680899560139196,53.09,53.22,52.7,52.72,550613.0,55.04,55.86,54.58,54.58,2106157.0,0.8554146324782863,-5.0749089527421205,-0.5749969463784055,-3.6127397092952265,0,8.852571887982535,1.148999258710151,12.136038946688315,22.22347175655746,-2.2081964974157415,1.7502229705273482,-11.762359876301915,1.26773453080092,0,0.01893148333972683,42.0,40.0,2.0,-2.109747160131917,-1.897822929222258,-3.212500218989078,0.17967405979700019,0.008427995602784843,0.023451813851227632,0.0,0.0051565377532227785
2017-11-27,1511758800,2017-12-14,1513227600,0.25,52.46466819007592,55.680899560139196,52.77,53.2,52.65,52.9,1190979.0,54.05,54.34,53.68,53.81,998312.0,2.409548122630923,-3.1231701259760456,1.2816700737161568,-1.8608684878894906,0,2.8684176949821634,3.6801541425818955,8.167615226924934,3.898359503698387,0.490919509310487,1.613621298348297,-16.205541709414966,-0.6069250833400928,0,-0.1840169986033882,10.0,40.0,-30.0,-0.3568110016725683,-0.1167962534984639,-1.2825586148250636,-0.013759015016537146,0.004460137520906793,0.009849470358669343,-0.0024159078238246146,-0.004071811956320559
2017-11-30,1512018000,2017-12-19,1513659600,-0.25,52.46466819007592,55.85847782151507,54.44,55.23,53.93,55.11,1889964.0,55.86,55.99,55.46,55.76,1576327.0,-0.14631121311975903,-6.03553957597633,-1.5163199426111902,-4.574067431850779,0,12.922040212228247,5.406427221172021,15.861521615088053,8.2738907238111,-2.3341595535234063,1.570834538006464,-14.100023484719488,0.9273535126582204,0,-0.1725639854778918,50.0,92.0,-42.0,-3.0909253945480515,-2.8548866064094085,-4.28287954163666,0.15551593300552646,0.0017934002869439691,0.004124820659971329,-0.0053802008608321295,0.0028776978417266452
2017-12-05,1512450000,2018-01-04,1515042000,0.75,52.46466819007592,57.44590622997095,54.88,54.88,53.4,53.43,1518842.0,57.2,57.29,56.7,56.98,1350634.0,1.498589373737019,-6.944359819507454,-1.5604890604890613,-3.854276354276351,0,15.365382936624371,6.644207374134377,30.591473449856753,34.76880580179761,-1.8377307376759973,1.2817363888203335,-2.6983262842806717,-0.9696378467247483,0,0.06602957559582433,46.0,72.0,-26.0,-2.7228852228852247,-2.292619017606853,-4.514439989688256,0.0937073166077469,0.0038610038610040753,0.005440505440505561,-0.004914004914004844,-0.0008767315448010571
2017-12-15,1513314000,2018-01-11,1515646800,0.75,54.25162231272903,58.80803490338423,54.18,55.02,54.06,54.64,3163548.0,57.9,58.5,57.89,58.47,1124382.0,0.6803153358449805,-7.67706580617164,-2.4414229519411776,-4.668205917564563,0,20.854719327767086,8.3178955168581,38.948953481158604,34.82662811423393,-2.439837228104338,1.2154807527173601,4.991607058253106,0.8233136156182427,0,0.17371724195784058,50.0,96.0,-46.0,-3.498375235163337,-3.235113897450617,-5.84755035853901,0.12207625229206065,-0.009748589020010301,0.0005130836326321386,-0.009919616897554273,0.011766741650804713
2017-12-20,1513746000,2018-01-12,1515733200,0.75,55.85847782151507,60.13604799974594,56.01,56.72,55.97,56.4,1863505.0,58.77,59.56,58.65,59.52,1369261.0,-0.47663832435682707,-9.002528342309859,-3.724238351254499,-5.928539426523287,0,24.62470733678728,10.161021654636317,42.39001668995162,33.78980181976121,-3.7390588489018057,1.239558221663778,7.2517273878264845,1.0047383940531411,0,0.31966903689406007,50.0,76.0,-26.0,-4.739583333333343,-4.471474240027234,-7.214054660725353,0.1846085821031349,-0.012600806451612878,0.0006720430107527431,-0.014616935483870996,0.017957927142124186
2018-01-05,1515128400,2018-01-23,1516683600,0.25,57.297165599619795,60.13604799974594,57.34,57.9,56.8,57.89,2410609.0,58.44,58.67,58.02,58.48,974145.0,1.7715646909445297,-4.8939997114643745,-0.42464660282718114,-2.801527587779276,0,13.738438359666645,3.3580770590314577,32.35649963032485,9.507952628558158,-0.7610928328339526,1.3355843755723633,6.810362676097295,0.7114857802685455,0,0.290580594941437,26.0,72.0,-46.0,-1.5612175102599224,-1.6057557345614129,-4.419324859576477,-0.051725907517944036,-0.0006839945280437965,0.0032489740082080054,-0.00786593707250327,0.0001710278775439722
2018-01-12,1515733200,2018-01-26,1516942800,-0.25,57.297165599619795,60.27550375926512,58.77,59.56,58.65,59.52,1369261.0,60.08,60.31,59.43,60.22,1516584.0,0.04806731808027109,-7.1354137146262815,-2.342521864275426,-4.951289715487661,0,20.81858971813334,6.8298740464786265,36.63273206201734,9.87191438449836,-2.571399398907019,1.391742355900012,9.838125834638653,1.1000523629288452,0,0.23827968799670657,50.0,72.0,-21.999999999999996,-3.543673198272998,-3.4869797668325475,-6.456857070464125,0.07083099295255924,-0.0023248090335437066,0.0014945200929923352,-0.013118565260710757,0.005342237061769728
2018-01-16,1516078800,2018-01-29,1517202000,0.75,57.297165599619795,61.84605444307354,59.83,59.91,57.75,58.17,1744173.0,60.26,61.54,60.23,60.58,1781800.0,-0.015246602660596409,-7.528497207177622,-2.465059975789586,-5.243204577968527,0,22.0782879221198,7.411347517730496,38.788842678754456,10.936229721784798,-2.700482649559234,1.4402907851953537,11.678797806597338,1.2771100254441488,0,0.18722197494051784,50.0,76.0,-26.0,-3.7718719049191094,-3.6737981336088126,-6.737732865432889,0.10975781857781675,-0.005282271376692016,0.015846814130076048,-0.005777484318256865,0.005978080371969341
2018-01-24,1516770000,2018-01-30,1517288400,0.25,58.67699241001444,61.84605444307354,58.58,59.74,58.55,59.09,1957612.0,60.25,60.43,59.49,59.55,1741899.0,1.678723053191547,-5.297530777792687,-0.4436048138818762,-3.3285754268122076,0,13.785622384901949,6.33928571428571,36.75879892709452,3.3478518913392747,-0.7885155321722124,1.491287759353183,11.989871940001706,-1.243271864035671,0,0.10832436197846324,46.0,76.0,-30.0,-1.8094038623005702,-1.8164928453451807,-4.923666384290101,0.053340248429678105,0.011754827875734675,0.014777497900923642,-0.001007556675062915,-0.017002310993727288
2018-01-29,1517202000,2018-01-31,1517374800,-0.75,56.87894615713881,61.84605444307354,60.26,61.54,60.23,60.58,1781800.0,57.69,59.71,57.27,58.06,2846152.0,4.141442593046747,-2.48625830093512,2.4196233781145935,-0.8321850958778327,0,4.276751084953425,2.398589065255731,30.170550815471604,-2.1130753698977216,1.6553075413426939,1.7204867119030391,9.432788259019908,-1.999145962129769,-1,0.049733315195401695,42.0,76.0,-34.0,0.8275921460558067,0.6362294917689297,-2.386311768771776,-0.08935753818046743,-0.006372717878057266,0.028418877023768552,-0.013606613847743643,-0.025020990764063722
2018-01-30,1517288400,2018-02-01,1517461200,-0.25,56.87894615713881,60.56774964482752,60.25,60.43,59.49,59.55,1741899.0,58.09,59.72,58.0,59.21,2380404.0,2.115673505057856,-4.00893477849138,0.6865394359060843,-2.659179192703931,0,9.216233769365338,3.8225495353322807,27.302675083633112,0.7935259347541006,-0.26557083917877833,1.7740595946753392,7.068012517964618,1.652374984478641,0,0.045003753543089754,38.0,76.0,-38.0,-0.946630636716776,-1.1928083242454335,-4.114273822138415,-0.10997134278911358,-0.018915723695321685,0.008613409896976787,-0.020435737206553006,0.019807096107474997
2018-01-31,1517374800,2018-02-02,1517547600,0.25,56.768289263402295,60.56774964482752,57.69,59.71,57.27,58.06,2846152.0,58.87,59.51,58.32,58.44,1850365.0,3.3043073757567925,-2.3375038165507505,2.2156627880447246,-1.2768081222906744,0,5.026507820472318,2.562302562302564,23.003117660069535,-6.152806471899915,0.9888828546121005,1.8144945876227738,4.87214932984185,-1.2862394425611976,0,-0.07339609285301292,34.0,76.0,-42.0,0.4834017796030139,0.09867879412921354,-2.739092716992104,-0.17526393053348488,0.007357973990417488,0.01830937713894598,-0.002053388090349051,-0.013004560040533741
2018-02-01,1517461200,2018-02-06,1517893200,-0.75,54.52535062726244,60.56774964482752,58.09,59.72,58.0,59.21,2380404.0,55.05,56.86,54.37,56.5,2859003.0,7.494769563237398,-0.16910584642326398,5.894690265486744,1.5176991150442518,0,-3.3355405714724213,-2.1475580187045407,8.160347737430925,-10.729221611256229,3.5327359655063617,2.3627055955764904,5.450109506178329,1.9038595487725753,0,-0.04022353468464694,26.0,-20.0,46.0,3.66283185840706,2.828720355231937,0.5256367653501144,-0.4480161949574407,-0.025663716814159354,0.006371681415929142,-0.03769911504424783,0.00766898519707504
2018-02-02,1517547600,2018-02-07,1517979600,-0.25,54.52535062726244,59.23995574048207,58.87,59.51,58.32,58.44,1850365.0,56.41,58.22,56.35,57.3,2052391.0,6.031733999516419,-1.6949102647868983,4.491273996509591,-0.07417102966839195,0,0.02996127547817906,-0.9336099585062348,5.504889609626711,-4.755591360343615,1.9361147311973497,2.3964189229006885,4.701810902860537,1.3399226077050432,0,-0.004837538402025675,22.0,-20.0,42.0,2.1684118673647674,1.2603933361102833,-0.8434365448886751,-0.43109282334817844,-0.01553228621291447,0.016055846422338593,-0.016579406631762605,0.014159292035398119
2018-02-05,1517806800,2018-02-09,1518152400,0.25,54.15431324897108,59.23995574048207,57.59,59.22,55.56,56.07,2939929.0,55.59,56.28,53.79,55.72,2176744.0,9.838511314212013,-0.7089348605149581,7.353134721225189,1.952919358698253,0,-5.047272043399062,-4.703266632461092,-3.9313496941088917,-6.040326617149738,4.144006534141482,2.739297977102477,5.2985676918162135,1.4099101251147363,0,-0.06300596713329966,14.0,-32.0,46.0,4.564788226848535,3.2646881262256215,1.7655164756120456,-0.5563827088698234,-0.0023330940416366186,0.01005025125628145,-0.03463747307968412,0.013828238719068464
2018-02-07,1517979600,2018-02-15,1518670800,-0.25,54.15431324897108,59.54959511258023,56.41,58.22,56.35,57.3,2052391.0,58.46,59.23,58.28,59.06,1997412.0,3.455241343823829,-6.7095589868986565,1.0097076419460365,-4.296760356699409,0,6.452161363077437,1.4776632302405488,0.4211408247267865,-2.1269501111685827,-2.390027140188323,2.5574243726998054,1.451892695713557,1.266575109913126,0,-0.015458392364987316,-2.0,-32.0,30.0,-1.6271588215374209,-2.383095806226592,-3.7087266103001184,-0.05693806289558906,-0.010159160176092086,0.0028784287165593003,-0.01320690822891979,0.014951022512459167
2018-02-08,1518066000,2018-02-16,1518757200,0.75,54.15431324897108,62.23614562170067,57.39,57.39,54.91,54.96,1594844.0,58.95,60.03,58.77,59.7,1825623.0,2.5989029598092515,-7.724531100512763,0.08821887213845514,-5.280290340591847,0,8.341787455974902,2.436513383665068,3.445876588115551,-2.1174294863744265,-3.5575228807614963,2.5000470027177033,-0.22099577936978676,1.1531557937939347,0,0.040254212186646834,-6.0,-32.0,26.0,-2.562814070351763,-3.1029489734379183,-4.555073500381624,0.0868194179704409,-0.012562814070351758,0.005527638190954809,-0.015577889447236148,0.010836437521164921
2018-02-12,1518411600,2018-02-23,1519362000,0.25,56.768289263402295,62.23614562170067,56.18,57.51,55.82,56.95,1928847.0,58.96,59.28,58.34,58.66,2171362.0,4.350644086318084,-6.029812173600732,2.0226730310262724,-3.5518240709171494,0,4.067070977082672,-2.0701168614357295,6.695400689497144,-3.697155304567815,-1.7807538256831634,2.3522691002959584,-5.75210574629482,-1.3186753470878143,0,-0.01383002122070436,-21.999999999999996,-31.999999999999996,10.0,-0.8395840436413238,-0.7683647159575315,-2.363671867751634,0.1118185502183861,0.005114217524718745,0.010569382884418665,-0.0054551653596998095,-0.004074702886247894
2018-02-16,1518757200,2018-02-27,1519707600,-0.25,56.89294106839696,62.23614562170067,58.95,60.03,58.77,59.7,1825623.0,60.32,60.83,59.6,59.62,1486779.0,2.4352557108404227,-7.440287579340918,0.3639718215363956,-5.223079503522314,0,6.466252330333845,-1.5846814130075948,9.841634456425528,12.25927163507486,-2.4839262728124822,2.3498580993013576,-6.674337351175804,-0.8929237102664507,0,-0.014343070854673208,-30.0,-32.0,2.0,-2.5025159342502548,-1.8256627195192863,-3.5845103908846028,0.18449125081771978,0.011741026501174145,0.02029520295202958,-0.00033545790003353115,-0.012750455373406244
2018-02-20,1519102800,2018-03-08,1520485200,0.25,56.89294106839696,62.09504373179926,59.27,60.24,58.98,59.43,1617856.0,58.19,58.52,57.69,58.43,1158118.0,4.104938269536888,-4.989757711604327,1.960465514290604,-2.8658223515317616,0,2.032317679554261,1.9720767888307202,1.4965702518824056,-7.662058580577664,0.48555458368485915,2.3363120332607226,-9.36893489155025,0.6954344384854414,0,-0.12471278210654033,18.0,44.0,-26.0,-0.44240972103372656,-0.28821406219981327,-1.4062967296968765,-0.11796275812729567,-0.004107479034742512,0.0015403046380284557,-0.01266472702378918,0.008979450872042882
2018-02-26,1519621200,2018-03-09,1520571600,-0.25,57.031805231723,62.09504373179926,59.21,60.52,58.95,60.39,1645559.0,58.85,59.8,58.55,59.79,1263043.0,1.5428651470810877,-6.148986572068537,-0.158331939566267,-4.66911969671628,0,6.716319436126689,8.788209606986896,3.6800223240827803,-8.983019933175058,-1.8398367509066702,2.2837541602089604,-10.071888184360756,0.7522322371913922,0,-0.11258407188095487,14.0,44.0,-30.0,-2.303060712493732,-2.312830307212039,-3.505841024596947,-0.001518625648984917,-0.015721692590734193,0.00016725204883760725,-0.02073925405586219,0.02327571453020716
2018-02-28,1519794000,2018-03-21,1521604800,0.25,57.031805231723,62.00741701488032,59.88,60.59,59.22,59.22,1977424.0,58.62,59.24,58.17,58.7,991054.0,2.289356641289217,-2.844722910454479,1.6155593412833724,-2.1766042021578897,1,2.590816784274786,-0.3395585738539826,2.1698725580337386,-6.9968598012344145,-0.8378665049170024,1.9509480083657134,-14.928625192868907,0.5463228653285753,0,0.15990720916810802,-18.0,-16.0,-2.0,-0.27768313458263094,-0.467751818840199,-1.3709310715636747,-0.019143863810435133,-0.0013628620102215105,0.009199318568994919,-0.009028960817717202,0.0030758714969241208
2018-03-09,1520571600,2018-03-23,1521777600,-0.75,54.930201085208026,62.00741701488032,58.85,59.8,58.55,59.79,1263043.0,57.17,57.63,56.29,56.38,1761337.0,6.7638863262742035,0.14104450025999427,5.543632493792131,1.441113870166717,0,-6.996705436689361,-3.8868053187862155,-3.8531114227785457,-12.871564687485453,3.2740897154764212,2.130585234975348,-13.853565072367,-0.9524820046709304,0,-0.055644319376659854,-26.0,-76.0,50.0,3.45246541326712,3.0599781500694263,2.520360868818898,-0.2099896784048865,0.01401206101454422,0.022170982617949697,-0.0015963107484924244,-0.010356327891872796
2018-03-12,1520827200,2018-03-26,1522036800,-0.25,54.930201085208026,59.54959511258023,59.76,59.76,58.28,58.4,3028147.0,57.08,57.74,56.5,57.71,1569454.0,3.6505841892158486,-1.978430316403518,2.854213596719248,-1.09657482816381,1,-1.1515345364020177,-4.437820831263454,-4.00910251511469,-12.468718463780455,0.8181347149034224,2.1011351611788394,-13.272503009090096,0.8446511654740958,0,0.008519540798013262,-30.0,-76.0,46.0,0.836076936406144,0.6196085467711043,0.15146705244156067,-0.1729704824639031,-0.010916652226650503,0.0005198405822215424,-0.020966903482931953,0.02358992550549832
2018-03-22,1521691200,2018-03-28,1522209600,0.25,54.82404453362432,59.25580624317379,58.14,58.39,56.92,56.97,1635295.0,56.95,57.43,56.43,57.02,1934175.0,4.338726015616757,-1.094250393028176,3.6308897462878633,-0.3905062551151701,1,-3.626021287783395,-3.714961161769665,-6.449790310090814,-17.423339799891636,1.8520857295658288,2.1601219600377957,-13.31087604670013,1.0405303819001366,0,-0.0850011718749589,-38.0,-76.0,38.0,1.6222378112942977,1.481259984105975,1.2486532093257665,-0.18728518542625136,-0.0012276394247632272,0.00719045948789887,-0.010347246580147407,0.0026375945138035206
2018-03-26,1522036800,2018-03-29,1522296000,-0.25,54.82404453362432,59.365890208569944,57.08,57.74,56.5,57.71,1569454.0,57.43,58.84,57.34,58.37,2098180.0,1.9949035454565518,-3.324353605418878,1.1609845240134717,-2.6132145508537405,1,1.7887887398659217,1.2840534443865954,-4.699761558548103,-15.387965093931882,-0.5942109169312175,2.182153263782296,-13.685275935260856,1.1169939618293407,0,-0.09945633037805107,-42.0,-76.0,34.0,-0.664725029981156,-0.7833709084243026,-1.0501929564300667,-0.0860147333275364,-0.016104163097481528,0.00805208154874082,-0.01764605105362338,0.023675903191862302
2018-03-27,1522123200,2018-04-02,1522641600,0.25,54.67168085147075,59.365890208569944,57.7,58.33,56.6,56.87,1215589.0,58.16,58.49,56.37,57.07,1599456.0,4.317054581988543,-1.1192273522706415,3.594708253022617,-0.43367793937268573,1,-3.0197081265628967,0.01752541184717492,-5.444932748496445,-13.35721140902416,1.4268746153649943,2.3377803175181415,-14.113052697220677,-0.8462801711942517,0,-0.02669245840241238,-46.0,-76.0,30.0,1.598913614858958,1.3360519340744474,1.1565815697700828,-0.09985338398214932,0.019099351673383502,0.024881724198352995,-0.01226563868932895,-0.022271714922048935
2018-03-29,1522296000,2018-04-17,1523937600,-0.25,54.67168085147075,59.402160968777146,57.43,58.84,57.34,58.37,2098180.0,59.15,59.72,58.84,59.33,2367984.0,0.13292392973556844,-5.177589360377723,-0.41547277936962246,-4.539861789988208,1,5.246424060603594,1.6969489201234054,2.8443882062651125,7.2982857971346675,-2.3353317426754074,2.12290135128984,-16.576113892632783,1.2343910638407496,0,0.1395322432677315,50.0,64.0,-14.0,-2.5223327153210846,-2.07917029734827,-2.4466292448437343,0.17913922314043113,-0.0030338783077701326,0.0065734030001685095,-0.00825889094892962,0.00849906510283871
2018-04-02,1522641600,2018-04-18,1524024000,0.75,54.67168085147075,62.1360685757953,58.16,58.49,56.37,57.07,1599456.0,63.58,64.22,62.36,63.34,6970014.0,-3.786758976752708,-12.839385639603464,-6.261709293758571,-10.298652773392291,0,15.987559623557459,8.2365003417635,10.357237700515407,20.828008488443714,-6.54399035168899,2.3979121557539136,-14.381967119629493,3.48684889305927,1,0.11800665741583699,50.0,68.0,-18.0,-8.313072308178093,-7.490028343702008,-8.28450477093196,0.4616802756583407,0.003789074834227968,0.013893274392169142,-0.01547205557309761,0.0675880667453228
2018-04-03,1522728000,2018-04-19,1524110400,0.75,57.073189060444435,64.8958399251693,57.36,57.64,56.87,57.59,1495459.0,64.32,65.06,63.87,64.82,4055193.0,-3.59849966088872,-16.270367972557736,-7.939164866810643,-11.902447804175651,0,18.888489861598856,10.42589437819419,17.68698220273664,22.868391436435445,-7.569350001540613,2.3653290731375765,-12.030210768159899,2.004675719413965,1,0.160122999627828,50.0,72.0,-21.999999999999996,-9.934433816723228,-8.687757680985868,-9.97159133810996,0.708261528892327,-0.0077136686207960325,0.003702560937982158,-0.014655970379512384,0.02336596147773906
2018-04-18,1524024000,2018-04-20,1524196800,0.75,59.402160968777146,67.60505617815944,63.58,64.22,62.36,63.34,6970014.0,65.02,65.32,64.18,64.93,3625207.0,-1.8641206052785577,-17.083977346361706,-7.551979054366257,-11.457723702448789,0,19.094714059005454,13.97226610496754,23.19678064564141,28.961806948758607,-6.772263244403391,2.3180658255815145,-9.751523219219552,1.7646718021509016,1,0.19865378231174344,50.0,76.0,-26.0,-9.47404897582014,-8.000314334667095,-9.727087384084271,0.8303332091203837,0.0013861081164328048,0.0060064685045431165,-0.011550900970275668,0.001697007096575387
2018-04-19,1524110400,2018-04-27,1524801600,0.25,62.1360685757953,67.60505617815944,64.32,65.06,63.87,64.82,4055193.0,62.61,62.95,61.78,62.28,2984124.0,5.8927352369394725,-12.416498884980584,-1.1574074074074048,-5.367426675230135,0,8.220493722399873,6.698646565016282,25.289874923834617,17.911232637510807,-0.2144086987551077,2.416908100631734,-7.485143785356339,-1.4158165146159996,0,0.019899921129420878,30.0,76.0,-46.0,-3.2618818240205485,-1.9795150444452076,-4.57537759722311,0.27604842608771407,0.005298651252408471,0.010757867694283885,-0.008028259473346178,-0.011114639568116758
2018-04-20,1524196800,2018-05-03,1525320000,-0.75,59.50550636576998,67.60505617815944,65.02,65.32,64.18,64.93,3625207.0,61.53,62.26,60.82,61.94,2489465.0,6.8618719994419735,-9.837332122141362,0.6546658056183219,-3.5364869228285443,0,6.651517911376217,5.018650389962701,18.885697189031912,6.86101457028267,1.2431708247630695,2.389322770880174,-10.522441846672391,1.1633977029294846,0,0.0820482430037702,14.0,56.0,-42.0,-1.4877300613497084,-1.0921285559111453,-3.5119722404997162,-0.12873717825181696,-0.0066193090087180995,0.0051662899580238175,-0.018082014853083583,0.002103219543763135
2018-04-23,1524456000,2018-05-09,1525838400,-0.25,59.50550636576998,64.8958399251693,65.14,65.22,63.76,64.05,2640427.0,64.36,64.87,63.85,64.51,1527299.0,2.873481323901757,-9.965405056656422,-1.6341135741228925,-5.597840128145535,0,14.224157168393887,11.128337639965562,23.401727628791793,-2.352872966067622,-2.3641896697338893,2.1693843155333106,-9.526547288728835,0.7068486547596367,0,0.11271795646393848,-2.0,36.0,-38.0,-3.54596186637734,-3.798098009697071,-6.471698404817559,0.07576701269095842,-0.0023252208959851917,0.0055805301503641935,-0.010230971942334577,0.004202988792030071
2018-04-30,1525060800,2018-05-14,1526270400,0.75,59.50550636576998,67.2995921546691,62.62,62.8,61.47,61.51,2605703.0,65.23,65.31,64.6,64.87,2250670.0,2.069845876423713,-7.18623249581637,-0.6934381583680107,-4.593546066491967,0,14.53528311768602,10.266870644229146,28.45658494487792,0.7613394558276667,-3.033710160626214,1.9586185146843003,-6.686815956382265,-1.0588171723118052,0,0.14998518401131045,46.0,92.0,-46.0,-2.558193309696321,-3.161975792758227,-6.179471421508751,0.1404555844189106,0.005549560659781072,0.006782796361954668,-0.004162170494836026,-0.003839066339066388
2018-05-04,1525406400,2018-05-15,1526356800,0.25,62.192424833107026,67.2995921546691,61.62,62.72,61.3,62.36,1512204.0,64.62,64.82,64.29,64.73,1282574.0,1.907626360387951,-5.7682782992107775,-0.09501004171174543,-3.9494824656264598,0,13.781067265002001,9.101634923310307,29.033607061804418,2.7758482774498603,-2.714110812374173,1.8866528873986637,-6.313675129538524,-0.6055040994629335,0,0.2153277078644291,42.0,80.0,-38.0,-1.9303259694114132,-2.6713381032187016,-5.74217889833497,0.10180691708274714,-0.0016993665997219187,0.0013903908543178023,-0.006797466398887675,-0.002158162478803738
2018-05-10,1525924800,2018-06-04,1528084800,-0.25,62.650406421328086,67.2995921546691,64.9,65.23,64.36,64.98,1530142.0,66.67,66.83,66.27,66.63,1051132.0,0.7209296197104464,-4.325912360217686,-0.6298464155285473,-3.13472409825404,0,14.61398049869085,6.847338037203329,31.431640976642555,5.511815984743386,-1.234722235559886,1.5219694024103765,-0.7251807810336928,0.5274919840069259,0,0.10814635788785175,50.0,92.0,-42.0,-1.8024913702536338,-2.1484165416083556,-5.420402189176812,-0.08768128921933127,0.0006003301815999951,0.0030016509079995313,-0.0054029716343989564,0.001653638003607849
2018-05-15,1526356800,2018-06-13,1528862400,0.75,62.650406421328086,68.86765372855442,64.62,64.82,64.29,64.73,1282574.0,67.42,67.49,66.86,67.12,1746406.0,2.3408401672168253,-3.8903038144159012,0.4345450933651165,-2.089292808899472,0,10.66519601576919,3.6922601575776306,32.78872465991228,5.087096949498445,-0.14253793735633735,1.4399949491986084,4.541080875027088,-0.8787626854573366,0,0.08277144104841494,38.0,84.0,-46.0,-0.774731823599538,-0.8916109725962826,-4.351097654016343,-0.08224232642054541,0.004469606674612603,0.0055125148986887584,-0.003873659117997641,-0.004302032339415396
2018-05-16,1526443200,2018-06-22,1529640000,0.25,64.84862116655177,68.86765372855442,64.7,65.29,64.44,64.99,1391456.0,66.57,66.78,66.06,66.4,2885194.0,3.3742662015408484,-2.1739649967215797,1.860190763052188,-0.8145080321285292,0,5.618909105389271,0.2718212020537705,13.18198188452179,-7.801948306859167,0.8229229829900078,1.484907162239732,-4.232460109986807,1.4221419764176904,0,0.2470616126463849,10.0,31.999999999999996,-21.999999999999996,0.6001506024096273,0.027218918801025893,-2.525750732144772,-0.329133514404079,0.0025602409638552093,0.005722891566265043,-0.005120481927710863,0.005755831566192304
2018-06-05,1528171200,2018-06-25,1529899200,-0.75,63.39363704456481,68.86765372855442,66.71,67.98,66.71,67.64,1397403.0,66.06,66.08,64.59,65.08,2508176.0,5.5784273571878344,-0.4216971789456494,3.947449293177627,1.0802089735709899,0,-1.4485903256713257,-1.2293215966003979,8.6488570595045,-14.397901652634403,2.5967674992020306,1.6054656493604984,-3.981786925486144,-1.224553233232773,0,0.18352842881512135,6.000000000000007,-43.99999999999999,50.0,2.5783650891211067,1.8602301840660687,-0.5271890349452804,-0.38344878000330174,0.015058389674247108,0.01536570374923163,-0.007529194837123443,-0.01987951807228927
2018-06-14,1528948800,2018-06-26,1529985600,-0.25,63.39363704456481,67.18271421368948,67.43,67.47,66.62,66.83,1760596.0,65.19,65.65,64.39,65.34,1559676.0,5.1290943984699595,-0.7611727578210719,3.5537190082644656,0.6336088154269817,0,-0.1279069871488474,0.27624309392266244,5.64721773009758,-20.262990173984477,1.9456934175431826,1.6225984498501864,-3.5872779552674388,0.7638629671145101,0,0.15428849651692741,2.0,-44.0,46.0,2.183960820324444,1.316346602534253,-0.8868133675788528,-0.38681054912197743,-0.0022956841138660478,0.00474441383532298,-0.014539332721150933,0.003995082974800335
2018-06-25,1529899200,2018-06-29,1530244800,0.25,63.30042827093086,67.18271421368948,66.06,66.08,64.59,65.08,2508176.0,65.46,66.13,65.26,65.26,1715735.0,5.522782684216821,-1.4467790066195363,3.5590969455511043,0.4331392379201162,0,-0.325237458570264,-1.8941671677690786,-1.7048652161625082,-17.314737937144344,1.2791594856251862,1.7266001045209418,-4.40041421661099,0.902833748785196,0,-0.01654521061966988,-10.0,-52.0,42.0,2.0380018387986496,0.9855558153269044,-0.7158252417674902,-0.34531923045647034,0.0030646644192460215,0.013331290223720371,0.0,0.0030740854595758815
2018-06-26,1529985600,2018-07-05,1530763200,-0.25,63.30042827093086,67.3171032920033,65.19,65.65,64.39,65.34,1559676.0,65.54,65.68,64.82,65.4,3029688.0,4.737008136571603,-2.053521898039506,2.9171763506625723,-0.27242609582060595,0,0.4222794420512628,-4.049295774647875,-3.705319282213982,-13.52366163187822,0.4942251319621107,1.6936000282953643,-4.787102237311675,1.668484933461348,0,0.13078793037273914,-21.999999999999996,-52.0,30.0,1.3417431192660416,0.5660627035706085,-0.8247239933469217,-0.21063057269994245,0.002140672782874553,0.004281345565749328,-0.008868501529052164,0.0016847909327615262
2018-06-27,1530072000,2018-07-06,1530849600,0.25,63.30042827093086,67.3171032920033,65.51,66.3,64.73,64.8,2820221.0,65.25,65.86,64.93,65.04,1648695.0,4.97398241086519,-1.6160488315294685,3.286182861828621,0.07277572775726071,0,-1.6698376967017765,-4.28256070640176,-4.964137221428833,-8.906067228493079,0.7897854553424253,1.683468133957914,-5.157057116322637,-0.9161583788414128,0,-0.08121380046985115,-26.0,-52.0,26.0,1.6789667896678822,1.015777481591428,-0.26496831786155894,-0.19729882780620878,0.0032287822878227512,0.012607626076260647,-0.001691266912669076,-0.0055045871559632475
2018-07-02,1530504000,2018-07-25,1532491200,-0.25,63.303473911064465,67.3171032920033,64.72,65.54,64.3,65.49,996397.0,66.19,66.49,65.69,66.32,2483625.0,0.7660662549607338,-2.3719166771561646,0.9753216726980298,-2.6193707277844567,1,3.763124093005473,1.4998469543923931,3.6117488253083785,-9.334604437845528,-0.5997081955112122,1.806210433190446,-5.80587142218948,-1.338601889996727,0,0.09891774132513267,18.0,44.0,-26.0,-0.8029252110977012,-0.4575972800168273,-1.4249407998685655,0.04124985250562006,-0.0019601930036187154,0.0025633293124245338,-0.009499396863691167,-0.00030147723846862817
2018-07-06,1530849600,2018-07-26,1532577600,0.75,63.303473911064465,69.41903447818484,65.25,65.86,64.93,65.04,1648695.0,66.35,67.45,66.18,67.26,2641543.0,-0.3369316386491903,-3.675854564145965,-0.3327881851521397,-3.8326395083754505,1,8.55214997669463,3.7962962962963087,6.294427576672805,-2.5109202471256964,-1.8170524145921547,1.7886266376528976,-6.361010635998685,1.4031603618277073,0,0.19017039913487985,50.0,80.0,-30.0,-2.0063931013975775,-1.6726910359257232,-2.692682659191121,0.10127025641780107,-0.013529586678560968,0.0028248587570620654,-0.01605709188224802,0.014173703256936232
2018-07-09,1531108800,2018-07-30,1532923200,0.25,65.02808651838573,69.41903447818484,65.33,66.2,65.26,66.19,1406306.0,66.42,66.85,65.92,65.98,1583474.0,1.5893204920557764,-1.492321401422231,1.802061230675946,-1.7884207335556255,1,0.8775986869304973,1.1032791909285915,4.885937113259977,-11.7679193255642,0.15454347040990513,1.8407102084585174,-6.937920931249327,-0.831176944462128,0,0.08301289766436022,42.0,80.0,-38.0,0.04849954531678691,0.2431721264202622,-0.7207729545863515,0.02993759172514665,0.006668687481054869,0.013185813882994779,-0.0009093664746893104,-0.005876148862437813
2018-07-26,1532577600,2018-07-31,1533009600,-0.25,65.02808651838573,69.51624526162965,66.35,67.45,66.18,67.26,2641543.0,66.39,67.79,66.21,67.6,1879232.0,-0.4185929609398471,-3.967501713616329,-0.45784023668639406,-4.012573964497022,1,8.40287015916342,3.22186593373034,7.62279738243944,-7.210880399036945,-2.1312500970835657,1.859521105455631,-8.200660446795172,0.9786253266650603,0,0.14456870731857677,50.0,92.0,-42.0,-2.193047337278088,-1.9534760206234125,-2.978383042590977,0.10180012977553127,-0.017899408284023588,0.00281065088757404,-0.020562130177514848,0.024552894816610937
2018-07-27,1532664000,2018-08-10,1533873600,0.25,64.99439079090128,69.51624526162965,67.42,67.62,65.95,66.37,2082046.0,65.34,65.56,64.76,65.1,1361872.0,3.5287712247326084,0.17168960476050188,3.701740911418355,-0.047875064004088586,1,-4.9308590622334805,-2.3109243697479087,-0.55272053153624,-18.258582585969265,2.100982094052384,1.7168350453937102,-10.491824731075367,-0.7062559759305255,0,0.0531369952960723,18.0,-32.0,50.0,1.8502304147465622,1.6731089609994854,1.0004163161051451,-0.1576070181080869,0.0036866359447005337,0.0070660522273426896,-0.005222734254992201,-0.007016473459426575
2018-07-31,1533009600,2018-08-13,1534132800,-0.75,62.96430257800838,69.51624526162965,66.39,67.79,66.21,67.6,1879232.0,65.05,65.59,64.33,64.75,1468482.0,4.283536012379983,0.3218693930254801,4.170913770913771,0.3670527670527832,1,-6.595313133968979,-1.9236594971220784,-3.7176921053527594,-25.68735215458433,2.5184251349976705,1.7418174284795334,-9.448604114787116,-0.7615491313752816,0,0.03357747639076143,14.0,-36.0,50.0,2.3027027027027174,2.011008254355758,1.4857227668237698,-0.21347197643557847,0.004633204633204491,0.012972972972973063,-0.006486486486486531,-0.00537634408602139
2018-08-01,1533096000,2018-08-14,1534219200,-0.25,62.96430257800838,67.25357998051123,67.46,67.93,66.7,66.84,1856331.0,64.86,65.6,64.75,65.38,1147904.0,3.3031781645985774,-0.7840591679635338,3.11129805241157,-0.6620271234832131,1,-2.894063575864088,-1.1341297444427643,-4.747018383612327,-19.20087589492377,1.4778382721929404,1.6946803526882916,-8.495498546247962,0.5947017013807745,0,-0.003363850476488689,10.0,-36.0,46.0,1.259559498317529,0.9301249143623096,0.4878948735417481,-0.1978178661520194,-0.00795350260018346,0.003364943407770049,-0.009635974304068484,0.00972972972972963
2018-08-13,1534132800,2018-08-15,1534305600,0.25,62.96430257800838,66.98875841715896,65.05,65.59,64.33,64.75,1468482.0,64.99,65.14,64.0,64.81,1332691.0,4.326301861766012,-0.1772507894006452,3.7152188448284846,0.41171629892504313,1,-5.655998745143428,-1.4895880832953396,-6.796947075734397,-29.846393826651152,2.086446175831341,1.739564682438651,-6.999999196428458,-0.6908986994344225,0,-0.06457563938155808,6.000000000000007,-35.99999999999999,42.0,2.0745255361826764,1.6446754771229735,1.3178884203829142,-0.21428793319571277,0.002777349174510002,0.005091806819935263,-0.012498071285295564,-0.008718262465585713
2018-08-14,1534219200,2018-08-20,1534737600,-0.25,62.965049423661995,66.98875841715896,64.86,65.6,64.75,65.38,1147904.0,66.14,67.16,66.14,66.98,1670959.0,1.0513572966178657,-3.4983564008281007,0.26102319100228044,-2.78615507116551,1,5.441368934261966,1.6851373918323962,-2.1803702898618176,-15.399352528562119,-1.4768348695468916,1.645874383057761,-8.024686025137566,0.8663629209804018,0,0.1041500591694624,-6.0,-36.0,30.0,-1.2234995521051104,-1.5146506047192645,-1.8753754822065218,0.013295352033280583,-0.012541057031949854,0.002687369363989056,-0.012541057031949854,0.015002273071677674
2018-08-15,1534305600,2018-09-04,1536033600,0.75,62.965049423661995,68.99265890944253,64.99,65.14,64.0,64.81,1332691.0,68.34,68.85,68.11,68.79,1359915.0,1.6766753830651453,-6.792244506484252,-1.408877259291586,-3.840916799922468,0,10.51166179398107,3.7713078895761045,20.349204252354316,29.23924961810043,-1.6927926183110742,1.3404832493769998,-7.074450946845765,0.7351296093966853,0,0.25162987165097633,38.0,48.0,-10.0,-2.5577845617095534,-1.8235557103507603,-3.1751614052792974,0.18971732509376005,-0.0065416484954209375,0.0008722197993893399,-0.009885157726413851,0.00643745427944431
2018-08-16,1534392000,2018-09-05,1536120000,0.75,64.99439079090128,70.63162828069729,65.2,65.63,65.13,65.55,1202390.0,68.69,69.27,68.51,69.14,1220528.0,1.538378777250898,-7.260102815434308,-1.7428406132485037,-4.140873589817744,0,11.997979741779126,3.9542925875808077,21.752526009946806,34.77771565123136,-1.8347115645696448,1.3169490014260596,-6.515182498775804,0.669095815239106,0,0.2634691596681056,50.0,64.0,-14.0,-2.8608620190917122,-2.0995396152633816,-3.5215698470250487,0.18152228155522054,-0.006508533410471529,0.0018802429852473601,-0.009111946774660096,0.005087948829771705
2018-08-21,1534824000,2018-09-07,1536292800,0.25,66.98420777476632,70.63162828069729,67.14,68.27,67.03,68.23,1963260.0,68.78,68.78,67.87,68.47,1410489.0,2.937539208552039,-5.954919082949601,-0.3909254661408852,-2.793437515213469,0,7.480820815281724,4.438682123245876,21.470524177662693,28.989911515951647,-0.2637081264107195,1.3434381599421634,-6.115016118101632,-0.7824734043509255,0,0.1420976963539478,42.0,64.0,-21.999999999999996,-1.508689937198767,-0.8765791135085408,-2.3539928637122927,0.08476166065035795,0.004527530305243221,0.004527530305243221,-0.008762961881115694,-0.006673436819962353
2018-09-05,1536120000,2018-09-17,1537156800,-0.25,67.3563302075631,70.64455457585896,68.69,69.27,68.51,69.14,1220528.0,69.9,70.68,69.75,70.23,1684667.0,-0.0681182043487496,-4.288994140802899,-1.1424367554226649,-3.3879158953913304,0,14.801082714304243,6.4252159418093795,26.084209616881004,27.69953246025233,-1.690416512953803,1.260437583166201,-3.076119084530891,0.9414437244916115,0,0.17687364301471067,50.0,96.0,-46.0,-2.1785561725758242,-2.2895600976234505,-3.998979873487059,0.0821974977495713,-0.004698846646732147,0.006407518154634806,-0.006834686031610526,0.0047210300429183505
2018-09-06,1536206400,2018-09-19,1537329600,0.75,67.3563302075631,72.24368345892957,69.22,69.79,68.9,68.93,1892298.0,71.11,72.07,70.81,71.04,2013989.0,-0.32080857137212604,-5.322490978177456,-1.7541760510510471,-3.9641985735735688,0,17.99036610787985,4.118422981093364,31.1749979444468,27.791075283635465,-2.2957253561453683,1.2879327698188014,0.4156255571126941,1.115744622056619,0,0.10952679168096119,50.0,96.0,-46.0,-2.8216497747747837,-2.805620858162058,-4.710408418758874,0.15750718383045237,0.0009853603603602323,0.014498873873873608,-0.0032376126126126836,0.0022573363431153126
2018-09-10,1536552000,2018-09-20,1537416000,0.25,68.91471385525217,72.24368345892957,68.8,69.36,68.53,69.17,1306761.0,71.31,71.58,70.02,70.11,1821847.0,1.1081959351653126,-3.838191656175141,-0.19065278372082162,-2.5626396614843117,0,11.028071468005997,3.468122786304596,30.024212626854705,20.210531372768102,-0.821317926959793,1.3707354479522587,1.0308644517271048,-1.0010223043312598,0,0.06365435078226554,46.0,92.0,-46.0,-1.3649978605049142,-1.3719358080246735,-3.31125130799019,0.09952898577130775,0.017115960633290683,0.020967051775780954,-0.0012836970474968679,-0.01309121621621634
2018-09-18,1537243200,2018-10-04,1538625600,-0.25,68.91471385525217,72.3819781021367,70.56,71.06,70.13,70.88,1427310.0,71.03,71.37,70.48,70.92,1280980.0,1.6628034934828833,-3.2180770411421946,0.5101992855799864,-2.057482609513059,0,10.303072324834503,2.8869867982010655,25.19394016194466,12.576689483136768,-0.00837154347267699,1.29383561815466,5.887575301824022,-0.7980497925306034,0,0.04050503721475434,22.0,64.0,-42.0,-0.7776367738296415,-0.8487405946930409,-2.922105841379249,-0.08363415659693474,0.0015510434292160813,0.006345177664974555,-0.006204173716863992,-0.0015486414191187015
2018-09-20,1537416000,2018-10-05,1538712000,0.25,68.91471385525217,72.3819781021367,71.31,71.58,70.02,70.11,1821847.0,70.97,71.47,70.25,70.37,1032728.0,2.259038628886529,-1.9933003881589713,1.4828762256643415,-1.1489270996163299,0,6.295771236732783,2.774937929020017,22.83113800697131,6.8604478110182185,0.8336792887678968,1.3346441122575265,4.9700117905686305,-0.6565500224150412,0,0.001841676137916279,18.0,64.0,-46.0,0.13286912036379306,-0.066763418215956,-2.0785237601975552,-0.137344836263394,0.008526360665056076,0.01563166121926951,-0.001705272133011304,-0.007755217146080073
2018-09-21,1537502400,2018-10-08,1538971200,-0.25,68.95401426462685,72.3819781021367,70.41,71.13,70.17,71.13,4637410.0,70.32,71.09,70.17,71.02,1482145.0,1.3036331717634795,-2.6103073480518475,0.6829062235990051,-1.9374823993241392,1,9.632858717303165,2.674569900245763,22.188451197975848,6.969274430406372,-0.08354151562063805,1.3204990348134409,3.995820971231513,0.9495064337245732,0,0.019009263473307926,14.0,48.0,-34.0,-0.653337088144184,-0.8879220427896115,-2.8580792301671494,-0.12983645152888734,-0.009856378484933814,0.0009856378484935924,-0.01196845958884818,0.009236890720477398
2018-10-05,1538712000,2018-10-09,1539057600,0.25,68.89834379729658,72.33262772200307,70.97,71.47,70.25,70.37,1032728.0,70.85,70.85,69.63,69.66,1165212.0,3.224874206592034,-0.6006996444329644,2.724662647143276,0.030146425495274798,1,1.0481411814482513,0.5194805194805187,17.519026276751365,-0.1754942905655028,1.7488965285139528,1.3926458501311034,2.2994158235075837,-0.7504915727143809,0,0.02775150515276821,10.0,48.0,-38.0,1.3120872810795277,0.947360481454524,-0.9238313149575248,-0.21232832591027717,0.017082974447315546,0.017082974447315546,-0.00043066322136087187,-0.01914953534215713
2018-10-08,1538971200,2018-10-10,1539144000,-0.75,66.89243378863151,72.33262772200307,70.32,71.09,70.17,71.02,1482145.0,69.47,69.47,66.67,66.74,1791324.0,8.641396713335098,2.5018457199882675,7.277245030466489,4.136699630406568,0,-11.483490924627496,-3.3454018826937033,6.138628453021541,0.06982955715673,5.83131243238897,1.669754943449767,2.6810883855057703,-1.1550667676132362,0,0.02357076179750173,6.000000000000007,-43.99999999999999,50.0,5.571621216661683,4.85313975457305,3.2771744079756076,-0.4459778750955248,0.04090500449505541,0.04090500449505541,-0.0010488462691038425,-0.04191788687912723
2018-10-09,1539057600,2018-10-11,1539230400,-0.75,64.70708878058537,70.64455457585896,70.85,70.85,69.63,69.66,1165212.0,66.37,66.71,64.23,64.45,2173394.0,14.070870777493894,3.839136980458008,10.900181018877689,7.376519265580555,0,-17.973759766213277,-6.850700968348019,-6.654211088945532,-17.700788410977054,8.54161696301739,1.883755717650322,4.2007165708071526,-1.3957229956266883,-1,-0.31348729568815226,2.0,-48.0,50.0,8.955003878975958,7.761699654352853,6.6743371147800445,-0.7209002289866495,0.029790535298681142,0.0350659425911557,-0.0034134988363071495,-0.03431225651783032
2018-10-10,1539144000,2018-10-12,1539316800,-0.75,62.34869698739966,68.89834379729658,69.47,69.47,66.67,66.74,1791324.0,65.33,65.85,63.29,64.45,2293400.0,14.970027261590602,2.0943637391851695,10.64442720455132,6.83216964054823,0,-17.973759766213277,-7.796852646638058,-15.35875015994303,-19.414411449920223,7.520836872948308,2.032921121615119,5.9446970550521065,1.4589697612326709,0,-0.2912784669933491,-2.0,-48.0,46.0,8.532195500387886,7.022490163462109,6.412598404396547,-0.8594941656142616,0.01365399534522882,0.02172226532195487,-0.01799844840961995,0.0
2018-10-11,1539230400,2018-10-16,1539662400,-0.25,62.34869698739966,67.05645258854352,66.37,66.71,64.23,64.45,2173394.0,65.74,66.62,65.17,66.12,2332655.0,12.387828995590127,-2.289522885487287,7.155424480742084,3.3547590239967775,0,-9.615973694095253,-6.715575620767482,-21.206880475130518,-12.521660077920572,3.1450927797966415,1.9896322165240652,8.02731099714267,1.4677132592578648,0,-0.23671112021673923,-10.0,-48.0,38.0,5.04915305505142,3.4133437131307858,3.3849364858693747,-0.7504102573175669,-0.005747126436781769,0.007562008469449433,-0.014367816091954033,0.014421601718318522
2018-10-12,1539316800,2018-10-17,1539748800,0.25,62.2176781502541,67.05645258854352,65.33,65.85,63.29,64.45,2293400.0,66.11,66.29,64.03,64.16,2898315.0,15.996858747959223,-0.5526567529467741,10.00181837073984,5.929187448046562,0,-15.044466000324704,-9.684684684684697,-24.784606722861444,-15.64068316398938,5.461666748216132,2.1555578331352714,8.941804461005184,-1.7857826998299478,0,-0.29934974097801315,-14.0,-64.0,50.0,7.722100997506232,5.94652909388131,6.286608240990205,-0.7679005095924012,0.030392768079800625,0.03319825436408985,-0.0020261845386533306,-0.029643073200242065
2018-10-15,1539576000,2018-10-18,1539835200,-0.75,58.95465399351793,67.05645258854352,64.95,65.69,64.72,65.18,1796213.0,57.38,60.11,56.76,56.94,13771047.0,33.355206840224014,7.094389225810389,22.997892518440466,18.094485423252536,0,-27.021491375339508,-18.784766795036372,-35.23126919997389,-26.323371159098116,11.86274533144325,3.1836866845570113,11.466893361120235,-7.319089529841916,-1,-0.5543764420257018,-18.0,-68.0,50.0,20.224798033017194,17.53479588088136,18.98871548735673,-1.1960683077732086,0.007727432384966759,0.055672637864418784,-0.0031612223393044925,-0.11253117206982544
2018-10-17,1539748800,2018-10-22,1540180800,-0.75,55.68427441940577,64.70708878058537,66.11,66.29,64.03,64.16,2898315.0,56.19,56.76,55.24,55.72,3545428.0,38.73888413717799,1.612874656791874,23.268126346015805,17.91816223977027,0,-28.367721043947384,-21.16581777023204,-47.396778105650064,-31.649376522850915,11.340324434167442,3.222670499853154,16.277539160054836,-1.7958330336840689,-1,-0.6003137991314821,-26.0,-76.0,50.0,20.175879396984925,16.536264541126272,19.966691817825264,-1.5429678762932793,0.00843503230437892,0.01866475233309406,-0.008614501076812608,-0.008717310087173136
2018-10-18,1539835200,2018-10-23,1540267200,-0.75,52.42965121519681,62.2176781502541,57.38,60.11,56.76,56.94,13771047.0,54.64,55.26,53.75,54.7,4517551.0,41.70525330459685,0.03697704275231217,24.016148689823268,18.581048141377195,0,-29.459456832215125,-23.614020388213934,-51.587702827965884,-36.02827809405723,11.538526177222195,3.3055283406550404,18.66304263160322,-2.2196715899925334,0,-0.5029350583952437,-30.0,-80.0,50.0,20.871115173674596,16.927494162444106,21.332996141653922,-1.5774443553920863,-0.001096892138939709,0.01023765996343684,-0.017367458866544894,-0.018305814788226793
2018-10-19,1539921600,2018-10-24,1540353600,-0.75,49.03464395414564,58.95465399351793,57.31,57.94,56.07,56.21,4013077.0,55.07,55.22,52.32,52.39,4175866.0,48.560667694822996,0.3188894725753215,27.965896799643673,21.928485079849835,0,-31.66531202376322,-26.0446075663467,-55.820235112069625,-36.680647427997826,14.634323856394076,3.600143433915686,21.034356856412906,-1.9924990690875417,-1,-0.5562235758545178,-34.0,-84.0,50.0,24.43977858369915,19.979953174477274,25.63647064754724,-1.6473510265790288,0.05115480053445309,0.05401794235541124,-0.0013361328497805136,-0.04223034734917741
2018-10-23,1540267200,2018-10-26,1540526400,-0.25,49.03464395414564,55.759586529030045,54.64,55.26,53.75,54.7,4517551.0,52.42,53.44,51.96,52.9,2180435.0,46.193415228509735,-6.4410522795494245,23.484247006931326,17.23471959672341,0,-29.077503323697854,-25.271931063709573,-59.06958920120696,-40.675449886998905,11.162198713192922,3.447141887946109,25.34545720059191,-1.0169688443787932,0,-0.5287423279893794,-42.0,-84.0,42.0,19.876181474480163,15.44443409670933,22.562758456557177,-1.379249531841677,-0.009073724007561346,0.010207939508506625,-0.01776937618147445,-0.004141566265060237
2018-10-24,1540353600,2018-10-29,1540785600,0.25,49.02945188847326,55.759586529030045,55.07,55.22,52.32,52.39,4175866.0,53.69,53.73,50.99,51.81,2373755.0,48.192925581649035,-7.11591342183435,24.46245898475199,17.666473653734798,0,-30.195408048765117,-27.11029825548677,-60.631684562772115,-40.809020019634616,12.401708265423437,3.6460135610066153,27.408289325931428,-1.100871975956849,0,-0.5130610013385518,-46.0,-96.0,50.0,20.53850607990735,16.170991728570996,24.15535126281243,-1.2501488318792244,0.0362864311908897,0.03705848291835534,-0.01582706041304771,-0.020604914933837315
2018-10-25,1540440000,2018-11-06,1541480400,-0.25,49.02945188847326,55.759586529030045,53.1,53.77,52.54,53.12,2767631.0,54.36,55.54,54.24,55.28,2675331.0,22.878581166050353,-15.103617345500453,7.689339122045325,0.9292088760250721,0,-15.274839341635328,-20.643123743898933,-48.24568770531535,-22.95848544239493,-0.18311752984207885,3.0961906897262335,28.51199588043483,1.2003852854256367,0,-0.37089529413953987,-46.0,-72.0,26.0,3.8874819102749427,3.880710183960261,12.374796862909037,0.21945375402055722,-0.01664254703328516,0.00470332850940669,-0.01881331403762665,0.01786043085987843
2018-10-29,1540785600,2018-11-09,1541739600,0.75,49.02945188847326,58.803896060780644,53.69,53.73,50.99,51.81,2373755.0,55.8,56.5,55.34,56.34,1969742.0,14.093781929365406,-14.924452855882961,2.756478523251687,-3.1576144834930915,0,-11.24901841313082,-12.583397982932503,-36.5246733715422,3.3584786400143827,-3.853712937783314,2.876834412900237,22.757144040808164,0.8584977452722002,0,0.012049182292345072,-46.0,-60.0,14.0,-0.4153354632587849,1.446608858372798,9.110023270411688,0.7165558739331881,-0.009584664536741339,0.0028399006034787178,-0.017749378771742985,0.0026695141484249785
2018-10-30,1540872000,2018-11-14,1542171600,0.25,52.42965121519681,58.803896060780644,51.85,53.06,51.74,52.94,2390124.0,55.75,56.33,55.1,55.48,2337181.0,3.8196253236551456,-6.970310255161934,1.6468397019947076,-4.328286469598652,0,-11.766713963677127,-13.528678304239403,-31.00491909906654,24.64920988481839,-1.710421933423774,2.8785267959462852,19.163074945914083,1.0081694743385266,0,0.027353609521048514,-34.0,-36.0,2.0,-1.5753424657534083,2.096736552169048,9.51554458685689,0.6727981185691192,0.004866618601297779,0.015320836337418875,-0.006849315068493067,0.0019866353621094124
2018-11-07,1541566800,2018-11-16,1542344400,-0.25,52.809770654830466,58.803896060780644,55.72,56.68,55.23,56.65,2546901.0,56.05,56.69,55.82,56.06,1769067.0,2.5582863598254164,-7.847262456864328,0.150136758235206,-5.310084433345224,0,-9.364895152483442,-0.26685643123999037,-25.855685387535406,37.94841738149171,-1.8614242653817001,2.7813141770486327,16.231136896391938,-0.759967618099779,0,0.06530429711791146,-42.0,-36.0,-6.0,-2.644488048519449,0.9224011992769192,7.768847893945434,0.7269154870409533,-0.0001783803068142742,0.011237959329289948,-0.004281127363539139,-0.008138711960367973
2018-11-12,1541998800,2018-11-30,1543554000,0.25,52.809770654830466,58.658690303836494,56.34,56.38,54.53,54.61,1811247.0,55.14,55.94,54.89,55.6,2199703.0,2.3660940644550976,-3.6664537766853016,1.557254196642674,-3.0074940047961576,1,-7.223094105234708,2.0558002936857647,-17.63117090962377,20.354402900261576,-0.6508705960118704,2.5188376821695657,11.57258081398578,0.9581601809383088,0,0.0014154949482578217,-14.0,28.0,-42.0,-0.650179856115102,0.09852649847496764,5.698382567359928,0.4410180330046414,-0.008273381294964022,0.006115107913668982,-0.012769784172661836,0.003066931264658068
2018-11-15,1542258000,2018-12-03,1543813200,-0.25,53.00787983093361,58.658690303836494,54.97,56.7,54.89,56.52,2012557.0,56.52,57.14,55.8,56.19,1628321.0,1.2751887433493607,-4.193857545627381,0.6572937058788852,-3.7901168653971666,1,-4.97911969292781,4.910380881254659,-15.422894164982775,28.2905218650306,-1.5360915236000494,2.5101262002290214,9.475233756821112,0.728367778337574,0,0.04528534395389816,-18.0,28.0,-46.0,-1.459334401139003,-0.8618010381537289,4.408597394175715,0.47443898019866637,0.005872931126535086,0.016906922940024938,-0.006940736785905011,0.010611510791366907
2018-11-19,1542603600,2018-12-04,1543899600,0.25,53.00787983093361,58.29548528859004,55.94,56.06,54.95,55.28,1460824.0,55.86,56.05,53.74,53.93,2557620.0,5.595601452009944,-0.3258072743722664,5.050373941529145,0.14957661165708203,1,-11.125802746774006,-0.6996869821395738,-16.20244367751741,18.256732720914528,2.430862651594069,2.75300241779197,8.823249918157615,-1.1287859790766133,0,-0.04929095267420455,-21.999999999999996,24.000000000000004,-46.0,2.634897088818832,2.979111011325685,8.439493203374738,0.33848819821163545,0.03578713146671619,0.03931021694789538,-0.0035230854811793,-0.04022067983626976
2018-12-03,1543813200,2018-12-10,1544418000,-0.75,50.18868356784874,58.29548528859004,56.52,57.14,55.8,56.19,1628321.0,50.64,51.21,49.35,50.71,2310837.0,14.071562065653438,1.4362273249992796,10.687569841582857,4.838624860316827,0,-17.894427993672466,-9.752625022245946,-24.816707396163977,-10.43265047601772,6.183950976636396,3.4014035434452596,11.259082338064573,-0.9903533975027603,0,0.020436492393804143,-34.0,-84.0,50.0,7.753894695326352,7.328017841438324,13.721301041983239,-0.19612484587762147,-0.0013803983435219935,0.009859988168014144,-0.026819167816998557,-0.00039424403705889954
2018-12-04,1543899600,2018-12-11,1544504400,-0.75,46.89428852191892,55.7566934471544,55.86,56.05,53.74,53.93,2557620.0,51.62,52.61,49.41,49.82,2169418.0,16.511257145450003,1.5377191692830081,12.323029573129915,5.9601231098621525,0,-19.55424318662064,-11.572594959176435,-27.88925969631381,-3.262236962085396,7.351205378452391,3.6736641307928815,11.017758453623664,-0.9244778043473807,0,-0.019931848396685235,-38.0,-88.0,50.0,9.02448815736652,8.364848607412796,15.135094818251389,-0.3106993588536069,0.03613006824568443,0.056001605780810815,-0.008229626655961497,-0.017550778939065315
2018-12-06,1544072400,2018-12-12,1544590800,-0.25,46.89428852191892,53.46247896764072,52.83,52.92,50.71,52.5,3199677.0,50.59,51.49,50.32,50.52,1761737.0,15.176136466780349,-0.9580050336845432,10.264251781472652,4.124109263657942,0,-16.699378434886924,-7.489470792895067,-29.145554311394932,3.6971481522448926,5.427837683308653,3.600109307416183,10.793671989499963,0.7450780543904607,0,-0.09370098747743336,-42.0,-88.0,46.0,7.109065716547903,6.209703271504736,13.008822275169194,-0.3091664409139374,0.0013855898653998278,0.019200316706254883,-0.003958828186856778,0.014050582095544106
2018-12-11,1544504400,2018-12-18,1545109200,0.25,46.89428852191892,53.46247896764072,51.62,52.61,49.41,49.82,2169418.0,48.95,49.39,48.12,48.49,2358608.0,19.710027430071577,-2.310563623101075,12.077747989276148,5.7444833986388915,0,-20.168481575964805,-13.503389225829467,-36.63378144975534,-7.109344813171575,6.641611331425807,3.4558439507974326,12.542532667139298,0.9521386942217399,0,-0.22725370349889262,-34.0,-80.0,46.0,8.699731903485258,7.349321591294881,15.218437891421416,-0.35525141250489933,0.009486492060218676,0.018560527943905836,-0.007630439265828071,0.002895553257497463
2018-12-12,1544590800,2018-12-21,1545368400,-0.75,43.83485310213082,53.46247896764072,50.59,51.49,50.32,50.52,1761737.0,45.21,46.0,44.75,45.09,5828110.0,29.443222994464634,-1.5390313776981799,17.996599393804956,10.622458786131432,0,-25.7603664229609,-16.96132596685082,-45.12571919977073,-28.726600978577295,9.432692226921418,3.8707392419861106,16.435910336156205,-2.2060087425035158,-1,-0.431677686941068,-46.0,-96.0,50.0,13.952095808383234,11.77273823317526,21.35688110371312,-0.5244080610112913,0.0026613439787090964,0.020181858505211814,-0.007540474606342995,-0.005075022065313295
2018-12-13,1544677200,2018-12-24,1545627600,-0.75,40.69782438880583,50.18868356784874,50.76,50.8,49.48,49.51,1525577.0,44.47,44.66,43.38,43.76,1187365.0,33.46380817511687,-1.1032048844404585,20.389625228519208,12.779936014625235,0,-27.619146248596408,-19.809419094740704,-48.18249799529743,-33.189284892279744,11.689906679861323,3.982618212122941,18.04028665937576,-0.45281173294266763,0,-0.4314742828417591,-6.0,-56.0,50.0,16.18030164533822,13.725105088081733,24.063119098538778,-0.5780809249544219,0.016224862888482683,0.020566727605118906,-0.008683729433272336,-0.029496562430694317
2018-12-19,1545195600,2019-01-07,1546837200,-0.25,40.69782438880583,47.01009405021832,48.3,49.37,46.7,46.77,3095119.0,46.33,46.68,45.76,46.01,2663868.0,12.10437033111917,-7.3945246453986755,6.133087010070298,-0.8414837354198283,0,-13.861895169725493,-12.361904761904766,-38.2339255864711,-4.453870642305681,-0.24202997325450326,3.4252120734688605,21.359867617014814,-1.149457109187871,0,-0.12985679788824972,-38.0,-56.0,18.0,2.3549228428602476,3.1046032937815227,12.763631323979311,0.27812318020503923,0.006955009780482468,0.014562051727885272,-0.005433601391001908,-0.009472551130247697
2018-12-24,1545627600,2019-01-08,1546923600,0.75,40.69782438880583,49.80616531843766,44.47,44.66,43.38,43.76,1187365.0,46.47,47.27,46.36,47.11,2344397.0,8.421434795201606,-9.259897966502805,2.9508950682799053,-3.39807542630723,0,-9.701635167668776,-7.135817070766801,-34.14848463094412,2.3020483715017406,-2.8401167805954515,3.297331621287458,20.181034036875737,1.0278513614896045,0,-0.054682812756887834,-42.0,-56.0,14.0,-0.41923158565060703,0.630755934328846,9.733364625801983,0.40934684535025934,-0.013585226066652578,0.0033963065166631168,-0.01592018679685847,0.02390784612040875
2018-12-26,1545800400,2019-01-09,1547010000,0.25,43.83485310213082,49.80616531843766,44.09,44.91,42.87,44.86,3121610.0,47.11,47.56,46.78,46.85,1970296.0,7.7968265325258415,-8.353923650989032,3.0483813589470117,-3.1053006047669953,0,-10.344382736619146,-7.611910865706959,-31.142606146142388,1.6974592142832563,-2.5407957156118925,3.1977203915613326,18.78454782292713,-0.8699166946337453,0,-0.07183231832097711,-46.0,-56.0,10.0,-0.27854855923160926,1.0759600846250947,9.936761700276236,0.4750904461882519,0.005549626467449276,0.015154749199573159,-0.0014941302027747794,-0.005518998089577565
2019-01-08,1546923600,2019-01-23,1548219600,-0.25,44.31345644401465,49.80616531843766,46.47,47.27,46.36,47.11,2344397.0,48.52,49.3,48.18,48.72,3011037.0,1.6239153636641532,-10.061928499953154,-2.1575670498084207,-6.718322386425825,0,-2.240419660046726,8.050565535595466,-7.89416732081856,26.260598327594025,-3.0787092148997317,2.6892747638859364,6.315028368028191,1.357859396997159,0,0.1306333619306969,42.0,68.0,-26.0,-4.219006568144508,-1.916322738681373,3.5534531714120305,0.555654203331142,-0.004105090311986803,0.011904761904761862,-0.011083743842364546,0.014788585711310143
2019-01-09,1547010000,2019-01-29,1548738000,0.75,44.31345644401465,52.42661633884932,47.11,47.56,46.78,46.85,1970296.0,52.32,53.09,52.16,52.27,1857755.0,0.5803810027875613,-16.51495150211801,-6.020980804795613,-10.124673171353876,0,8.97224294847576,15.56489055936327,13.514469409257865,29.427523276898725,-5.337843178569031,2.756896013354787,5.030687426945999,-0.8030045390263219,0,0.012069558325376206,46.0,88.0,-42.0,-7.967285249665224,-5.874108684494075,-3.0270212556973775,0.8262533784508839,0.0009565716472164087,0.015687775014348482,-0.0021044576238761215,-0.0009556574923547112
2019-01-10,1547096400,2019-02-07,1549515600,0.75,47.01009405021832,55.03448000889395,46.45,47.52,46.19,47.48,1717578.0,53.12,53.45,52.15,52.58,1832571.0,5.5263574310987025,-13.071051231022608,-1.955432990997835,-5.825725878027129,0,7.085760715596521,12.230522945570964,28.868491935611416,24.780977067746903,-1.6012172192472605,2.3549858687694796,5.880000355555065,-0.7788677518155713,0,-0.058824080572978506,42.0,88.0,-46.0,-3.77234689996196,-2.6382997085353566,-2.4556523461642996,0.3542982830822786,0.010270064663369993,0.01654621529098521,-0.008178014454165106,-0.019212833426599518
2019-01-24,1548306000,2019-02-11,1549861200,0.25,49.6851146845503,55.03448000889395,52.35,53.01,51.37,51.44,5659573.0,52.28,52.76,51.93,52.27,2004473.0,6.304123439416529,-10.924364495471636,-0.4658503921943833,-4.250047828582353,0,5.576403453352071,9.880176581879342,25.892974848235895,25.3005497204268,-0.18280838239806485,2.257553160942494,3.5494176849116954,0.8412575447485794,0,-0.0676681787894608,34.0,80.0,-46.0,-2.3101205280275536,-1.7150426996056467,-1.7450558858322722,0.09946345173411308,0.00019131432944319293,0.00937440214272045,-0.006504687201071446,0.0032629558541266146
2019-01-30,1548824400,2019-02-21,1550725200,-0.25,50.254110143613865,55.03448000889395,52.72,53.43,51.88,52.99,1933075.0,54.47,54.65,53.98,54.19,1173034.0,1.196298817442127,-5.132449398730188,-0.39213877099093963,-3.630743679645704,0,10.12068277498458,11.227422003284069,28.810105726581924,16.289878905411143,-1.4983624026777562,1.8800686715493669,4.711331500178556,-0.5100610739776444,0,0.07623705420053105,46.0,92.0,-46.0,-1.9680752906440233,-2.7085516221510773,-4.027516824778516,0.037695081842923805,0.005167004982469026,0.00848865104262786,-0.0038752537368518247,-0.005505597357313374
2019-02-08,1549602000,2019-02-22,1550811600,0.75,50.254110143613865,56.31780738584157,52.27,52.6,51.8,52.1,1846489.0,54.48,54.64,54.22,54.56,940774.0,0.6585605934712504,-5.352475549482989,-0.947275171065499,-3.940310361681327,0,11.373381395515004,6.065318818040445,29.15389913702185,15.326471238156628,-2.0281706402751922,1.792851876108063,5.181815063126347,0.41400199789648784,0,0.07791012203526505,50.0,88.0,-38.0,-2.3469574780058764,-3.0475420992904247,-4.494891646542257,0.02717304374212759,-0.0014662756598241566,0.0014662756598240456,-0.006231671554252305,0.0068278280125484425
2019-02-12,1549947600,2019-03-05,1551762000,0.25,52.42661633884932,56.31780738584157,52.77,53.5,52.74,53.3,1825132.0,53.64,53.89,53.15,53.15,1513495.0,3.683278876763893,-1.5779166942615177,2.554719347757924,-0.3465036061461291,0,3.024715653054919,-0.0376151965394078,20.33753269247188,-15.297225956504391,1.7197447114031092,1.7312659881599177,1.5992654683808425,-0.7006049951269023,0,-0.20489869742143188,22.0,36.0,-14.0,1.0526810912511877,0.3951617634419904,-1.1557553812376824,-0.251599389799683,0.009219190968955848,0.013922859830667988,0.0,-0.008765386049981339
2019-02-22,1550811600,2019-03-07,1551934800,-0.75,51.16170199837547,56.31780738584157,54.48,54.64,54.22,54.56,940774.0,52.26,52.41,51.18,51.43,1706454.0,7.556606280099331,0.5903896366807686,5.74437747099617,2.658629852874455,0,-5.224009277821068,-4.0664055213579555,10.322917401894133,-23.070115848042704,4.640537376994061,1.8386232375239815,0.13328376997038305,-0.8396660325184333,0,-0.30110594629728266,14.0,-36.0,50.0,4.07349795839005,3.229452975046371,2.0534917071173027,-0.42977652481832496,0.01613844059887226,0.0190550262492708,-0.0048609760839977145,-0.017949207561581026
2019-02-25,1551070800,2019-03-08,1552021200,-0.75,49.45262114217755,54.55708341535336,54.96,55.13,54.37,54.53,1825959.0,51.03,51.08,50.43,50.63,1774948.0,9.79297633715231,1.257784081571728,7.152215419053249,4.146092566989253,0,-8.461150216728434,-3.7086344617725286,3.88596918750169,-29.528224424766123,5.7502846051759064,1.875349327581274,0.6990310253270415,-0.8683475510697739,0,-0.37346684057118196,10.0,-40.0,50.0,5.525380209362012,4.397660490793214,3.522263730468694,-0.5278507706161027,0.007900454276120739,0.00888801106063597,-0.00395022713806048,-0.015555123468792509
2019-03-06,1551848400,2019-03-19,1552968000,-0.25,49.45262114217755,52.93127707913068,53.15,53.34,52.37,52.37,1476551.0,52.27,52.67,51.44,51.57,2285877.0,7.499135640201686,-2.703711944254465,4.226940727813329,0.8354340378773202,0,-2.9722765594426974,-4.676524953789281,-6.911738618411246,-7.823694038903312,1.0016606577418798,1.867004438436767,-5.547004239282732,-1.1078271267492505,0,-0.27282382466608596,-18.0,-40.0,22.0,2.3977118479736106,1.280527600301923,1.2537922959398742,-0.23201496503354285,0.013573783207291079,0.021330230754314616,-0.0025208454527826385,-0.00960245822930672
2019-03-08,1552021200,2019-03-20,1553054400,0.25,49.4161411397824,52.93127707913068,51.03,51.08,50.43,50.63,1774948.0,51.58,51.7,50.64,50.96,1580929.0,8.436012955934657,-1.8818528303459914,5.175300889586623,1.705913134484561,0,-5.662769123311172,-6.478252890438614,-8.685567947669162,-7.568257961269737,1.8966899670374744,1.9029749461375773,-6.463548784055156,-0.7743089161331613,0,-0.2437881701932382,-21.999999999999996,-40.0,18.0,3.27708006279434,2.255456528560046,2.3691189423382184,-0.2359908992710477,0.012166405023547933,0.014521193092621676,-0.006279434850863463,-0.011828582509210817
2019-03-11,1552276800,2019-03-21,1553140800,-0.25,49.4161411397824,52.93127707913068,50.22,51.64,50.22,51.6,1929409.0,50.87,51.52,50.84,51.41,1204486.0,7.11698752111613,-2.9115800128492424,3.9622641509434118,0.5212993581015439,0,-3.295083375449863,-5.130097804022885,-9.040957423525702,-3.1816158053459844,0.76544268287509,1.8460594691377754,-7.314625861343835,0.5965959744970359,0,-0.20584251272402806,-26.0,-40.0,14.0,2.1027037541334437,1.2308363475819846,1.4152982992460466,-0.19663081062129467,-0.010503793036374276,0.0021396615444466693,-0.011087337093950489,0.008830455259026593
2019-03-20,1553054400,2019-04-11,1554955200,0.25,49.329845951935525,52.87000850992619,51.58,51.7,50.64,50.96,1580929.0,50.12,50.58,50.11,50.32,1409269.0,3.4259760652658855,-2.7582495151863924,2.0806836248012672,-1.240063593004777,0,-4.002189908752662,-1.9676602376777677,-11.214371770981355,-1.0193350841925337,-0.15460751611888668,1.7637804079557808,-10.223174464124176,0.798533684702683,0,-0.014774163687637249,-21.999999999999996,-28.000000000000004,6.000000000000007,0.33386327503974655,0.7006335292194308,1.888570150169116,0.0642939449448825,-0.003974562798092274,0.0051669316375198004,-0.0041732909379967875,0.005997600959616101
2019-03-21,1553140800,2019-04-12,1555041600,-0.25,49.329845951935525,52.87000850992619,50.87,51.52,50.84,51.41,1204486.0,50.88,51.27,50.86,51.19,1595348.0,1.6271391944602982,-4.397211474202436,0.3067005274467647,-2.9185387771049136,0,0.5133779987163436,-0.27274498344048426,-8.819838967674382,6.185646844918935,-1.6289750966177223,1.7425202908887814,-11.195207372243589,0.91181895223455,0,0.04932622466742402,-26.0,-28.0,2.0,-1.385036139871076,-0.9145557590153288,0.15076843588055056,0.12260027707648369,-0.006055870287165366,0.0015628052353975352,-0.006446571596014805,0.017289348171701135
2019-03-22,1553227200,2019-04-15,1555300800,0.25,49.329845951935525,52.76729504480621,51.14,51.25,49.5,49.53,1783934.0,51.24,51.33,50.68,50.96,1709524.0,1.6603805507997578,-3.7581042556663107,0.6537807430664628,-2.5369570905285315,0,-0.6353108130572167,-2.131745726906087,-7.359983608208423,-0.967162825321104,-0.9923653524487435,1.7164652640414853,-12.044639512214362,-0.976235701460018,0,0.04585365988084572,-30.0,-28.0,-2.0,-1.0488618524332765,-0.42283964713304556,0.5791447253530464,0.14194894311773748,0.005494505494505475,0.007260596546310838,-0.005494505494505475,-0.0044930650517678306
2019-04-12,1555041600,2019-04-16,1555387200,-0.25,49.5872227409755,52.76729504480621,50.88,51.27,50.86,51.19,1595348.0,51.26,51.92,51.21,51.68,2571352.0,0.2913504913692577,-5.124941822638618,-0.8268833849329269,-3.872549019607831,0,2.8944790011045427,0.21330230754314414,-4.52598953550437,8.372618067985023,-1.9836386168626774,1.7043397668650528,-12.400034413061357,1.456801141957616,0,0.11789391332509351,-34.0,-28.0,-6.0,-2.4167956656346803,-1.6377434947111453,-0.7898729948265242,0.19616866001503408,-0.008126934984520107,0.004643962848297267,-0.009094427244581982,0.014128728414442682
2019-04-15,1555300800,2019-04-29,1556510400,0.75,49.5872227409755,54.96634597463767,51.24,51.33,50.68,50.96,1709524.0,53.18,53.53,52.87,53.02,1076162.0,3.416889741312417,-7.845407281863146,-0.2904564315352758,-3.885326291965299,0,5.08682868699136,5.5754679410593475,14.62060741198632,3.996674414143982,-0.03495845776888018,2.085020395821403,0.14146684233601192,-0.5729620836699423,0,-0.15178566515558944,26.0,64.0,-38.0,-2.2142587702753644,-1.3903523702598903,-2.1367331811139536,0.196603031659477,0.0030177291588078248,0.009619011693700497,-0.0028291210863825578,-0.0020703933747412417
2019-04-16,1555387200,2019-05-02,1556769600,0.25,50.7477055342162,54.96634597463767,51.26,51.92,51.21,51.68,2571352.0,52.35,52.62,51.86,52.03,1241118.0,5.468101981316281,-5.137523468919596,2.1045550643859343,-1.5068229867384275,0,0.27050886586006584,3.997601439136518,10.230926043510502,2.83851244764854,2.4329064968253107,2.0586174752990143,-1.561195272285378,-0.6577712368945049,0,-0.21156052777695114,14.0,60.0,-46.0,0.16528925619834922,0.4975982773686667,-0.18130381078120195,-0.038788148716347004,0.006150297905054725,0.01133961176244469,-0.0032673457620603363,-0.007061068702290063
2019-04-17,1555473600,2019-05-03,1556856000,-0.25,50.7477055342162,54.96634597463767,54.52,57.49,53.55,53.75,6170327.0,52.28,52.88,52.11,52.83,1201624.0,3.950670051920355,-6.24671396636289,0.7284371253706894,-2.786611142658856,0,3.89628676247208,4.242304656669295,10.122330089930127,2.310868515024474,1.0461938903251706,1.9975504639105222,-2.1665444314615208,0.6366471625664709,0,-0.21190286861975371,10.0,28.0,-18.0,-1.1480219572212746,-0.9266824143404051,-1.6264632121797717,-0.037039451246594246,-0.010410751466969459,0.0009464319515428699,-0.013628620102214661,0.015375744762636812
2019-04-30,1556596800,2019-05-08,1557288000,0.25,50.7477055342162,54.64669766125509,52.97,53.15,51.97,52.54,2063578.0,51.38,51.89,51.16,51.29,1729726.0,6.906108927978167,-2.630421659504762,4.2266198739195175,0.2843309287060549,0,-3.3391872797154605,2.5799999999999983,3.8458627574836988,-20.95219744734321,3.401995861678259,2.158506654021857,-6.128610569717743,-0.914847949975933,0,-0.08052673823799286,-2.0,28.0,-30.0,2.137843634236674,1.7375583426858583,1.279532110734678,-0.19922440884168624,0.0017547280171574808,0.011698186781049058,-0.0025346071358940403,-0.00038978756577667806
2019-05-03,1556856000,2019-05-09,1557374400,-0.75,48.77412895406097,54.64669766125509,52.28,52.88,52.11,52.83,1201624.0,50.65,50.77,49.95,50.39,1673501.0,8.718857425596639,-0.7212388504824929,6.161275385327784,2.106899517099947,0,-7.081049803711963,0.7397041183526538,-0.10790561832479349,-17.97933058425282,4.49222795137328,2.230073259578365,-6.262391004410354,-0.8810949237664071,0,-0.2424045653141171,-6.0,28.0,-34.0,3.9988092875570658,3.2161218500749413,2.967338250282907,-0.28552490814001846,0.005159753919428356,0.007541178805318571,-0.008731891248263457,-0.017547280171573365
2019-05-06,1557115200,2019-05-10,1557460800,-0.25,48.77412895406097,52.88209097501631,51.85,52.87,51.42,52.72,1538613.0,50.06,51.18,49.57,51.04,1397324.0,7.193285302252008,-1.7034733900263177,4.946447230929991,0.7203500522466157,0,-3.801052104474522,1.4308426073131935,-1.9441744424156748,-11.102939230616926,2.7204238624521224,2.269724152138378,-6.826234333982686,0.7377967384357957,0,-0.12524533769951188,-10.0,28.0,-38.0,2.7449059561128593,1.7205433837888648,1.591095237551471,-0.285580852524441,-0.019200626959247624,0.002742946708463867,-0.028800940438871492,0.012899384798571223
2019-05-09,1557374400,2019-05-17,1558065600,0.25,48.4966976698435,52.88209097501631,50.65,50.77,49.95,50.39,1673501.0,50.01,50.01,48.64,48.67,1659736.0,12.76460860895179,-0.3668276350459081,8.445996849530843,4.063420313677142,0,-9.773763806557966,-10.974940552405341,-13.938767738567314,-16.42683837130238,4.634629891307625,2.7323813757654256,-5.394374680851929,-0.8768056696552745,0,-0.030771962204403286,-30.0,-64.0,34.0,6.198890486952948,4.674522038311139,5.639719674421457,-0.35677118002679675,0.027532360797205557,0.027532360797205557,-0.0006163961372509519,-0.036809815950920255
2019-05-10,1557460800,2019-05-20,1558324800,-0.75,46.186519786651374,52.88209097501631,50.06,51.18,49.57,51.04,1397324.0,48.27,48.65,47.99,48.21,1660058.0,13.773837655270512,-0.4363558050319938,8.84878655880523,4.544700269653589,0,-11.09846448246168,-9.803554724041163,-16.468932901619645,-15.547961981014751,4.881451630878161,2.6621700006823454,-4.597706809191482,-0.8780416150103565,0,-0.05396659461673161,-34.0,-84.0,50.0,6.668740925119266,5.132970599349534,6.386996706057445,-0.39176546317962635,0.0012445550715620701,0.00912673719145407,-0.004563368595727035,-0.009451407437846782
2019-05-13,1557720000,2019-05-21,1558411200,-0.25,46.186519786651374,50.80514856137904,49.71,50.11,48.21,48.67,1676989.0,49.39,49.48,48.46,48.99,1508793.0,11.419527092731798,-2.4605558741157694,6.649996597945162,2.3654487310335526,0,-7.7065371587911216,-8.940520446096647,-16.903078901955805,-15.79508496542222,2.6841410534618575,2.6178255103485344,-4.753731410042882,0.8016008842982362,0,0.014890986188690397,-38.0,-84.0,46.0,4.479485609308014,3.129647196510632,4.509098875221611,-0.3398650365924615,0.00816493161869758,0.01000204123290449,-0.010818534394774426,0.016179215930304913
2019-05-20,1558324800,2019-05-28,1559016000,0.25,46.186519786651374,50.80514856137904,48.27,48.65,47.99,48.21,1660058.0,47.18,47.32,46.31,46.38,1869085.0,16.28288601597565,-0.7330800651347573,10.214172775621662,5.395285324133965,0,-14.752389025847762,-12.523576009053189,-24.815514663414014,-18.76777399716792,5.3450726898475125,2.7160996597809635,-0.9329809968051208,-1.0329129228131264,0,-0.10659357526658687,-46.0,-96.0,50.0,7.774902975420446,6.520632994588254,9.106460592676854,-0.4031192867375172,0.017248814144027458,0.0202673566192324,-0.001509271237602472,-0.01612218922358921
2019-05-21,1558411200,2019-06-03,1559534400,-0.75,44.0303066763012,50.80514856137904,49.39,49.48,48.46,48.99,1508793.0,44.81,46.28,44.81,45.9,1606535.0,15.300140599555448,-3.426502255328856,8.365286855482921,3.5025417574437085,0,-13.537163418319203,-13.1175468483816,-31.658739086228906,-16.166256380471594,3.7835400202628904,2.6191646432517053,4.317331310664255,0.9116073165637784,0,-0.0948931088930387,-46.0,-92.0,46.0,5.936819172113289,4.922508924757025,8.64801163534274,-0.3353792349635851,-0.02374727668845311,0.008278867102396559,-0.02374727668845311,0.022271714922049046
2019-05-22,1558497600,2019-06-06,1559793600,-0.25,44.0303066763012,48.518093253939725,48.84,48.88,48.08,48.27,1419433.0,48.08,48.23,47.4,47.96,987474.0,7.17727236346424,-6.785279035691076,2.456213511259378,-2.2748123436196863,0,-4.9220793598238615,-6.492493663482158,-21.829543019849414,-16.36692232295202,-1.5854380717528755,2.6130450872582527,0.682423130263011,-0.5645909963689697,0,-0.042298804228409634,-42.0,-76.0,34.0,0.1959966638865609,0.3113988018447884,3.532591072032915,0.13544941348977213,0.002502085070892335,0.005629691409507753,-0.011676396997498006,-0.00020846362309767663
2019-05-29,1559102400,2019-06-10,1560139200,0.75,44.0303066763012,50.737469276658864,46.21,46.26,45.6,46.04,992480.0,49.19,49.8,49.08,49.14,1083533.0,3.362607310564087,-8.51726746522425,-0.3991995658662404,-4.8538190204856875,0,-0.2818410798253268,-3.7225705329153578,-14.97979941964218,-2.912676412908084,-4.0759792529593994,2.4927069641766,-2.1750947019745546,0.626273337912802,0,0.03619025481955169,-46.0,-72.0,26.0,-2.577330077330103,-1.7975656650549041,0.9307242261874933,0.3502765384911075,0.0010175010175008659,0.013431013431013383,-0.0012210012210012167,0.009449465899753484
2019-06-04,1559620800,2019-06-12,1560312000,0.25,46.23613612770335,50.737469276658864,46.5,48.02,46.5,47.97,1578575.0,48.0,48.48,47.83,48.32,975478.0,4.67113494483759,-6.885538918347507,1.0258002207505683,-3.2953918322295834,0,-3.200757673554712,-2.6787512588116784,-11.908725926562438,-10.51940021193667,-2.532536003258741,2.5069988149917677,-4.798458915165064,0.5671692168654335,0,0.020189473299998886,-46.0,-64.0,18.0,-1.1072019867549585,-0.12332691438538745,2.433249916360225,0.33972312040294295,-0.0066225165562914245,0.0033112582781456013,-0.010140728476821237,0.0018660584698322324
2019-06-07,1559880000,2019-06-19,1560916800,-0.25,46.259876173125775,50.737469276658864,48.18,48.93,48.02,48.68,998605.0,50.75,51.02,50.08,50.58,1326206.0,0.6797875138521619,-11.280815588189867,-3.416370106761562,-7.3942269671807,0,5.355925936522915,3.2455603184323256,1.360388563079251,18.209256369374486,-4.833925106597476,2.282569109006385,-7.512996012734835,0.7917292404750454,0,0.21400111607521194,50.0,52.0,-2.0,-5.300514037168853,-3.4273083009834835,-2.0708996649664897,0.4764304697858028,0.0033610122578093815,0.008699090549624477,-0.009885330170027684,0.000791452314998109
2019-06-11,1560225600,2019-07-08,1562558400,0.75,46.259876173125775,52.79396351223281,49.65,49.78,48.14,48.23,1706899.0,52.33,52.71,51.85,52.24,1531802.0,3.1647066812764706,-8.369530571016142,-1.0040199081163905,-4.342457886676868,0,8.29562020148083,7.313064913722273,23.242334027063563,-3.02775425229013,-1.0282907901821545,1.8721502562614634,1.9878206138637253,-1.020252185923088,0,0.11429658274606765,46.0,92.0,-46.0,-2.602411944869843,-2.13527492871674,-3.3658429866399047,0.1759362210459985,0.0017228177641652742,0.008996937212863765,-0.007465543644716743,-0.008916714095996925
2019-06-13,1560398400,2019-07-09,1562644800,0.75,48.518093253939725,54.58678238913146,48.51,49.31,48.3,49.31,1396495.0,51.81,53.03,51.8,52.89,1431027.0,2.2705051225188697,-9.16027634581252,-1.8667675048843648,-5.260603768828389,0,10.774607881033766,7.631257631257631,24.213193499062974,-2.704898133968392,-1.9492443901492464,1.8831735435165782,2.4675055865439575,0.9529514567296282,0,0.10741740231757943,50.0,88.0,-38.0,-3.444885611646825,-3.020094250643382,-4.374877286369937,0.1572519065309428,-0.02041973908111172,0.002647003214218291,-0.020608810739270234,0.012442572741194535
2019-06-20,1561003200,2019-07-11,1562817600,0.25,50.6726885940293,54.58678238913146,51.21,52.07,51.06,52.03,1603426.0,51.89,52.18,51.55,52.08,1467205.0,3.4115765259126363,-5.8558929621645746,0.3337813620071728,-3.037954429083456,0,6.28689402444995,7.78145695364238,21.790633611471343,-17.06695945616096,-0.14904869777974739,1.8971575552039273,2.981745484932386,0.9706041443782505,0,-0.016688496453320822,42.0,88.0,-46.0,-1.2221582181259691,-1.2540681941817553,-2.6728155666402245,0.013608379331264686,-0.0036482334869430977,0.0019201228878649168,-0.01017665130568357,0.0019238168526356514
2019-07-09,1562644800,2019-07-16,1563249600,-0.25,50.965917412255486,54.58940122088672,51.81,53.03,51.8,52.89,1431027.0,53.11,53.79,53.03,53.58,2120249.0,0.3210302750422471,-5.961194515430421,-1.3157894736842053,-4.615528182157519,0,11.653047254843614,9.660253786328282,24.066414344488916,6.2181935309574285,-2.2500991789555513,1.8022987896672602,5.338533702985952,1.3961457627303466,0,0.2591877741091391,50.0,96.0,-46.0,-2.820082120194087,-3.133846031310597,-4.857681471249094,0.05716093106236153,-0.00877192982456143,0.003919372900335949,-0.010265024262784528,0.011325028312570762
2019-07-10,1562731200,2019-07-17,1563336000,0.25,50.52162654214802,54.58940122088672,52.91,53.25,51.98,51.98,2170644.0,52.06,52.56,48.46,48.47,6860337.0,11.784509788228846,2.638844864133432,9.336015404717713,5.1354789904408165,0,-8.552288967937443,-4.095765730114762,13.1283033928306,-5.065077420965608,6.827174694375813,2.604517078244029,4.486523095531197,-4.22154082215281,-1,-0.01620479924401736,46.0,92.0,-46.0,7.211677326181132,6.404238324349066,4.96994134708477,-0.2638756165136056,0.07406643284505887,0.08438209201567992,-0.00020631318341235438,-0.09537140724150805
2019-07-12,1562904000,2019-07-22,1563768000,-0.75,48.218742212783575,54.58940122088672,52.21,53.2,52.17,53.16,1016878.0,48.68,49.38,48.67,49.36,1886767.0,10.86995408396622,-1.844427341664769,6.590018908698013,2.3902620205294483,0,-4.923388339518937,-4.118104118104114,-2.2880397317695893,-13.837399475730493,2.843997697109131,2.457220286231742,3.034477149768911,1.1152556219696337,0,0.005779828967886277,34.0,-8.0,42.0,4.512763371150726,3.066957580112458,2.6136704759761216,-0.5372857143149048,-0.013776337115072979,0.0004051863857374993,-0.013978930307941617,0.012928380874204892
2019-07-17,1563336000,2019-07-24,1563940800,-0.25,48.218742212783575,52.79396351223281,52.06,52.56,48.46,48.47,6860337.0,50.56,51.69,50.12,51.67,1641854.0,5.932051385562048,-6.303640315308527,1.8585897684020267,-2.4553254628733754,0,3.220712086592279,0.9574052364204807,-0.5490609511380546,-3.8331938765720324,-1.979084160669288,2.4130508834024598,-0.1993032485337416,0.9645315725365806,0,0.10601131206489393,26.0,-8.0,34.0,-0.18579446487323992,-1.4364228227662892,-1.8986469374582242,-0.27003947913490955,-0.02148248500096772,0.0003870718018190722,-0.029998064640990973,0.020742789411299922
2019-07-18,1563422400,2019-07-31,1564545600,0.25,48.218742212783575,52.721161116351254,48.35,48.49,46.99,48.44,3665074.0,49.7,49.86,48.56,48.89,1818500.0,11.315165519780976,-2.767405241605516,6.6076907343014994,1.8500715892820523,0,-5.580620177497821,-6.751859622353614,-6.546840670548618,-4.512782207680978,2.347950723746848,2.4205371362834573,-6.068282975732227,-1.059230874085239,0,-0.00033469938520511096,6.000000000000007,-7.999999999999993,14.0,4.273880139087737,3.0934943401279753,3.2850536996058537,-0.26519698589705964,0.016567805277152736,0.019840458171405118,-0.006749846594395592,-0.020633012820512886
2019-07-23,1563854400,2019-08-09,1565323200,-0.75,46.05210928937924,52.721161116351254,49.91,50.7,49.53,50.62,1954936.0,47.65,47.75,46.32,46.38,1590643.0,14.486732978031668,-3.0572375058453645,8.470964496190874,3.020339226678175,0,-9.90741987227144,-12.753950338600442,-19.34652467921357,-16.927461983567653,4.445454057972697,2.7017165799868375,-1.93671901332797,-0.9117956117895459,0,0.07036446162175064,-21.999999999999996,-56.0,34.0,5.714747736093145,4.893669114404744,6.995894120117541,-0.2961075170556784,0.02738249245364366,0.029538594221647285,-0.001293661060802087,-0.0307210031347962
2019-07-25,1564027200,2019-08-13,1565668800,-0.75,43.777715439002755,50.52162654214802,51.68,51.68,50.09,50.36,2341558.0,45.23,46.17,44.83,45.01,2078223.0,15.063545546323681,-0.8333744732288011,10.124046508183355,4.320891653706568,0,-13.220723359630789,-15.994774169466218,-23.280988639841723,-31.381986734274278,6.028335915403744,2.8194016898268006,-0.32954353517434853,-1.1964532915837818,-1,-0.1484735905100434,-30.0,-80.0,50.0,7.115085536547426,6.6539299073836276,9.479310342225759,-0.36288388412021555,0.004887802710508815,0.025772050655409995,-0.003999111308598091,-0.003983182119937978
2019-08-01,1564632000,2019-08-15,1565841600,-0.75,41.35193706801487,48.23322173071768,48.73,49.01,47.43,47.61,2045121.0,42.91,43.16,42.17,43.0,2040931.0,21.93598166841045,-0.2708653893406847,13.558139534883722,8.172093023255812,0,-17.15140841448546,-11.230388109000822,-29.428288091108897,-31.217988092204777,8.192573212610526,3.074669511151947,2.7135843029764537,1.1613915892330113,0,-0.04209502403349278,-38.0,-84.0,46.0,10.832558139534882,9.491858462923204,13.45865797740673,-0.5152029139057617,-0.002093023255814064,0.0037209302325580396,-0.01930232558139533,0.00420364315740307
2019-08-12,1565582400,2019-08-22,1566446400,-0.25,41.35193706801487,46.12766719766068,45.93,45.96,44.98,45.19,956233.0,44.82,44.98,44.44,44.48,814681.0,13.419855965789623,-5.506186901041431,6.395383693045574,1.6988908872901902,0,-10.477417033385528,-11.67593328038126,-26.481986784321826,-14.465529967812216,1.2544241824310234,2.6740105787034802,2.226183577308319,-0.4514241642468245,0,0.13206570784307478,-34.0,-60.0,26.0,3.9568345323741028,3.5563900923492326,7.929056088449784,-0.03921873507472173,0.007643884892086339,0.01124100719424459,-0.0008992805755395628,-0.004921700223713743
2019-08-14,1565755200,2019-08-28,1566964800,0.25,41.35193706801487,46.12766719766068,44.25,44.29,42.64,42.82,2132659.0,42.33,43.13,41.95,43.04,951890.0,12.290119489869483,-3.637703132992158,7.005885997521702,1.8688042131350642,0,-12.377115095255846,-11.965637144610353,-29.101157404962212,-18.979997084670913,2.3406634107960826,2.771703021090705,4.773897069158206,0.5277013581852923,0,-0.15194973412660104,-46.0,-92.0,46.0,4.3262081784386766,4.508301382917395,9.744197074678198,-0.06092779380668323,-0.016496282527881045,0.0020910780669145534,-0.025325278810408802,0.014854987031360567
2019-08-16,1565928000,2019-08-30,1567137600,-0.25,41.53643273996482,46.12766719766068,44.04,44.09,43.18,43.99,3406580.0,44.48,45.1,44.47,44.62,1695484.0,6.931406817116255,-6.8798604253636455,2.388689675780654,-2.2841027939638394,0,-6.18546586063853,-4.331046312178395,-24.238920228660334,-6.95728392489476,-1.742234379959342,2.6423474609501474,3.2373686768026815,0.9433642072747014,0,-0.07421932610934465,-42.0,-80.0,38.0,0.02577319587631166,0.5838906848050271,5.3739112104768765,0.17781562568290554,-0.003137606454504671,0.0107575078440163,-0.003361721201254997,0.009045680687471691
2019-08-23,1566532800,2019-09-03,1567483200,0.25,41.53643273996482,45.94134536318076,44.04,44.33,42.51,42.71,1693813.0,44.18,44.21,42.9,43.27,1579928.0,9.828077535230179,-4.226043793607829,5.282335721439011,0.46606578846007096,0,-9.90393171675774,-6.463467358408982,-23.615349817449996,-5.790219331139845,0.9261452821329215,2.8140910366779055,3.0984120333362632,-0.8986644066615818,0,-0.03736303217175228,-46.0,-80.0,34.0,2.801016870811182,3.3675711146664753,8.321851390204898,0.16783783429903165,0.02103073723133808,0.021724058238964616,-0.008550959094060673,-0.030255490811295305
2019-08-29,1567051200,2019-09-05,1567656000,-0.25,41.5859324941758,45.94134536318076,43.63,44.36,43.55,44.22,905738.0,44.62,46.07,44.62,45.9,2026483.0,2.3382791380706323,-9.346993735020533,-1.1753812636165435,-5.656862745098039,0,-0.74984082304195,-1.7341040462427793,-17.300883064699466,11.85866895838683,-4.135787340008491,2.7372511824220753,1.3859220795498324,1.142940038228718,0,0.08149983579062191,-26.0,-52.0,26.0,-3.504357298474943,-2.433366256650089,1.8031334494245357,0.36694650302837184,-0.02788671023965139,0.0037037037037037646,-0.02788671023965139,0.0412885662431941
2019-09-03,1567483200,2019-09-09,1568001600,0.75,41.5859324941758,48.109636748479396,44.18,44.21,42.9,43.27,1579928.0,46.27,47.65,46.14,47.55,2182710.0,-1.5308786821958762,-12.298774314649535,-4.7584998247458685,-9.027690150718541,0,4.166643558692286,2.5226390685640245,-8.405520198900199,10.387437010501735,-6.4219555883920805,2.5907349028054543,-1.46436760005124,1.2169896485265024,1,0.04631459727425043,-34.0,-52.0,18.0,-6.914826498422713,-5.0279398239860456,-1.7121705223467245,0.6068373780494225,-0.026919032597265913,0.002103049421661396,-0.029652996845425772,0.031677153395530455
2019-09-04,1567569600,2019-09-10,1568088000,0.75,43.777715439002755,50.47594603726836,43.91,44.24,43.54,44.08,1198595.0,47.53,49.83,47.44,49.81,2347019.0,-3.6265776795140283,-17.722549001875237,-8.571906578330996,-12.930469115974034,0,9.81238302569919,10.223500774507645,-1.3183647292631997,19.396199695612424,-9.601916521498325,2.639261737702113,-1.4602216897226619,1.3248992596419003,1,0.1323539762679472,50.0,36.0,14.0,-10.674563340694647,-8.44780856204072,-5.929698229169588,0.8175894974655329,-0.04577394097570775,0.0004015257980325426,-0.04758080706685408,0.04752891692954786
2019-09-06,1567742400,2019-09-20,1568952000,0.75,45.9376567449135,52.961233234000964,46.16,46.39,45.83,46.09,1490433.0,51.42,51.42,50.31,50.52,3010659.0,8.146224916664437,-20.71946323812128,-4.070994985484305,-8.938374241224608,0,7.964631770148991,13.579136690647498,24.731985849281045,21.49787861024268,-2.9122423338367724,2.5975940221289195,2.4021563064654856,-1.617248688770924,0,0.35846941535278964,38.0,56.0,-18.0,-6.286619160728421,-3.5313725257290542,-4.850072605944661,0.5485525969707313,0.017814726840855055,0.017814726840855055,-0.004156769596199594,-0.009800078400627243
2019-09-10,1568088000,2019-09-24,1569297600,0.25,48.109636748479396,52.961233234000964,47.53,49.83,47.44,49.81,2347019.0,50.42,50.82,49.67,50.19,1796878.0,9.355524177084874,-17.73368715775831,-2.066480706648065,-6.868234043966254,0,6.734221171989333,16.856810244470303,23.3070238849688,22.04393106032191,-0.8584189511070974,2.563518430947508,0.5902456767628941,-0.9538371359391208,0,0.37308159245290884,30.0,56.0,-26.0,-4.189081490336719,-2.3457881971383614,-3.8883662995161217,0.2382311920089739,0.004582586172544367,0.012552301255230214,-0.0103606296074914,-0.0029797377830752536
2019-09-11,1568174400,2019-09-25,1569384000,-0.25,48.141094230159716,52.961233234000964,49.83,50.89,48.65,50.75,2381881.0,50.29,50.81,49.94,50.62,1311541.0,8.360622268507129,-16.744660198179176,-2.1236665349664037,-6.892532595811943,0,7.991590996552048,19.358641829757136,23.109360163551337,21.475585294045658,-0.9686425593728956,2.48295263114568,-0.16082754925485432,0.7022347919599559,0,0.3517576442755001,26.0,56.0,-30.0,-4.1920189648360235,-2.8729159213120283,-4.520300479568249,0.15296948838302948,-0.0065191623864084836,0.003753457131568716,-0.013433425523508458,0.00856744371388718
2019-09-23,1569211200,2019-09-30,1569816000,0.25,48.141094230159716,52.738313156663054,49.87,50.63,49.53,50.34,1467905.0,48.96,49.22,48.27,48.57,1786130.0,11.905737076432871,-9.015063821337108,3.7705030540114137,-1.3272939400178387,0,0.3370104672694083,8.852532496638284,15.972862142259403,1.9990868196024536,4.162375209591687,2.520035670529488,-3.8436293881830146,-1.056028036225014,0,0.10556285061134348,14.0,56.0,-42.0,1.4453366275478885,1.1773170510470266,-0.31121028871598355,-0.23649393881473846,0.008029647930821504,0.013382746551369173,-0.0061766522544780544,-0.0049170251997542325
2019-09-25,1569384000,2019-10-10,1570680000,-0.75,45.95009349717882,52.738313156663054,50.29,50.81,49.94,50.62,1311541.0,46.55,47.38,46.41,47.08,1197704.0,13.16965232743577,-4.575769574674538,6.699943358821869,1.9760691022373322,0,-3.0851468754423976,-6.735340729001582,-6.640441831901627,-7.0901607321405535,2.4904458954121225,2.582783826523012,-2.6734720428333496,0.7516102145501437,0,-0.10823537089116957,-18.0,-60.0,42.0,4.296941376380616,1.6244832848740316,1.9052517267558216,-0.4264115378387378,-0.01125743415463043,0.006372132540356956,-0.01423109600679695,0.0148738952360421
2019-09-26,1569470400,2019-10-16,1571198400,-0.25,45.95009349717882,50.59401987192561,50.55,50.59,49.76,49.98,1008644.0,49.82,50.78,49.82,50.07,2321901.0,3.656267761287893,-9.424192666420709,-0.5305905066240655,-5.08221822781438,0,6.719952409800591,-3.4702139965297807,4.082102683861798,9.44505153365023,-3.942355086335354,2.5465951832198366,-4.961641518553506,-1.4862160259861552,-1,-0.12571844100451957,-34.0,-60.0,26.0,-2.883962452566408,-3.3191326279609967,-3.7276414532942397,0.17265060636115565,-0.00499300978629913,0.014180147793089626,-0.00499300978629913,-0.0031853474019509775
2019-10-01,1569902400,2019-10-17,1571284800,0.25,45.71554250691805,50.59401987192561,48.98,49.4,47.31,47.52,1089744.0,46.82,49.03,46.82,47.37,3275404.0,8.861186433971909,-4.328781958565514,4.869115473928659,-0.1678277390753493,0,-2.541391175379772,-7.154057232457871,1.9763041364950544,4.558699913055328,1.2352098906682158,2.9895417092035705,-5.701425957032736,-2.060945832666152,-1,-0.13474736554112093,-38.0,-60.0,22.0,2.2662022377031974,1.9827794937943963,1.6906922265040407,0.050921617738779686,-0.011610724086974833,0.0350432763352333,-0.011610724086974833,-0.05392450569203122
2019-10-11,1570766400,2019-10-18,1571371200,-0.75,43.07984148984635,50.59401987192561,47.97,49.39,47.97,48.47,1352402.0,47.37,47.72,45.63,45.64,2655901.0,12.61635114737581,-1.4003125847114717,8.467353198948288,3.024758983347951,0,-7.249417756995854,-9.65954077593033,-2.1049397227518525,2.5543208309661196,4.5007421727865164,3.2083223988115845,-5.766817977530206,-1.6400464120794909,-1,-0.22085766287053762,-42.0,-92.0,50.0,5.608019281332162,5.2914747170399465,5.327849859817377,-0.1389389296219578,0.0379053461875547,0.045574057843996485,-0.0002191060473268891,-0.03652100485539367
2019-10-17,1571284800,2019-11-19,1574139600,-0.25,43.07984148984635,48.3185505941989,46.82,49.03,46.82,47.37,3275404.0,46.53,46.68,46.12,46.25,1291798.0,2.476473786900101,-1.6245818950082196,2.2176576576576394,-1.3607207207207068,1,-3.1329575296176415,-0.04322455154528447,-8.226285525318248,2.520887106050175,0.45330100352379077,2.135878580656594,-10.128192664912158,0.7845790988387531,0,0.051767412859500636,-46.0,-8.0,-38.0,0.4259459459459407,0.6384967539190995,1.8448926909232881,0.028603080963778116,0.0060540540540541254,0.009297297297297336,-0.0028108108108109153,0.0019497400346621951
2019-10-18,1571371200,2019-11-20,1574226000,0.25,43.07984148984635,48.3185505941989,47.37,47.72,45.63,45.64,2655901.0,45.93,46.21,45.5,45.62,1989365.0,3.9493944601792066,-0.4991533378644277,3.5846850796434495,-0.0759900628379171,1,-5.686494886319409,-1.7233950883240072,-9.14137587812123,1.0366513581215457,1.8137160523069156,2.1281345847995508,-9.937908561708037,-1.2140378738636028,0,-0.014257869368534284,2.0,-48.0,50.0,1.7251205611573823,1.8351172444274653,3.123839759309604,-0.00299199041428877,0.0067952652345462106,0.012932924156072056,-0.002630425252082347,-0.013621621621621727
2019-10-21,1571630400,2019-11-29,1575003600,-0.25,43.96800351126405,48.3185505941989,45.98,46.85,45.72,46.83,2513472.0,46.3,46.36,45.81,45.87,804076.0,3.164205871357794,-1.208679383457195,2.697115035244522,-0.6536588910689716,1,-4.229159255947366,0.32808398950130924,-7.246650534229763,9.827460478526888,0.5529775181572347,1.9192370650574948,-12.178825843030562,-0.4896275270734777,0,0.029388169183141893,-21.999999999999996,-48.0,26.0,0.9777632439502923,0.9893320900150542,2.147914019913344,0.058223835440538885,0.009374318726836695,0.010682363200348766,-0.00130804447351196,-0.010569456427955148
2019-11-20,1574226000,2019-12-06,1575608400,0.25,43.96800351126405,47.42182871716819,45.93,46.21,45.5,45.62,1989365.0,45.14,45.52,44.73,44.81,2138823.0,4.892965371056633,-0.42298099256969124,4.029978427434358,0.6579632522502266,1,-8.519605573231892,-4.149732620320851,-15.754332437312579,-0.06050149139482386,2.0211084061515976,2.0577301076251797,-9.85683785413222,1.2699754606660565,0,-0.24277314154595278,-42.0,-88.0,46.0,2.234992189243485,2.128469060848559,3.7829353653254145,-0.11342937119140345,0.00736442758312883,0.015844677527337758,-0.0017853157777283357,0.00448329970858552
2019-11-21,1574312400,2019-12-18,1576645200,-0.75,42.43034994052748,47.42182871716819,45.62,46.05,45.4,45.85,1536662.0,44.1,44.16,42.61,43.49,2918279.0,8.031380336532749,-1.7264826589057094,5.280907488311499,1.3489691116731706,0,-10.566833037241317,-5.9675675675675635,-24.687784722857693,-9.590240055906854,1.868436708646442,2.211719800801079,-0.7366895718742441,-1.5599654988720357,0,-0.2587196654493251,-38.0,-76.0,38.0,3.1524488388135126,2.6562467005902306,5.193472638444987,-0.07404869445315332,0.014026212922510828,0.015405840423085682,-0.02023453667509778,-0.014055769666742157
2019-12-02,1575262800,2019-12-26,1577336400,-0.25,42.43034994052748,45.87623078200808,46.25,46.42,45.57,45.67,2026826.0,44.78,44.93,44.52,44.71,626917.0,3.235709878678179,-4.005112696839689,1.619324535897988,-2.1404607470364567,0,-3.1669680146931256,-4.096954096954089,-11.67260463168492,11.804945046642068,-1.1876404781494472,1.9561427392938349,-0.7491150822940611,0.3235630605239957,0,-0.006667564787448936,-30.0,-48.0,18.0,-0.3847014090807619,-0.029698457905013242,1.9264391838045043,0.17472723846663651,0.0015656452695147483,0.004920599418474669,-0.0042496085886826185,0.00022371364653239745
2019-12-09,1575867600,2019-12-27,1577422800,0.25,42.43034994052748,45.87623078200808,44.75,44.96,43.69,44.06,3031706.0,44.72,44.81,43.86,44.03,1147459.0,4.063565145038538,-2.285232190234993,2.9566961919903036,-0.8974941327882533,0,-6.464199079011273,-5.025884383088866,-11.945088873917637,6.739738390131137,0.2090879973619053,1.9985867498779337,-0.22150012938744368,-0.599491727789579,0,0.024888842022255917,-34.0,-48.0,14.0,0.8891664774017869,1.3700306684774262,3.363314540214162,0.13016993588438408,0.015671133318192032,0.01771519418578249,-0.0038610038610038533,-0.01520912547528519
2019-12-19,1576731600,2020-01-07,1578373200,-0.25,42.550847951544085,45.87623078200808,43.38,44.4,43.36,44.33,1724387.0,43.98,44.62,43.81,44.42,1176374.0,1.9431625387944536,-2.7828743803073053,1.3653759567762194,-2.254615038271041,1,-3.599437573001836,-0.8703414416424917,-7.421537536993428,4.7011864124852565,-0.08890931703781746,1.8642649768541093,-1.433506588508731,-0.6449009078863903,0,0.33650884108148044,-46.0,-36.0,-10.0,-0.41985592075641875,0.31992546997734905,1.956630964655119,0.1035960224448636,-0.009905447996398142,0.004502476361998964,-0.01373255290409725,-0.0004500450045004101
2019-12-27,1577422800,2020-01-08,1578459600,0.25,42.550847951544085,45.69305641255858,44.72,44.81,43.86,44.03,1147459.0,44.32,44.52,43.78,43.84,2714249.0,3.293207565389693,-1.5482258135648692,2.6243156934306455,-0.9226733576642232,1,-6.621741311571242,-0.4993191103041281,-8.474667911443271,-4.137866121354492,1.221132579992073,1.8745738619886831,-1.5449850851438818,-1.4626417739180317,-1,0.18286260095125262,10.0,24.0,-14.0,0.872490875912419,1.4902792602444777,3.1758819168853876,0.05638545983224669,0.010948905109488871,0.015510948905109512,-0.0013686131386861922,-0.013057181449797395
2019-12-30,1577682000,2020-01-09,1578546000,-0.25,42.655544168319835,45.69305641255858,44.07,44.51,43.83,44.15,1665428.0,44.06,44.95,43.65,44.81,1641834.0,1.1932412247031436,-3.587796011581105,0.5567953581789595,-3.096407051997332,1,-0.7970430629138079,2.3292989266956,-6.708339812291918,4.790409752258178,-0.70274399066858,1.9102195546666727,-2.511784545314576,0.8816479431962846,0,0.22868564120825355,6.000000000000007,24.000000000000007,-18.0,-1.1972773934389807,-0.6393736383107012,0.9054799999022265,0.08862442146575877,-0.016737335416201704,0.0031243026110243655,-0.02588707877705876,0.022125912408759163
2020-01-08,1578459600,2020-01-10,1578632400,0.25,42.563973355060945,45.67555278269539,44.32,44.52,43.78,43.84,2714249.0,44.77,45.02,43.93,43.96,1349345.0,3.1127523904183647,-1.6045631274520389,2.6300424628449974,-1.2075371549893816,1,-5.061218721113065,0.825688073394494,-7.27150370783998,-1.4352729696447426,1.2683031708179868,1.985181654068597,-3.543551924252842,-0.7256105258017003,0,0.1178912877976546,2.0,23.999999999999996,-21.999999999999996,0.75409463148317,1.1597596062206605,2.7445419994046745,0.052620644930953586,0.01842584167424932,0.024112829845313932,-0.0006824385805277444,-0.018968980138362013
2020-01-09,1578546000,2020-01-16,1579150800,-0.25,42.563973355060945,45.73229710929293,44.06,44.95,43.65,44.81,1641834.0,45.29,45.7,45.16,45.65,2431586.0,-0.14895867323423317,-4.641840888649668,-0.7371303395399877,-4.259583789704266,1,3.901221070124002,3.491271820448876,0.2940051156061818,-4.200644418157459,-2.4336848116401626,1.845024680999946,-6.89603723732689,1.314946629493776,0,0.1904200598274639,50.0,88.0,-38.0,-2.3953997809419434,-2.111152910682563,-1.0793045218041328,0.17431615077340462,-0.007886089813800679,0.0010952902519167917,-0.010733844468784226,0.014444444444444482
2020-01-10,1578632400,2020-01-17,1579237200,0.75,42.563973355060945,47.23006411964361,44.77,45.02,43.93,43.96,1349345.0,45.9,46.31,45.61,45.77,1782726.0,-0.1457041464471729,-4.658752921501289,-0.8196781006481757,-4.147185201369183,1,4.502235461991027,5.242584502184412,2.7466548976043623,2.1866680152056333,-2.434002990602025,1.8179872919557694,-6.216361990876884,0.965903125430978,0,0.17556871520922698,50.0,92.0,-42.0,-2.402228533974224,-2.1422937431261317,-1.2861589788660126,0.20380628108271498,0.0028402883985141347,0.011798121039982457,-0.003495739567402345,0.0026286966046003
2020-01-13,1578891600,2020-01-28,1580187600,0.25,44.134807894292344,47.23006411964361,44.24,44.86,43.78,44.7,1642319.0,44.64,45.77,44.38,45.36,2690399.0,0.8444784150633495,-3.800827621412566,0.3553057025279287,-3.5864932392710216,1,2.413280465963311,3.0206677265500756,0.672817841279887,-0.17353479574488517,-1.408934513979844,2.1241028938784754,-8.925801245491499,1.4105817706125585,1,0.17326281023257062,26.0,28.0,-2.0,-1.4781746031746081,-1.3281121446294009,-0.6153893286942491,0.03654342265523226,-0.015873015873015817,0.009038800705467365,-0.021604938271604923,0.02254283137962121
2020-01-17,1579237200,2020-01-30,1580360400,-0.25,44.20779917111015,47.59342124503012,45.9,46.31,45.61,45.77,1782726.0,46.17,46.82,45.14,46.58,2537758.0,-0.24873423944565332,-6.812236134105206,-1.5954630027193275,-5.824745956776866,1,7.633960574225831,5.241753276095799,7.961755411157934,4.152294125944422,-2.9754989868425383,2.3188143426724017,-9.219341495760363,-1.2886067707235802,0,0.28521592693886816,46.0,56.0,-10.0,-3.5304851867754223,-3.171282296072718,-2.9571945025843718,0.20654124220016265,-0.008802060970373504,0.005152425933877325,-0.030914555603263172,-0.0036363636363636598
2020-01-21,1579582800,2020-01-31,1580446800,0.25,43.78812374735627,47.59342124503012,45.54,45.78,44.74,45.16,1589241.0,46.24,46.45,45.5,45.58,2699313.0,2.0398447867045775,-4.771305953883186,0.678294573643413,-3.65694017844082,1,2.3039997067648628,0.9747452370403139,7.838291502369005,1.5938904193785177,-0.6299863576635971,2.369671593214201,-9.759527572990107,-1.3600333504589996,0,0.23989820650158658,42.0,56.0,-14.0,-1.365730583589297,-0.9472076909988374,-0.7956533552678735,0.16492677636383843,0.014480035103115574,0.019087318999561287,-0.001755155770074568,-0.021468441391155002
2020-01-29,1580274000,2020-02-03,1580706000,-0.25,43.78812374735627,47.664886659662685,47.1,47.31,45.92,46.75,3898082.0,45.86,46.57,45.71,45.94,1943193.0,1.4821739848789264,-5.424272374082221,0.07364678566246141,-4.251560005804649,0,3.9189056583142516,3.4684684684684663,8.458154736727394,2.177887121712253,-1.1991514169158393,2.3370937338191786,-10.14733452920305,0.9726819157497852,0,0.16929651263320322,38.0,56.0,-18.0,-1.9710491946016475,-1.5592810545419695,-1.511360989492843,0.15211881354883017,-0.0017414018284719335,0.01371353939921649,-0.005006530256856712,0.007898200965335667
2020-01-31,1580446800,2020-02-04,1580792400,0.75,43.78812374735627,50.10100552786317,46.24,46.45,45.5,45.58,2699313.0,46.47,50.93,46.3,50.52,6769967.0,-4.624738921445612,-15.88792932875235,-8.096133544470845,-12.854645025072585,0,18.294806162815576,13.681368136813694,17.11515569496907,9.768052783636769,-8.653201630600634,2.678937789434863,-7.901825266692466,3.2339882027356865,1,0.29918129395317855,50.0,72.0,-21.999999999999996,-10.256334125098988,-9.485195925486849,-10.030647644500249,0.42700145509177667,-0.08016627078384808,0.008115597783056039,-0.0835312747426763,0.09969525468001761
2020-02-03,1580706000,2020-02-07,1581051600,0.75,45.73229710929293,52.47368733404934,45.86,46.57,45.71,45.94,1943193.0,49.76,50.77,49.71,50.37,1550767.0,0.5895861687389043,-16.964412454226277,-5.9790880815300085,-10.76368208589767,0,17.277733392704064,12.407944655210878,29.612127296001212,5.787743148315009,-6.608789305454792,2.537127891052145,-2.841215438993313,0.7253589801179587,0,0.2072306710739848,42.0,76.0,-34.0,-8.18741314274368,-6.809524433883624,-8.650919080486247,0.6145719014776341,-0.012110383164582128,0.00794123486202114,-0.01310303752233466,0.001391650099403563
2020-02-04,1580792400,2020-02-12,1581483600,0.25,47.664886659662685,52.47368733404934,46.47,50.93,46.3,50.52,6769967.0,49.58,49.87,48.77,48.81,2669482.0,5.733294385656222,-13.299366911777938,-1.3969132008468108,-6.387693778597296,0,9.32930939699304,8.442568318151531,28.804105462769712,6.241036160349601,-2.0989605571130454,2.5435981664148666,-1.5037526940314656,-1.251042972432535,0,0.06638226940598076,30.0,76.0,-46.0,-3.7830362630608505,-2.5780929165525777,-4.964270755344529,0.28224906662172744,0.01577545584921114,0.021716861298914036,-0.0008195041999590202,-0.006513331976389147
2020-02-05,1580878800,2020-02-21,1582261200,-0.75,45.644300595023786,52.47368733404934,50.81,51.14,50.28,50.55,3622591.0,46.89,47.32,46.39,47.0,1215625.0,9.7230669580252,-7.069875468663497,3.852127659574478,-1.3095744680850885,0,1.058679494847297,5.00446827524576,11.73723441877995,-4.706740022279568,3.812656612598005,2.3218570025091925,-8.251275181552469,-0.5934692908561786,0,-0.10061185682065614,6.000000000000007,40.00000000000001,-34.0,1.3265957446808585,0.8901596345657339,-0.8987691850526005,-0.30569067552269447,-0.002340425531914936,0.006808510638297793,-0.012978723404255321,-0.005711867992384212
2020-02-10,1581310800,2020-02-24,1582520400,-0.75,43.59274464405264,50.10100552786317,50.13,50.44,49.84,50.08,1081384.0,45.5,45.9,45.23,45.53,1539272.0,13.033995361127467,-3.5808875201434773,7.283842155355444,2.0455377406838124,0,-4.949420572622969,2.637511271415694,7.118599576467655,-10.301423462284419,7.186504355920562,2.503301792433744,-7.874297945293861,-0.7547275053182462,0,-0.07686034086144712,2.0,40.0,-38.0,4.726553920491995,3.752536322118516,2.210623707197513,-0.41059829444353435,-0.0006589062156819869,0.008126509993410913,-0.006589062156819758,-0.03127659574468078
2020-02-13,1581570000,2020-02-26,1582693200,-0.75,41.29944268957942,47.88785832371193,48.56,48.86,47.55,47.64,2463358.0,43.25,43.25,41.32,41.53,2782928.0,25.7222113192272,2.611523330423651,17.481740107552767,11.177863391925527,0,-16.449391576907814,-8.443562610229273,-9.38875205233972,-45.057226302406676,13.60687532517295,3.1806157920026967,-3.909891877874184,-1.3458281256706948,-1,-0.43900253434627945,-6.0,-56.0,50.0,14.166867324825418,11.51968526575746,11.24520652358214,-0.8283264280747071,0.04141584396821574,0.04141584396821574,-0.005056585600770602,-0.030126109294722037
2020-02-24,1582520400,2020-02-28,1582866000,-0.75,38.750922126793846,45.644300595023786,45.5,45.9,45.23,45.53,1539272.0,39.05,40.29,38.12,40.29,3491085.0,31.979686982074327,0.286384003281853,19.730288739968557,12.798047489037813,0,-19.14158188588715,-13.503649635036494,-22.601007186567845,-45.49607851942916,11.888747485762892,3.6974757724958804,1.5155029310808388,-1.6850939016107136,0,-0.2487758422568739,-14.0,-64.0,50.0,16.13303549267809,12.299430208109882,13.567220485442505,-1.028121574230795,-0.030776867709109035,0.0,-0.05385951849094073,-0.006901651466600933
2020-02-25,1582606800,2020-03-02,1583125200,-0.25,38.750922126793846,44.083820113613925,45.71,45.71,42.69,42.82,2037999.0,40.53,41.46,39.17,41.46,2316248.0,28.71452580256374,-3.996725513128112,15.892426435118196,8.83260974433189,0,-13.848123590513083,-9.039052215884153,-24.918986166913477,-38.287907711064165,7.424514238652691,3.73100903686887,2.9742078729683783,1.1125675090696485,0,-0.15017399592533218,-18.0,-64.0,46.0,12.358900144717808,8.260787010555433,9.955989876642477,-0.9339135063605681,-0.02243125904486254,0.0,-0.055233960443801244,0.02903946388682055
2020-02-27,1582779600,2020-03-04,1583298000,0.25,38.41566365297596,44.083820113613925,40.6,41.8,39.15,40.57,3214335.0,40.85,41.17,39.76,40.67,1684758.0,30.947797199497018,-5.700686306947219,16.226538808294407,9.462339152528472,0,-14.686059404236715,-19.497228820269203,-29.55567251182752,-31.08151094783932,6.6706916453953085,3.9055275988155786,4.078671590174576,0.8162984996623528,0,-0.07707054479989328,-26.0,-72.0,46.0,12.623555446274892,8.381976877896363,11.117592248576443,-0.800495646898978,0.004425866732234995,0.012294074256208543,-0.022375215146299587,0.011943269470017448
2020-03-02,1583125200,2020-03-06,1583470800,-0.75,35.23751744284338,44.083820113613925,40.53,41.46,39.17,41.46,2316248.0,35.68,36.33,34.87,35.7,2247995.0,48.65389923270976,0.035176397542329596,28.85060690943044,20.47805788982258,0,-23.690399501188054,-29.025844930417488,-38.66339279731466,-30.914402968188924,17.165936515426523,4.996654298577603,7.4808297355173465,-1.1170024397712983,0,-0.07401203758140329,-34.0,-84.0,50.0,24.344537815126046,19.49999649791853,24.668136653708927,-1.0252749270629267,-0.0005602240896359634,0.01764705882352935,-0.023249299719888095,-0.032258064516129004
2020-03-03,1583211600,2020-03-10,1583812800,-0.75,31.49358525145355,41.29944268957942,41.37,42.5,40.18,40.19,2058162.0,32.2,33.83,29.55,33.83,2807626.0,56.65885915342548,-4.811386496020788,31.42477091339049,20.818799881761763,0,-19.593624012928842,-32.448083067092654,-44.913199631172205,-24.06627245317071,16.29510617617835,6.6127930136288064,11.935513160348911,1.3293370889899039,0,0.04567381204470601,-42.0,-88.0,46.0,25.923736328702347,20.59806199640491,28.795168835201196,-1.2482178471521346,-0.04818208690511372,0.0,-0.1265149275790718,0.09837662337662323
2020-03-05,1583384400,2020-03-11,1583899200,-0.75,27.24141922928579,38.41566365297596,39.18,39.37,36.6,36.89,2115920.0,32.48,32.95,29.84,30.01,3269449.0,76.41230045418183,1.1218548273909619,45.30267688548261,32.82683549927799,0,-23.86440749993696,-38.9171585589253,-46.76069707712159,-29.271293985795083,27.49651696031175,7.871757603331778,13.711184665465353,-1.5175051909048525,0,-0.0602847858598633,-46.0,-96.0,50.0,38.7670776407864,32.52537457264907,43.41748013606443,-1.3553519599582393,0.08230589803398858,0.09796734421859377,-0.005664778407197701,-0.11291752882057338
2020-03-09,1583726400,2020-03-12,1583985600,-0.75,22.543407922987154,35.23751744284338,32.59,33.14,29.77,30.8,3202983.0,27.66,27.66,24.18,24.89,4056595.0,114.54751729579877,10.466544576439077,70.93477969733493,54.93638676844782,0,-28.186974995745786,-49.00635115754968,-50.41726805677938,-29.990504700639548,46.96298009585439,10.486164247798389,16.075655517046684,-1.8419703714754714,-1,-0.13113586990279547,-42.0,-92.0,50.0,62.50703093611892,54.09256600964011,70.05961159713044,-1.6572661737441687,0.11128967456809957,0.11128967456809957,-0.028525512253917307,-0.1706097967344219
2020-03-11,1583899200,2020-03-13,1584072000,-0.25,22.543407922987154,32.12457258513452,32.48,32.95,29.84,30.01,3269449.0,26.72,28.94,25.89,28.92,4012433.0,83.08186500703931,-9.831519225573217,43.940756108805914,29.57007837713229,0,-18.76411437639257,-39.29471032745592,-47.8370587212652,-22.529320510315543,22.209996819325738,9.380577370233466,17.534489015427503,1.777135410784767,0,-0.018028532473054554,-46.0,-92.0,46.0,36.62517289073307,29.5131321076515,44.54370603149749,-1.4777290705583193,-0.07607192254495165,0.0006915629322268302,-0.10477178423236522,0.16191241462434713
2020-03-12,1583985600,2020-03-16,1584331200,0.25,22.30977682742625,32.12457258513452,27.66,27.66,24.18,24.89,4056595.0,26.32,27.91,25.83,26.72,3132281.0,96.252791280417,-8.363569723530716,52.200598802395206,36.047904191616766,0,-20.787205694870835,-44.006705783738475,-46.990833975718466,-22.427396187194446,28.21310032268437,10.253747508856327,18.897428959576537,-1.3720637676976077,0,0.017386175192036717,-46.0,-88.0,42.0,43.94461077844315,36.35029197054524,54.23123968468536,-1.4000552428949282,-0.014970059880239472,0.044535928143712544,-0.03330838323353291,-0.07607192254495165
2020-03-13,1584072000,2020-03-17,1584417600,-0.25,22.30977682742625,32.43923003101251,26.72,28.94,25.89,28.92,4012433.0,27.21,27.94,23.13,27.91,3586274.0,84.79374718447966,-16.119436901426994,42.709303714319844,25.715394721127453,0,-18.269588908897703,-40.96869712351946,-45.155847800866404,-21.97040876913175,18.39065020578468,10.3463728685989,20.513186933616907,1.5480002741469097,0,0.1558673006216776,-46.0,-84.0,38.0,34.337155141526324,27.628459210056803,45.786440656146056,-1.1707662438629587,-0.0250806162665711,0.001074883554281758,-0.17126477964887143,0.044535928143712544
2020-03-16,1584331200,2020-03-20,1584676800,0.25,21.891594913396695,32.43923003101251,26.32,27.91,25.83,26.72,3132281.0,25.61,25.84,21.99,22.14,2987788.0,118.21652288902217,-10.280660197061962,66.57256850346283,41.17058115025591,0,-23.397525523217,-52.8936170212766,-45.456074273989074,-26.95730917626652,33.082878001805,14.069305273712441,25.14404490315254,-1.2391919490406786,0,0.004438224174020355,-46.0,-96.0,50.0,53.967931345980105,47.54480071919588,75.40878596046912,-0.979464501415757,0.1567299006323395,0.16711833785004515,-0.006775067750677599,-0.12420886075949367
2020-03-17,1584417600,2020-03-23,1584936000,-0.75,16.33675962840823,32.43923003101251,27.21,27.94,23.13,27.91,3586274.0,21.85,22.83,20.12,21.51,3912149.0,118.97409063209344,-13.18608505329287,66.33116379978304,39.23678909034555,0,-23.903310331771337,-52.756424335602894,-46.40086064363976,-33.71541555119482,31.205902779336668,14.346906567974743,26.753534254888606,-1.5925807355369888,0,0.052736948152859384,-46.0,-96.0,50.0,52.894002789400275,46.92655878890645,77.38760406657599,-0.9469647757490334,0.015806601580660162,0.06136680613668055,-0.06462110646211072,-0.028455284552845517
2020-03-18,1584504000,2020-03-25,1585108800,-0.25,16.33675962840823,27.40065624945741,25.34,27.18,23.84,25.62,3363715.0,23.69,27.1,23.39,25.85,5531414.0,72.90997413588741,-32.260070847686265,31.39522888459058,8.273372018052868,0,-14.661886757887487,-37.75583915241994,-42.83528643490095,-15.822228202566706,2.6729736878530588,12.173988727516699,26.534882013325955,2.115536371980496,1,0.13093410712703282,-46.0,-88.0,42.0,20.32495164410058,17.21425202237971,43.50494981020384,-0.34948047600029053,-0.08355899419729207,0.04835589941972929,-0.09516441005802712,0.132282084975909
2020-03-23,1584936000,2020-03-26,1585195200,0.75,16.33675962840823,33.088744850448535,21.85,22.83,20.12,21.51,3912149.0,26.56,29.18,25.89,29.03,4204903.0,49.5899728077662,-39.27650398241313,14.963830520151575,-5.845676885979998,0,-8.894020468543928,-28.444663544491,-37.74537293456277,-8.316346072106676,-9.490735532545344,10.885460636489313,24.599308313017822,1.577542571821824,0,0.19213347842932246,-46.0,-84.0,38.0,5.156734412676528,3.9577774728799255,26.695537866233508,0.16812376088435155,-0.08508439545297974,0.005167068549775999,-0.10816396830864627,0.12301740812379114
2020-03-24,1585022400,2020-03-27,1585281600,0.25,21.76400254853708,33.088744850448535,22.99,23.84,21.11,22.83,5369187.0,27.68,28.37,26.27,26.51,2344749.0,58.54451496680619,-33.43700836552367,23.518169244310315,0.7569470640009968,0,-11.740791928330204,-34.20203524447753,-34.80800515027041,-7.195314618754196,-1.900951005517598,11.812426549562705,22.801989877017412,-0.8714580617741622,0,0.1845172332961959,-46.0,-80.0,34.0,12.553753300641262,12.521764151382925,37.21984434181786,0.36798237429041425,0.04413428894756688,0.07016220294228592,-0.00905318747642403,-0.08680675163623841
2020-03-26,1585195200,2020-03-30,1585540800,-0.25,21.76400254853708,33.088744850448535,26.56,29.18,25.89,29.03,4204903.0,26.02,27.71,25.4,27.48,2038820.0,46.031809337567154,-33.957573529706906,16.644832605531292,-5.320232896652115,0,-10.05560253004797,-33.71924746743849,-31.79075094970668,-12.88905828699236,-6.507166160911865,11.181941572509343,21.376091183032898,0.7599741339965733,0,0.16449790305037937,-46.0,-76.0,30.0,6.037117903930138,7.735647371958933,31.106548506991203,0.5800922083477937,-0.05312954876273657,0.008369723435225573,-0.07569141193595352,0.036589966050546874
2020-03-27,1585281600,2020-04-07,1586232000,0.25,21.76400254853708,32.93169182888343,27.68,28.37,26.27,26.51,2344749.0,29.1,29.46,26.32,26.44,1816990.0,14.5660476125461,-18.46544246882445,8.704614220877474,-12.823373676248124,1,-9.113204454868217,-21.844516701152816,-23.772341605923568,7.565304564493651,-5.221637644504739,10.771645623197006,11.385387146805726,-0.6676787512261728,0,0.06826368988514911,-46.0,-52.00000000000001,6.000000000000007,-1.9496974281391886,5.309134410247722,27.893962271909032,0.7795383443469195,0.10060514372163398,0.11422087745839637,-0.004538577912254205,-0.026509572901325384
2020-03-30,1585540800,2020-04-09,1586404800,-0.25,21.999837497133246,32.93169182888343,26.02,27.71,25.4,27.48,2038820.0,28.43,29.93,27.91,29.24,2389517.0,3.641522961000092,-25.62168711968681,-2.2440720474236002,-20.653784769721838,1,-4.0041726082038664,17.4768983527521,-18.43815014809943,21.580484253765263,-12.459890226680898,9.301556163779798,7.231796057879315,0.8917552053801189,0,0.1297890703634196,-46.0,-44.0,-2.0,-10.990082079343367,-4.3627653786856655,14.245346895000537,1.040728496411346,-0.027701778385772924,0.023597811217510367,-0.04548563611491108,0.055595667870036
2020-03-31,1585627200,2020-04-16,1587009600,0.25,21.999837497133246,32.36406629266419,26.93,28.27,26.21,26.49,2178762.0,25.54,25.58,24.22,24.56,1752370.0,21.69911137261809,-11.536244923106679,14.926710097719862,-4.397394136807833,0,-10.603332986101933,-4.137392661982835,-16.274640254552505,-0.002971168319099604,8.187576143642204,10.21055270931686,0.8041313445644072,-0.6952743940784651,0,-0.16047103534752952,34.0,52.0,-18.0,5.081433224755713,11.327874277031611,31.647780521404286,0.5768230069139499,0.03990228013029329,0.041530944625407074,-0.013843648208469062,-0.04510108864696738
2020-04-08,1586318400,2020-04-17,1587096000,-0.25,22.48703228363115,32.36406629266419,26.96,28.02,26.54,27.7,2109586.0,25.88,27.65,25.84,27.56,2555227.0,9.088705841927379,-20.97549829475753,2.45766811804549,-13.902999516207075,0,-4.8514301654230465,9.018987341772142,-14.405763088739471,8.818320484627037,-3.5869979578310023,9.250013655999084,-1.0254881761846555,1.022477983783075,1,-0.013821074865893875,30.0,52.0,-21.999999999999996,-5.943396226415075,-0.7152545914817381,16.638354101339516,0.6411326442677212,-0.06095791001451378,0.0032656023222061847,-0.062409288824383125,0.12214983713355054
2020-04-13,1586750400,2020-04-22,1587528000,0.25,22.48703228363115,31.989403023925433,29.22,29.4,26.54,27.26,1407702.0,26.72,26.91,26.22,26.43,1609538.0,10.488661267023105,-9.637355932176334,7.881826207592397,-6.885483667549508,1,-6.252889799307653,15.76872536136663,-12.423009208609223,10.589682186011345,0.6997873784854676,8.66311469183489,-5.468143196433527,0.6432918434878121,0,-0.020168542105244703,18.0,52.0,-34.0,0.42565266742337826,2.481872483792742,19.122133194598305,0.5049381799260686,0.010972379871358351,0.018161180476730987,-0.00794551645856989,0.017712745475548797
2020-04-17,1587096000,2020-04-23,1587614400,-0.25,22.9146771017371,31.989403023925433,25.88,27.65,25.84,27.56,2555227.0,26.91,27.97,26.7,27.63,2199253.0,6.085972821176682,-13.3136239250493,3.1143684401013303,-10.128483532392323,1,-3.906506042191353,6.885880077369428,-10.90680979352962,10.571316727502591,-2.8220156682523054,8.093065448962179,-6.275720707387745,0.8727019834785686,0,0.06929822870344023,14.0,52.0,-38.0,-3.6138255519363014,-1.7814971559791672,13.40153217682429,0.5567023794674901,-0.026058631921824116,0.012305465074194721,-0.03365906623235615,0.04540295119182747
2020-04-20,1587355200,2020-04-24,1587700800,0.25,22.9146771017371,31.42566141984426,26.6,27.53,25.81,26.49,1339911.0,27.81,28.12,26.77,26.85,2218847.0,7.898682854516295,-10.338161439246278,5.602110490378635,-7.302917442582256,1,-5.185482876856838,-7.509472959007922,-10.159505115391283,9.388386635307036,0.70155415517101,8.092439953744945,-6.959216905233152,-0.8836374628414582,0,-0.00679222072458744,10.0,52.0,-42.0,-1.2197392923649915,0.9697037120255629,16.041138035007194,0.5259751235434453,0.03575418994413404,0.04729981378026071,-0.0029795158286779477,-0.028230184581976014
2020-04-23,1587614400,2020-04-29,1588132800,-0.25,23.489580019812475,31.42566141984426,26.91,27.97,26.7,27.63,2199253.0,29.8,30.48,29.41,29.82,1732224.0,0.07715169580629322,-20.137513868844508,-4.403085177733061,-15.160965794768615,0,0.5920411896287519,12.570781426953575,-4.30201331215743,5.724496224509828,-8.378545294810806,6.916946064499725,-6.984399764629909,0.6976351824026126,0,-0.02483118264722318,50.0,72.0,-21.999999999999996,-10.030181086519121,-7.502482917962624,3.625706802315662,0.7096806904227755,-0.0006706908115358123,0.02213279678068414,-0.01374916163648554,0.03469812630117963
2020-04-24,1587700800,2020-05-12,1589256000,0.25,23.44782627770374,31.209798462699133,27.81,28.12,26.77,26.85,2218847.0,26.0,26.32,24.66,24.67,1505007.0,18.12075433117768,-3.897000784359676,13.07188217808401,1.7544926361302373,0,-7.250049758865728,-9.501100513572998,-8.830338232925895,-9.31398627934717,7.465503617011308,7.68245579377245,-13.704809045191064,-0.600357450764715,0,-0.14343020934772344,14.0,36.0,-21.999999999999996,7.1118767734090085,7.0142381265706035,18.778703065713387,0.004098782017875169,0.05391163356303186,0.06688285366842317,-0.0004053506282934993,-0.0382066276803118
2020-04-27,1587960000,2020-05-13,1589342400,-0.75,20.06146005219133,31.209798462699133,27.04,28.19,26.81,27.97,1491106.0,24.31,24.36,22.97,23.22,1768272.0,26.373164077586225,0.15138372603135508,19.600200976169987,7.657909847832329,0,-9.737940072550394,-9.720062208398133,-10.739567973690397,-16.33028505820124,13.073995628356855,8.102129929927289,-13.417403782648934,-0.7070107977767802,0,-0.22087619625241695,10.0,-40.0,50.0,13.262273901808811,12.392403586947708,25.168684557705774,-0.12842453056772896,0.0469422911283377,0.04909560723514206,-0.010766580534022352,-0.05877584110255385
2020-04-30,1588219200,2020-05-15,1589515200,-0.25,20.06146005219133,27.40065624945741,28.31,28.85,25.89,26.18,3614199.0,23.42,24.34,23.16,24.04,1699113.0,21.940621297718764,-4.918990682078146,14.563227953411001,2.953410981697175,0,-7.709195833169375,-12.772133526850507,-12.24969618988394,-15.60606233773035,7.151414621637244,7.697038997169274,-12.190685354153768,0.6806356991850533,0,-0.1018973676523756,2.0,-40.0,42.0,8.510815307820323,6.92367706084174,19.256142842271345,-0.14815056758346745,-0.025790349417637137,0.012479201331114798,-0.03660565723793674,0.009659806803864024
2020-05-13,1589342400,2020-05-18,1589774400,0.75,20.06146005219133,30.389638865187845,24.31,24.36,22.97,23.22,1768272.0,25.56,27.35,25.3,27.01,2400926.0,8.70576918696213,-15.355158302104684,2.0165370850302224,-8.438849808712831,0,-0.8760399786419413,1.9630049075122806,-9.651521304353036,-12.839197714727298,-4.82740573106399,7.236681195841069,-12.842267576143744,0.9605930731591029,0,-0.03220201019527329,-2.0,-40.0,38.0,-3.324694557571277,-4.373232604661297,5.9019288589425685,0.06454612924024172,-0.05368382080710854,0.012587930396149583,-0.06330988522769343,0.12354409317803672
2020-05-14,1589428800,2020-05-19,1589860800,0.25,23.44782627770374,30.389638865187845,22.6,23.94,21.77,23.81,1866971.0,26.96,27.35,26.15,26.31,1041216.0,11.664144065247584,-13.04004676384129,4.946154820727244,-5.93183833776763,0,-2.277928803122329,1.3092029264535998,-8.167543356175226,-14.881675120986486,-3.123155304344877,7.224346713079423,-13.447308210848723,-0.4239159267936944,0,-0.04530233623867506,-6.0,-40.0,34.0,-0.6879513492968385,-1.6548103027748198,8.37759729434265,0.15789195706687742,0.024705435195743197,0.039528696313189116,-0.006081337894336736,-0.02591632728619042
2020-05-18,1589774400,2020-05-20,1589947200,-0.25,23.450003085013684,30.389638865187845,25.56,27.35,25.3,27.01,2400926.0,26.7,27.48,26.7,27.15,1125774.0,8.446422749382762,-15.702408016417763,1.824432166973608,-8.750153468385506,0,-0.4589968290115394,2.724177071509644,-6.1423281507899565,-6.869952319899788,-6.610815261134931,6.8085853887780985,-13.944537775672748,0.4647065624827016,0,0.06621382187734937,-10.0,-40.0,30.0,-3.6279926335174935,-4.250150174961163,4.827439898814575,0.2694569644461615,-0.016574585635359074,0.012154696132596676,-0.016574585635359074,0.03192702394526803
2020-05-19,1589860800,2020-05-22,1590120000,0.25,23.450003085013684,30.19866488088969,26.96,27.35,26.15,26.31,1041216.0,27.17,27.17,26.24,26.73,1060702.0,9.739219125697304,-14.333308164230772,3.0864197530864175,-7.332585110362885,0,-1.3542803543626079,-0.44692737430167967,-3.813218364262371,-0.5984258985587161,-4.690350080072676,6.417381060911456,-15.048157335363927,-0.4562648491194737,0,-0.13074084768741506,-18.0,-40.0,22.0,-2.297044519266734,-2.2346891597863987,5.982346839750562,0.3200617464817723,0.016460905349794386,0.016460905349794386,-0.018331462775907248,-0.0014942099364960715
2020-05-20,1589947200,2020-05-26,1590465600,-0.25,23.674907499004824,30.214135159065993,26.7,27.48,26.7,27.15,1125774.0,28.31,30.43,28.25,29.82,2246034.0,-0.31503174618923424,-23.90696691242917,-7.152358596020576,-16.760004471272083,0,5.211057849237726,6.61422953164105,0.07277824407062326,0.8676841584475028,-13.319155790328665,6.227785151039863,-14.133923033594309,0.9810482088964734,0,-0.009733161347663602,-21.999999999999996,-40.0,18.0,-12.110999329309209,-11.187652236563366,-4.8036595913388425,0.5136460814764569,-0.050637156270959105,0.02045606975184433,-0.052649228705566764,0.1156004489337823
2020-05-21,1590033600,2020-06-02,1591070400,0.75,23.674907499004824,33.55990211976157,27.13,27.56,26.73,26.77,1375469.0,31.62,32.43,31.34,31.68,1845563.0,2.8573139146112823,-31.244308864106245,-9.807975589225578,-18.59269781144782,0,8.46490902880982,24.381625441696116,14.756158198841081,14.946752248052405,-11.010537933882745,5.379917184943402,-9.124678801749761,0.8461854605935828,0,0.15880353311072273,50.0,52.0,-2.0,-14.193497474747474,-10.545399710110487,-8.796200802827087,0.723873725568701,-0.0018939393939393367,0.02367424242424243,-0.010732323232323204,0.01084875558391829
2020-05-26,1590465600,2020-06-04,1591243200,0.75,26.871309201393835,36.79304295419354,28.31,30.43,28.25,29.82,2246034.0,34.54,36.74,33.81,36.72,2576608.0,-3.4986035521556005,-42.66969710143916,-19.266067538126364,-27.493191721132888,0,16.94282690923525,47.4698795180723,24.192974268036586,28.69001797025382,-18.320213577256936,5.112134605899606,-5.199466687488517,1.234680125925673,0,0.2913430015905744,50.0,60.0,-10.0,-23.084150326797385,-19.201770391902713,-19.902197444191287,1.0158882405040075,-0.059368191721132946,0.0005446623093683378,-0.07924836601307184,0.0640394088669951
2020-05-27,1590552000,2020-06-09,1591675200,0.75,30.214135159065993,40.371608265514986,30.98,31.7,29.98,31.24,2340313.0,38.15,38.97,37.53,38.25,1805914.0,5.7254333949859415,-47.82216542112976,-17.250544662309352,-25.34466230936819,0,15.882233420055258,49.12280701754387,36.23577727616609,25.355545850308417,-13.249570224239477,5.383587046769259,1.3255286238938133,-0.9033007420643853,0,0.1544953946773565,46.0,68.0,-21.999999999999996,-21.048366013071913,-16.033493499820224,-20.235258363605197,1.1954486310579997,-0.002614379084967311,0.018823529411764683,-0.018823529411764683,-0.05039721946375375
2020-06-03,1591156800,2020-06-10,1591761600,0.25,32.94620039261438,40.371608265514986,32.74,34.67,32.57,34.51,1995946.0,37.62,37.74,35.1,35.12,2347732.0,16.305420709056435,-41.35382617602681,-8.202828397873944,-17.297361427486706,0,8.443682644797732,42.359140656667996,33.410604944799644,18.467361763618484,-4.275058773711521,6.08523563904575,1.116454800102396,-1.1706950787236707,0,0.06750571604798998,42.0,68.0,-26.0,-12.524202733485197,-7.735846351277715,-12.611624563394429,0.8340761583336702,0.07118451025056949,0.07460136674259688,-0.0005694760820044165,-0.08183006535947723
2020-06-05,1591329600,2020-06-11,1591848000,-0.75,28.891989442576588,40.371608265514986,39.03,40.15,38.13,38.86,3199426.0,32.3,32.88,31.37,31.44,2771145.0,29.31145790990439,-31.267564780133412,3.893659881255303,-6.303541136556419,0,1.2783850377790955,35.40051679586564,27.132576108449157,15.233956627367505,7.355411751030758,7.163929442390783,-0.5656215322498852,-1.3737140372080647,0,0.02501397642503426,38.0,68.0,-30.0,-0.9780534351145178,2.7717564017923735,-2.289510351902294,0.31047847010957863,0.027353689567429784,0.04580152671755733,-0.0022264631043257266,-0.10478359908883816
2020-06-10,1591761600,2020-06-23,1592884800,-0.25,28.891989442576588,37.045110560506615,37.62,37.74,35.1,35.12,2347732.0,34.16,34.4,33.64,33.77,1674669.0,16.9017477219995,-14.212970700974935,6.143519889448228,-3.7321093672885297,0,4.079566350966687,13.246143527833679,14.843647232828596,-0.6573660468778115,4.660879769744454,5.845478075328955,-6.834265239027733,-0.8126474172954234,0,-0.07441042363817624,6.000000000000007,52.00000000000001,-46.0,1.3443885105122888,-1.285441676556843,-6.224950860744556,-0.380314202865063,0.011548711874444617,0.018655611489487578,-0.0038495706248149464,-0.0032467532467532756
2020-06-11,1591848000,2020-06-26,1593144000,0.25,28.891989442576588,37.045110560506615,32.3,32.88,31.37,31.44,2771145.0,32.41,32.53,31.1,31.67,3729649.0,23.967101156183816,-6.60998085305782,13.709609514787928,3.4127986527734038,0,-0.5648295711622424,2.9583875162548767,8.541486662990028,-25.38344561963808,6.865616735137991,6.018720556014948,-9.68492758034787,-1.767788989058385,-1,-0.11847447106627323,-6.0,40.0,-46.0,8.67856015156299,4.3411834016025495,0.19238118017388217,-0.6095354331329803,0.02336596147773906,0.02715503631196725,-0.017998105462582847,-0.034451219512194986
2020-06-12,1591934400,2020-06-29,1593403200,-0.25,29.41019896852131,37.045110560506615,33.54,34.04,32.31,33.94,3402857.0,32.58,33.4,31.99,33.17,1601925.0,18.124506998819896,-10.044917007864186,8.89357853482062,-1.0672294241784925,0,2.5580076950328348,5.839183152520746,7.822558659753944,-20.23820601014134,1.1565702597614518,5.708616736545316,-10.768575118913043,0.76620889648059,0,-0.08633440792514921,-10.0,36.0,-46.0,4.039794995477848,-0.34135795649211786,-4.1683408189367555,-0.541728042275978,-0.01778715706964129,0.006933976484775339,-0.03557431413928258,0.0473634354278496
2020-06-24,1592971200,2020-07-02,1593662400,0.25,29.41019896852131,36.35458710133613,32.89,33.13,31.93,32.23,1856294.0,32.63,33.49,32.16,32.25,1179251.0,20.61426714197721,-8.530546211744621,11.095090439276504,1.482687338501293,0,0.5277567606508029,-12.173202614379083,4.008835988434818,-23.865046125358447,3.4759362069580106,5.645846422143922,-12.881791502296135,0.5625277399759668,0,-0.1323902045849493,-21.999999999999996,24.000000000000004,-46.0,6.041860465116272,1.822371274399444,-1.282586765485192,-0.5014055625678985,0.011782945736434236,0.03844961240310085,-0.0027906976744187517,0.016708701134930726
2020-06-29,1593403200,2020-07-06,1594008000,-0.25,29.669412734515614,36.35458710133613,32.58,33.4,31.99,33.17,1601925.0,33.16,33.54,32.45,33.02,1085765.0,15.417651482844818,-10.048178436206442,7.44851605087824,-1.658086008479728,0,2.23262454767211,-15.028306742151305,3.8753681349719606,-19.14203947204085,1.0537670498788003,5.399370754702429,-13.408942570687987,0.5234940901889532,0,-0.17329139431709895,-26.0,20.0,-46.0,2.684736523319202,-0.49946929943142493,-3.444025448722698,-0.4104025411270317,0.00423985463355514,0.015748031496062964,-0.017262265293761403,0.023875968992248087
2020-06-30,1593489600,2020-07-14,1594699200,0.25,29.669412734515614,36.15537039437932,32.81,33.21,32.34,32.71,1847582.0,31.61,32.69,31.35,32.41,1047097.0,8.8965923014688,-7.307576565584753,5.164558263910308,-3.2464260002056733,0,1.2912855631765723,-3.627713351174564,-2.1725977690260367,-13.381732691959044,-1.4358289681735954,5.100125214200286,-11.917192960042941,0.5251244246546097,0,-0.10082277190864933,-46.0,-84.0,38.0,0.7945078679420163,-0.6797535555760987,-1.9847304271139166,-0.2530907173026604,-0.024683739586547238,0.008639308855291628,-0.0327059549521751,0.01822180333019152
2020-07-06,1594008000,2020-07-17,1594958400,-0.25,29.739971105261226,36.15537039437932,33.16,33.54,32.45,33.02,1085765.0,33.39,33.59,32.85,33.24,1087206.0,4.156645967328302,-8.789618289831338,1.6415964701163261,-6.023866827115938,0,3.0867600922851253,-4.482758620689642,1.456224969782317,6.469779868576246,-3.3495942904220044,4.6588711093137904,-14.084860582607432,-0.5696713071287516,0,-0.05237542541178895,-30.0,-56.0,26.0,-2.316486161251518,-2.2728308670099153,-3.9001086789381247,0.04888882786889495,0.004512635379061436,0.010529482551143277,-0.011732851985559622,-0.002101471029720803
2020-07-07,1594094400,2020-07-20,1595217600,0.25,29.739971105261226,35.87484636525596,32.54,32.7,31.26,31.3,1173476.0,33.3,33.3,32.25,32.79,1447245.0,4.8608309913679335,-7.273151820889055,2.6120768526989906,-4.859713327233891,1,1.8380267149832576,-4.402332361516029,1.6942579038779577,-1.4988948237628037,-2.0575134567635587,4.614192880574816,-14.285191158347095,-0.7595588947443339,0,-0.10624069307329034,-34.0,-56.0,22.0,-1.206160414760575,-0.8429240366092756,-2.480036962433104,0.05062200754745866,0.015553522415370447,0.015553522415370447,-0.016468435498627643,-0.013537906137184197
2020-07-15,1594785600,2020-07-31,1596168000,-0.25,30.22281147064151,35.87484636525596,33.28,33.7,32.87,33.45,1422769.0,35.49,35.49,33.97,34.73,1969666.0,2.9926947962118646,-12.422582501365895,-1.322103848737882,-8.128899126595641,0,6.536746789125267,7.689922480620146,11.018909348102842,22.26534900041088,-2.3773881119565914,3.929922704317922,-14.887640842212434,-1.0563047444330675,0,0.05837478201157151,46.0,60.0,-14.0,-4.714943852577008,-3.325963063496957,-5.936355830224656,0.1516624581801213,0.021883098186006533,0.021883098186006533,-0.02188309818600631,-0.005725737188663094
2020-07-20,1595217600,2020-08-07,1596772800,0.75,30.22281147064151,38.2011882795824,33.3,33.3,32.25,32.79,1447245.0,36.75,37.38,36.56,37.35,1148282.0,-0.5372638306823916,-15.529670573601422,-5.1874163319946405,-11.329317269076313,0,14.043316207236188,20.99125364431487,22.772161225103453,36.03525288901338,-6.289558440537576,3.4154794849965864,-6.96376604129733,0.6302606637159928,0,0.13823986030405078,50.0,84.0,-34.0,-8.033467202141907,-7.076951810344838,-10.725422668997936,0.3120075907675941,-0.01606425702811254,0.0008032128514057213,-0.021151271753681367,0.014945652173913082
2020-07-21,1595304000,2020-08-11,1597118400,0.75,32.94620039261438,40.50568464750537,33.13,34.26,32.95,33.8,2046285.0,39.71,40.1,38.3,38.44,1735873.0,-0.28022681405313676,-17.667223758267326,-6.13813735691987,-12.098074921956297,0,16.366290623055136,18.60536871336008,29.693341391523344,36.348181542911334,-7.075771778699988,3.4271563994803995,-1.9747918344294,-0.9739382875184156,0,0.05805561764636492,46.0,88.0,-42.0,-8.973725286160231,-7.909727572139573,-12.21987063514014,0.4029770430396409,0.03303850156087407,0.043184183142559895,-0.0036420395421435936,-0.0046607975142413105
2020-08-03,1596427200,2020-08-13,1597291200,0.25,35.664061534446326,40.50568464750537,34.76,35.78,33.79,35.68,1576132.0,37.46,38.05,36.99,37.16,834076.0,4.660662584021395,-14.087465598014916,-1.6088087549336052,-7.927430929314667,0,10.251372914665744,11.558090663464407,30.149592285653725,22.901405696957966,-2.6319847436924277,3.571159704769294,0.3417947116698308,-0.4744554828153775,0,0.03610104784755253,38.0,84.0,-46.0,-4.713401506996746,-3.69268054317844,-8.40798290653612,0.2367094112264405,0.008073196986006614,0.023950484391819238,-0.004574811625403519,-0.021074815595363616
2020-08-10,1597032000,2020-08-14,1597377600,-0.25,35.77553579907738,40.651960061242335,37.45,38.69,37.45,38.62,1171816.0,36.8,38.59,36.78,38.25,2055485.0,2.4905811075580147,-16.038293525858634,-3.665359477124184,-10.083660130718954,0,13.337267954312246,15.072202166064974,30.836201264472884,28.315640252599266,-4.743862996767518,3.5595813822221296,1.4210185094691248,1.1762147600367616,0,0.0864935871377656,34.0,80.0,-46.0,-6.77385620915031,-5.824064949524683,-10.585975443053826,0.21336477515290375,-0.03790849673202623,0.008888888888888946,-0.03843137254901963,0.029332615715823573
2020-08-12,1597204800,2020-08-21,1597982400,0.25,35.77504305375531,40.651960061242335,39.06,39.15,37.41,37.96,1789499.0,37.05,37.5,37.03,37.37,1180680.0,5.686221023928766,-10.189833547343255,0.8103648202658178,-5.35768441709034,0,8.571921182816588,9.461042765084935,24.290763726409242,24.580159569084444,0.17446535309369438,3.158256371747327,4.276461584909921,0.7280698106396907,0,0.005636384746962017,14.0,60.0,-46.0,-2.2518062617072445,-2.2319892054092065,-6.962538340229358,-0.10689658611430275,-0.008563018464008532,0.00347872625100365,-0.009098207118009016,0.0048400107555794936
2020-08-14,1597377600,2020-09-04,1599192000,-0.25,35.77504305375531,40.651960061242335,36.8,38.59,36.78,38.25,2055485.0,39.55,39.81,38.45,38.7,1579829.0,3.820378246874796,-5.334590133179745,2.305770887166233,-3.732988802756253,1,7.445461721465399,3.6144578313253053,24.158370086058305,-6.175239599853896,-0.16319019880506858,3.1256750651698195,11.691113254053619,-1.1009352467670603,0,0.11212102356910462,42.0,88.0,-46.0,-0.7571059431524674,-1.3452264876112991,-6.452853719640828,-0.09381329969902885,0.021963824289405576,0.028682170542635665,-0.006459948320413411,-0.0018055197317513594
2020-08-17,1597636800,2020-09-08,1599537600,0.25,35.77504305375531,40.391161529814845,38.49,38.65,37.48,37.61,1755310.0,38.35,38.52,37.39,38.04,1831095.0,5.556188941361825,-3.779112180057936,4.03084472485105,-2.0837714686295072,1,4.581253525667954,-1.5018125323666451,21.047758670903345,-7.344108188575646,1.6798062871282866,3.1987515496600123,10.243281837261023,-1.3107177275375252,0,0.18550895912808024,38.0,84.0,-46.0,0.8885383806519513,0.3315494512786472,-4.64039221281773,-0.18279633205117984,0.00814931650893791,0.012618296529968598,-0.017087276550998953,-0.01705426356589157
2020-08-24,1598241600,2020-09-17,1600315200,-0.25,36.010939118499195,40.391161529814845,37.51,39.06,37.51,39.05,1201642.0,38.83,39.28,38.38,38.89,1904156.0,3.2997270626401303,-4.0197064917992975,2.1702237078940527,-2.9699151452815613,1,6.605640223470651,3.762006403415165,15.456960228824842,-4.356796520274585,0.19170771553143595,2.8036807401049995,5.893179270933096,-1.3574087695366197,0,0.029501738988971456,10.0,44.0,-34.0,-0.3599897145795836,-1.010025635600286,-5.145868539363136,-0.14080869913950433,-0.0015428130624839387,0.01002828490614549,-0.013113911031113368,-0.012693577050012728
2020-09-08,1599537600,2020-09-18,1600401600,0.25,36.010939118499195,40.33013392915966,38.35,38.52,37.39,38.04,1831095.0,38.56,39.06,37.27,37.44,4253257.0,7.196041274095876,-0.13140452195911223,6.416043447293447,0.7109152421652425,1,-0.09472815391016809,0.6722237160527024,11.604313885482934,-13.773849392789998,3.543812194234249,3.045743421426444,4.128900461662244,-2.932459681839697,-1,-0.1435838649757909,6.000000000000007,44.00000000000001,-38.0,3.532318376068403,2.554794919615631,-1.4145605765542513,-0.23490836940390458,0.02991452991453003,0.04326923076923084,-0.0045405982905981634,-0.03728464901002837
2020-09-09,1599624000,2020-09-25,1601006400,-0.75,33.93276970977324,40.33013392915966,38.33,38.7,37.96,38.29,1179527.0,34.09,35.31,34.04,35.07,954359.0,18.172435575280673,-2.096016983892042,11.53312422773503,4.903526280771771,0,-7.687215051365662,-10.261003070624355,-13.54839591219292,-14.512405877533894,6.831774031111877,3.6375444412297826,3.847076539248377,0.6572341344446154,0,-0.22714136638654597,-14.0,-60.0,46.0,8.038209295694315,5.645157306147297,4.257432349058959,-0.592312649609496,-0.027944111776447067,0.006843455945252375,-0.029369831765041376,0.016816468541606122
2020-09-18,1600401600,2020-09-29,1601352000,-0.25,33.93276970977324,38.523820298130346,38.56,39.06,37.27,37.44,4253257.0,36.37,36.88,36.22,36.56,1053761.0,12.310176572688732,-6.615428213826604,6.239970824215902,-0.21517140773161714,0,-1.2788436808717023,-6.71089563664199,-11.470761612929733,-8.959290607495035,1.9864782751259469,3.4804553209448703,1.1486284419233002,-0.7296374625607279,0,-0.2246275387537224,-21.999999999999996,-60.0,38.0,2.847374179431057,1.106013764736602,0.011902867144158336,-0.3136861298122911,-0.005196936542669728,0.00875273522975939,-0.009299781181619338,-0.0010928961748634114
2020-09-21,1600660800,2020-10-02,1601611200,0.25,33.82121269523638,38.523820298130346,36.36,36.53,35.03,35.47,1848303.0,34.13,36.24,33.99,35.52,1835901.0,13.576232227504548,-5.22882231759462,7.888044294294303,0.9145082582582518,0,-4.593054884243806,-8.382770183131287,-13.820762868365295,-28.58882873214985,3.2208482325605985,3.9198366258839568,0.8111747270325402,1.2555346005834693,0,-0.2536182732859481,-34.0,-60.0,26.0,4.1737049549549425,2.944883616472154,2.5806662675703365,-0.22994903431511726,-0.03913288288288286,0.020270270270270174,-0.04307432432432434,0.01747350329418529
2020-09-28,1601265600,2020-10-05,1601870400,-0.25,33.82121269523638,38.60434570777377,35.87,36.96,35.87,36.6,1087776.0,36.06,36.52,35.84,36.2,774936.0,10.884066276734018,-7.140972354082109,5.3807550644567215,-1.273941068139976,0,-1.772229182335714,-6.459948320413436,-12.636092210864577,-24.904031518496836,0.9555208676914333,3.7687919502134495,0.8573793526130125,0.5342580267384651,0,-0.242289399938951,-38.0,-60.0,22.0,1.8715469613259472,0.9148159103982323,0.6280998945839258,-0.14131852560711722,-0.003867403314917195,0.008839779005524795,-0.009944751381215422,0.019144144144144226
2020-09-30,1601438400,2020-10-06,1601956800,0.25,33.68569495502411,38.60434570777377,36.65,37.19,35.63,35.89,1314388.0,36.59,36.87,35.45,35.52,1119210.0,12.667109372245534,-5.7329877506238915,7.152308558558573,0.28856981981979857,0,-4.2600056553147,-6.6246056782334275,-12.72907139855673,-32.5900066679323,2.188354070264225,3.852142639499776,1.1508845382102777,-0.7686752629323924,0,-0.31149629987674765,-42.0,-60.0,18.0,3.4670608108108354,2.575625245565078,2.4543607539596337,-0.11792888903629417,0.03012387387387383,0.03800675675675658,-0.0019707207207206867,-0.018784530386740328
2020-10-05,1601870400,2020-10-12,1602475200,-0.25,33.68569495502411,38.60434570777377,36.06,36.52,35.84,36.2,774936.0,36.45,36.76,36.12,36.66,1228010.0,6.592836001851495,-8.264958205888561,2.7227677759592837,-3.979359883615203,0,0.32688134763025545,-6.264382510866794,-6.821224366235561,-5.1929861783481925,-2.3084190116253893,3.3737537807304783,-0.6339041427453651,0.8558646581777571,0,-0.04094152439763598,-21.999999999999996,-23.999999999999996,2.0,-0.8360611020185331,-0.48628928274629857,-0.6597705979852009,0.11258306734362367,-0.00572831423895237,0.0027277686852156258,-0.014729950900163602,0.003009575923392571
2020-10-06,1601956800,2020-10-23,1603425600,0.25,33.68569495502411,38.54744208257736,36.59,36.87,35.45,35.52,1119210.0,35.06,35.57,34.77,34.99,1441920.0,6.338768487723343,-1.9060734319931356,5.378203296179834,-0.5720682099647547,1,-5.418754565347058,-0.22811519817507353,-13.63782494772012,-6.920836595968183,2.269972553464399,3.101117767517752,2.675262577522414,1.0279586326496235,0,-0.14489252430736743,6.000000000000007,-35.99999999999999,42.0,2.2163475278651106,2.074079862685579,3.0857950204949134,-0.09341094914338943,0.002000571591883382,0.01657616461846234,-0.0062875107173477884,0.009521061742642889
2020-10-07,1602043200,2020-10-29,1603944000,-0.75,31.854997852788685,38.54744208257736,36.01,36.39,35.72,36.24,1880158.0,32.15,34.44,32.02,33.88,2409536.0,11.416170879630585,-3.7036561216612967,7.221074380165263,0.7275678866588038,0,-6.47554560517716,-2.9504439988541797,-21.760785622648275,-21.421372725765124,1.9762578540436238,3.710239496215901,5.664708625806629,1.6770133725463476,0,-0.21028508241151486,-10.0,-56.0,46.0,3.856257378984651,2.861835044799548,5.163582608318535,-0.2311161474800073,-0.05106257378984658,0.016528925619834656,-0.05489964580873674,0.06173613287370738
2020-10-13,1602561600,2020-10-30,1604030400,-0.25,31.854997852788685,36.253096410448286,36.28,36.4,35.48,35.79,737503.0,33.94,35.61,33.94,35.6,2178890.0,6.050894217207613,-8.351456014960434,1.9311797752808957,-4.085674157303373,0,0.22431114906227378,0.2252252252252204,-16.89515717025948,-12.308730972082365,-3.1238302411797463,3.6258785788790755,4.283681742076258,1.4925243905798833,0,-0.13990330604621162,-14.0,-56.0,42.0,-1.1502808988764173,-1.9071422484772995,0.07940447219749558,-0.04656493302502329,-0.04662921348314619,0.0002808988764044784,-0.04662921348314619,0.050767414403777966
2020-10-26,1603684800,2020-11-02,1604293200,0.75,31.854997852788685,38.66902633284073,34.4,34.4,32.96,33.82,1133871.0,36.11,37.61,35.79,37.51,1689569.0,1.2564238130999854,-13.274552312166932,-3.0027548209366444,-9.01715098196037,0,6.286163092043715,3.6187845303867268,-9.667708115171134,-6.000911835767077,-7.680446782065616,3.5782012535804473,2.8048940025340983,1.149330138296557,0,-0.056026532936851905,50.0,12.0,38.0,-6.009064249533466,-6.244672553185865,-4.819884286385687,0.19959973219250837,-0.03732338043188477,0.0026659557451347293,-0.04585443881631557,0.053651685393258264
2020-10-30,1604030400,2020-11-03,1604379600,0.75,33.92963341710257,41.178532689348,33.94,35.61,33.94,35.6,2178890.0,38.15,39.58,37.86,39.22,1641808.0,-1.4052856694697908,-17.865494544706664,-6.818799932007494,-12.647458779534247,0,10.786665121528138,10.416666666666654,-1.6189018488617493,3.358406358025782,-11.215590949828595,3.5547429833238033,2.4730140080681906,1.1101923491850465,0,0.025038388636315672,50.0,16.0,34.0,-9.635390107088227,-9.348383577292978,-8.618001579593255,0.45825969525051136,-0.027281998980112188,0.009178990311065727,-0.034676185619581856,0.045587843241802206
2020-11-02,1604293200,2020-11-06,1604638800,0.25,36.097056144655404,41.178532689348,36.11,37.61,35.79,37.51,1689569.0,38.3,38.93,38.2,38.61,959460.0,2.348567694692136,-17.362812708937184,-4.497539497539492,-10.620305620305615,0,7.9025314540711875,5.6361149110807185,8.366081437871422,7.281424202889049,-8.522535729118005,3.4892280104031745,1.1614148071233998,0.6367724945926503,0,-0.0007594631270154323,38.0,16.0,22.0,-7.507122507122517,-6.029829970035323,-6.440004173687754,0.5807200404362804,-0.008029008029008078,0.008288008288008353,-0.010619010619010494,0.0015564202334630295
2020-11-03,1604379600,2020-11-09,1604898000,-0.25,36.097056144655404,41.71275975246287,38.15,39.58,37.86,39.22,1641808.0,43.52,44.77,41.76,42.25,4000555.0,-3.5776644210783672,-26.050737945785542,-11.685996055226838,-17.842209072978306,0,15.954036873403112,15.24822695035462,14.820534531825412,18.28083529975879,-13.511190132903309,4.002279315742461,2.964142250158723,2.5446879674062552,0,-0.059100542296810936,50.0,32.0,18.0,-14.814201183431948,-12.780414728338357,-13.93190834025205,0.7904695739319756,0.030059171597633272,0.05964497041420125,-0.011597633136094743,0.09427609427609429
2020-11-04,1604466000,2020-11-10,1604984400,0.75,36.097056144655404,44.76922649925486,38.62,39.49,37.61,37.85,1775991.0,42.6,44.04,42.25,43.64,1495585.0,-3.3424163095688186,-29.91377067484916,-13.549113962725343,-19.708600672166213,0,18.384614009321922,21.9335009779268,20.917822952484315,23.108545989971674,-15.158176977618908,3.8910107276606434,4.6381034472629565,0.9560728205447508,0,0.00021619033354023428,50.0,36.0,14.0,-16.62809349220899,-14.076729434740557,-16.019452041393407,0.9682709323490059,-0.02383134738771764,0.00916590284142993,-0.03185151237396888,0.03289940828402371
2020-11-09,1604898000,2020-11-12,1605157200,0.25,38.59304063044174,44.76922649925486,43.52,44.77,41.76,42.25,4000555.0,41.01,42.29,40.78,41.32,1387140.0,5.195787776875349,-26.425216624890865,-7.036947402387881,-13.936753791545655,0,10.717170266418222,14.333148865522965,22.944592663278794,11.543043691974653,-8.573848184709618,4.155943985989598,5.966814128356937,-0.8943598962404801,0,-0.06803381077378036,42.0,35.99999999999999,6.000000000000007,-10.614714424007758,-7.51138498616406,-10.407610166825279,0.7808214811533835,-0.007502420135527599,0.023475314617618537,-0.013068731848983495,-0.007208073041806706
2020-11-10,1604984400,2020-11-13,1605243600,-0.25,38.59304063044174,44.856854301552524,42.6,44.04,42.25,43.64,1495585.0,41.87,43.45,41.76,43.29,940367.0,2.5000771012118435,-30.197004798139545,-10.388850388850386,-17.205667205667226,0,14.442841779436051,20.01663432215137,25.100967818707232,15.477353819734589,-11.90420579029518,4.034925372923758,6.692860455428669,0.6087873286997234,0,-0.04770787302852722,38.0,36.0,2.0,-13.848463848463837,-10.604052541483995,-13.916667868125046,0.7858881114723901,-0.032802032802032866,0.003696003696003869,-0.0353430353430354,0.047676669893514045
2020-11-11,1605070800,2020-11-19,1605762000,0.75,38.59304063044174,48.061799239992915,43.63,43.67,41.48,41.62,1632393.0,45.09,45.27,44.48,45.2,952248.0,7.004876784426557,-32.53142545699296,-9.431415929203553,-16.23672566371681,0,16.275978081315486,30.409694171956165,33.63134603986072,24.968181430870317,-7.379779914410506,3.7320875069847284,11.119302988393542,-0.6167677284839551,0,0.026453734577684195,46.0,60.0,-14.0,-12.763274336283189,-9.461259831896427,-14.878290573686826,0.7178622836244481,-0.002433628318584069,0.0015486725663715895,-0.01592920353982319,-0.012021857923497192
2020-11-13,1605243600,2020-11-20,1605848400,0.25,41.71275975246287,48.061799239992915,41.87,43.45,41.76,43.29,940367.0,44.94,44.96,44.09,44.56,1394322.0,9.665876530561192,-30.538856781907725,-7.065005984440447,-13.983767205266318,0,14.10546677468028,27.35067162046299,33.398395322456736,18.40772490160448,-4.845415408702436,3.693213995742861,11.278805838196952,-0.9049628148773721,0,-0.03544703522579639,42.0,60.0,-18.0,-10.436490125673274,-7.383656005420889,-13.120198350143255,0.5498184424336894,0.008527827648114883,0.008976660682226134,-0.010547576301615735,-0.01415929203539823
2020-11-16,1605502800,2020-11-23,1606107600,-0.25,41.89460121984709,48.061799239992915,44.75,45.51,43.94,45.5,1964590.0,45.02,46.47,44.9,46.21,1189662.0,6.968042221852329,-31.55579379077679,-9.056481281107992,-15.756329798744872,0,17.035253532528515,36.63512714370195,34.35585514859027,18.095170711633884,-7.266502137187388,3.6021964996041738,11.905383250657678,0.7738687257891596,0,-0.04343313374194331,50.0,72.0,-21.999999999999996,-12.29387578446223,-9.672508033129844,-15.586205297061056,0.5034265153354731,-0.025752001731226937,0.005626487773209288,-0.02834884224193901,0.037028725314183
2020-11-20,1605848400,2020-11-24,1606194000,0.75,41.89460121984709,50.954164667259704,44.94,44.96,44.09,44.56,1394322.0,47.22,48.69,46.79,48.22,1507818.0,3.806148766943423,-32.50171077440919,-11.227360707866723,-17.822134660583444,0,20.158569018358378,47.146780592004866,36.45136511632956,25.454013149026153,-9.630416159959367,3.5728321135379737,13.0633286636198,0.9746822614483948,0,0.05236530489699092,50.0,76.0,-26.0,-14.34778100373289,-12.157932223349007,-18.355693590684183,0.5575425407919541,-0.020738282870178315,0.009746992948983735,-0.02965574450435504,0.043497078554425306
2020-11-23,1606107600,2020-12-07,1607317200,0.25,44.766519327674466,50.954164667259704,45.02,46.47,44.9,46.21,1189662.0,47.32,47.56,46.92,47.43,1428634.0,3.41779360694548,-12.703056099039074,-1.4646145196429643,-7.770749877011738,0,14.304632278730708,22.843822843822846,30.170049386584946,0.8125118533242812,-2.6014888938320837,3.266642513882628,11.19382318754915,-0.9719720176147129,0,-0.06023553123672695,18.0,64.0,-46.0,-4.642631246046804,-5.807350848670538,-12.879390716649567,-0.08696549174315793,-0.0023192072527935537,0.0027408812987561593,-0.010752688172043001,-0.002103934357248094
2020-11-24,1606194000,2020-12-08,1607403600,-0.25,44.766519327674466,50.954164667259704,47.22,48.69,46.79,48.22,1507818.0,47.04,47.97,47.04,47.89,1415774.0,2.826888692869062,-12.766333253320084,-2.1368413725899558,-7.948075450685593,0,15.189666847558186,13.349112426035504,30.584370854826275,0.1132542795284266,-3.160528710037596,3.1428856421485096,10.952925588626123,0.9589428768546399,0,0.02299424916600714,14.0,56.0,-42.0,-4.969722280225511,-6.072855814710735,-13.178323520340228,-0.08031994212133853,-0.017749008143662537,0.0016704948841093081,-0.017749008143662537,0.00969850305713682
2020-11-25,1606280400,2020-12-22,1608613200,0.25,44.766519327674466,50.56231958723814,48.27,48.27,46.66,46.94,1511657.0,46.93,47.24,46.56,46.58,847382.0,4.400170340567485,-2.839414651430502,3.410977529698016,-1.7800915986832564,1,7.6838514089477385,0.800692490802851,20.6727625939963,4.205868791431676,1.327710528198395,2.7523680328970963,2.4034378574379964,-0.5677279152064201,0,0.15588050633350692,-26.0,8.0,-34.0,0.780377844568477,-0.6643971537870073,-6.847975020698442,-0.40326674887714264,0.007513954486904284,0.014169171318162421,-0.0004293688278229624,-0.006399317406143412
2020-12-08,1607403600,2020-12-23,1608699600,-0.25,45.22937547340877,50.56231958723814,47.04,47.97,47.04,47.89,1415774.0,46.93,48.37,46.93,48.06,837034.0,1.1208059569960795,-5.800373164653209,0.16680538216120055,-4.768691912886695,1,11.603408787644113,-0.33181252592284655,21.0240625010273,2.802797285646278,-1.6877360363194356,2.743102280840181,2.0954171347350474,0.5600480543195374,0,0.16378526534627913,-30.0,8.0,-38.0,-2.3397836038285647,-3.3688095922206287,-9.335534481710994,-0.3141423551196163,-0.02351227632126518,0.006450270495214294,-0.02351227632126518,0.03177329325890943
2020-12-09,1607490000,2020-12-29,1609218000,0.25,45.22937547340877,50.22609222710251,48.11,48.54,47.7,47.8,1251077.0,47.74,47.76,46.71,47.26,744333.0,2.69365773463457,-3.19302294834597,2.0976160248272038,-2.6484694597263285,1,8.37314526630854,5.373467112597539,19.272337587826005,-3.7566313169751666,-0.0736205086621311,2.6693348706718747,1.210061410871738,-0.5198301267947958,0,0.0209082112018324,-42.0,-12.0,-30.0,-0.24968260685569987,-1.1565487667387373,-6.860535238071108,-0.2736856152563383,0.010156580617858735,0.010579771476936006,-0.011637748624629629,-0.0040042149631192014
2020-12-23,1608699600,2020-12-31,1609390800,-0.25,45.56858659353472,50.22609222710251,46.93,48.37,46.93,48.06,837034.0,48.11,48.17,47.63,48.08,609258.0,0.7791551722864796,-3.6348124102232333,0.7456322795341066,-3.713602329450893,1,10.53505846919795,4.817963810769569,19.68714671787554,-1.112145105255962,-1.839060863813316,2.524896585194321,1.1773364042802328,-0.42992602024744675,0,0.06097153797299088,46.0,84.0,-38.0,-1.4278286189683769,-2.306988192039256,-7.790725390867266,-0.1877567119873902,0.0006239600665558509,0.0018718801996673307,-0.009359400998335987,-0.002282631251296907
2020-12-24,1608786000,2021-01-06,1609909200,0.25,45.52059612678061,50.12878553750621,48.19,48.25,47.62,47.82,247845.0,47.21,48.07,46.82,47.35,1396540.0,2.4573051067201277,-2.6410432271002975,2.3488208377332,-2.4494896163322863,1,6.55847853930468,-0.1686696183849848,13.601458860055008,-0.6786312678278819,-0.4513569568373015,2.6942783110702977,-3.2489798945130914,0.9794881213341524,0,0.006256466489385934,34.0,80.0,-46.0,-0.09186906019007779,-0.8942662711033904,-5.785885269440968,-0.2846732321412042,-0.0029567053854276937,0.015205913410770933,-0.011193241816261912,0.011968369309681703
2020-12-30,1609304400,2021-01-26,1611637200,-0.25,45.52059612678061,50.269541753052415,47.3,48.56,47.26,48.19,922674.0,50.22,50.39,49.09,49.33,2519526.0,2.29980899966462,-5.865590471385673,0.9308061355497017,-4.654030677748494,1,7.975932983927869,3.1576746131325764,16.412884340014934,26.92456663502921,-0.9198787769807382,2.8106256230607003,-0.31762074583769007,-1.9855714789293202,0,0.11650232713622977,22.0,32.0,-10.0,-1.7828907358605335,-1.5635193393479625,-5.872879450415084,-0.034398829693249366,0.01804175957834997,0.021487938374214588,-0.00486519359416171,-0.007444668008048327
2021-01-04,1609736400,2021-02-05,1612501200,0.25,44.98154145566281,50.269541753052415,47.91,48.22,45.86,46.14,1136499.0,47.64,48.27,47.17,47.81,1083702.0,6.977274151153637,-6.5547683992188865,3.323572474377727,-2.844593181342816,0,2.9504651804562556,-1.5242018537590007,-3.9275738090516086,-0.01784025209654061,-0.42964450730454473,3.1120699692954923,-2.5464957917369127,0.8456597554924903,0,-0.1130864607530527,-10.0,-40.0,30.0,0.21125287596737508,-1.074213687772172,-3.02470518567398,-0.21999859372590155,-0.0035557414766785866,0.009621418113365365,-0.013386320853377986,0.01658515840952579
2021-01-07,1609995600,2021-02-11,1613019600,-0.25,44.98154145566281,50.56368982487129,46.8,48.67,46.46,48.55,1586196.0,49.09,50.41,49.0,50.38,1313916.0,2.271864227619801,-11.428275501935005,-1.796678576154548,-7.3187111287548134,0,9.586755804431903,3.470938591086475,6.535589092421261,7.034098228225147,-5.361737284260045,2.8365822968531877,-5.297900460036185,1.0570347748058238,0,-0.009887452834897894,50.0,36.0,14.0,-4.578205637157609,-4.663652941366664,-7.0514115200812455,0.27246289385603184,-0.025605398967844417,0.0005954743946008367,-0.027391822151647482,0.026905829596412634
2021-01-27,1611723600,2021-02-16,1613451600,0.75,44.98154145566281,53.051278522801184,48.25,49.68,45.37,45.65,2418150.0,50.68,51.17,50.41,51.03,846809.0,1.8645589356958112,-12.856132519862001,-2.9201776732640923,-8.113201384806331,0,11.249062467163604,4.805914972273575,12.003673107226255,-0.521300589440699,-6.963771539894097,2.6211357988211565,-5.066717127586944,0.6894797692680639,0,0.08218604764586962,50.0,43.99999999999999,6.000000000000007,-5.495786792083095,-4.8792469461148045,-7.631642601685897,0.39571046035645396,-0.006858710562414272,0.00274348422496562,-0.012149715853419618,0.007900454276120739
2021-02-08,1612760400,2021-02-22,1613970000,0.25,47.85308930599329,53.051278522801184,48.25,49.55,48.24,49.48,1201044.0,50.24,51.41,50.03,50.35,1624027.0,3.7151278331171653,-11.842238061518373,-1.2797087057265912,-6.610393909301564,0,7.414479166560035,1.7788558722458108,11.516351065346646,19.9241155061206,-2.710920631899569,2.8214576808876735,-7.587457530421332,1.3284525511059224,0,0.039011667081459526,34.0,44.0,-10.0,-4.063555114200611,-2.896693691894967,-5.658732085076892,0.13394738355798363,-0.0021847070506454402,0.021052631578947212,-0.006355511420059634,0.03218532185321843
2021-02-12,1613106000,2021-02-24,1614142800,-0.25,48.23418732512562,53.20169927133204,50.1,50.87,50.1,50.63,903331.0,51.76,53.63,51.75,53.2,1182030.0,0.1448600605961019,-17.404258556836737,-6.0037593984962285,-11.233082706766922,0,14.199193398865134,7.84512467058586,17.60945494062739,26.692358704012534,-6.281613536256785,2.8104579010017403,-6.326336496945721,0.973639021868514,0,0.17492352902949795,50.0,68.0,-18.0,-8.629699248120318,-6.835213816287094,-9.97893452143316,0.36391010455945716,-0.027067669172932463,0.008082706766917358,-0.027255639097744422,0.02445599845946478
2021-02-17,1613538000,2021-02-26,1614315600,0.25,47.641630659300546,53.20169927133204,51.07,51.07,50.34,50.52,1499235.0,50.17,50.78,49.12,50.08,1948168.0,6.719451638732821,-10.982630552470823,0.544129392971243,-4.837260383386578,0,3.96887440784802,7.306620955646018,14.1981814308631,7.398586097478358,0.5203124764965992,3.24677097219209,-7.681056533407919,-1.5781706813875584,0,0.052056991183189696,42.0,68.0,-26.0,-2.131589456868994,-0.8044112813854696,-4.017219039411032,0.11938400167486873,0.0017971246006389663,0.013977635782747688,-0.019169329073482455,-0.004571655734446511
2021-02-23,1614056400,2021-03-03,1614747600,-0.25,47.641630659300546,53.50254696253178,50.56,51.94,49.89,51.93,1490308.0,51.13,52.27,50.78,50.81,1295393.0,4.630249339150623,-8.269296770758586,0.7685494981302838,-4.4233418618382245,0,5.375030024112249,11.279018834866417,13.454947825540895,9.706551065843811,-0.1624205560045766,3.0793595915367376,-8.268664003712807,-1.047444799829743,0,-0.08912816813673635,30.0,68.0,-38.0,-1.8195237158039816,-1.5182937088839594,-4.7257957856076445,0.034520621378981486,0.0062979728399921164,0.028734501082464003,-0.0005904349537493303,-0.006841282251759062
2021-02-25,1614229200,2021-03-04,1614834000,0.25,47.612963465017025,53.50254696253178,53.02,53.4,50.11,50.31,1436514.0,50.9,51.19,48.58,49.74,1304024.0,6.2345229823648936,-4.909633557354823,3.4924943037126326,-2.1126524594558447,0,2.0399438918869848,7.989578810247503,11.494537867437565,2.0595962047954686,1.9724182451398917,3.295722601811938,-9.24091818054201,-1.087689516400788,0,-0.1679783047530593,26.0,68.0,-42.0,0.662444712505021,0.5430662649400801,-2.5713185070087974,-0.0747482588480688,0.023321270607157052,0.02915158825894637,-0.023321270607157274,-0.02105884668372371
2021-03-01,1614574800,2021-03-11,1615438800,-0.25,47.612963465017025,53.73050715902168,51.1,51.8,50.74,51.29,1324646.0,52.52,53.89,52.4,52.96,1610111.0,0.5544659960183367,-8.211188050399002,-0.707766868076547,-6.8595795568982965,1,9.180227694387817,7.949449653485524,13.86690932884129,14.939387845752208,-3.1243221384971633,3.294289021721146,-11.482443630423138,1.285914739954771,0,-0.08546236962153606,6.000000000000007,52.00000000000001,-46.0,-3.8283610271903257,-4.09024920569226,-7.297731191410421,0.09701670002675455,-0.008308157099697788,0.01756042296072513,-0.010574018126888296,0.009146341463414753
2021-03-04,1614834000,2021-03-15,1615780800,0.75,47.612963465017025,56.96414558060327,50.9,51.19,48.58,49.74,1304024.0,55.16,55.23,53.99,55.03,1319351.0,-0.6506234521457657,-12.638491576020698,-3.531104246168752,-9.68047731540372,0,13.477340381229347,8.69049970373296,19.12038295294788,21.70020830732308,-4.835967295504133,3.1922919014275575,-9.78090115341765,0.9690842561399063,0,0.05109268330721391,50.0,68.0,-18.0,-6.644557514083232,-6.337531614542129,-9.971271573003975,0.3299291809710517,0.0023623478102852147,0.003634381246592655,-0.018898782482282384,0.004197080291970856
2021-03-05,1614920400,2021-03-16,1615867200,0.25,50.56156382612734,56.96414558060327,50.55,51.9,48.58,51.64,1094923.0,54.87,54.87,53.22,53.65,1053393.0,2.410286604653521,-10.408422671755133,-0.6831314072693289,-7.156570363466912,0,8.922077842859757,5.134234763864389,19.13659286089402,16.790330597874913,-2.3021877240169033,3.281498739664839,-9.610650513553605,-0.7687183916827358,0,0.0008982967453386425,46.0,68.0,-21.999999999999996,-3.999068033550799,-3.554194230876334,-7.355311170242146,0.26972043283062863,0.022739981360671013,0.022739981360671013,-0.008014911463187335,-0.02507723060149014
2021-03-12,1615525200,2021-03-22,1616385600,-0.25,50.56156382612734,56.96414558060327,53.3,55.43,53.23,54.8,5814037.0,54.69,54.95,53.38,54.16,1022893.0,3.724430011934075,-9.651313320648953,0.4283604135893597,-6.491875923190548,0,8.63437551718124,7.5670307845084315,21.58795321145833,19.727078278161102,-1.3006905337803687,3.3161322642072886,-8.612632129589382,-0.7337887670740665,0,0.10176695893319739,38.0,76.0,-38.0,-2.963441654357439,-2.587550022669049,-6.8241070723532005,0.15844375141798817,0.009785819793205253,0.0145864106351552,-0.014401772525849177,-0.015988372093023284
2021-03-16,1615867200,2021-03-24,1616558400,0.25,50.40844978170059,56.89552596813785,54.87,54.87,53.22,53.65,1053393.0,52.73,53.93,52.31,52.32,864899.0,7.267019381044875,-6.536897056885849,4.087665647298678,-3.0854994903159962,0,2.856488007922934,-1.6541353383458695,15.468326431635768,18.911266660412693,2.6449102465839758,3.5485797037442146,-10.627658866221164,0.6220422214181158,0,0.08139968873430778,30.0,76.0,-46.0,0.365061162079499,0.621972363025904,-3.3026018525263936,-0.19345538079489266,0.007836391437308743,0.0307721712538227,-0.00019113149847094224,0.007510109763142703
2021-03-17,1615953600,2021-03-26,1616731200,-0.25,50.40844978170059,57.16285255069139,53.87,55.37,53.64,55.16,1297419.0,54.24,54.48,53.39,54.44,1007942.0,3.38739243766355,-9.011933216502669,0.46350722507959574,-6.1915258388439725,0,7.940011988483718,8.706070287539935,15.225531599218616,18.311956513301936,-0.9115036473737632,3.3955024092131616,-11.708964367624196,0.7271556988371981,0,0.15643695113649353,22.0,36.0,-14.0,-2.8122703894195524,-2.782338106480182,-6.561371026029363,-0.12543365607898527,-0.0036737692872886862,0.0007347538574578039,-0.019287288758265908,0.009831200148395558
2021-03-23,1616472000,2021-03-29,1616990400,0.25,50.40844978170059,57.16285255069139,53.62,54.03,51.67,51.93,1344099.0,54.35,55.16,53.56,53.7,1205820.0,4.909078055832111,-7.406284759742746,2.1648044692737187,-4.682495344506506,0,5.649281374528911,4.698771690387997,14.393210671209719,23.024697682663287,0.7048436020109108,3.409237782719257,-12.52726692490928,-0.8703294693116583,0,0.15635690336168656,18.0,36.0,-18.0,-1.2486033519553104,-1.3052578201816658,-5.066948148462728,-0.14769230973551783,0.012104283054003684,0.027188081936685204,-0.0026070763500931626,-0.013592946362968261
2021-03-25,1616644800,2021-04-01,1617249600,-0.25,50.435137918245246,57.16285255069139,51.93,54.03,51.47,53.91,1016407.0,55.72,56.79,55.52,56.76,1038252.0,0.3095892161077103,-10.656664621322633,-2.0839206013624647,-8.481031242659142,0,12.421098715561321,14.113389626055481,18.201107693229833,17.201655739413397,-3.9922131748955394,3.1577071702065633,-12.5306233611675,0.733157972687978,0,0.1004281026326113,50.0,80.0,-30.0,-5.173537702607462,-5.290654098197194,-9.207089565734108,0.11260769658228575,-0.018322762508809043,0.0005285412262157063,-0.021846370683579863,0.017022039061100003
2021-03-29,1616990400,2021-04-05,1617595200,0.75,50.435137918245246,60.13721869699525,54.35,55.16,53.56,53.7,1205820.0,57.2,57.74,56.98,57.28,895366.0,0.19624694707080437,-11.28039499176353,-2.6178421787709425,-8.509951117318451,0,13.47666730464902,10.921766072811776,20.20995508870074,16.51386252404778,-4.652893687834322,3.0277446213487873,-11.724886571197999,0.6315338979275507,0,0.04345584359324642,50.0,84.0,-34.0,-5.542074022346355,-5.564688917979993,-9.637941513241572,0.19556341048221815,-0.0013966480446927498,0.0080307262569832,-0.005237430167597812,0.009161381254404466
2021-03-30,1617076800,2021-04-07,1617768000,0.25,53.73050715902168,60.13721869699525,53.96,55.27,53.52,55.02,1660764.0,56.79,56.85,56.25,56.8,899388.0,1.5032737521607515,-9.08425966765374,-1.044014084507026,-6.698943661971825,0,11.56816339821632,11.965306524738814,21.61283276581873,10.296853069228852,-3.362204541027751,2.8377889491354464,-11.240426264847637,0.6479772099181519,0,0.007507970663892475,42.0,84.0,-42.0,-3.790492957746494,-3.9307704409434336,-8.204544548130357,0.16810707176375406,-0.0001760563380280855,0.0008802816901409827,-0.009683098591549255,0.003356297473944503
2021-04-05,1617595200,2021-04-22,1619064000,-0.25,53.97403319780402,60.13721869699525,57.2,57.74,56.98,57.28,895366.0,59.08,59.64,58.34,58.81,1078927.0,2.373421301353119,-8.448918665746945,-0.960437567307153,-5.417162614067905,0,12.652573691693831,12.404434250764531,27.15361764787307,11.344188391104744,-1.6396552147103165,2.556356387860134,-5.8893481380782156,-0.8095140042343073,0,0.1199484414523762,46.0,80.0,-34.0,-3.03774868219692,-2.9827516635479157,-7.652400695274892,-0.03409136652288991,0.004591055942866795,0.0141132460465907,-0.007991838122768269,-0.001866938221317005
2021-04-06,1617681600,2021-04-28,1619582400,0.75,53.97403319780402,62.667280108781355,56.85,57.64,56.53,56.61,1086800.0,60.71,61.6,60.46,61.45,1566613.0,-0.34319306127837024,-9.829304904547513,-3.269053430973699,-7.111201518850024,0,18.803407396642257,11.68665939658306,33.734565833805796,24.03598879303192,-4.2190918466856715,2.3085217301713885,-2.5313285076997545,1.166233530065803,0,0.2370764078691406,50.0,96.0,-46.0,-5.086248982912949,-5.127180034186992,-10.059509150595431,0.15575599327576795,-0.012042310821806401,0.0024410089503661414,-0.0161106590724166,0.009196912465101015
2021-04-08,1617854400,2021-05-04,1620100800,0.75,57.015492882599794,65.26977485982803,58.46,58.47,56.99,57.61,1768850.0,65.05,65.46,64.03,65.19,1422074.0,-0.3762109590639966,-15.971388365985845,-6.43835966661554,-10.34693460142148,0,25.55521639697575,15.156332803391622,46.49882516275613,34.44357241072828,-6.370716195798323,2.2537280724465605,5.31431489813934,-1.0293415701080633,0,0.32451611401981023,46.0,92.0,-46.0,-8.173799662524928,-7.481337809577184,-13.161352027568455,0.4793974628239903,-0.0021475686454978105,0.004141739530602706,-0.017794140205552922,-0.0007664009809932315
2021-04-23,1619150400,2021-05-11,1620705600,0.75,59.92432291693901,67.90416091211469,58.81,60.34,58.55,60.14,983606.0,66.87,67.45,65.71,66.81,1614374.0,3.649108446942151,-17.510805797638156,-5.074839095943744,-9.244873521927857,0,24.446931052035083,15.929203539823009,57.01343583346484,41.554430146083774,-4.296526137466344,2.305019176651619,14.332328216452268,-1.1714398141479063,0,0.4183364146664272,42.0,88.0,-46.0,-6.9308486753480025,-5.786415887270891,-12.459133964428673,0.3889169940972499,0.0008980691513247319,0.0095794042807964,-0.016464601107618715,-0.013437684583579412
2021-04-29,1619668800,2021-05-12,1620792000,0.25,62.28951703847445,67.90416091211469,62.46,63.25,61.56,62.84,1494938.0,66.61,67.0,63.84,64.0,1513043.0,8.344749385328143,-13.1416243853281,-0.24062499999999432,-4.900000000000006,0,12.179450676162965,9.795848344484476,50.41108749938189,34.27024341842147,0.43715540765991534,2.5870293588138726,13.049367893340552,-1.0885500750963095,0,0.35730691811732496,38.0,84.0,-46.0,-2.398437499999986,-1.4927220707907622,-8.277678390934582,0.08591053625103129,0.04078124999999999,0.046875,-0.0024999999999999467,-0.04205957192037124
2021-05-05,1620187200,2021-05-28,1622174400,-0.25,62.28951703847445,68.46529997965636,64.98,65.71,64.32,65.38,1325126.0,68.19,68.56,67.78,68.14,1588588.0,1.0584761261622049,-5.346706240632415,0.07973779473633158,-4.661970452988939,1,15.492935086976473,6.585327702174254,29.835677801383675,12.95595520079437,-1.8602059838507614,2.2342954321052577,2.3574638035789555,-1.0968842823912146,0,0.17135620935652826,46.0,92.0,-46.0,-2.144115057235112,-3.259514358447717,-9.161271760128216,-0.22136409788621592,0.0007337833871441379,0.006163780452010492,-0.00528324038743766,-0.0008797653958945162
2021-05-12,1620792000,2021-06-01,1622520000,0.75,62.28951703847445,71.15782172494312,66.61,67.0,63.84,64.0,1513043.0,68.67,69.29,68.4,68.73,1892881.0,0.5450699939349306,-6.005567593236535,-0.5521606285464884,-5.135312090790052,1,16.746554041874802,5.349478847332939,30.39431448762948,19.558083489404382,-2.480110217721972,2.1764082846620103,2.754298635776866,1.3229115270745588,0,0.13459201847723157,50.0,96.0,-46.0,-2.730248799650795,-3.7004447072449977,-9.551214564813634,-0.16790058500262717,-0.0008729812309035134,0.008147824821766347,-0.004801396769969379,0.008658643968300517
2021-05-13,1620878400,2021-06-03,1622692800,0.25,65.26977485982803,71.15782172494312,64.08,66.9,63.57,66.39,1214978.0,67.83,68.44,67.43,68.06,2237609.0,1.7352448013236028,-4.441680299413548,0.8463120775785882,-3.7143696738172025,1,13.93516455766246,4.099112878556144,29.38366147681391,11.590809338779138,-1.0316667302734714,2.1326311340994573,1.8520822189698016,-1.527874377220943,0,0.16652803111247805,42.0,88.0,-46.0,-1.3532177490449726,-2.232880247292485,-7.985995801204524,-0.2003714321941199,-0.0033793711431090445,0.00558330884513647,-0.00925653834851592,-0.0023453532688361145
2021-06-01,1622520000,2021-06-09,1623211200,-0.25,65.79152978760438,71.15782172494312,68.67,69.29,68.4,68.73,1892881.0,69.27,69.59,68.61,68.73,2410047.0,2.2345733229512774,-5.72940818400177,0.2934186914981325,-3.8736117173480835,0,12.84121869999425,2.873821284238889,30.276709261233826,19.561832998989942,-1.0007342213392008,1.9988480752154043,2.556914599534789,-1.563081158131048,0,0.14260719862462595,46.0,72.0,-26.0,-1.7474174305252603,-1.8769955441659505,-7.453650826034419,-0.12728168929613726,0.007856831078131732,0.012512730976284026,-0.0017459624618071379,-0.017300543322848028
2021-06-02,1622606400,2021-06-16,1623816000,0.25,65.79152978760438,71.0353263187216,68.9,68.9,67.55,68.22,1813356.0,67.93,68.48,67.09,67.5,1380865.0,3.5534314003555494,-2.483801770725904,2.3555555555555543,-1.3881481481481472,0,6.1810804536616715,2.179836512261577,18.219258241296853,0.3116882521544895,1.2461975388497137,2.1596725253479647,-3.676107287012975,-0.8614803333572317,0,0.17932758555695796,26.0,72.0,-46.0,0.5348148148148084,0.08164708927411368,-4.65777048817084,-0.39243994164434337,0.006370370370370582,0.014518518518518597,-0.0060740740740740096,-0.012869260017548956
2021-06-04,1622779200,2021-06-23,1624420800,-0.75,63.08836131259159,71.0353263187216,68.42,68.94,67.82,68.77,1748287.0,65.77,66.47,65.07,65.75,1489399.0,7.464467698607976,-2.151920170090875,4.673003802281372,0.5832699619771802,0,0.6829873301513913,-1.2317860898302437,0.2108541913437695,-13.940058545400682,2.071082477902479,2.444121602741698,-6.309228103960358,0.8820230436166197,0,-0.03482859191197411,6.000000000000007,-31.999999999999993,38.0,2.6562737642585432,1.3302200816244607,-1.8986779161692908,-0.5745484005607541,0.00030418250950559056,0.010950570342205257,-0.010342205323193965,0.007045489355184564
2021-06-10,1623297600,2021-07-16,1626408000,-0.25,63.08836131259159,68.7869370595097,69.39,69.39,67.5,67.91,1421930.0,68.31,68.54,65.64,65.98,1884153.0,4.771343351254217,-2.5009583861132967,3.5394564009295806,-1.2316863696069476,1,-1.3203405190403572,1.0258765885775558,-0.6545651979873324,-2.907096935711216,1.9874133694661964,2.6556114908897177,-13.66195733231296,-1.1115862172897184,0,-0.05408313484609955,10.0,36.0,-26.0,1.1351924825704742,1.385618446576899,-0.3969596801898376,-0.1852126519923419,0.0353137314337677,0.03879963625341021,-0.005153076689906055,-0.009309309309309177
2021-06-17,1623902400,2021-07-19,1626667200,0.25,62.613017879330705,68.7869370595097,67.73,67.84,64.72,65.31,1586445.0,64.05,64.51,62.99,63.26,1583271.0,9.377994259575061,1.5435991643895477,8.01111813678996,2.9605332490251897,1,-8.83151237555736,-0.45633359559401915,-5.29864456926773,-4.064528868662556,5.953026519328205,2.909561673135526,-13.042728381745443,-0.9344727314115403,0,-0.14029059484529796,6.000000000000007,-43.99999999999999,50.0,5.460796711982297,5.197777123133363,3.7333077355057327,-0.3719678562342872,0.012488144166930226,0.019759721783117357,-0.004268099905153311,-0.04122461351924833
2021-06-24,1624507200,2021-08-02,1627876800,-0.25,62.613017879330705,69.4807758451222,66.17,66.71,65.35,66.4,934511.0,69.3,71.98,69.29,69.38,1801660.0,0.9692344047339958,-6.848450317100699,-0.36345728836360536,-5.534976458153167,1,7.4485934560943505,0.945729666812151,8.885878302199757,14.737181806978327,-2.8265234985055656,2.7460604067751735,-12.238419954003728,1.0962391172258967,0,0.00699553901378666,50.0,40.0,10.0,-2.9396079561833375,-2.3517178594057384,-4.123995620778743,0.24944029955541813,-0.0011530700490054446,0.03747477659267817,-0.0012972038051309864,0.009898107714701565
2021-07-19,1626667200,2021-08-10,1628568000,0.75,62.613017879330705,73.12035234649093,64.05,64.51,62.99,63.26,1583271.0,71.81,73.45,71.72,72.91,1314780.0,0.6917505338042815,-12.181258145928837,-3.240753440314535,-8.449915420838465,0,13.284421208273109,9.82075613797258,21.104324492448583,22.96152553379801,-4.211391065065385,2.6408424195909315,-9.159566474782636,0.8410800814711167,0,0.09403640039302925,50.0,64.0,-14.0,-5.744753806062278,-4.618287900656043,-7.26529524274045,0.4548387754667301,-0.01508709367713612,0.007406391441503235,-0.016321492250719993,0.013906271728549635
2021-07-20,1626753600,2021-08-16,1629086400,0.75,65.92607756529667,76.5995847800692,63.85,66.98,63.4,66.77,1729272.0,73.06,74.1,72.27,73.26,760782.0,2.414378079435025,-10.338211003267958,-1.711484211484219,-6.6132041132041195,0,12.452017223420263,15.807777426493846,27.174791639807772,27.069506260510323,-3.144114853791379,2.4814702437029976,-5.37113569388281,-0.5130330747463178,0,0.14309898576992744,38.0,68.0,-30.0,-3.9619164619164735,-3.212399657971133,-6.47972031819252,0.3422311335257766,-0.0027300027300027896,0.011466011466011228,-0.013513513513513598,-0.0032653061224489077
2021-08-03,1627963200,2021-08-18,1629259200,0.25,69.4807758451222,76.5995847800692,69.65,71.44,67.9,71.35,1900616.0,71.43,72.17,70.99,71.1,692383.0,5.532447085939879,-6.524008267374498,1.8169245194561938,-2.9819503047350935,0,4.8773460545452,4.023408924652524,22.467678140421015,24.604103895711916,0.4558018705744331,2.5330760210591725,-7.104949813497846,-0.4812318113158003,0,0.05825042382024007,30.0,68.0,-38.0,-0.4957805907173167,-0.13541286803135222,-3.32065861034944,-0.02096960779343293,0.004641350210970563,0.015049226441631536,-0.0015471167369901506,-0.010025062656641603
2021-08-11,1628654400,2021-08-19,1629345600,-0.75,66.54440617896726,76.5995847800692,72.96,74.17,72.14,74.12,1297736.0,70.25,71.09,69.25,69.52,1383153.0,7.8104566245143445,-4.038880099773252,4.338799386267738,-0.6856540084388314,0,0.04273705978877729,2.4613117170228476,17.908110568509656,16.75528696652077,2.9428431809179045,2.5956787011599878,-7.686753081150911,-0.9752640187649656,0,-0.059966252819957815,26.0,68.0,-42.0,1.8857882623705535,1.9309761881311545,-1.079345916141051,-0.24705536393464667,0.01050057537399307,0.02258342922899903,-0.003883774453394606,-0.022222222222222254
2021-08-17,1629172800,2021-08-24,1629777600,-0.25,66.54440617896726,73.12035234649093,72.67,73.01,71.01,71.82,904074.0,71.25,72.7,71.25,72.28,805524.0,3.3726818140573442,-5.97367794023333,0.9952038369304574,-3.7571481276517176,0,7.327059195727934,5.749817117776162,14.19325323313673,11.054581566366494,-0.48411553655955686,2.402636736026458,-9.701278583975734,0.5963478303898417,0,0.13490297192033754,14.0,52.0,-38.0,-1.3004980630879857,-1.7629699698659351,-4.447881718598694,-0.2474861611213104,-0.014250138350857755,0.005810736026563346,-0.014250138350857755,0.01573917931422164
2021-08-19,1629345600,2021-08-25,1629864000,0.75,66.54440617896726,76.109871462794,70.25,71.09,69.25,69.52,1383153.0,72.45,73.48,71.9,73.17,986620.0,2.2450945731301744,-6.6485386075705435,0.05238941278302889,-4.668124459022366,0,9.438018467217432,6.3672045355429505,15.2101787382903,9.928010489315753,-1.5119266104974827,2.3581225547549747,-9.685864572472296,0.7346821504480592,0,0.1600903590508051,10.0,52.0,-42.0,-2.2017220172201775,-2.6761695978811986,-5.390120680659152,-0.14132624059123633,-0.009840098400983988,0.004236709033756947,-0.017356840235069004,0.01231322634200338
2021-08-20,1629432000,2021-09-01,1630468800,0.25,69.79253467845082,76.109871462794,69.54,70.71,69.19,70.64,1464442.0,72.37,72.64,71.13,71.62,1012970.0,3.851092052100128,-2.433890153189239,2.808107604952042,-1.3708926742995544,1,3.4868487020717893,2.63685869876756,10.639435182208928,3.2561272081800965,0.4271583077980239,2.3441761741113334,-11.38890966473329,-0.7846600171177142,0,-0.2283553731115067,-10.0,32.0,-42.0,0.7086009494554446,-0.18412854143787172,-2.6623998679746563,-0.18496252902380672,0.010471935213627548,0.014241831890533296,-0.006841664339570119,-0.009952999723527811
2021-08-25,1629864000,2021-09-02,1630555200,-0.25,69.8899928854318,76.109871462794,72.45,73.48,71.9,73.17,986620.0,71.71,73.25,71.71,73.05,1137211.0,1.9403284060417292,-4.231909514871305,0.877937485740361,-3.185033082363674,1,6.973326577787439,2.3969722455845157,11.207739868755905,9.237557631120737,-1.5911990546794925,2.293506080637624,-11.528919795533241,0.885731465204689,0,-0.13763525988486905,-14.0,32.0,-46.0,-1.1457905544147877,-1.9344600479891767,-4.388713840553166,-0.11096586686865084,-0.01834360027378512,0.002737850787132068,-0.01834360027378512,0.01996648980731619
2021-08-26,1629950400,2021-09-13,1631505600,0.25,69.8899928854318,76.01981371625882,72.99,73.17,71.38,71.42,955149.0,71.04,71.57,69.87,70.57,1195578.0,4.222943991161699,-1.3775422623817377,3.6257144206698086,-0.49501676822067964,1,-0.1983001479861315,-3.9863945578231386,2.213357424185015,1.310722435997036,1.7429999906303664,2.2201362436164973,-14.185689157919906,0.9430751985842442,0,-0.2328310669963959,-38.0,-24.0,-14.0,1.4227008643899808,1.0435860878333472,-0.6933026350297951,-0.33110460278582243,0.006660053847244107,0.014170327334561472,-0.009919229134192853,0.00455516014234858
2021-09-02,1630555200,2021-09-14,1631592000,-0.75,67.23662126131362,76.01981371625882,71.71,73.25,71.71,73.05,1137211.0,70.86,71.03,69.33,69.54,1347610.0,5.542703154323107,-0.2277764934085269,4.9180327868852345,0.7549611734253574,1,-3.1850858469749994,-5.077805077805076,-0.09798174851934888,-4.463998277106263,3.0408786840361017,2.266706922281329,-13.977229193374466,-1.0551492577257007,0,-0.29908837456145126,-42.0,-24.0,-18.0,2.65746333045729,2.298280903179787,0.7470966122619274,-0.3836667307563584,0.018981880931837614,0.021426517112453247,-0.0030198446937015344,-0.014595437154598101
2021-09-03,1630641600,2021-09-15,1631678400,-0.25,67.23662126131362,73.00408257082842,72.68,72.83,72.04,72.22,738903.0,69.55,70.16,68.91,70.16,1589796.0,4.5746059479481005,-1.3106378749720449,3.7804066894716755,-0.23897757506651374,1,-1.2380093917598813,-2.311333890281254,-1.2024480095202623,-11.02438360001019,1.8159959725934556,2.213459431382114,-13.47327602965468,1.247518375400238,0,-0.2378796323951148,-46.0,-24.000000000000004,-21.999999999999996,1.631984036488035,1.261488452337062,-0.13758417107727894,-0.36023501162436417,-0.008694412770809623,0.0,-0.017816419612314727,0.008915731952832795
2021-09-14,1631592000,2021-09-22,1632283200,0.25,67.19795097813231,72.86923729677544,70.86,71.03,69.33,69.54,1347610.0,68.18,70.0,68.18,69.36,1211312.0,6.613881621609764,-2.8883914255313243,4.181564782775851,-0.19559784698192573,0,-2.0885685364085163,-4.039845047039294,-10.954661918721511,-22.889219091895697,0.6246918407084792,2.437199750332848,-7.978170487927223,0.9116560388128463,0,-0.06606724500586737,-26.0,-72.0,46.0,1.8627450980392126,0.9039830626992824,0.5635320562391826,-0.3687415095653741,-0.017012687427912287,0.009227220299884653,-0.017012687427912287,0.028164838422769067
2021-09-15,1631678400,2021-09-29,1632888000,-0.25,67.19795097813231,73.18992771263176,69.55,70.16,68.91,70.16,1589796.0,72.58,72.65,71.05,71.3,1267412.0,3.0238429172473076,-5.357643758762023,1.1005142589995245,-3.2487143525011675,0,2.7389558972274486,-1.4376555156206887,0.7616972016597783,-18.97446674813017,-2.064961265961742,2.3853941559250424,-10.544454286038276,-0.9737303349668247,0,-0.09814649819288424,-46.0,-72.0,26.0,-1.166900420757358,-0.9946773472271673,-1.727797454459406,0.2479356963799655,0.017952314165497807,0.018934081346423604,-0.003506311360448766,-0.009584664536741228
2021-09-16,1631764800,2021-09-30,1632974400,0.25,66.89687556605128,73.18992771263176,70.31,70.5,68.32,68.34,1151810.0,71.67,72.07,69.47,69.51,1436731.0,5.494569393293716,-3.0416849162400723,3.678367620965801,-0.9396729487363871,0,-2.3633311011609948,-2.94610444010053,-0.6778669286678467,-18.60622177073286,0.4065805861605014,2.5392254384024096,-11.183455746978188,-1.0973315019563348,0,-0.09024356303406268,-26.0,-48.0,22.0,1.2264422385268148,1.4067935396149522,0.7713924737462179,0.12231621771520357,0.031074665515752997,0.03682923320385534,-0.0005754567688103229,-0.025105189340813405
2021-09-23,1632369600,2021-10-01,1633060800,-0.25,66.89687556605128,73.28628687094762,69.76,71.62,69.7,70.96,1129265.0,70.28,71.35,69.31,70.73,2307121.0,3.1443138360329783,-4.511484767745145,1.7694047787360319,-2.839671992082586,0,1.0352679561722198,-3.175906913073228,-0.2901871572706475,-9.426580329466475,-1.2925873025017864,2.523197151040747,-11.667508832372942,1.7262382412453858,1,-0.0337923980285196,-30.0,-48.0,18.0,-0.6835854658560834,-0.30973712250202823,-0.9288692288390337,0.11640870046708884,-0.006362222536406059,0.008765728827937025,-0.020076346670436895,0.017551431448712407
2021-09-30,1632974400,2021-10-04,1633320000,0.25,66.80426208782958,73.28628687094762,71.67,72.07,69.47,69.51,1436731.0,70.41,71.65,69.42,69.74,1234360.0,4.215789562064501,-3.1188581023570094,3.167240225599869,-1.7137462957652048,1,-1.645512270439177,-3.433951813901972,-1.1834494673926663,-9.22188734096013,0.13253321143076846,2.604627953224689,-12.359095224040912,-0.9173767003976537,0,-0.027691136077628298,-34.0,-48.0,14.0,0.5484657298537456,1.0001458295323005,0.4587776707790141,0.044541647232232334,0.009607112130771478,0.027387439059363583,-0.004588471465442945,-0.013996889580093486
2021-10-01,1633060800,2021-10-14,1634184000,-0.25,66.80426208782958,73.38514224358204,70.28,71.35,69.31,70.73,2307121.0,71.9,73.01,71.45,72.86,978721.0,1.032815107123426,-7.085518922660071,-0.5485405801079537,-5.57050050324824,0,5.938321694652892,6.6139888791337365,5.0463998253544755,-7.618302389741551,-2.263726670609614,2.539963328403953,-14.740036594374246,0.7673782110192269,0,0.029881280132398026,30.0,48.0,-18.0,-3.0263519077683156,-2.435865731013493,-3.273788296539621,0.17494119262545782,-0.013175953884161373,0.0020587427944003256,-0.019352182267362017,0.022740033688938954
2021-10-04,1633320000,2021-10-15,1634270400,0.75,66.80426208782958,76.66345969909331,70.41,71.65,69.42,69.74,1234360.0,73.53,74.3,73.36,73.64,1515595.0,0.3905599775881967,-7.754764214415985,-1.2223881948216615,-6.195229042187222,0,7.792095004181753,8.02405750330057,7.419966865985754,-7.853260297751028,-3.120879699697099,2.4732312266214556,-14.290512175658302,1.1867606623468103,0,-0.038855087409692866,50.0,72.0,-21.999999999999996,-3.6821021184139084,-3.138864984138536,-4.1297575244187215,0.2674316013706434,-0.001493753394894104,0.008962520369364402,-0.0038022813688213253,0.010705462530881116
2021-10-05,1633406400,2021-10-19,1634616000,0.25,70.0739036500716,76.66345969909331,70.02,71.03,68.89,70.29,1716579.0,73.27,73.34,72.41,73.03,676583.0,1.1286729291515059,-5.492632945583125,0.15997991692910318,-4.551782372540941,1,5.791472120896536,8.256744737622308,9.286097414428413,-2.973437824228469,-2.1823705228883483,2.372994487329801,-15.031752713779724,0.5327575795252795,0,0.06396024528962811,42.0,72.0,-30.0,-2.1819800082158167,-1.9225073003868403,-3.0797092344261756,0.25044595318866475,0.0032863206901272424,0.004244830891414475,-0.008489661782829061,0.0017832647462276974
2021-10-15,1634270400,2021-10-25,1635134400,-0.25,70.15456174917871,76.66345969909331,73.53,74.3,73.36,73.64,1515595.0,74.32,74.32,73.9,73.95,118557.0,1.600462386645134,-6.582206808551874,-0.3060626549470271,-4.704980842911894,0,7.383357015825666,2.1408839779005486,15.073618741764472,14.118315215671032,-1.8394165622680134,2.1302029707760317,-12.923504051795458,-0.09507012978748272,0,0.22477230707238288,42.0,88.0,-46.0,-2.49087221095337,-1.984787985546859,-3.5961155925152752,0.2637594225962361,0.0050033806626097466,0.0050033806626097466,-0.0006761325219742931,-0.004710632570659401
2021-10-18,1634529600,2021-10-26,1635220800,0.25,70.15456174917871,76.49258154742981,73.14,73.27,72.19,72.9,1295911.0,73.62,73.82,72.12,72.15,1257203.0,4.145665536203154,-4.2399136304512695,2.217140217140212,-2.2873642873642837,0,1.3737774188908602,0.22225309070705765,12.903731847378427,5.146760580141816,0.8790865808161072,2.2085641282601105,-13.732035109542974,-1.0001803852683742,0,0.053859598632275095,38.0,84.0,-46.0,-0.04712404712405771,0.41664101963986866,-1.1443220565158896,0.09511499213384589,0.02037422037422032,0.023146223146222944,-0.00041580041580047133,-0.024340770791074995
2021-10-20,1634702400,2021-10-27,1635307200,-0.75,67.63106507922289,76.49258154742981,73.04,74.15,72.51,74.14,918160.0,72.15,72.15,70.42,70.44,1666181.0,6.710585819041228,-2.0740156884335903,4.660704145371938,0.028392958546263003,0,-3.496399308840857,-1.206171107994389,8.757826600469128,-5.730658359752454,3.032031508578285,2.2760228807714484,-13.56617560127023,-1.3096658561140133,0,-0.10968322722882368,34.0,60.0,-26.0,2.318285065303826,2.5825101685820897,1.2062612089545297,-0.13099141592057184,0.02427597955706995,0.02427597955706995,-0.00028392958546274993,-0.023700623700623757
2021-10-26,1635220800,2021-10-29,1635480000,-0.25,67.63106507922289,73.57327958898496,73.62,73.82,72.12,72.15,1257203.0,71.78,73.92,71.78,73.54,1239093.0,2.2492666003722093,-5.455684876140495,0.5620523977880367,-3.8967455353095914,0,4.825617536155804,3.972854517178004,8.342155955518013,9.965237137677654,-1.2173284412784255,2.3518781768730888,-14.817478019591814,0.9584200964573171,0,0.08108782423325447,26.0,60.0,-34.0,-1.6032091378841358,-1.552327859111756,-2.8800210208653994,-0.07965021450448106,-0.023932553712265547,0.005167255915148106,-0.023932553712265547,0.014904775048302676
2021-10-27,1635307200,2021-11-02,1635825600,0.75,67.63106507922289,76.59656289925466,72.15,72.15,70.42,70.44,1666181.0,74.05,75.23,73.69,75.01,1268296.0,0.632330702548316,-6.460886895055992,-0.9794249655601561,-5.11087410567481,0,8.263145706794553,6.715037700953191,11.265755467650141,24.485346821281723,-2.4793586358416064,2.2258769218869277,-14.919320733237425,0.9684992025491547,0,0.1983003507188963,50.0,92.0,-42.0,-2.914278096253838,-2.9339128740212885,-4.452180882326218,0.1003413477786339,-0.012798293560858709,0.0029329422743633593,-0.0175976536461806,0.009827679052234917
2021-10-28,1635393600,2021-11-03,1635912000,0.75,70.51688001021063,79.71765922290558,70.79,73.37,70.71,72.46,1868001.0,74.91,77.02,74.45,76.85,2707789.0,-0.8459944293729791,-8.927590476287392,-3.0117111255692777,-6.997397527651259,0,12.155438858800999,7.572788353863377,14.511296839385897,27.019309998887806,-4.201930218502909,2.2562685777856673,-13.815686605560119,2.0093520811289403,1,0.26407967723414855,50.0,96.0,-46.0,-4.886792452830193,-4.757185171438707,-6.475549851679759,0.2659587610230085,-0.025243981782693492,0.0022121014964215924,-0.03122966818477546,0.024530062658312035
2021-11-01,1635739200,2021-11-04,1635998400,0.25,73.48883059872168,79.71765922290558,73.69,74.28,73.25,74.28,1908519.0,76.67,77.27,75.64,75.7,1341638.0,1.103496939197484,-7.629256516476261,-1.3003082342580257,-5.367679436371645,0,8.562406286442915,3.712837374982886,15.4790460905463,26.85671211663636,-2.5126454830778755,2.280737047213408,-12.679361433460176,-0.9903627939563538,0,0.23217977494970307,46.0,88.0,-42.0,-3.262879788639381,-2.9950329798554662,-4.856542673343682,0.27610064811866053,0.01281373844121525,0.02073976221928664,-0.0007926023778072055,-0.014964216005204811
2021-11-03,1635912000,2021-11-05,1636084800,-0.25,73.48883059872168,79.73560003546388,74.91,77.02,74.45,76.85,2707789.0,76.84,77.67,76.44,77.11,1359922.0,0.026306548898304527,-9.38825700927957,-2.802273807979944,-6.758959062810703,0,11.43930478349266,7.54532775453277,17.57404540702849,33.95997367579896,-3.8884807949094977,2.2615867204204707,-11.442629641316268,0.9978962846278498,0,0.21579054688060825,50.0,96.0,-46.0,-4.680975230190626,-4.314650026817674,-6.337616427317656,0.35100576315228693,-0.003501491375956345,0.007262352483465184,-0.008688886007003016,0.0186261558784675
2021-11-04,1635998400,2021-11-11,1636606800,0.25,73.37317127277468,79.73560003546388,76.67,77.27,75.64,75.7,1341638.0,75.07,76.6,75.07,76.54,1414664.0,1.5125276452967427,-7.178845910256271,-0.9104172110443329,-4.873051127950518,0,8.305607509198431,5.050782322261881,16.675994283965352,15.301840560428815,-2.4783479909905566,2.242743250842845,-11.153833853838847,1.0522434032805272,0,0.14118831825754255,34.0,27.999999999999993,6.000000000000007,-2.83315913247975,-2.704630678855665,-4.938576147261557,0.1325854655039045,-0.01920564410765635,0.0007839038411285859,-0.01920564410765635,0.020533333333333514
2021-11-05,1636084800,2021-11-12,1636693200,-0.25,73.37317127277468,79.73560003546388,76.84,77.67,76.44,77.11,1359922.0,76.48,76.94,76.32,76.7,736401.0,1.6701182850919594,-7.342869262927692,-0.9498044328552737,-4.862451108213818,0,8.642998537216172,4.155350353068988,17.134679177063877,16.93398635636251,-2.584457566326421,2.1359418787983318,-10.986716329601093,0.5510290933238636,0,0.14934639533906427,30.0,28.0,2.0,-2.8363754889178665,-2.6306799596651302,-4.935432752322129,0.13145174157025097,-0.002868318122555391,0.0031290743155150125,-0.004954367666232251,0.0020904102430101545
2021-11-08,1636347600,2021-11-24,1637730000,0.25,73.37317127277468,79.54544425712363,77.6,77.8,75.4,75.74,1593610.0,75.19,75.54,74.92,74.99,995622.0,3.5723567132213816,-2.3628621139414605,2.620571631773146,-1.5213139529714965,1,2.648684480136211,6.459398069278816,10.643225784153541,-18.365135409169042,1.1850573602867058,2.07085836981684,-14.106466229377435,-0.7787051345802841,0,-0.0849807378255025,-2.0,28.0,-30.0,0.6047472996399534,0.1626522008554474,-1.8338299489350902,-0.19830742691805248,0.002667022269635888,0.00733431124149897,-0.0009334577943724831,-0.010294311732875872
2021-11-12,1636693200,2021-11-30,1638248400,-0.75,70.46426459682631,79.54544425712363,76.48,76.94,76.32,76.7,736401.0,71.92,72.46,70.18,70.5,2679310.0,11.242719530359139,2.089195363257872,8.96335697399526,4.3591016548463415,0,-9.13614251383192,-5.088852988691439,-2.6544219545335466,-20.161700777973167,5.462414472351469,2.6441452718409977,-9.629598696828538,-2.126197428847842,-1,-0.12667618143968798,-14.0,28.0,-42.0,6.665957446808505,5.2993989162369814,4.122910377679773,-0.6647434082239575,0.020141843971631213,0.027801418439716175,-0.004539007092198455,-0.027317880794701987
2021-11-15,1636952400,2021-12-01,1638334800,-0.75,66.91780284328624,76.59656289925466,77.13,77.27,75.93,76.25,719523.0,72.06,72.17,68.82,68.86,1901258.0,14.931917101370715,2.5876878942726194,11.349114144641277,6.372349695033421,0,-12.543244989007292,-8.198906812425017,-8.578341407374806,-21.311709397732443,7.1575361306648375,2.861249680140114,-7.828902820183281,-1.4939477787987525,-1,-0.17602854669235002,-18.0,-68.0,50.0,8.759802497821667,7.063707486756726,6.3438160688907885,-0.8459006655721979,0.046471100784199804,0.04806854487365664,-0.0005808887598025558,-0.02326241134751772
2021-11-26,1637902800,2021-12-06,1638766800,-0.25,66.91780284328624,74.25883622511351,71.69,72.71,70.12,72.42,1156261.0,72.97,74.46,72.62,73.49,1320904.0,6.9011522069456674,-4.694049199733769,3.5737288519979984,-1.2473352383544096,0,0.17382770812693593,-4.694592141097139,-7.632292123000795,-12.565434331043654,-0.600156842193897,2.8527976455854596,-5.644762845964699,1.0254548183832555,0,-0.15915557146382173,-30.0,-68.0,38.0,1.1035515036059422,-0.06041528088394443,-0.4484342918120632,-0.3934950285467418,-0.007075792624846811,0.013199074704041358,-0.011838345353109125,0.021545732554906882
2021-12-01,1638334800,2021-12-08,1638939600,0.75,66.91780284328624,78.0677355936802,72.06,72.17,68.82,68.86,1901258.0,75.22,75.95,74.67,74.78,1035445.0,4.754235464875862,-6.324173951102125,1.6434875635196704,-3.0984220379780822,0,3.010954237698556,-1.7474707659965818,-2.9981697684347637,-2.364304873604951,-2.3609825772797137,2.749848857780015,-7.675436781664985,-0.8145650744308153,0,-0.1396402342605012,-38.0,-68.0,30.0,-0.7849692431131245,-1.4457468515709735,-1.992675899484567,-0.009661352212767815,0.005883926183471555,0.01564589462423105,-0.0014709815458678888,-0.0017354158323320545
2021-12-02,1638421200,2021-12-09,1639026000,0.25,70.46426459682631,78.0677355936802,69.95,72.76,69.5,72.41,1668863.0,74.17,75.02,73.49,74.18,1098889.0,5.523934176782291,-5.599426223155987,2.3762020310955165,-2.3892333962433696,0,1.4907647002557738,-1.0933333333333244,-2.09270503327672,-3.040618171909543,-1.5814887670906614,2.7214093793111966,-7.993265840373251,-0.8667735043341791,0,-0.15596765480965644,-42.0,-68.0,26.0,-0.03774602318684117,-0.5868261510926089,-1.152893302568046,0.0478597424920785,-0.00013480722566738823,0.011323806956052618,-0.00930169857104357,-0.008023535704733797
2021-12-07,1638853200,2021-12-10,1639112400,-0.25,70.62510156548203,78.0677355936802,74.25,75.86,73.74,74.91,843082.0,74.75,75.31,74.45,75.11,1129760.0,3.962120442025835,-6.703433183338575,0.9898815071228881,-3.627346558381049,0,3.6589961883226394,-1.868304154690367,-0.39540959172401763,3.510513162649687,-2.788287531017545,2.6031952382647923,-8.475938532488282,0.8954600628188506,0,-0.16702994915434896,-46.0,-68.0,22.0,-1.3706563706563628,-1.6446256689382324,-2.283594423353037,0.14253086972445259,-0.004792970310211642,0.0026627612834508874,-0.008787112235388084,0.012537071987058335
2021-12-09,1639026000,2021-12-14,1639458000,0.25,70.62510156548203,77.77830412334275,74.17,75.02,73.49,74.18,1098889.0,72.77,73.85,72.36,72.85,1467007.0,6.292577864806219,-3.91097182499837,3.8030199039121584,-1.2278654770075406,0,-1.8437519820928472,-4.459016393442631,-2.146084208882993,-4.977904984649157,-0.24357083356076714,2.6897520096147782,-7.528853927807187,1.17590776399857,0,-0.20808754569473048,-34.0,-48.0,14.0,1.1908030199039246,1.1502668929006035,0.689807093842802,-0.007096886501981675,-0.0010981468771448233,0.013726835964310125,-0.0067261496225119455,0.00013728720483241474
2021-12-10,1639112400,2021-12-16,1639630800,-0.25,70.66675889104351,77.83740290602081,74.75,75.31,74.45,75.11,1129760.0,75.21,75.78,74.22,74.34,1389058.0,3.956440351924016,-5.808740594054797,1.7211460855528742,-3.477939198278179,0,1.6257519981000144,-1.0119840213049147,-0.031992284912801476,10.425554980638047,-1.8984415459444222,2.633191495306576,-8.591436767815104,-1.0935562984464968,0,-0.13145641290658677,-42.0,-48.00000000000001,6.000000000000007,-0.9261501210653762,-0.6588684436233336,-1.2003354769478136,0.10822981532178015,0.011702986279257255,0.01937046004842613,-0.0016142050040355294,-0.006813627254508847
2021-12-13,1639371600,2021-12-20,1639976400,0.25,70.66675889104351,77.83740290602081,74.53,75.03,72.59,72.84,1369456.0,72.56,72.65,70.66,71.96,1752702.0,7.044751843790721,-2.9271865297273507,4.854317213266654,-0.5862052992403335,0,-4.000316214958886,-4.078912290055988,-1.9737235722335895,0.0517154071923116,1.7944151363465295,2.8285978054435263,-7.788443696682645,-1.3131087299387416,0,-0.0394416496838973,-26.0,-24.0,-2.0,2.0587826570316707,2.3693598637021864,2.0042090142219138,-0.05419387699859801,0.008337965536409309,0.009588660366870672,-0.01806559199555302,-0.024800108415774624
2021-12-15,1639544400,2022-01-19,1642568400,-0.25,70.7465618931067,78.08010337873162,73.11,74.93,72.57,74.85,2707535.0,75.14,75.85,74.31,74.51,1033451.0,4.818070491063182,-0.12339863493649261,4.502751308549179,0.18252583545832124,1,-2.3489559119664136,3.54363535297389,4.626213304444419,-15.872805703500887,2.659297259992144,2.437917258061085,-13.915271992592766,-0.7937431426480662,0,-0.10286557005747028,22.0,52.0,-30.0,2.3473359280633304,1.7702253844527718,0.6141639241220389,-0.28571848453306736,0.008455240907260686,0.017984163199570302,-0.0026842034626225475,-0.005339741022560296
2021-12-17,1639717200,2022-01-26,1643173200,0.25,70.7465618931067,78.08010337873162,74.49,74.78,72.91,73.79,3893306.0,71.72,73.23,71.46,71.47,1206992.0,11.496182434293331,-0.9337086690771486,8.023179888997745,2.79721095098175,0,-8.960148819722399,-7.036940686784596,-14.18711718634295,-21.17514439178771,4.545701020181596,2.8775737432548363,-7.978364666791403,0.9273338100388276,0,-0.16024988813078841,2.0,-44.0,46.0,5.281236882608084,3.7675462748955084,4.048171776580546,-0.68603226126097,0.0034979711767175736,0.024625717084091336,-0.00013991884706876512,0.007329105003523573
2021-12-21,1640062800,2022-01-27,1643259600,-0.75,66.69880750962196,78.08010337873162,73.01,75.22,72.8,74.72,1216191.0,70.05,71.08,65.71,66.39,3533358.0,21.242109991618264,3.8068431639774616,15.924587036200236,9.64653311241652,0,-18.534824839847786,-13.980305778699151,-21.069852594380887,-24.193190837048476,10.47904139598947,3.496204829250857,-5.628875246628439,-2.602172995671831,-1,-0.2760633842118478,-2.0,-52.0,50.0,12.524476577797856,10.592576415745981,11.538714785990805,-0.9460333981621438,0.05512878445549019,0.07064316915198066,-0.010242506401566653,-0.0710787743108997
2022-01-20,1642654800,2022-01-28,1643346000,-0.75,62.53506100707427,74.25883622511351,74.7,75.51,72.82,72.95,1134832.0,65.38,66.47,64.26,66.41,2242947.0,21.831605313692265,1.5760140207453617,15.112432866536182,8.6631029463434,0,-18.46862566151411,-13.596148842050484,-26.13538357417442,-34.75838550230138,8.479993796521939,3.4831990685369423,-3.163679949571165,1.6212189865694844,0,-0.17784055952711858,-6.0,-52.0,46.0,11.703809667218806,9.55362561331566,11.053942519126451,-1.0539229317286987,-0.015509712392711927,0.0009034783918084877,-0.032374642373136475,0.0003012501882813101
2022-01-27,1643259600,2022-02-08,1644296400,-0.25,62.53506100707427,70.90971497627338,70.05,71.08,65.71,66.39,3533358.0,67.6,68.82,67.06,68.77,1170510.0,13.921465464393606,-6.983847316945571,6.534583878629263,0.3880083369686389,0,-8.134427343021848,-10.045781556572932,-27.469277227168632,-12.487716262015603,0.05105465220205474,3.0713606636400046,1.5856990000672404,0.8289573775499836,0,0.009029851430014287,-34.0,-52.0,18.0,3.4688090737240174,2.3574868182156337,5.229128012632714,-0.23851516099482684,-0.017013232514177745,0.0007270612185545922,-0.024865493674567363,0.02336309523809521
2022-01-28,1643346000,2022-02-09,1644382800,0.75,62.53506100707427,74.81034987943156,65.38,66.47,64.26,66.41,2242947.0,69.52,71.65,68.98,71.31,1577499.0,8.987409286795994,-10.106466922471213,2.4330388444818425,-3.644650119197877,0,-1.5167750785524419,-6.417322834645669,-22.724181457876657,-5.5020152306127414,-3.6936483797069286,3.0388716738794415,0.3094150054964828,1.1137428327690955,0,0.11334160798669948,-38.0,-52.0,14.0,-0.5595288178376023,-1.165693049605622,1.422881464252697,0.06714955194984995,-0.025101668770158514,0.004767914738465828,-0.03267423923713364,0.03693470990257386
2022-01-31,1643605200,2022-02-15,1644901200,0.25,66.69880750962196,74.81034987943156,65.78,68.02,65.34,67.79,1672621.0,69.24,70.71,69.08,70.26,1189248.0,5.241990519553369,-7.1349594919416575,2.4067748363222137,-4.218616567036719,0,-2.878588722044242,-6.20744893872646,-15.760203251565063,-1.0801816749810982,-2.6184211661843335,3.244821089947241,-3.3897638912244084,0.8480999121212263,0,0.08351653857103324,-38.0,-36.0,-2.0,-0.9464844861941373,-0.1170450141661945,2.359604104903127,0.2943544464377026,-0.014517506404782332,0.006404782237403817,-0.016794762311414857,0.028847561868502014
2022-02-09,1644382800,2022-02-16,1644987600,-0.25,66.95983970905507,75.00311385973396,69.52,71.65,68.98,71.31,1577499.0,69.87,72.07,69.87,71.91,1969478.0,1.9997954702197092,-8.799962345480438,-0.14787002271357608,-6.713020905761823,0,0.8522278042653326,-3.489464501409218,-12.007300468090412,11.796881549941112,-4.324932648002104,3.162439842596907,-4.797022025697938,1.3916395382839613,0,0.2924556857036132,-42.0,-36.0,-6.0,-3.4000834376303573,-2.1794757144916588,0.010498808727192,0.459884560968153,-0.028368794326241065,0.002225003476567844,-0.028368794326241065,0.023484201537147698
2022-02-10,1644469200,2022-02-24,1645678800,0.25,66.8129874416314,75.00311385973396,69.93,72.48,69.93,70.34,1771777.0,66.56,69.48,65.72,69.22,1784772.0,3.619238002864236,-4.923774264060441,2.565491669074433,-3.9875276894924383,1,-3.901035984779014,-3.1481740590457536,-10.916624977177959,-0.5814429648537782,0.1059658144112916,3.3220135306738547,-6.131843151936373,1.2020524707906703,0,-0.07943319161243675,-46.0,-20.0,-26.0,-0.6522681305981166,0.7648235857334384,3.095609713772916,0.16459798413191296,-0.03842819994221314,0.0037561398439758253,-0.050563420976596385,0.013618392151120151
2022-02-16,1644987600,2022-02-28,1646024400,-0.25,66.8129874416314,75.07073267076046,69.87,72.07,69.87,71.91,1969478.0,71.0,73.12,70.36,72.84,2446827.0,-0.5350815152052206,-9.101107391988634,-2.0572487644151636,-7.96197144426138,1,3.9132385717459,9.682276765547368,-4.59136255123696,7.259993075013341,-4.1267476819444795,3.2175996764125365,-7.47792092381497,1.6545456598645178,0,0.046921967029775274,50.0,84.0,-34.0,-4.8180944535969275,-3.6672888801033423,-1.9569220692477671,0.4942582726065988,-0.025260845689181854,0.0038440417353102774,-0.03404722679846239,0.023033707865168562
2022-02-17,1645074000,2022-03-01,1646110800,0.25,66.57838849480237,75.07073267076046,71.32,71.42,69.61,69.83,1066531.0,72.71,72.71,69.62,70.79,1598870.0,2.525714976143064,-6.225390071495511,1.089843198191815,-5.043791495974006,1,-0.4860584445928353,4.425431479569258,-3.5116392346361347,1.5420286165369603,-1.1325193710368069,3.399198318556454,-8.138663914470538,-1.0780976043424744,0,-0.014103428625596989,46.0,84.0,-38.0,-1.8498375476762305,-0.7940192780173732,0.8476970069782936,0.46247329137079163,0.027122474925836748,0.027122474925836748,-0.01652775815793195,-0.02814387699066445
2022-02-25,1645765200,2022-03-04,1646370000,-0.25,66.57838849480237,75.27237528049645,69.2,71.53,69.06,71.2,1431757.0,71.05,71.39,69.38,70.95,1074158.0,3.588412606883523,-6.291724798567799,1.6861639652337317,-4.685929058022083,1,-0.43455753375888406,4.584316037735848,0.8344083083578403,-2.7573364181141997,-1.0040164173470032,3.430306831220367,-10.171504107354972,-0.7534540929027405,0,0.06670322940113066,42.0,88.0,-46.0,-1.351656095842145,-0.37942035790138107,0.7202999424892056,0.4416517545038924,0.0014094432699083281,0.006201550387596955,-0.022128259337561795,-0.015403830141548669
2022-03-01,1646110800,2022-03-14,1647230400,0.25,66.32493046884696,75.27237528049645,72.71,72.71,69.62,70.79,1598870.0,70.09,70.31,69.09,69.63,1113335.0,5.175470763501892,-4.333879495370326,3.428120063191159,-2.652592273445336,1,-1.907794162946196,0.2880599164626078,-4.264013946159491,7.2861330432145195,0.831832411489458,3.274229004664121,-12.28260598266821,0.763461676717876,0,0.08370859300905452,18.0,64.0,-46.0,0.420795634065783,0.3476079359984112,1.8211095775413355,-0.032361355250307144,0.006606347838575388,0.009765905500502825,-0.007755277897457891,0.010008703220191428
2022-03-02,1646197200,2022-03-18,1647576000,-0.25,66.32493046884696,75.27237528049645,71.68,73.44,71.22,73.13,1516315.0,74.77,75.36,73.66,74.87,3362706.0,0.34040881519510435,-11.648008654917305,-2.962913494501578,-8.636748141222569,0,7.769185644219583,7.2175282829729435,6.863434075452529,15.945421327666338,-4.312454071785908,2.979309693497891,-9.531852548826285,2.2536313578501788,1,0.1905523261113273,50.0,32.0,18.0,-5.6537999198611,-4.951708803470709,-4.751777066669845,0.641581093741612,-0.001335648457326144,0.006544677440897484,-0.016161346333645077,0.00026720106880451233
2022-03-07,1646629200,2022-03-21,1647835200,0.75,66.32493046884696,78.95776089550097,71.05,71.64,67.62,67.71,1638073.0,74.66,75.67,73.9,75.01,1510633.0,0.9819047565101187,-11.872452683453218,-2.7887392792072347,-8.466648891258956,0,8.013675350512088,8.333333333333348,9.268848701587986,23.950076310382926,-4.096857705370837,2.929887365283135,-8.424578289592642,1.0077965429584408,0,0.2306090675220916,50.0,36.0,14.0,-5.445273963471536,-4.6406220911505045,-4.736234358320075,0.6838389608598545,-0.004666044527396496,0.0087988268230903,-0.014798026929742747,0.001869907840256424
2022-03-15,1647316800,2022-03-28,1648440000,0.25,70.90971497627338,78.95776089550097,70.34,71.82,69.76,71.54,983450.0,74.81,75.18,73.93,74.45,1459609.0,3.5916514705084808,-10.030872424168663,-0.7893440788000845,-5.791358853816874,0,5.783829932869949,2.210323997803404,13.556942484413304,25.673487017530064,-2.0505691179693315,2.621429511478859,-6.149693595177734,-0.9810426440261667,0,0.2517514085745113,30.0,36.0,-6.0,-3.2196104768300984,-2.4066125696833325,-3.3066884016604234,0.34769208373315785,0.004835460040295558,0.009805238415043771,-0.006984553391537918,-0.006405978913652799
2022-03-21,1647835200,2022-03-29,1648526400,-0.25,71.13057277284629,78.95776089550097,74.66,75.67,73.9,75.01,1510633.0,74.9,75.8,74.15,75.73,2114475.0,2.4400726177164813,-11.498569910731163,-2.284871693296367,-7.01219243804745,0,8.323421577378411,6.97838677779347,14.949567253583727,26.509153562831557,-3.0331662874733922,2.5486696654324694,-5.689431876808136,1.3982680976848454,1,0.3151487918887362,50.0,60.0,-10.0,-4.529248646507327,-3.6698507922541523,-4.7472482539044165,0.3549371642689211,-0.010959989436154727,0.0009243364584707869,-0.02086359434834273,0.01719274680993954
2022-03-22,1647921600,2022-04-04,1649044800,0.25,71.13057277284629,78.4760791403806,75.48,75.62,74.08,74.81,1318062.0,72.73,72.87,71.81,72.17,1142758.0,7.69409792844904,-5.9329783496766595,2.9737656459285944,-1.4311117269410119,0,-0.6440215215577183,6.586914783636108,10.134004748179073,4.552748407622836,2.8595502478928125,2.5710000234846477,-7.896880440908497,-0.7479158638339938,0,0.1394304557574255,34.0,60.0,-26.0,0.8805597893861972,1.2737774572704694,0.21920899324807408,-0.17845932524764252,0.007759456838021261,0.009699321047526688,-0.004988222253013763,-0.008108851017042396
2022-03-29,1648526400,2022-04-07,1649304000,-0.75,68.22195706141494,78.4760791403806,74.9,75.8,74.15,75.73,2114475.0,69.94,70.16,69.06,69.64,1682879.0,10.942877389208206,-1.2788911743891447,7.1568064330844265,2.432510051694422,0,-6.243443745196309,0.49062049062049556,-0.17176099591984853,-22.16776030512598,5.372402993995507,2.582232104727199,-7.705537578795703,-1.0852582112296743,0,-0.06298884588394296,22.0,60.0,-38.0,4.831993107409545,3.836353621122825,3.499976646986042,-0.619939570173204,0.004307869040781176,0.0074669730040206606,-0.008328546812176874,-0.0068454078722191
2022-03-30,1648612800,2022-04-12,1649736000,-0.75,64.91671172977713,75.00188557264299,75.54,75.83,74.42,74.92,1371368.0,67.67,68.87,67.19,67.43,1246164.0,15.67981793341471,-0.19116303203551865,10.280290671807805,5.332937861485959,0,-10.72809593846393,-5.745037741123846,-11.773143966010045,-29.599399589710345,7.014250392995521,2.672581177855348,-4.902318428417381,-0.842317217121977,0,-0.19519612141772502,10.0,-40.0,50.0,7.74432745068961,5.451552170623785,6.153829862647811,-0.8535858090797878,0.0035592466261307187,0.021355479756784757,-0.0035592466261309408,-0.0022195915951463974
2022-04-05,1649131200,2022-04-21,1650513600,-0.25,64.91671172977713,71.59456297402949,71.73,72.61,70.5,70.61,1276162.0,71.73,72.36,68.52,68.86,1445289.0,11.235307932013711,-4.7206404908287,5.892632394229835,1.0378545841804652,0,-5.104020641632189,-6.082924168030543,-12.036150859019768,-24.81411675693252,1.4168979965770774,2.7674780395287923,-5.810161372047606,-0.9676209201275305,0,-0.2970360271173263,-14.0,-40.0,26.0,3.2573337205924986,2.0566677528717037,3.2202531183812795,-0.14220303196003248,0.0416787685158293,0.050827766482718584,-0.004937554458321336,-0.028772919605077663
2022-04-08,1649390400,2022-04-27,1651032000,0.25,64.86316864386802,71.44236012031008,69.39,70.12,67.79,68.04,1465657.0,66.17,67.48,65.9,66.47,1363795.0,11.713895268597312,-2.440538867213263,7.609447871220084,2.2446216338197758,0,-9.608576977014266,-12.227650864914835,-17.48804022796919,-24.328561801879076,2.9517536627423624,2.8839364735513593,-2.2781446812774035,0.9290831463522236,0,-0.23751449485375448,-30.0,-76.0,46.0,4.6366782006920175,4.1254828448511205,6.0447675340454765,-0.29966598369192554,-0.004513314277117431,0.015194824732962298,-0.008575297126523163,0.0028666264333132574
2022-04-13,1649822400,2022-05-06,1651809600,-0.25,64.86316864386802,72.16914922076411,67.67,69.05,67.67,68.95,1405594.0,68.97,69.39,67.4,68.29,1085697.0,5.142919799756612,-3.5907159631773027,4.137745887636044,-2.2687557963586613,1,-3.502651332397619,-1.9385410683515139,-4.420655689222997,-14.223384395651692,1.3415356870911381,3.424727774727237,-8.98480611102724,-0.7425236443858758,0,-0.05109229553088555,-46.0,-64.0,18.0,0.7761019182896547,1.8195775470228455,3.0129927427486933,0.1920925276358586,0.00995753404598032,0.016107775662615342,-0.013032654854297832,-0.016844226893175773
2022-04-22,1650600000,2022-05-10,1652155200,0.25,63.72019489153974,72.16914922076411,68.3,68.78,67.51,67.64,1270696.0,64.88,65.37,63.01,63.99,1599748.0,13.42163876498708,0.4883471703152935,10.72433192686357,3.5372714486638444,0,-10.167586288131723,-5.312222551050602,-11.201790644660544,-25.647645548599982,6.864598912161597,3.8926536269542122,-7.499345623959517,-1.0973741215817001,0,-0.1627592601165455,34.0,-16.0,50.0,6.9549929676511795,7.09710811523891,9.174246912258099,-0.37373730835501795,0.013908423191123509,0.021565869667135473,-0.015314892952023818,-0.0007807620237352264
2022-04-28,1651118400,2022-05-16,1652673600,-0.75,59.100389755269795,72.16914922076411,69.57,72.25,68.06,71.78,2338415.0,62.89,63.66,62.31,62.86,1219960.0,17.157949988265102,-3.1092703827926442,11.12922897444055,3.3245837310424946,0,-10.474462105159567,-7.897435897435898,-19.659532064509534,-19.443206176805674,6.318237673668008,3.9030802546187426,-3.353279394665986,-0.8245569770317531,0,-0.13727312563767868,18.0,-24.0,42.0,7.024339802736222,5.847199189083824,9.394018470995704,-0.6053773906021491,0.0004772510340438352,0.012726694241170788,-0.008749602290804903,-0.004276888959290348
2022-05-09,1652068800,2022-05-17,1652760000,-0.25,59.100389755269795,68.22195706141494,67.06,67.38,63.68,64.04,2060073.0,64.15,65.5,63.99,65.43,1126997.0,12.12133757959468,-7.1526687732367265,6.425441948137973,-1.0802893677721954,0,-4.928924758966701,-6.3010167549763585,-18.034729323764605,-14.38718718288061,2.0240165012632474,3.77013506524895,-3.779332032336953,0.7670234154019719,0,-0.07846194670281248,14.0,-24.0,38.0,2.4843344031789627,1.5287467373276797,4.897283447136317,-0.3557523444099888,-0.019562891639920532,0.0010698456365580977,-0.022008253094910613,0.040884505249761505
2022-05-11,1652241600,2022-05-20,1653019200,0.25,59.100389755269795,68.16043376328604,64.09,65.44,61.89,62.02,1499931.0,63.18,63.36,60.49,62.26,1790798.0,16.78382331322848,-4.461304842300123,10.238248206446073,2.324660027840224,0,-9.826735644670947,-7.953873447664107,-19.193962499377825,-22.371829124884684,4.216151888604756,3.9137390921685506,-2.6687985097155114,-1.183327111189618,0,-0.17384260492305706,2.0,-24.0,26.0,6.161259235464172,5.143480395928535,9.164094394019443,-0.2668635573467033,0.014776742691936962,0.017667844522968323,-0.028429168005139727,-0.004317927394850485
2022-05-17,1652760000,2022-05-23,1653278400,-0.25,59.28983022491818,68.16043376328604,64.15,65.5,63.99,65.43,1126997.0,63.33,64.28,62.33,63.98,1516373.0,13.316788571412346,-7.343046777101648,6.911534854642085,-0.6236323851203451,0,-6.061627721311936,-6.022326674500589,-18.101276235715318,-23.815116138546813,0.6096140842207944,3.7620039146378126,-2.4604611866545554,0.9974030750187021,0,-0.06904215381454921,-2.0,-24.0,22.0,2.9868708971553417,2.096212134416774,5.985102370106745,-0.11628627159710181,-0.010159424820256335,0.0046889653016568555,-0.02578930915911215,0.02762608416318657
2022-05-18,1652846400,2022-05-25,1653451200,0.25,59.28983022491818,68.05266907979323,64.69,65.17,63.04,63.42,1677420.0,62.73,63.35,61.48,62.37,1914050.0,16.061946680448713,-5.927266545768575,9.053765164876253,1.2519373630484694,0,-8.690205428435739,-6.168196178727248,-17.969381806982522,-30.819200382922872,1.7141062974799013,3.7724277736460095,-1.6190194330489867,-1.241040041675033,0,-0.0815107947063676,-10.0,-24.0,14.0,5.0673400673400835,3.983860143455047,8.098711469702579,-0.04469209329230872,0.005772005772005873,0.015712682379349197,-0.014269680936347617,-0.012664239354123863
2022-05-23,1653278400,2022-06-06,1654488000,-0.25,59.418183145304354,68.05266907979323,63.33,64.28,62.33,63.98,1516373.0,66.74,67.52,66.37,67.09,829625.0,0.1108994855281793,-9.195710932837812,-1.5499080836687114,-7.576141501465699,1,1.472172819896464,-1.7572118904671294,-4.443349856457952,-8.965736102474473,-4.474152613428473,3.071008837810554,-7.499722245892091,0.5552450206509988,0,0.24951835004398903,-38.0,-24.0,-14.0,-4.542405723654809,-2.5711405998493717,-0.10754433759494475,0.6240889076790233,-0.0052168728573559475,0.0064093009390369104,-0.010731852735131886,0.01145786220413103
2022-05-24,1653364800,2022-06-07,1654574400,0.75,59.418183145304354,71.67254853025523,63.65,63.85,61.81,63.17,1281433.0,66.58,68.54,66.24,68.46,1201656.0,-0.7720738398994627,-11.487639861532031,-3.4241406173921405,-9.125279968838242,0,4.252352243106053,6.901936289818843,-1.4010195873878397,-8.588646447451524,-6.136490120920783,3.034558008924119,-8.107078386338369,0.799216166165792,0,0.25338129953765265,-42.0,-24.0,-18.0,-6.12985685071574,-4.090298564357326,-2.0239505338319645,0.7230759263429714,-0.02746129126497221,0.0011685655857436306,-0.03242769500438214,0.02042033089879247
2022-05-26,1653537600,2022-06-09,1654747200,0.25,63.72019489153974,71.67254853025523,63.04,64.55,62.59,64.1,1512997.0,67.39,67.39,66.49,66.59,1390320.0,2.9505432268810665,-8.709666218321217,-0.47029083445961817,-5.705311107773952,0,0.018071126167285456,7.368590777168656,0.85486997129644,-1.2725738164131712,-2.6717367032182153,2.9056920952592717,-9.805676718309353,-0.9366535173713684,0,0.2444004991344254,-46.0,-20.0,-26.0,-2.8795614957200826,-1.012827477362265,0.728653821766585,0.5897738285478702,0.01201381588827144,0.01201381588827144,-0.0015017269860340132,-0.014940828402366768
2022-06-07,1654574400,2022-06-10,1654833600,-0.75,60.601895141879865,71.67254853025523,66.58,68.54,66.24,68.46,1201656.0,64.83,65.35,62.7,62.73,1751517.0,9.157341418612845,-2.8031249352715406,5.823369998405894,0.2566555077315513,0,-7.379727264594614,1.6364225534672685,-2.17680524767085,-1.2837925253017701,3.5505927145458145,3.30711037792705,-9.001821963316027,-1.1739773904940405,-1,0.13492887838379297,38.0,68.0,-30.0,3.177108241670652,4.594566697309332,6.655205109223289,0.24806358716971938,0.03347680535628883,0.04176630001594139,-0.00047824007651831035,-0.057966661660910135
2022-06-08,1654660800,2022-06-14,1655179200,-0.75,56.67671814489964,67.93312338701821,67.64,68.33,67.49,67.6,1224018.0,60.02,60.47,59.45,59.99,1573801.0,15.15604475680854,-0.4085868471569398,10.144746346613331,4.343779518808688,0,-11.450254863735537,-4.565701559020041,-10.461231646574314,-9.520488227477557,7.321982450564462,3.4968328690193666,-5.4587894543119155,1.0633452712873945,0,0.03470178233228596,30.0,-16.0,46.0,7.373728954825793,7.6458849710371055,10.628978472064233,-0.39409251870805617,0.0005000833472246224,0.008001333555592627,-0.00900150025004165,0.003009530178899933
2022-06-10,1654833600,2022-06-15,1655265600,-0.25,56.67671814489964,64.35884877703118,64.83,65.35,62.7,62.73,1751517.0,60.93,61.94,60.27,61.13,1635750.0,12.959973007211715,-2.9207124150311614,7.788047330825009,2.0690877365178153,0,-8.788888846673366,-6.571908910285808,-12.119232543372766,-0.9385622403403175,5.19056908689079,3.4143570488679074,-4.797197813657107,1.0978874209626768,0,0.042415581832040784,26.0,-16.0,42.0,5.019630296090298,5.101427986288229,8.22996587421136,-0.4412592188655192,-0.0032717160150499414,0.01325044986095203,-0.01406837886471457,0.019003167194532322
2022-06-13,1655092800,2022-06-29,1656475200,0.25,56.636295337810786,64.35884877703118,60.99,61.06,59.17,59.81,1676799.0,59.93,60.1,58.36,59.71,1394182.0,16.15061670589742,-7.7349409396940985,7.081728353709593,1.3105007536426,0,-7.647374381287172,-8.209069946195228,-17.80040887863893,-18.109935427758245,0.7342971043432698,3.4633108977060956,1.5157507762411733,-0.9042919474519037,0,-0.03853229884293348,-10.0,-28.0,18.0,4.207837883101661,2.784392340043624,7.3336562066891275,-0.017355949091649947,0.0036844749623179407,0.0065315692513816526,-0.022609278177859626,-0.002339181286549752
2022-06-15,1655265600,2022-07-01,1656648000,-0.25,56.636295337810786,64.42731405089953,60.93,61.94,60.27,61.13,1635750.0,60.47,61.78,59.71,60.9,1292162.0,12.424661288703447,-9.690671140920216,4.259168035030129,-1.594690749863176,0,-4.811093470504929,-8.40727929011881,-15.216457431024683,-3.963127433176794,-2.2580736811744373,3.4832307593280416,0.08461699094581832,0.8263256022231152,0,0.15177407212394298,-18.0,-28.0,10.0,1.366995073891644,0.6295380349655204,4.831217257322919,0.20285349087282745,-0.00706075533661743,0.014449917898193831,-0.019540229885057436,0.0006572461386789019
2022-06-16,1655352000,2022-07-06,1657080000,0.25,56.636295337810786,64.42731405089953,59.65,59.88,57.42,57.73,1540518.0,59.54,60.36,58.58,60.06,1210708.0,11.484239906390641,-8.24414666629741,4.588744588744589,-1.5168165168165189,0,-6.026875208648079,-10.478461767774633,-14.818491935961738,2.940948561968689,-1.0527061833152942,3.5883979369338266,-0.627615152291046,0.7759317868498254,0,0.26797830245470516,-26.0,-28.0,2.0,1.6200466200466224,1.5684365047240476,5.769873695836992,0.19159610693365825,-0.008658008658008698,0.004995004995004937,-0.024642024642024696,0.011622031328954119
2022-06-30,1656561600,2022-07-08,1657252800,-0.25,56.670600266245565,64.42731405089953,58.88,61.2,58.33,60.86,1887318.0,61.39,61.47,60.39,60.85,1155543.0,5.222953185613406,-6.887702569343887,2.055601205149273,-3.8326485894275493,0,-3.927857688265888,-9.985207100591706,-11.819065944419762,2.3608624062412744,-2.1538738814576135,3.3572637160288346,-3.0572671366224213,-0.7511160239255125,0,0.35074626451691,-34.0,-28.0,-6.0,-0.8323746918652404,0.2852002909282163,4.093907454385288,0.32432410448938964,0.008874281018898866,0.010188989317994945,-0.007559572719802787,-0.009280364702051402
2022-07-05,1656993600,2022-07-11,1657512000,0.25,56.670600266245565,64.41243000913597,59.4,59.41,57.9,59.37,1334453.0,60.3,60.79,60.07,60.13,1172187.0,3.669895047760548,-4.034105924194975,2.7227119019901096,-3.2061089860857095,1,-5.426300465347495,-9.701156329779247,-11.531034219878718,9.99034003455494,-0.4225616422851175,3.247444183512639,-3.975671894046041,-0.7638374912175959,0,0.2341131308233121,-38.0,-28.0,-10.0,-0.1821054382172207,1.344495114835837,5.130908900443785,0.28983017327194993,0.002827207716613822,0.010976218193913034,-0.0009978380176285384,-0.011832374691865266
2022-07-07,1657166400,2022-07-12,1657598400,-0.25,57.087056404296796,64.41243000913597,60.61,61.68,60.46,61.42,1016603.0,59.88,61.84,59.88,60.68,945109.0,2.016021984345585,-4.527557910515682,1.5046143704680333,-4.256756756756758,1,-4.013722421284044,-3.267973856209146,-10.698575054681136,9.474016150081347,-1.191051992313092,3.21887023708682,-5.412938209010083,0.6272556698169278,0,0.20906756403846205,-42.0,-28.0,-14.0,-1.2557679630850487,0.38535120526610456,4.014164972469075,0.2991091446717733,-0.013183915622939968,0.01911667765326297,-0.013183915622939968,0.009146848494927529
2022-07-11,1657512000,2022-07-18,1658116800,0.25,57.087056404296796,64.11767396963558,60.3,60.79,60.07,60.13,1172187.0,60.9,61.45,59.61,59.93,1162239.0,2.815865091838816,-2.882609627129966,2.558540519494983,-2.9912675899660712,1,-4.933658937705509,3.8108435821929723,-10.85289683355361,8.712931767355933,0.2623461332308352,3.1450002071078518,-8.619231157727953,-0.806205149059916,0,0.13166608089938062,-46.0,-16.0,-30.0,-0.03337226764557499,0.9437262083413742,4.456539845904302,0.161221571237959,0.01618554980810938,0.025362923410645832,-0.005339562823293842,-0.00033361134278575566
2022-07-12,1657598400,2022-07-20,1658289600,-0.25,57.154671944678135,64.16362998505143,59.88,61.84,59.88,60.68,945109.0,62.96,64.05,62.34,63.78,866383.0,-1.348786804527549,-9.42575066803441,-2.9147068046409714,-8.308247099404213,1,4.318326297031412,7.265388496468214,-3.141864678831552,15.794152164701629,-5.185281949721187,3.072351446268065,-8.59145744907601,0.5993709580753649,0,0.30273923368001293,50.0,88.0,-38.0,-5.387268736280987,-4.326228350452482,-1.7551254224345882,0.5241888997576437,-0.012856694888679798,0.0042333019755409484,-0.022577610536218207,0.013024142312579423
2022-07-13,1657684800,2022-07-21,1658376000,0.75,57.154671944678135,67.60601359982691,59.46,60.45,59.26,59.76,1036527.0,63.62,64.26,62.96,64.22,918664.0,-0.9774316271901995,-10.248043302738168,-3.2095401224955964,-8.5334267621717,0,5.261903318322972,9.236264670862392,0.4452282014898404,13.79631683193378,-5.460910797327429,2.9779435402396937,-8.311716954938806,0.6457373402510654,0,0.28433297746700326,50.0,92.0,-42.0,-5.612737464964184,-4.507281546799945,-2.3330197888084,0.6351001774355812,-0.009342883836811033,0.0006228589224541725,-0.019620056057302993,0.0068987143305110354
2022-07-19,1658203200,2022-07-26,1658808000,0.25,60.601895141879865,67.60601359982691,60.51,63.13,60.46,62.96,1566185.0,63.98,64.2,63.28,63.5,864022.0,1.846553447568013,-9.015057384575883,-1.2671916010498592,-6.281364829396324,0,3.119871762835743,4.820072631231433,6.199774445944393,13.724377748334504,-3.1106396247873533,2.7840157740683313,-7.076323246472494,-0.6333443745512642,0,0.10805714402905112,38.0,76.0,-38.0,-3.5842519685039207,-2.444109149615727,-1.0463199984750133,0.5726440537555808,0.0075590551181101695,0.011023622047244164,-0.003464566929133883,-0.009051186017478119
2022-07-21,1658376000,2022-08-11,1660190400,-0.25,60.78198805704563,67.60601359982691,63.62,64.26,62.96,64.22,918664.0,67.45,68.3,66.75,66.81,1130201.0,1.1416862140603712,-9.055172219149426,-1.7210497430524327,-6.394002893778378,0,9.425626950775658,13.506625891946996,17.320134516112933,13.62937757375834,-2.777883677713234,2.563866713683193,0.3843229801614214,0.89897971381131,0,0.01042731378511628,50.0,80.0,-30.0,-3.956743002544542,-3.8373147938624186,-4.626096633920767,0.19493322363469245,0.0095794042807964,0.022302050591228806,-0.0008980691513247319,0.0004492362982928544
2022-07-22,1658462400,2022-08-18,1660795200,0.75,60.78198805704563,70.35820164290259,64.51,64.72,63.28,63.61,808424.0,67.6,68.07,67.27,67.77,987855.0,1.4264521400271235,-7.8437459278388815,-1.2859672421425614,-5.28478677881067,0,10.423909415364776,5.527872936779815,25.180102128249466,6.849399293267268,-2.4622542131557736,2.2095222742648764,4.54507146346673,0.7883475786890758,0,0.14583273500417154,42.0,84.0,-42.0,-3.208646893905879,-3.0960576684746854,-4.864814594469323,0.2180217225887453,-0.0025084845801977007,0.004426737494466426,-0.007377895824110969,0.0048932384341637825
2022-07-27,1658894400,2022-08-19,1660881600,0.25,64.16362998505143,70.35820164290259,64.09,65.35,63.62,64.98,1097887.0,67.08,67.17,65.67,65.83,1712002.0,4.379818129911214,-4.755027001246447,1.806420578257132,-2.3193579421742783,0,3.6038310955316177,3.4900172928784765,22.363114304545274,-3.4144043927950776,0.5349461711975749,2.3400221553895295,3.498830830201765,-1.3556867659612093,-1,0.0006529928309648074,38.0,84.0,-46.0,-0.1876044356676232,-0.21742636926141756,-1.9803640894079848,0.04144268898970771,0.0189883032052256,0.020355461036001943,-0.0024305028102687976,-0.028626235797550525
2022-08-12,1660276800,2022-08-23,1661227200,-0.75,61.8120922965575,70.35820164290259,67.17,67.87,66.79,67.85,888088.0,64.33,65.2,64.21,64.56,710808.0,6.30030142029203,-2.5410077399947113,3.8896633622470063,-0.23363279636514278,0,-0.22925969444289507,1.6692913385826809,14.331114424968694,2.5159951607040085,2.4780392508348967,2.324082192541227,-0.11224386086936278,0.5754545894367156,0,-0.06966281749313778,30.0,60.0,-30.0,1.8796468401486806,1.4021284418319198,-0.05982025418298065,-0.30142842677696113,-0.0035625774473359018,0.00991325898389106,-0.005421313506815517,0.003107520198881275
2022-08-19,1660881600,2022-08-25,1661400000,-0.25,61.8120922965575,67.35632215554295,67.08,67.17,65.67,65.83,1712002.0,65.56,66.78,65.37,66.73,805668.0,2.9625724362073242,-5.487673590111115,0.4378340576452331,-3.1377691193366246,0,5.8937374229600366,3.3612143742255287,12.515201902322968,15.071033234320907,-0.5727529613342597,2.1882444432810266,-2.0484689045530438,0.6701145820844949,0,0.06667603622344354,22.0,60.0,-38.0,-1.2625505769518952,-1.763317032292619,-3.147884086010663,-0.2512489930051125,-0.017533343323842376,0.0007492881762325432,-0.020380638393526107,0.02519588262405903
2022-08-22,1661140800,2022-09-01,1662004800,0.25,61.786747510033294,67.18010792030768,64.78,64.93,64.3,64.36,1050090.0,61.52,61.9,60.58,61.81,1372158.0,12.021716395048742,-0.33914076003821947,7.84959283826781,3.9424580704309022,0,-7.553187040743886,-3.707742639040342,-4.529257512436393,-17.055599646331515,5.2146177620619625,2.4902524571995106,-5.714125323806083,-1.2074648001621546,0,-0.10971995791161257,2.0,-48.0,50.0,5.841287817505261,4.437767870082141,4.1124117449370345,-0.6439845065712084,-0.004691797443779344,0.0014560750687591106,-0.019899692606374475,-0.005790574231944623
2022-08-24,1661313600,2022-09-06,1662436800,-0.75,58.96589993683305,67.18010792030768,64.78,65.22,64.53,65.09,798565.0,61.89,62.3,61.21,61.72,1670372.0,12.700285783520428,-1.596915725192531,7.675253834521499,3.5955389933030943,0,-7.69034446087651,-4.546860501082583,-9.970759923585994,-24.006763495067773,4.072626800494049,2.4838889950778196,-6.743630056422365,1.4823998190561536,0,-0.2114991282685159,-6.0,-52.0,46.0,5.551685029163949,3.7462262448498223,3.931453130600218,-0.6345311582750814,0.002754374594944986,0.00939727802981194,-0.008263123784834736,0.0012978585334197934
2022-08-26,1661486400,2022-09-08,1662609600,-0.25,58.96589993683305,64.64228444814984,66.99,67.14,64.37,64.4,786919.0,63.29,64.01,62.79,63.94,973649.0,8.504659803529918,-5.240662305875873,3.7052966322594045,-0.39073089354603496,0,-0.47714526221223963,-4.252770290506144,-7.915390138956492,-17.498735374492938,-0.4303791225221687,2.4401584443944833,-8.851759612369168,0.8743530754944152,0,-0.1601996304731687,-14.0,-52.0,38.0,1.63199874882703,0.09778751137152142,0.28927625834805326,-0.303769389987174,-0.010165780419142956,0.0010947763528308396,-0.017985611510791366,0.0023514657469823064
2022-09-02,1662091200,2022-09-12,1662955200,0.75,58.96589993683305,67.48025252234216,62.69,63.2,61.27,61.64,883764.0,66.15,66.98,65.82,66.94,1359344.0,3.2325511323181075,-9.381341093477346,-1.159247086943509,-5.089632506722424,0,7.605206821250164,-1.3411938098747187,-0.48012521705869937,-0.13415224071120235,-4.833208979346907,2.3247296183564163,-8.13840677789127,1.2347463395538627,0,0.13209214101391833,-21.999999999999996,-52.0,30.0,-3.074394980579612,-3.7530761772911063,-3.9523095227386733,0.1437065992548219,-0.011801613385120868,0.0005975500448163196,-0.01673140125485517,0.0190287715025117
2022-09-07,1662523200,2022-09-20,1663646400,0.25,61.54239360866768,67.48025252234216,61.56,63.84,61.56,63.79,1029037.0,63.43,63.45,61.7,62.06,2037242.0,7.606317132435763,-2.1213026303410203,5.30991513588998,0.10044043398862357,0,-4.8813438805006015,-3.5736482287134823,-5.210346074964201,-13.743110432340046,1.6716714031284,2.9261416226455643,-12.035449607310342,-1.6814334893939735,-1,0.15555650467483478,-46.0,-52.00000000000001,6.000000000000007,2.742507251047371,2.9011219198990403,3.225846414958397,-0.14216591898545933,0.02207541089268439,0.02239767966484041,-0.005800837898807587,-0.02864298012208477
2022-09-09,1662696000,2022-09-23,1663905600,-0.75,58.202426059401695,67.48025252234216,64.3,65.73,64.14,65.69,1289381.0,60.07,60.15,58.31,59.25,1697001.0,12.092628323466897,0.6229834908791076,9.381715893108293,3.4526019690576817,0,-10.773309724666504,-11.209351116439388,-12.483822362137081,-16.70997096286682,6.039448216745143,3.1981903222727004,-10.906273284039369,-1.3713091522783531,0,0.1747202992290826,14.0,-36.0,50.0,6.357805907172988,6.276476751109229,7.434924881046598,-0.4394012142786328,0.013839662447257428,0.0151898734177216,-0.015864978902953575,-0.026773981603153807
2022-09-13,1663041600,2022-09-26,1664164800,-0.75,54.84104679346242,64.64228444814984,65.11,65.81,63.06,63.1,1465344.0,58.97,59.67,58.16,58.18,1486309.0,14.536520901451496,1.0220903051487085,10.7150223444483,4.8934341698177946,0,-12.787583583504052,-9.65838509316771,-15.959908857778176,-16.343854789654927,7.665005190708811,3.2097506454482985,-9.916483058354098,-1.1878307093113345,0,0.11818622941554068,10.0,-40.0,50.0,7.7793056033001164,7.447121169573265,9.041731765817545,-0.5622631552366446,0.013578549329666512,0.02561017531797871,-0.00034376074252329136,-0.0180590717299578
2022-09-21,1663732800,2022-09-29,1664424000,-0.25,54.84104679346242,61.56413537777388,63.1,63.71,61.34,61.35,1460963.0,59.53,59.74,58.11,58.87,1724024.0,13.276636013391482,-2.2251666741694436,8.425343978257189,2.4664515033123706,0,-9.398506643498962,-5.308026379282619,-18.577609432212448,-19.035726855248726,4.902805175587758,3.2379989172735186,-8.11497501943781,-1.345645054466567,0,0.024384944641294322,-2.0,-40.0,38.0,5.525734669611012,4.775369672107217,6.969261777244412,-0.4132988129784556,0.01121114319687444,0.014778325123152802,-0.012909801257006914,-0.02420023205701971
2022-09-26,1664164800,2022-09-30,1664510400,0.25,54.80161797905779,61.56413537777388,58.97,59.67,58.16,58.18,1486309.0,58.72,59.62,57.95,58.08,2518868.0,15.062729438573498,-1.7827707608875158,9.682334710743802,3.582128099173559,0,-10.921126431991269,-6.034622229412722,-19.986037578307187,-25.810560666943076,5.3638167969538415,3.2529921184801704,-7.587719537591312,-1.9181264190900482,-1,-0.10674517221420064,-6.0,-56.0,50.0,6.639979338842977,5.609991341451902,8.093887268572274,-0.41940912973800715,0.011019283746556585,0.026515151515151603,-0.002238292011019216,-0.013419398675046712
2022-09-27,1664251200,2022-10-03,1664769600,-0.25,54.80161797905779,61.70360499114961,58.93,59.72,57.85,58.71,1499400.0,59.01,60.75,58.91,60.29,2069031.0,10.818410124889226,-5.580393870120616,5.484049317189161,-0.37761928456903604,0,-4.862594751729439,-2.190136275146011,-18.36029397708013,-18.63207856260098,1.091238716757431,3.2262388564050752,-7.913003824866355,1.5458942143030057,0,-0.01226186832721446,-10.0,-56.0,46.0,2.6190081273842907,1.5731406496528848,3.9695574837225394,-0.2504804257018409,-0.02123071819538902,0.007629789351467853,-0.02288936805440378,0.038050964187327896
2022-09-30,1664510400,2022-10-06,1665028800,0.75,54.80161797905779,65.35584257062982,58.72,59.62,57.95,58.08,2518868.0,62.61,63.8,62.38,62.44,1631733.0,6.839804012938629,-8.747235146827123,1.8900811445654568,-3.7921738202007305,0,0.01713314075492889,-2.3459493274945262,-8.003487392602766,-8.543701234597954,-2.8371664878235663,3.1247510123648627,-9.286066916949242,-1.1940846781448886,0,-0.13567478045105416,-21.999999999999996,-56.0,34.0,-0.9537155669442541,-1.2113882600061032,0.4422237583326023,0.3444595427468282,0.002722613709160715,0.021780909673286386,-0.000960922485586102,-0.010929827340408704
2022-10-03,1664769600,2022-10-17,1665979200,0.25,58.190489844605146,65.35584257062982,59.01,60.75,58.91,60.29,2069031.0,61.02,61.85,60.92,61.56,1493435.0,3.4352007776784745,-6.2974489908039,1.6271388347411744,-4.243556421918996,1,-0.9765609675376865,-3.646893097511345,-6.281781288094333,3.8663035994535946,-1.3478170917830568,3.3286212192895506,-12.706222356800422,1.077313082842006,0,-0.04766944858367651,-30.0,-36.00000000000001,6.000000000000007,-1.43112410656272,-0.4175573593844035,1.1724751748711526,0.1354058379948746,-0.00877192982456143,0.004710851202079258,-0.010396361273554255,0.031847133757961776
2022-10-04,1664856000,2022-10-18,1666065600,-0.25,58.190489844605146,65.38438512034352,61.77,63.41,61.61,63.39,1222715.0,63.01,63.55,61.98,62.36,1714135.0,2.1809964684833716,-7.524165166366629,0.32713277742142566,-5.439384220654276,1,0.8475127283405541,0.4834031582339625,-4.520501275528598,3.712126790786307,-2.259723373554067,3.279149854958584,-13.196648822434668,1.2212371605824754,0,-0.14255077860676035,-34.0,-36.0,2.0,-2.6715843489416216,-1.5336386189486149,-0.12052062769990357,0.220092587953298,0.010423348300192314,0.019082745349582986,-0.006093649775497201,0.01299545159194282
2022-10-07,1665115200,2022-10-20,1666238400,0.25,58.13145201404098,65.38438512034352,61.7,61.89,60.48,61.11,1542222.0,61.81,62.25,60.6,60.75,1447256.0,4.927451305301815,-5.083829906124848,2.879286694101495,-2.8310013717421043,0,-2.8330569559253433,-0.21353482260184387,-4.068866967889687,5.7403165002601995,1.2213236995740857,3.2273818474369462,-14.234847509135173,-1.0101946276282037,0,-0.11005078790446235,-42.0,-36.0,-6.0,-0.07818930041152328,1.0083998677070696,2.3880393271317217,0.15786884030059484,0.01744855967078185,0.024691358024691468,-0.0024691358024691024,-0.014598540145985384
2022-10-18,1666065600,2022-10-26,1666756800,-0.25,58.13145201404098,65.38438512034352,63.01,63.55,61.98,62.36,1714135.0,64.48,65.58,64.0,64.32,1988202.0,0.8254102615139232,-9.287785883404453,-1.543065920398007,-6.8571206467661625,0,5.238380955575678,6.613625062158122,4.155595475122407,15.222188616540706,-3.6314368769923817,2.9324614159406877,-14.233749635144113,1.325788717129265,0,-0.07222985448304284,50.0,72.0,-21.999999999999996,-4.231187810945258,-3.4151477569442363,-2.9671835933274338,0.4557849683962802,0.0024875621890549926,0.019589552238806096,-0.004975124378109319,0.002337540906965696
2022-10-19,1666152000,2022-11-04,1667534400,0.75,58.13145201404098,68.74010295744912,62.0,62.29,61.16,61.65,1815378.0,67.59,68.4,66.63,68.31,1380366.0,2.1563909770919736,-15.154487888232353,-3.7381056946274356,-9.21460986678376,0,11.612475755588093,11.782032400589108,21.87438481134952,29.604054115073083,-4.807962236527629,2.881825659368117,-5.388965560082216,0.872757596633445,0,0.00639396885522614,50.0,60.0,-10.0,-6.49904845557019,-5.026340274524614,-6.794557898828316,0.5468923615711554,-0.010540184453227908,0.0013175230566535578,-0.024593763724198636,0.019704433497537144
2022-10-21,1666324800,2022-11-08,1667883600,0.75,61.70360499114961,72.16672135210598,60.76,62.92,60.35,62.75,1967510.0,69.1,69.26,67.93,68.78,945609.0,3.103565402341985,-15.182658161865078,-3.4118445284481993,-8.705534554618595,0,12.514232418359377,12.348905586409673,25.059150283907037,36.66492098726046,-4.308313569232865,2.708200007993002,-3.8387277086432654,-0.5953228092728905,0,0.1023023804222856,46.0,64.0,-18.0,-6.039546379761546,-4.644540145389527,-6.859486998120246,0.46150334090551404,0.004652515266065693,0.006978772899098651,-0.01235824367548699,-0.000145369966565001
2022-10-27,1666843200,2022-11-09,1667970000,0.25,65.31109403773817,72.16672135210598,65.39,66.47,64.61,65.64,2188768.0,68.2,69.09,67.96,68.09,942694.0,4.48525870012692,-13.511547435624053,-1.862241151417237,-7.193420472903526,0,10.18036404682335,12.974946075991372,25.28719222605076,38.23890228852635,-2.7149616831440397,2.6587813976741534,-3.0746790540647524,-0.593848459340543,0,0.12610367435100825,42.0,64.0,-21.999999999999996,-4.513144367748552,-3.327932884905792,-5.683648305963217,0.3455759719965541,0.001615508885298933,0.014686444411807997,-0.001909237773535133,-0.010031986042454144
2022-11-07,1667797200,2022-12-05,1670216400,-0.25,65.48144730083173,72.19028321002241,68.65,68.97,67.91,68.79,1067784.0,70.41,70.73,69.41,69.69,1593396.0,3.1428906105379895,-2.152791600637002,2.3652365236523707,-1.4014444922753313,1,5.3777722658375495,2.0202020202020132,20.8658074959111,11.036017741216433,0.7307946447964611,2.3297776231962657,-4.561394959076015,-1.1260469793293466,0,0.02833911202053352,-14.0,24.0,-38.0,0.4950495049505008,-0.21897202761928725,-3.5265512919534103,-0.254005784256808,0.010331467929401539,0.014923231453580321,-0.00401779308365624,-0.019555430500844073
2022-11-09,1667970000,2022-12-08,1670475600,0.75,65.48144730083173,75.68190859567729,68.2,69.09,67.96,68.09,942694.0,72.82,73.58,72.46,72.8,1450670.0,0.20424559483882376,-6.038036803630007,-0.9027014652014458,-4.796932234432248,1,11.214446968180752,6.917315317961512,22.781126048896972,20.158458411440932,-1.6822355180844681,2.5357060711158184,-0.5011046084155808,0.984842360456418,0,-0.20930464907423124,42.0,88.0,-46.0,-2.9168956043955916,-3.3146511270651615,-6.779386827758444,0.005096446680135092,0.00027472527472527375,0.010714285714285676,-0.004670329670329765,0.0062197650310988895
2022-11-10,1668056400,2023-01-17,1673931600,0.25,68.74010295744912,75.68190859567729,70.34,71.39,69.78,71.3,1510205.0,70.05,70.32,69.08,69.19,1686660.0,3.5025129007225644,-0.3532138690705722,3.4043936985113277,-0.30423471599941365,1,-2.2575825183835647,-0.4889975550122298,0.6651401413440011,-8.391579077195495,1.7740030382749268,2.143682982300961,-11.86740737605856,-1.3035947669480228,-1,-0.021232262710199835,-42.0,-20.000000000000004,-21.999999999999996,1.574649515825996,1.7375719975612753,0.43947947951448896,-0.14627544865989606,0.012429541841306513,0.01633183986125153,-0.0015898251192368873,-0.012276945039257692
2022-12-06,1670302800,2023-01-23,1674450000,-0.75,66.1718922357155,75.68190859567729,74.78,75.74,72.53,73.34,4541619.0,68.1,69.25,68.03,68.79,1277467.0,5.274232979618958,-2.151686097804742,3.4971168289964254,-0.2941318990163495,0,-2.0074555082095316,-2.9623360135420995,-8.350655601292898,-9.851937203572625,0.9607470965796523,2.2649104097044037,-10.192730578379424,0.9537321709629721,0,-0.1827892536707014,10.0,-32.0,42.0,1.561273440907101,1.062431199560578,0.6426879824063434,-0.3442570641101558,-0.010030527692978852,0.0066870184619856055,-0.011048117458933082,0.01670115282293838
2022-12-09,1670562000,2023-01-26,1674709200,-0.25,66.1718922357155,72.19028321002241,72.76,73.05,71.39,71.51,1700514.0,70.93,71.96,69.75,71.92,1858091.0,0.9403081426107036,-6.568784227149067,-0.671116054875796,-4.938357434186145,0,6.158818091171618,1.9418851878100705,-2.219750362837494,8.374383360031857,-3.31910100439066,2.485778466713268,-10.772270323292204,1.339786384191422,0,-0.024119174442888205,50.0,20.0,30.0,-2.8142380422691957,-2.9798455094982756,-3.5447173794784845,0.10995889811478604,-0.01376529477196875,0.0005561735261401246,-0.030172413793103425,0.028162973552537496
2023-01-18,1674018000,2023-01-27,1674795600,0.75,66.1718922357155,75.05839374924888,69.63,69.93,68.06,68.14,2547565.0,71.82,72.57,71.51,72.08,1265898.0,1.101670934791457,-6.836965052438487,-0.7695153533111068,-5.000924898261189,0,6.536541118872805,3.3553197591052535,0.8092213282047005,8.739977379957224,-3.4529958171225132,2.4081411876072574,-10.218321940089586,0.9122554707922346,0,-0.056256894663072196,50.0,24.0,26.0,-2.867647058823522,-2.8909011758226484,-3.611419670592724,0.24890589239050998,-0.0036071032186459906,0.006798002219755794,-0.007907880133185219,0.0022246941045604984
2023-01-24,1674536400,2023-01-30,1675054800,0.25,68.78072910881122,75.05839374924888,71.22,71.22,67.81,69.4,1694720.0,71.96,72.28,70.32,70.4,1662930.0,3.4261875599020897,-4.613687559902104,1.6595643939393767,-2.759469696969717,0,1.6208761689060367,-0.8729935229512678,1.1761410178837337,6.669874440151048,-1.071416667953443,2.48835695863992,-10.652130160610033,-1.196983474670425,0,-0.09100292190069524,46.0,24.0,22.0,-0.59375,-0.5189035297028113,-1.2598165560828534,0.217356467155832,0.02215909090909074,0.02670454545454537,-0.001136363636363824,-0.023307436182019914
2023-01-27,1674795600,2023-02-01,1675227600,-0.25,68.78072910881122,75.15898913207477,71.82,72.57,71.51,72.08,1265898.0,72.2,74.47,72.06,74.34,2489123.0,-0.6327427867947364,-10.240273086221123,-3.2438794726930382,-7.744821092278727,0,10.328347233797558,6.1090493862403665,7.960315880211525,14.563766012269042,-5.6418968725911895,2.4695192353331294,-9.993863289486248,1.728511689286482,1,0.03781958056167764,50.0,36.0,14.0,-5.436507936507937,-4.936673928309986,-6.079403124795675,0.492953839172638,-0.02878665590529994,0.0017487220877050458,-0.030669895076674725,0.02326221610461121
2023-01-30,1675054800,2023-02-02,1675314000,0.75,68.78072910881122,78.47817984845987,71.96,72.28,70.32,70.4,1662930.0,74.62,75.89,73.94,75.52,1899108.0,-0.9992709064623284,-12.211799008791886,-4.415386652542367,-8.937367584745758,0,12.51764156816374,6.576347727914192,12.118957179483267,16.311061167730486,-6.658190108994873,2.4417304587343405,-8.6087997236496,1.3032050378176967,0,0.07430133351774416,50.0,40.0,10.0,-6.6055349576271,-5.810415693591537,-7.250955099952279,0.6432361329540945,-0.011917372881355859,0.004899364406779627,-0.020921610169491456,0.015873015873015817
2023-01-31,1675141200,2023-03-08,1678251600,0.25,71.83388346686002,78.47817984845987,70.57,72.66,70.35,72.65,1900122.0,73.04,73.38,72.03,72.88,1081230.0,2.9039725956743183,-0.7579791818433392,2.7643615075009222,-0.6563300402488039,1,0.9119578936202828,-2.5928896017107697,5.677358912707301,-1.671371309836502,0.7981651125239324,1.9362217244554045,-11.058358136355507,-0.7988306247973611,0,-0.06055672215894256,-42.0,-68.0,26.0,1.0729967069154895,0.5481436571074028,-0.9167397375496051,-0.19695269628317197,0.002195389681668658,0.006860592755214112,-0.011663007683863857,-0.0019172829361818744
2023-02-02,1675314000,2023-03-09,1678338000,-0.75,69.11272843892255,78.47817984845987,74.62,75.89,73.94,75.52,1899108.0,73.33,73.33,70.51,70.83,1652636.0,6.321196263420731,1.2250412065778704,5.696973975245896,1.9118546755141637,1,-5.999178944035862,-4.309646041610373,1.2378707659566397,-3.333595248561835,3.4509820035797674,2.1343396771122283,-10.46093504678139,-1.2033063978464271,0,-0.1392011300318311,-46.0,-96.0,50.0,3.7731187349993007,3.128903871018963,1.874472262623243,-0.3360482254985264,0.03529577862487643,0.03529577862487643,-0.004517859663984103,-0.02812843029637757
2023-02-03,1675400400,2023-03-14,1678766400,-0.75,66.29665591298061,75.15898913207477,74.95,75.9,74.01,74.23,1239939.0,68.6,69.22,67.38,68.02,1196410.0,13.044096805695915,0.4622248644011222,8.985837498774856,4.694452611976871,0,-11.610777182604672,-8.832596166733687,-16.363457956001238,-11.62632253756361,5.875742839532094,2.4876980996826776,-5.649095842163465,0.8488334122444771,0,-0.19978887042356944,-46.0,-92.0,46.0,6.753160835048533,5.46111597585363,5.393322153802089,-0.7821766202380709,0.00852690385180832,0.01764187003822415,-0.009408997353719473,0.01583034647550785
2023-03-09,1678338000,2023-03-15,1678852800,-0.75,63.081377728033665,71.83388346686002,73.33,73.33,70.51,70.83,1652636.0,66.44,66.57,65.01,65.99,1617511.0,17.09215547468834,1.7106934418141861,11.721978077486497,7.234934586048382,0,-15.76670920591198,-11.279913955364346,-21.551199270862853,-12.37304454624352,8.275627470183935,2.7068732509529623,-3.9386626717081086,-1.1377772874524439,0,-0.1707500382312395,-34.0,-84.0,50.0,9.40142445825127,7.876256189519154,8.29681112473348,-0.8919056928971674,0.006819215032580761,0.008789210486437327,-0.014850734959842238,-0.02984416348132901
2023-03-10,1678424400,2023-03-16,1678939200,-0.25,63.081377728033665,69.60755708471706,70.52,70.75,68.58,69.09,1593758.0,65.33,67.74,65.21,67.29,1258502.0,14.75493837886144,-1.2492168749232775,9.128647149155398,4.48605538217663,0,-11.293710838497411,-9.66572694321384,-23.2518453246976,-7.248314834527385,5.663487510298637,2.733525843146952,-3.1906975285038968,0.8803141106845956,0,-0.15825742797181727,-38.0,-84.0,46.0,6.752860751969081,5.240521674472959,5.961268533312619,-0.8277443865628802,-0.02912765641254289,0.006687472135532557,-0.03091098231535161,0.019699954538566544
2023-03-15,1678852800,2023-03-17,1679025600,0.25,63.00496196779676,69.60755708471706,66.44,66.57,65.01,65.99,1617511.0,66.75,67.05,65.6,66.02,3873356.0,16.983199874799595,-0.6305794567444707,10.63617085731596,5.884580430172676,0,-13.823889905028182,-11.191821361312897,-25.742363582899667,-17.48633072247381,6.277116338815063,2.7699467713351593,-2.4961584669571266,-2.5998833308064047,-1,-0.15915963658117033,-42.0,-84.0,42.0,8.176310209027562,6.5730870631052625,7.685892635245352,-0.8200802003105165,0.011057255377158404,0.015601332929415346,-0.006361708573159652,-0.018873532471392673
2023-03-16,1678939200,2023-03-28,1679976000,-0.25,63.00496196779676,69.60755708471706,65.33,67.74,65.21,67.29,1258502.0,68.44,69.67,68.3,69.4,1208825.0,8.316891556839636,-7.932165332055817,2.547790585975008,-2.1049471661863635,0,-2.191911069602398,-4.050877920641494,-17.821996989993455,-14.922293464109174,-2.4305166354906618,2.4987151486596653,-4.841900089059948,0.79939583113644,0,-0.13342042473678098,-18.0,-32.0,14.0,0.1923631123919023,-0.2924548312440294,1.3466946629957306,0.10394708022736321,-0.013832853025936731,0.0038904899135445703,-0.015850144092219187,0.012399708242159191
2023-03-17,1679025600,2023-04-03,1680494400,0.75,63.00496196779676,72.58466704266371,66.75,67.05,65.6,66.02,3873356.0,70.36,71.39,70.22,70.75,924444.0,3.00164283200381,-8.345812443311246,-0.5043580683156819,-4.70365135453477,0,1.6865752478012652,-3.5314971366239476,-7.145740914329979,5.1541480840152545,-4.057793496704363,2.165905825916282,-8.970817121685261,0.6359503333496556,0,-0.015075651946381743,-34.0,-32.0,-2.0,-2.672084805653725,-1.6336494339199277,-0.5765402832881392,0.4762405820082918,-0.005512367491166126,0.00904593639575979,-0.007491166077738587,0.004258339247693366
2023-03-20,1679284800,2023-04-25,1682395200,0.25,66.29665591298061,72.58466704266371,66.47,67.57,65.94,67.07,1684421.0,67.3,67.77,66.97,67.03,1230012.0,5.558121356596061,-0.6155583251176324,4.034760554975378,1.0196926749216857,0,-8.19773248932568,-2.217359591539017,-10.263224779056614,-7.7341374423416696,1.6271462744447547,1.7335034828281266,-10.676390333205926,-0.8821642965486125,0,-0.018187101320064143,-10.0,-60.0,50.0,2.471281515739207,2.137355225750227,3.4819070597933006,-0.022586032298654968,0.004028047143070257,0.011039832910636926,-0.000895121587348946,-0.011794191360754769
2023-03-29,1680062400,2023-04-27,1682568000,-0.75,64.53867952642378,72.58466704266371,70.07,70.36,69.7,70.18,1118767.0,65.01,65.63,62.72,65.39,2498432.0,8.501906682031674,0.23490322774044614,6.16276698781671,2.6851710251312824,0,-12.965881188057978,-6.825306355086927,-17.01650067074418,-10.05714550415037,3.2693096367457457,2.0377147475212154,-6.752643531971724,1.7422400080042713,1,0.06847813104728875,-18.0,-64.0,46.0,4.36840495488606,3.8465650680711008,5.609960999703063,-0.24428842270602225,-0.005811286129377535,0.003670285976449028,-0.04083193148799513,0.0
2023-04-04,1680580800,2023-05-02,1683000000,-0.25,64.53867952642378,69.56280029065132,70.82,70.82,68.62,68.91,1301850.0,66.66,67.34,65.71,67.22,2127093.0,3.8372403672014315,-2.337686662946723,2.615293067539426,-1.0934245760190464,0,-5.025369258692422,-4.989399293286221,-15.51323984594942,-6.448598599721024,0.013099190802350336,2.0835854118915362,-5.3411273209089565,1.4314339020249416,0,0.1751531915058086,-30.0,-64.0,34.0,0.7497768521273542,0.6592575712069788,2.382247279412468,-0.056611218338090574,-0.008330853912526082,0.0017851829812556286,-0.02246355251413279,0.005083732057416412
2023-04-26,1682481600,2023-05-11,1683777600,0.25,64.20927393596585,69.18622523755843,66.73,66.83,65.18,65.39,1899221.0,64.32,64.46,63.71,64.27,1039631.0,8.57384900357387,-0.7754982956230378,5.801047663502928,2.026347181162791,0,-13.05722610396002,-5.748643496113803,-22.732222203789775,-18.74346097136099,2.721655981926091,2.1013978092756074,1.3098338656781792,-0.716516407171313,0,-0.0073859508292453335,-18.0,-68.0,50.0,3.8991753539754086,3.351101669944498,5.734466745159523,-0.1732620242587246,0.0007779679477204482,0.0029562782013381472,-0.00871324101447013,-0.005416279789538958
2023-04-28,1682654400,2023-05-16,1684209600,-0.75,61.71018108558717,69.18622523755843,65.43,67.26,65.43,66.77,2631333.0,63.7,63.83,63.06,63.07,902279.0,9.720965176185615,-0.5803277891553478,6.657417684054749,2.598435600655364,0,-14.537539934569523,-8.818852103513084,-27.512546719195687,-11.897829967212779,3.6737633239700074,2.111656395325411,5.774282307683716,-0.6270970936671061,0,0.049731855533195195,-30.0,-80.0,50.0,4.570318693515134,4.070064619149605,6.927978958509584,-0.23400581418595268,0.00998890122086582,0.01205010306009191,-0.00015855398763275907,-0.014223194748358758
2023-05-03,1683086400,2023-05-22,1684728000,-0.25,61.71018108558717,66.71868215486869,67.62,67.75,66.44,66.48,1233146.0,64.22,64.73,63.47,64.61,835167.0,4.654760137958334,-2.7618643014005357,3.048289738430583,-1.1383686735799472,0,-6.961349895649164,-4.747162022703817,-20.749226813552614,-14.492199925501922,0.20956171812042612,2.0443879293991496,5.330470345803111,0.591025684647371,0,-0.10521059485582723,-46.0,-80.0,34.0,0.9464479182788921,1.047359332411915,3.7234282411856157,0.06925323962023455,-0.006036217303822977,0.0018572976319455314,-0.017644327503482438,0.004664904369460432
2023-05-12,1683864000,2023-05-30,1685419200,0.25,61.71018108558717,66.59603304394032,64.63,64.63,62.75,63.13,1796741.0,62.75,63.04,62.26,62.92,798642.0,6.552092461440978,-2.035245671866903,4.067069294342019,0.5054036872218717,0,-10.328331330016844,-5.921052631578939,-23.56219787360013,-19.878080003160832,1.160187391581971,1.9377939106780355,7.215965684195901,0.5964907841344066,0,-0.023734617142433728,-26.0,-64.0,38.0,2.2584233947870302,2.1735807198536463,5.283399888590921,-0.04752871783675494,-0.0027018436109345068,0.0019071837253654689,-0.010489510489510523,0.004309656823623387
2023-05-17,1684296000,2023-05-31,1685505600,-0.75,59.60489880075644,66.59603304394032,63.66,64.32,63.38,64.25,1097282.0,62.59,62.74,61.12,61.71,1968659.0,8.018325282706655,-0.384230322408456,5.70977151191056,2.0798898071625445,0,-13.655175462664026,-8.196965188931863,-24.74880543690519,-20.446550105570466,2.6395139081677,2.043009823805133,7.978431309221506,-1.4641381175603563,-1,-0.02969498560904012,-30.0,-80.0,50.0,3.8170474801490997,3.7791762382963725,7.059632032345149,-0.08893209663837043,0.014260249554367332,0.016690973910225226,-0.009560849133041671,-0.019230769230769273
2023-05-23,1684814400,2023-06-06,1686024000,-0.25,59.60489880075644,64.20927393596585,64.23,64.72,63.73,63.81,1169079.0,62.9,63.9,62.89,63.44,1021329.0,3.304750833426297,-3.0021026619256617,1.8626523749474728,-1.542139554434641,0,-5.681620303204795,-3.204150137320733,-18.173471108195386,-7.77491966012871,-0.40160713320739205,1.9940229743408686,5.436644198762309,0.766356872589783,0,0.03188083715020178,-46.0,-80.0,34.0,0.15132408575031775,0.5057746233077012,3.4644545384527277,0.16024970920679782,-0.008511979823455196,0.007250945775535866,-0.00866960907944514,0.00491050213844435
2023-05-31,1685505600,2023-06-28,1687924800,0.75,59.60489880075644,66.49698605072075,62.59,62.74,61.12,61.71,1968659.0,66.04,66.4,65.51,66.29,1050502.0,2.1704071486900176,-6.12575486327745,-0.3766279479056749,-3.886961331523125,0,3.458789675001853,5.3560076287349085,6.644932674141348,22.430135836996755,-0.9142584363991375,1.8042042907115106,-10.376199984227014,0.8160605886972973,0,0.2742333730675725,22.0,48.0,-26.0,-1.9776738572937091,-1.4950763053279417,-0.9359334712962948,0.14377332652341068,-0.0037713078895761365,0.0016593754714133713,-0.01176648061547747,0.0
2023-06-01,1685592000,2023-07-10,1688961600,0.75,61.8742332528427,68.63488350564334,62.06,62.55,61.71,62.15,963981.0,67.07,68.12,66.86,67.89,838458.0,0.43670899483525716,-5.067729763726064,-0.9048951735650803,-4.002553149702948,0,7.911939656566197,4.3337943752881625,15.491351925179686,10.655469805549444,-2.2304850851463556,1.7340537023127938,-7.395756820086518,0.6829537701278635,0,0.28902975461857194,34.0,76.0,-42.0,-2.3155103844454032,-2.257994726759705,-2.6517339927098647,0.16300554664109423,-0.012078362056267555,0.003387833259684836,-0.015171601119457923,0.0075690115761353205
2023-06-07,1686110400,2023-07-11,1689048000,0.75,64.08947238692281,70.75042836056504,63.59,65.59,63.31,65.52,1244083.0,68.06,68.99,67.84,68.92,729712.0,-0.44785962284480263,-6.555912866998497,-2.1307312826465648,-5.218369123621599,0,11.251766399958221,5.786646201074437,18.035246434054887,17.612571425223138,-3.43998493273142,1.7053144184252977,-6.4588108937983755,0.6120105887077693,0,0.2816621596563635,50.0,96.0,-46.0,-3.50188624492165,-3.36457036315025,-3.945547784156858,0.22164056698402912,-0.012478235635519419,0.0010156703424260005,-0.015670342426001183,0.015171601119458034
2023-06-29,1688011200,2023-07-12,1689134400,0.25,66.49698605072075,70.75042836056504,66.34,67.37,66.3,67.18,898599.0,69.58,69.65,68.33,68.33,805271.0,0.7542202488675542,-5.6876316347887865,-1.0149275574418226,-4.1702034245573,0,8.454866759639003,4.209242031416815,18.874900790590885,17.295890358565188,-2.3636664003735035,1.735164962401299,-5.155352145222842,-0.6967229567796449,0,0.17488013877693986,46.0,92.0,-46.0,-2.466705692960616,-2.2891971030907143,-2.9939568102089424,0.20370672242912113,0.018293575296356,0.01931801551295198,0.0,-0.008560650029019179
2023-07-11,1689048000,2023-07-13,1689220800,-0.25,66.50073471178749,70.75042836056504,68.06,68.99,67.84,68.92,729712.0,68.34,68.96,68.11,68.78,762691.0,0.5351168130524684,-6.333313963386857,-1.4674808568382502,-4.600659106329346,0,9.92405986484441,4.291129643669444,20.17664400112752,18.50114065151132,-2.713621267763841,1.6889561795906713,-4.2428488262151625,0.670083679828465,0,0.28676148402962937,42.0,44.0,-2.0,-2.8990985751672014,-2.6495769278372734,-3.4863293516803537,0.20462720005182544,-0.006397208490840356,0.002617039837161883,-0.009741203838325108,0.006585687106688276
2023-07-12,1689134400,2023-07-26,1690344000,0.25,66.45795929053294,70.72587881422378,69.58,69.65,68.33,68.33,805271.0,68.03,68.66,67.87,68.25,1444235.0,0.9602836305447937,-2.6467305169916955,0.6151404151404307,-2.4163614163614255,1,6.615720710502643,2.9567053854276564,14.049691734501637,8.382549063027362,-0.5602813138239924,1.596762486417475,-4.769744046067803,1.334326154366948,0,0.08087438381125864,6.000000000000007,44.00000000000001,-38.0,-0.8432234432234509,-1.1736245708453623,-2.13247262035911,-0.06171463194418658,-0.0032234432234432564,0.006007326007325897,-0.005567765567765504,0.004119464469618972
2023-07-13,1689220800,2023-07-27,1690430400,-0.25,66.45795929053294,71.60453316916694,68.34,68.96,68.11,68.78,762691.0,72.34,77.18,72.21,76.35,4593197.0,-5.60223130229906,-15.805758219639387,-9.190788037546369,-12.435057847631512,0,25.72341893165411,15.175742947654228,26.265439607727036,17.369976236094743,-8.502143772534467,2.1608452765215693,-1.4790591503101602,3.9923305690809667,1,0.2566892848296791,50.0,92.0,-42.0,-10.70399476096921,-10.547851474876808,-12.024480028926604,0.46558143537717844,-0.05252128356254082,0.010870988867059728,-0.05422396856581535,0.1186813186813187
2023-07-14,1689307200,2023-07-28,1690516800,0.75,66.45795929053294,74.57549357101028,68.53,68.53,66.95,67.24,989214.0,76.74,77.04,75.38,76.21,2041832.0,-3.121441843256008,-16.77358505610104,-8.377728207146902,-11.705375497528763,0,25.121470237019622,13.441500446561456,33.9431124494795,19.841460651514296,-7.280182028442923,2.1657703143677103,1.5765768243219327,-1.740252742990125,0,0.21116801743823438,46.0,92.0,-46.0,-9.947513449678524,-9.394618092882482,-11.397655976447624,0.7560775234452792,0.00695446791759613,0.010890959191707239,-0.010890959191707128,-0.0018336607727570398
2023-07-27,1690430400,2023-07-31,1690776000,0.75,68.63488350564334,77.54252822986481,72.34,77.18,72.21,76.35,4593197.0,76.69,77.83,76.21,77.6,1917659.0,-2.569976067975986,-19.247034241302387,-9.350085910652908,-12.718642611683833,0,27.029815314838174,14.99703615886187,40.566888027830394,21.947220599968432,-8.018474737396929,2.124165706510974,4.553941824690753,1.6118793873211028,0,0.23564422999414555,50.0,96.0,-46.0,-10.908505154639187,-9.968282432690785,-12.475528789238084,0.9788414591631476,-0.011726804123711299,0.0029639175257731853,-0.017912371134020666,0.01823907623671439
2023-07-28,1690516800,2023-08-01,1690862400,0.75,71.60453316916694,80.42620327022973,76.74,77.04,75.38,76.21,2041832.0,77.3,77.96,76.96,77.76,1223378.0,-0.879747503651771,-20.03460434820009,-8.897247942386826,-12.26401748971196,0,27.241339712977762,14.538223596995145,45.40296558345317,22.715051584465513,-7.589060558355612,2.0602387977001304,7.341764955735293,1.0249208533071106,0,0.30737312647828247,50.0,96.0,-46.0,-10.457175925925938,-9.186529748897286,-12.159321458736514,1.0667478361870266,-0.005915637860082423,0.002572016460905102,-0.010288065843621519,0.0020618556701033075
2023-07-31,1690776000,2023-08-02,1690948800,0.25,74.57549357101028,80.42620327022973,76.69,77.83,76.21,77.6,1917659.0,77.45,77.56,76.56,76.64,1477077.0,1.8356082499854551,-18.87501326042387,-6.897834029227539,-10.35816805845512,0,22.33329336895521,14.388059701492539,46.709523567652695,19.753442690768722,-5.614528269784159,2.052876338185122,9.536737149763987,-1.232846918642655,0,0.21603046157423927,46.0,92.0,-46.0,-8.5197025052192,-7.110887334856102,-10.449141643880282,0.9814019667184253,0.010568893528183798,0.012004175365344594,-0.0010438413361169019,-0.01440329218107006
2023-08-01,1690862400,2023-08-09,1691553600,-0.25,74.71054426381167,80.42620327022973,77.3,77.96,76.96,77.76,1223378.0,78.2,78.69,77.57,77.92,900777.0,5.990633251444038,-19.362039822285965,-5.074221423682417,-8.541880561259404,0,20.19216274100664,14.034830967364268,49.913338095907264,24.220956190012956,-3.5933037050121612,2.0114851363403186,15.26894874034901,-0.7415105452686542,0,0.22850977456000776,42.0,88.0,-46.0,-6.685703285420956,-5.055221968222796,-9.675614773464659,0.49010595483565833,0.0035934291581110056,0.009881930184804988,-0.0044917864476387015,-0.001153698243814949
2023-08-02,1690948800,2023-08-10,1691640000,0.25,74.71054426381167,80.39337048405702,77.45,77.56,76.56,76.64,1477077.0,78.0,78.59,77.23,77.54,1084772.0,7.12754965746079,-18.45460666029804,-3.984825036540272,-7.535250623334193,0,18.619657112972163,12.736260540854907,48.373657487183785,23.57243340028957,-2.526071270391668,2.002242145719526,15.382218564349614,-0.8887864908176432,0,0.2321293609886732,38.0,64.0,-26.0,-5.663528501418639,-4.152790583977833,-8.870885426438946,0.3072504014740294,0.005932421975754387,0.01354139798813514,-0.003997936548878034,-0.004876796714578968
2023-08-03,1691035200,2023-08-11,1691726400,-0.25,74.74795882224116,80.39337048405702,76.56,77.58,75.86,77.58,1284589.0,77.52,78.25,76.83,78.09,753198.0,6.854491576309059,-18.12097896265813,-4.021428266530066,-7.526358475263592,0,19.65537354775124,16.1362284354551,47.502144908986196,20.059750718765713,-2.6979629376099155,1.976016800878288,15.122163139995173,0.6296589830789818,0,0.24935004806953778,34.0,64.0,-30.0,-5.633243693174535,-4.368061428358715,-9.139674016742305,0.1870116301847986,-0.007299270072992803,0.0020489179152258785,-0.016135228582405015,0.0070931132318803325
2023-08-10,1691640000,2023-08-16,1692158400,0.25,74.74795882224116,80.32005696551535,78.0,78.59,77.23,77.54,1084772.0,75.69,76.25,75.38,75.43,1057477.0,10.542332343699059,-11.703673984955913,1.151177692341676,-2.452163153475638,0,9.209671249990713,11.434480720933681,37.094465074818196,3.3604349506634392,2.6229116660618104,1.9191369525186135,11.435804503576392,-0.8877614283405636,0,-0.06759430866948957,22.0,64.0,-42.0,-0.5806708206284128,-0.4740170655668692,-5.143379271123294,-0.3679769770584356,0.0034469044146889782,0.010871006230942504,-0.0006628662335942392,-0.006061404664646108
2023-08-11,1691726400,2023-08-17,1692244800,-0.75,72.24939746984188,80.32005696551535,77.52,78.25,76.83,78.09,753198.0,75.95,76.16,74.55,74.56,1000908.0,11.416257348181304,-9.36958352843881,2.8527360515021343,-0.889216738197419,0,6.150278295755889,9.743891669119819,32.23244114625155,-5.079778842467107,3.830200149411283,1.9570877761632313,9.1097126059273,-0.8405594498618063,0,-0.12899395280950207,18.0,64.0,-46.0,1.0233369098712473,0.6218404877768933,-3.878253024967549,-0.5430399147897131,0.01864270386266087,0.02145922746781115,-0.00013412017167391266,-0.011533872464536743
2023-08-14,1691985600,2023-08-30,1693368000,-0.25,72.24939746984188,77.54252822986481,77.88,78.05,77.41,77.47,655096.0,76.77,77.6,76.77,77.4,939641.0,2.5494768135793606,-4.6179522657757275,0.5846253229973968,-2.61950904392765,0,13.355420575903175,0.9916492693110713,20.03324301654642,-0.3823019478973819,-1.9153811278566621,1.726976171724524,-3.1434743797922984,0.825481353404247,0,-0.10406898665025936,-18.0,-32.0,14.0,-1.0342377260981834,-2.391490267114065,-5.790193086426584,-0.25448564660976025,-0.0081395348837211,0.0025839793281652312,-0.0081395348837211,0.008206330597889888
2023-08-17,1692244800,2023-09-01,1693540800,0.75,72.24939746984188,79.83837228576337,75.95,76.16,74.55,74.56,1000908.0,78.12,78.49,77.71,78.05,629087.0,1.5992582312023274,-5.373761754584777,-0.3677130044843153,-3.294042280589366,0,15.101512489520104,-0.5225592658679539,22.7828331380901,12.299903905498944,-2.6175219332421875,1.6095049295885555,-2.4487411261120933,0.5520565703732925,0,-0.1313542499888663,-26.0,-32.00000000000001,6.000000000000007,-1.8872517616912177,-2.679385595010473,-6.093834351295371,-0.08610635296073621,0.0008968609865471766,0.005637411915438761,-0.004356181934657366,0.006577250451379912
2023-08-18,1692331200,2023-09-19,1695096000,0.25,74.87596583247503,79.83837228576337,73.86,75.32,73.61,75.08,992855.0,75.92,76.12,74.8,75.49,1287510.0,2.9119259572149616,-1.518363896014776,2.203823906036135,-0.7859760674702869,1,2.9715586511834644,0.14592730167153017,6.7274963219295865,14.898547666306172,0.7834604394315647,1.603535093768127,-11.545080411575762,-1.0316052054546598,0,0.065235929497377,6.000000000000007,44.00000000000001,-38.0,0.6967810306000928,0.4483925600546854,-1.7409775139598906,-0.21983157274396448,0.005696118691217444,0.008345476222016313,-0.009140283481255729,-0.00644906554356417
2023-08-31,1693454400,2023-09-29,1695960000,-0.25,75.25767108473963,80.19448661416881,77.57,77.87,77.33,77.54,1433108.0,78.89,79.15,77.8,77.99,1700234.0,2.0157456141081838,-4.791742536790565,0.3904346711116773,-3.029234517245797,0,7.2002969237876115,0.5803456280629206,16.326023991750265,17.90493407703174,-0.7313652852245838,1.8758847599831419,-1.734029355362459,-1.205355983874443,0,-0.09180911347189095,22.0,68.0,-46.0,-1.3879984613411835,-1.021669797944952,-3.4383662612142274,0.09776846784475057,0.011539941018079425,0.014873701756635604,-0.002436209770483422,-0.0070028011204483764
2023-09-05,1693886400,2023-10-06,1696564800,0.25,74.89404652142909,80.19448661416881,77.87,78.03,76.67,76.74,844287.0,75.08,77.62,74.96,76.75,1037377.0,3.4999415043929503,-3.0751858040672175,2.097285559174793,-1.6004343105320231,0,2.374766256354519,1.7499668566883109,4.095683542680916,0.3744245551980683,1.2881968368421752,1.983846104381605,-6.475891934664901,0.7699842128211701,0,-0.2145237086967876,2.0,36.0,-34.0,0.21237785016285216,0.10098955369866758,-1.6485280141681216,-0.2785916770544587,-0.021758957654723132,0.011335504885993553,-0.02332247557003264,0.01857996018579966
2023-09-20,1695182400,2023-10-18,1697601600,-0.25,74.89404652142909,80.39727103432305,77.32,80.44,77.19,79.21,3686865.0,79.51,79.88,78.26,78.37,1842274.0,2.48593162978392,-3.4493104737293123,1.6071200714559097,-2.4709710348347613,1,4.411612237866258,-1.060472162605718,11.760367863088595,-9.573703104505853,-0.46812774734947027,2.1111805789174287,-7.249141208629943,-1.4129765214182286,0,-0.15458334408592278,46.0,32.0,14.0,-0.48168942197268905,-0.5320884735912585,-2.496014415978138,0.06816663045877869,0.014546382544341041,0.019267576878907677,-0.001403598315682042,-0.016934269944806735
2023-10-02,1696219200,2023-10-24,1698120000,0.25,74.55463260199699,80.39727103432305,77.64,78.37,76.85,77.14,1394960.0,75.57,76.16,74.88,74.88,1420552.0,7.6415365586150585,-0.5782352765637597,5.8883101851851904,1.4932781339031465,0,-6.0505827827272824,-3.827382481376836,-2.5915840945538897,-0.37255296696130813,3.824266482539258,2.1952931412035896,-9.344437440002169,1.0619476065519073,0,-0.3053484973623795,30.0,-16.0,46.0,3.5316506410256494,3.0512860282029948,1.8918666015952823,-0.47123257006634234,0.009214743589743613,0.017094017094017033,0.0,0.000801924619085792
2023-10-09,1696824000,2023-10-25,1698206400,-0.75,71.63479325937428,80.39727103432305,76.99,79.22,76.75,79.06,1028627.0,75.01,75.37,74.03,74.21,2571654.0,8.654988648434099,-0.3393977577185723,6.548308853254284,2.136504514216412,0,-7.86753407337428,-5.812920421373287,-6.092031830851749,-3.9792265795930746,4.352276624650258,2.185868438382604,-9.136863185541866,-1.8868748233201442,-1,-0.35537656559527914,26.0,-24.0,50.0,4.1577954453577775,3.6024702472680303,2.7015241815741007,-0.5422104596688947,0.010780218299420774,0.015631316534159945,-0.0024255491173694743,-0.008947649572649596
2023-10-19,1697688000,2023-11-17,1700197200,-0.25,71.63479325937428,77.63876913443237,78.22,78.67,77.0,77.19,1158043.0,77.11,77.5,76.9,77.25,876415.0,1.0929698498205909,-4.049604154027733,0.16526429341962512,-2.9324703344120735,0,2.583011620813153,1.9801980198019802,-0.0772324764222652,8.860448609490838,-1.0265877931366845,1.7697896038072505,-15.300309354207567,0.5962364869095677,0,0.06569814742659895,-42.0,-24.0,-18.0,-1.4783171521035712,-0.8575310124806208,-1.2017020143817803,0.13454606341732603,-0.0018122977346278768,0.003236245954692629,-0.0045307443365695255,0.007959290187891543
2023-10-25,1698206400,2023-11-20,1700456400,0.75,71.63479325937428,80.04731211823392,75.01,75.37,74.03,74.21,2571654.0,77.21,77.93,76.97,77.83,1087451.0,0.5875947956018166,-4.625883373271094,-0.4452010792753498,-3.4877296672234337,0,4.466648458892799,4.022988505747134,1.751206698719722,17.170790708586424,-1.5679170542832566,1.7192335030776162,-15.47169893026724,0.7397980047507308,0,0.0479794380456302,-46.0,-24.000000000000004,-21.999999999999996,-2.0191442888346387,-1.4443207378525926,-1.861962232905455,0.1852305807547347,-0.007966079917769542,0.0012848515996404242,-0.011049723756906049,0.007508090614886775
2023-10-26,1698292800,2023-11-21,1700542800,0.25,74.55463260199699,80.04731211823392,74.74,77.11,74.74,75.87,2450101.0,77.51,77.99,77.5,77.63,751473.0,0.9985097268111502,-4.177693032234288,-0.08501867834600318,-3.033621022800446,0,3.6924455643821474,3.672542735042735,2.9232191732062383,16.261059191785904,-1.1654400938296163,1.6456296958823917,-15.580778786900755,-0.5117937103707433,0,0.004311024696526529,-46.0,-20.0,-26.0,-1.5895916527115759,-1.0770370914007685,-1.5460238761456395,0.19527067402586973,-0.0015457941517453833,0.004637382455236372,-0.0016746103310575355,-0.0025697031992805153
2023-11-20,1700456400,2023-11-24,1700802000,-0.25,75.33926493518807,80.04731211823392,77.21,77.93,76.97,77.83,1087451.0,78.05,78.37,77.86,78.24,304676.0,0.5101535990561672,-4.454427627686059,-0.6624914792092653,-3.2954158145875994,0,5.776752704952777,3.1237643337287335,5.85762190224503,13.341422403768505,-1.9668370869492406,1.5315766653519118,-16.10641278479308,0.20980501071735635,0,0.05576851482007539,50.0,84.0,-34.0,-1.9721370143149386,-1.5548515926159183,-2.154019622810793,0.22648866761545783,-0.002428425357873132,0.001661554192229131,-0.004856850715746375,0.0048805548420240985
2023-11-21,1700542800,2023-11-28,1701147600,0.25,75.33926493518807,79.89102303373065,77.51,77.99,77.5,77.63,751473.0,77.25,77.33,76.52,76.52,555834.0,2.677920383646409,-1.8454582822350147,1.719158389963411,-0.8644798745426101,0,-1.0046975521086523,1.150033046926623,3.8149867610729435,13.668391691332886,0.23141177371697097,1.5463720537391576,-16.13019309080114,-0.40727592698222326,0,-0.05422781772798552,42.0,84.0,-42.0,0.4162310507056901,0.5994246465327961,0.06844386328046426,0.06071070876867565,0.009539989545217065,0.010585467851542019,0.0,-0.007007526602647363
2023-11-22,1700629200,2023-11-29,1701234000,-0.75,73.11682672038054,79.89102303373065,77.69,78.12,77.21,77.86,892035.0,76.76,76.81,73.99,74.68,2346149.0,5.3939074946078875,0.2300882204429655,4.321996072129977,1.4189430458846601,0,-7.088408376397169,-1.5425181278839653,-0.30080726657527646,8.518733630805492,2.4496827215338044,1.7410179280908686,-14.320246046277422,-1.6928299797225412,-1,-0.10618342185262551,38.0,84.0,-46.0,2.8119978575254407,2.7848926882323894,2.434604350192899,-0.11782946421790713,0.027852169255490056,0.02852169255490078,-0.009239421531869518,-0.02404600104547816
2023-11-27,1701061200,2023-12-12,1702357200,-0.25,73.11682672038054,77.90677960400451,78.02,78.02,76.85,77.06,1015111.0,77.17,77.72,76.74,77.28,817426.0,1.6350281885544717,-2.5757631782025214,0.9827898550724683,-1.932582815734989,1,2.1400525921474767,1.7913593256059002,-0.45799637453572867,-4.645472369962455,-1.0148318840277142,1.6464255728089845,-12.187651547509462,0.6427940922197589,0,-0.010720087103992682,2.0,-12.0,14.0,-0.47036749482401774,-0.7352742272497892,-0.9390280854854183,0.002157842192881697,-0.0014233954451345898,0.005693581780538359,-0.006987577639751663,0.0037667229510327527
2023-11-29,1701234000,2023-12-21,1703134800,0.75,73.11682672038054,80.28929173074756,76.76,76.81,73.99,74.68,2346149.0,79.78,79.99,78.92,79.93,994362.0,0.8465973400236777,-6.6229016062566615,-1.3484715792985753,-4.57379373618582,0,8.935692548460402,2.658618032365794,14.70194207604153,4.9582418876004155,-2.3828039651533715,1.615761754378833,-10.118091847832675,0.757957370128905,0,0.16471633755608733,50.0,64.0,-14.0,-2.8881521331164777,-2.306486668129523,-3.3509535418848344,0.29948225641039505,-0.0018766420618041568,0.0007506568247215295,-0.012636056549480856,0.009982309830679936
2023-11-30,1701320400,2023-12-28,1703739600,0.75,75.45717266003741,82.59447700677863,74.88,76.61,74.46,76.51,1977094.0,80.7,80.93,80.32,80.61,603963.0,1.388807676241342,-6.873238888249773,-1.3991233511144117,-4.344167390315505,0,10.916152603707417,7.940546331012309,20.879184338848006,23.82167375998951,-2.1173683118760636,1.445780178708683,-6.176841817504421,0.47599860142413003,0,0.2638790202482379,50.0,80.0,-30.0,-2.7422156060042226,-2.1320130942874442,-3.5667462888798127,0.2456815327997549,0.0011164867882396123,0.003969730802630078,-0.0035975685398834667,0.000496462703239553
2023-12-13,1702443600,2023-12-29,1703826000,0.25,77.90677960400451,82.59447700677863,77.2,78.85,76.86,78.63,1891485.0,80.45,80.81,80.15,80.28,661575.0,2.0124349815577034,-6.227681618329001,-0.8030227536954015,-3.574572330177702,0,9.240105584369743,4.927460462684611,21.25593335881305,25.740883556809507,-1.3706661171752188,1.4067517462757044,-5.567111422961499,-0.5312918385044989,0,0.2838462031962213,46.0,80.0,-34.0,-2.1076233183856488,-1.5649808616744423,-3.0460192021511574,0.18450381022513862,0.0021175884404585066,0.0066018933731939455,-0.0016193323368211,-0.00409378489021206
2023-12-22,1703221200,2024-01-02,1704171600,-0.25,78.25647918730932,82.59447700677863,80.02,81.04,79.9,80.29,835062.0,80.28,81.45,79.93,80.29,1322755.0,2.227603792781224,-6.148390939374821,-0.6476522605554891,-3.362809814422718,0,9.275846712002703,3.293451691753509,21.587914409665405,26.193133075708488,-1.0160654240381035,1.4413308831229434,-4.494499921347142,1.0594636429414934,0,0.16928994628393948,42.0,80.0,-38.0,-1.9603935732967983,-1.4270273875826973,-2.938169394739674,0.12990510048163117,-0.0001245485116453393,0.014447627350853143,-0.004483746419230328,0.00012456402590932392
2023-12-29,1703826000,2024-01-09,1704776400,0.25,78.10046867033398,82.37233194965451,80.45,80.81,80.15,80.28,661575.0,78.15,78.16,77.62,78.11,655361.0,4.158892682660792,-1.2744988790504692,2.8316903512140925,-0.07190713950411975,0,-0.9416536333625984,3.074689891792027,8.157372169663931,0.4141631559251522,1.799938842249233,1.5010629447670092,-9.232180375014151,-0.5569025551349769,0,-0.07963562953437117,22.0,52.0,-30.0,1.4421969018051612,0.956530385655995,-0.11556574047470747,-0.2820170526998773,0.0005120983228781295,0.0006401229035974954,-0.006273204455255366,-0.006865861411316065
2024-01-02,1704171600,2024-01-11,1704949200,-0.75,76.037894511185,82.37233194965451,80.28,81.45,79.93,80.29,1322755.0,77.96,78.07,76.99,77.95,1014478.0,4.0944489199923595,-0.5703950392996262,3.1411161000641385,0.2892880051314819,0,-1.6895432036949174,0.86697722567288,3.8031206684068097,-11.026788656197198,1.7199084676159657,1.4639758936302667,-10.5807270238026,-0.8839308995537695,0,-0.01309424705840215,14.0,52.0,-38.0,1.7620269403463737,0.9648014504592908,0.08789512884179373,-0.3131912931107282,0.00012828736369452365,0.0015394483643360601,-0.012315586914689036,-0.0014091724314629905
2024-01-03,1704258000,2024-01-12,1705035600,-0.25,76.037894511185,80.28929173074756,79.85,80.24,78.31,78.37,1359828.0,78.56,79.37,78.34,79.24,1029624.0,2.4038686370113,-2.1161351690658137,1.456335184250392,-1.2279151943462807,0,4.315046115779921,0.7757853236678106,4.583549080705288,-3.2786340937705916,0.0025888960611553102,1.4652772515776946,-11.049007660514178,0.9064659679000556,0,-0.021689165469861226,10.0,52.0,-42.0,0.1438667339727573,-0.6142164922701738,-1.4810504104265476,-0.2243930917263312,-0.008581524482584424,0.0016405855628471855,-0.01135790005047943,0.01654906991661309
2024-01-10,1704862800,2024-01-17,1705467600,0.25,75.86665401011156,80.19042291980428,78.33,78.54,77.74,78.06,697506.0,76.87,78.2,76.85,76.95,917680.0,5.725791502842981,-0.03768234104964563,4.352393329001501,1.411522633744866,0,-5.458160353909214,-2.840909090909091,-1.994488793043017,-17.05083276139932,2.44827086374211,1.6228632580881968,-11.516657708276952,-0.8069323728275178,0,-0.13417035483256085,2.0,-48.0,50.0,2.8440545808966675,1.970975178689116,1.3622860538828832,-0.3277462900981577,-0.001039636127355359,0.01624431448992847,-0.001299545159194393,-0.0060707827434771655
2024-01-12,1705035600,2024-01-23,1705986000,-0.25,75.86665401011156,80.36002314777066,78.56,79.37,78.34,79.24,1029624.0,79.56,80.19,78.62,79.19,1568818.0,2.493963866739122,-3.028122220066521,1.1514500989182181,-1.6292040240771115,0,3.7910333522227972,-0.9258100838233567,1.490463796509097,-7.044344827252516,-0.9698215109768427,1.5674841933264947,-12.476216769979455,1.3600329733124854,0,0.03950653216842397,-14.0,-48.0,34.0,-0.2670791766636995,-0.7569863252214049,-1.3520026873665358,-0.03026838006562256,0.004672307109483631,0.01262785705265812,-0.0071978785200150774,0.0006317917614353519
2024-01-16,1705381200,2024-01-24,1706072400,0.75,75.86665401011156,83.33603765813272,78.87,79.0,76.96,77.42,1483144.0,82.38,86.2,81.97,85.4,3259096.0,-3.092999016291742,-11.347282014153208,-5.782201405152236,-8.7224824355972,0,20.13332457384294,6.3644289450741045,12.834806960951035,7.77513110556265,-6.871774209890361,1.9359969492337123,-9.510289797468953,2.7526332312521338,1,0.22659287260505864,50.0,20.0,30.0,-7.220140515222468,-7.2142127772897595,-8.191024830742364,0.4065849395537828,-0.03536299765807971,0.00936768149882905,-0.040163934426229564,0.07841899229700733
2024-01-18,1705554000,2024-02-06,1707195600,0.75,78.10046867033398,86.29876541775464,77.36,78.29,77.02,78.21,923650.0,85.74,86.25,85.22,85.94,851011.0,3.754938841783172,-13.198736840386871,-3.1867194166472643,-6.442479249088507,0,14.75041384743119,9.268912905276531,31.88004064484983,30.256832253797057,-2.7552325368928337,1.7663721663386958,2.916442996157734,0.7126149009684922,0,0.24719837171412068,18.0,24.0,-6.0,-4.7218989993018425,-3.4735996353578997,-6.276844956664476,0.34364745989848244,-0.0023272050267628686,0.003607167791482402,-0.008377938096346238,0.009633458646616466
2024-01-24,1706072400,2024-02-12,1707714000,0.75,80.36002314777066,89.07774210419639,82.38,86.2,81.97,85.4,3259096.0,86.93,88.0,86.75,87.32,808166.0,4.228853320073938,-12.560277965057878,-2.5139334249503804,-5.938120323713562,0,16.476577405532055,10.196870267541644,34.95320131925953,25.473671221154163,-1.7943387678216425,1.6911571832383583,7.47692881753035,0.6701140935068552,0,0.19166623229614535,38.0,60.0,-21.999999999999996,-4.16571232249197,-3.346419287710603,-6.607940487752501,0.21490164832963243,-0.00446633073751701,0.00778744846541457,-0.0065277141548327755,0.0031016657093623223
2024-01-25,1706158800,2024-02-23,1708664400,0.25,83.33603765813272,89.07774210419639,86.17,86.39,84.84,86.01,1862925.0,85.26,85.99,85.09,85.82,922684.0,2.1034905908916812,-2.051055261131708,1.5375203915171056,-1.4198322069447613,1,8.732917268068462,-0.2209045459830391,19.607660289751777,17.255286292849007,0.3783626424694262,1.5930947105045945,-3.0057545465324402,0.77067302981169,0,-0.17196559228333716,6.000000000000007,52.00000000000001,-46.0,0.026217664880007874,-0.9665817486102668,-3.7146422011422544,-0.37394537831084795,-0.006525285481239651,0.001980890235376398,-0.008506175716616049,0.006922445148421774
2024-02-07,1707282000,2024-02-28,1709096400,-0.25,83.52196457587982,89.07774210419639,86.4,87.82,86.08,87.56,1779762.0,87.61,88.11,87.18,87.45,950356.0,0.7496597177167388,-3.7662406210901054,-0.13531541833428662,-2.9026110158185645,0,12.999127533471452,1.8637157833430502,22.464650316676327,22.03908962857051,-1.315216543762034,1.483840393419075,-3.9884245623730905,-0.806501969597168,0,-0.1895433452677319,-6.0,-32.0,26.0,-1.5082904516866762,-2.1198064480503973,-4.903523762136615,-0.1102141608012146,0.0018296169239564453,0.007547169811320753,-0.003087478559176682,-0.0007998171846433921
2024-02-13,1707800400,2024-02-29,1709182800,0.75,83.52196457587982,91.13466598401467,86.65,86.83,84.92,85.85,1302812.0,87.89,89.14,87.59,88.92,1659011.0,-0.43366566670215434,-5.350184985569555,-1.575011246063866,-4.320175438596507,0,16.65011222596874,5.1436679673643235,24.841521127044288,22.790717530699396,-2.7937018668740166,1.490829599044466,-3.2924335696272955,1.4189576965243378,0,-0.0983552684766452,50.0,28.0,22.0,-2.891925326135862,-3.381940108689534,-6.2216851668703015,0.013169574614248614,-0.01158344579397208,0.0024741340530813893,-0.014957264957264904,0.016809605488850687
2024-02-26,1708923600,2024-03-01,1709269200,0.25,86.29876541775464,91.13466598401467,85.85,87.0,85.72,86.96,1098710.0,88.92,89.34,88.04,88.53,1105800.0,0.3596719982264176,-4.9637610076018035,-0.9661508339922591,-3.685003200421704,0,14.86273198996787,3.350455288349293,26.02889979141522,29.046280767215762,-2.252604992604006,1.4953279625239557,-2.5332249738544306,-0.9446928874159647,0,-0.07841857348307217,46.0,28.0,18.0,-2.302044504687686,-2.6747565661512738,-5.580777980847813,0.053140600853779585,0.004405286343612369,0.009149440867502578,-0.005534846944538541,-0.004385964912280715
2024-02-29,1709182800,2024-03-07,1709787600,-0.25,86.36563883956764,91.1604497594113,87.89,89.14,87.59,88.92,1659011.0,90.63,91.12,89.93,90.17,873889.0,0.48239178601264143,-7.025587970996568,-1.9056596798639873,-4.614986506968322,0,17.947294881226952,2.980813156692553,32.860168790466325,35.14048184564244,-3.1302643014501825,1.4852590103128414,2.2164954235955356,-0.7627703406369752,0,0.06710793475451962,46.0,44.0,2.0,-3.2715980924919705,-3.1111433061766007,-6.283217521103694,0.19531801515255398,0.005101474991682231,0.010535654874126665,-0.0026616391260950722,-0.0028751520513105033
2024-03-01,1709269200,2024-03-18,1710734400,0.75,86.36563883956764,93.80006678516979,88.92,89.34,88.04,88.53,1105800.0,93.14,93.57,92.75,92.98,1058963.0,1.7024408229154346,-9.82676863534823,-2.853660285366047,-5.431634043163399,0,22.91328588113157,8.697685293429972,44.31242881549126,42.97331691676547,-2.392596295351936,1.430095628127682,11.368192694360864,0.8897798799237489,0,0.18881122051684074,50.0,76.0,-26.0,-4.062163906216384,-3.397101734930132,-7.096729508345916,0.18775594153961794,0.0017208001720798727,0.006345450634545058,-0.0024736502473651223,0.0022636628220331634
2024-03-04,1709528400,2024-04-04,1712203200,0.75,88.74850376096806,96.16785594315371,88.53,89.74,88.19,89.24,759274.0,95.33,96.08,94.83,95.36,1618286.0,2.111636201842046,-5.262852644795075,-0.4580886465324312,-2.70326482102908,0,18.82632478830702,5.451730620369338,46.30497226621127,30.159908987824963,-0.700144131773726,1.2471271474117904,21.462423464392657,1.3572639241529232,0,-0.024151117969084274,30.0,72.0,-42.0,-1.5756082214765144,-1.9167654564641623,-5.909148943323714,-0.28122977462518284,-0.00031459731543626024,0.007550335570469802,-0.0055578859060402275,0.012099341965612354
2024-03-08,1709874000,2024-04-09,1712635200,0.75,91.1604497594113,98.30861983442958,93.06,93.29,91.44,91.97,1155846.0,96.81,97.17,95.25,96.17,910739.0,1.6580973811773987,-4.831644225307613,-0.540015943988081,-2.692454334338507,0,18.506970658857412,4.931805782869608,44.50253537834728,21.825903002263374,-0.6282173474518657,1.257891229632394,20.15292630617448,-0.8161321016739302,0,-0.10722682604060504,46.0,92.0,-46.0,-1.5867734220651073,-1.9438725283925038,-5.904676058553264,-0.16874690383798074,0.006654881979827332,0.010398253093480303,-0.009566392846001914,-0.006918628665840587
2024-03-19,1710820800,2024-04-11,1712808000,0.25,93.80006678516979,98.30861983442958,93.29,94.11,93.07,94.0,1039760.0,95.47,95.47,93.72,94.48,1235910.0,3.154252629211456,-2.1328724429286297,1.649908269827833,-0.6691010443127396,0,9.724830297011032,2.6510212950890892,36.326840511632,7.749322583702842,1.1235752002690162,1.3600311978662638,15.50203968340169,-1.110032393211733,0,-0.11042718940198604,38.0,84.0,-46.0,0.5106900931413918,-0.06242888154083914,-3.8562698822731534,-0.34163685797626386,0.010478408128704375,0.010478408128704375,-0.008044030482641906,-0.010680628272251247
2024-04-05,1712289600,2024-04-22,1713758400,-0.75,91.59447648401174,98.30861983442958,95.63,96.55,95.6,96.51,926801.0,93.44,94.25,92.9,93.63,1028878.0,4.06689933526485,-1.9201514980332064,2.4920787496885026,-0.13635230873295257,0,5.20701996848733,-2.1732316372374867,7.02741287749377,1.1666081880359442,0.8289659980323307,1.4719954596595866,3.076379634305738,0.9401291501366913,0,-0.09250935748205795,10.0,-28.0,38.0,1.0733739186158147,0.09011475797753121,-2.4146323912131464,-0.5216062077806307,-0.002029264124746355,0.006621809249172328,-0.007796646374025329,0.005045083726921362
2024-04-10,1712721600,2024-04-23,1713844800,-0.25,91.59447648401174,96.46751731945356,95.2,96.0,94.44,95.5,1111893.0,94.08,95.5,94.04,95.14,1068536.0,2.367704213607965,-3.4755452899165533,0.8783547053465242,-1.8040081283722316,0,10.181500213048515,-0.4603473530027179,8.788319861765723,1.4101004103882886,-0.729053135245735,1.4855537355048594,1.9081378743994328,0.9747404322210143,0,-0.02828238743755762,6.000000000000007,-27.999999999999993,34.0,-0.5539205381543013,-1.3557406874083853,-3.8080145067279716,-0.3429556346635384,-0.011141475719991578,0.003783897414336712,-0.011561908766028917,0.016127309622984143
2024-04-12,1712894400,2024-04-24,1713931200,0.25,91.27572495913763,96.46751731945356,93.98,94.95,93.54,93.82,943347.0,95.58,95.71,93.49,93.87,1521959.0,3.606540610667537,-2.2312343360324007,2.2248854799190383,-0.6205390433578515,0,4.794151038008273,-2.0350657482780097,7.810904818833294,-9.234932248776936,0.4905961536308041,1.5670323480399335,0.29857443352571167,-1.370514341954485,0,-0.0793913214618168,2.0,-28.0,30.0,0.6876531373175538,-0.019133964906188794,-2.4083015326442023,-0.30068313912972744,0.01821668264621268,0.01960157664855644,-0.004048151699158509,-0.013348749211688049
2024-04-23,1713844800,2024-04-25,1714017600,-0.75,87.27809821603341,96.46751731945356,94.08,95.5,94.04,95.14,1068536.0,84.63,86.13,81.9,84.77,5138137.0,16.691286150950518,4.963780499987308,12.696512130863908,9.14100900475799,0,-17.29078976037077,-11.798980335032779,-7.0387900060137625,-22.397818342899328,7.965230832038799,2.6199171241819132,2.6430949088149625,-4.3279143809407845,0,-0.010061100583298939,-2.0,-52.0,50.0,10.827533325468906,9.693385462945045,7.7517027669805,-0.8451127646068441,-0.0016515276630884035,0.016043411584286904,-0.03385631709331116,-0.09694258016405677
2024-04-24,1713931200,2024-05-06,1714968000,-0.75,83.19444481172236,93.92347683632678,95.58,95.71,93.49,93.87,1521959.0,86.26,86.84,85.81,86.77,972917.0,14.068844115653008,-5.437980914085642,6.366831854327543,2.341246974760878,0,-8.717851080871455,-10.398595621643956,-27.885307545946176,4.877741491340586,1.0869957835467403,2.272057663251685,11.682129519685269,0.795919550718177,0,0.08871431548031035,-30.0,-64.0,34.0,4.315431600783697,2.888601787230755,3.6539643151896115,-0.7013822988428919,-0.005877607468018797,0.0008067304367869177,-0.011063731704506141,0.01532880879943832
2024-04-25,1714017600,2024-05-07,1715054400,-0.25,83.19444481172236,91.27572495913763,84.63,86.13,81.9,84.77,5138137.0,86.97,87.55,86.69,87.36,923160.0,12.437130247315451,-6.223760283945495,5.072878510378516,1.1958180708180493,0,-7.009447628122949,-9.160860975356142,-26.30167075441528,9.218309792524018,0.14912255248154338,2.165835757395125,11.509875083808161,0.757389991884943,0,0.13778646969901426,-34.0,-64.0,30.0,3.106684981684978,1.984800477761567,2.838080356653805,-0.4635315385188883,-0.004464285714285698,0.002174908424908306,-0.007669413919413892,0.006799585110061068
2024-04-26,1714104000,2024-05-08,1715140800,0.25,83.19444481172236,90.6838316278221,84.38,87.08,84.19,86.38,2678528.0,87.04,87.73,86.57,86.59,1200038.0,12.61609920754347,-5.597967783591514,5.5019825230010895,1.6366401047080075,0,-8.661742524818727,-9.32984293193717,-25.635830788818947,4.480753958975193,0.7911373203755403,2.124706212329447,11.21958684614168,-0.9817703294675987,0,0.10138395858262914,-38.0,-64.0,26.0,3.5090657119759783,2.6162986075636923,3.6054066601691517,-0.3255206752950772,0.005196904954382742,0.013165492551102886,-0.00023097355352819093,-0.008814102564102533
2024-05-07,1715054400,2024-05-28,1716868800,-0.25,83.96648861937248,90.6838316278221,86.97,87.55,86.69,87.36,923160.0,88.5,88.53,87.26,87.34,745211.0,3.226780502649433,-3.152358702786856,1.4187848255858455,-1.2855888863445557,0,-5.282327925715826,1.2402921061782861,-9.268705540699937,0.5155996504383111,0.8628242664898096,1.6476083744905365,-2.0569998420519546,-0.649714030655099,0,-0.07328732590103006,-46.0,-20.0,-26.0,0.03721089993129567,1.196901161252768,2.0240057898806043,0.2193903893607987,0.013281428898557213,0.013624914128692378,-0.0009159606136935894,-0.013107344632768303
2024-05-08,1715140800,2024-05-30,1717041600,0.25,83.96648861937248,90.6051642700757,87.04,87.73,86.57,86.59,1200038.0,86.26,86.91,85.79,86.12,1037049.0,4.279055366239717,-1.0301004196535501,2.955565877070754,0.33015946740981406,0,-8.142726115218828,1.748582230623823,-12.585005831038787,0.9274608049987307,2.078240935495927,1.658427343155053,-0.7208604164801429,0.9053191279847406,0,-0.1472229329392543,18.0,52.0,-34.0,1.6244774732930836,2.1322876590487,3.19335168668961,-0.009565133276868032,0.0016256386437529802,0.009173246632605547,-0.003831862517417517,0.0024444185775813754
2024-05-09,1715227200,2024-05-31,1717128000,-0.25,84.66459142959393,90.6051642700757,86.87,88.55,86.86,88.36,1141419.0,86.2,87.5,86.02,87.48,1288477.0,2.4978711192532614,-2.1526493542784095,1.4757658893461212,-1.1271147690900847,0,-3.670295988297468,2.6278742374472186,-11.736548373052456,2.3464391091631995,0.33189044670160683,1.6368712165251418,-0.7440336667984582,1.1188318787246219,1,-0.023123633271169976,14.0,52.0,-38.0,0.17261088248741885,0.4926403045856489,1.5267491764230385,0.03588858585536414,-0.014631915866483824,0.00022862368541365363,-0.01668952903520815,0.015791918253599713
2024-05-29,1716955200,2024-06-21,1718942400,0.25,84.56843553024349,89.85558110842257,86.68,87.04,85.72,85.91,987848.0,86.22,86.92,85.79,86.63,2674117.0,1.6755485913237038,-2.2250118257690588,1.1366347300781285,-1.7872946246488652,1,-2.6693557854092873,-2.6082068577852806,-12.067089999066932,10.8906905063794,-0.6695435538073298,1.561513190332164,-6.844805537121065,2.3425911979296257,1,0.32668706655505264,-42.0,-76.0,34.0,-0.27473161722267037,-0.16645432624497403,1.1480039447437065,0.1381231252083348,-0.004732771557197202,0.003347570125822541,-0.009696410019623514,0.00557167730702246
2024-05-31,1717128000,2024-06-24,1719201600,-0.25,84.56843553024349,89.85558110842257,86.2,87.5,86.02,87.48,1288477.0,86.85,88.4,86.69,87.37,767667.0,0.7621326077725854,-3.029501269784703,0.23291747739497737,-2.638777612452799,1,0.10692390329832335,-0.2853229856197215,-9.533685541792574,8.729808440698804,-1.5810018814459283,1.5824004151639013,-7.070656817344126,0.6780575456324874,0,0.36180015093661283,-46.0,-76.0,30.0,-1.1336843310060658,-0.9156345631165976,0.2798841763615485,0.22341819188136203,-0.005951699668078403,0.011788943573308952,-0.007782991873640954,0.008542075493478185
2024-06-03,1717387200,2024-07-10,1720584000,0.25,84.56843553024349,89.76667605294507,87.83,88.67,86.21,87.12,1509467.0,85.11,86.24,85.1,86.2,649942.0,0.9829473123960355,-1.7219264307255457,0.9646171693735539,-1.804524361948964,1,-1.6008216039263061,-0.01159958241502251,-8.59308256454547,5.623333039462906,-0.20152222365319972,1.5143026853208106,-12.003504153922567,0.6636291792790436,0,0.013612764507373596,6.000000000000007,-31.999999999999993,38.0,-0.369489559164748,-0.2521962507195781,0.8578451637387872,0.05885728135261298,-0.012645011600928124,0.00046403712296982924,-0.012761020881670637,0.01387908727358278
2024-06-24,1719201600,2024-07-12,1720756800,-0.25,84.73456165318687,89.76667605294507,86.85,88.4,86.69,87.37,767667.0,88.77,89.42,88.39,88.68,929938.0,-0.7433523842713896,-4.991875401024075,-1.5467598857314897,-4.312885280408963,1,6.383179377498969,2.686428902269578,0.31232273870300037,-0.0960839795588484,-2.7408601150917775,1.5287745585605035,-10.571728472955938,0.9752980594218039,0,-0.05702971443150282,50.0,20.0,30.0,-2.867613892647725,-2.545315505957916,-1.8360146615853665,0.3494512204812424,0.0010148849797022574,0.008344609833107697,-0.0032701849345964096,0.00646918624446724
2024-06-25,1719288000,2024-07-15,1721016000,0.75,84.73456165318687,92.34170399622663,86.72,86.92,85.56,85.9,1135550.0,88.89,91.41,88.71,90.98,1103858.0,-1.9401604126866232,-8.1422752874673,-3.684875796878444,-6.5635304462519315,0,12.304992558925854,5.975538730343635,6.998826536966457,1.3740814011938767,-4.891715656535212,1.5980219059847454,-8.54349206781264,1.15468680509823,0,0.015319328672972355,50.0,24.0,26.0,-5.041217850076947,-4.531949984977658,-4.148309093849576,0.5620157425900629,-0.02297208177621457,0.00472631347548913,-0.02495053857990781,0.025935949481280973
2024-07-11,1720670400,2024-07-16,1721102400,0.75,87.27809821603341,95.17933254790657,86.43,88.26,86.39,88.11,909751.0,91.32,94.15,91.08,93.9,1503877.0,-2.990916443034422,-12.064461618733418,-6.149627263045801,-9.124068157614502,0,18.09400406565649,10.288935870331226,15.60991569216354,11.635794557753165,-7.022223526220316,1.6788714659093245,-5.732597118981996,1.5581554704661251,0,0.15325132621166307,50.0,28.0,22.0,-7.52768903088392,-6.786358021721227,-6.849432000368196,0.8537729907803169,-0.027476038338658304,0.0026624068157614644,-0.030031948881789172,0.032094965926577235
2024-07-15,1721016000,2024-07-17,1721188800,0.25,89.43419176966668,95.17933254790657,88.89,91.41,88.71,90.98,1103858.0,93.29,93.98,91.86,91.95,1663051.0,-0.03954220736581249,-10.425928156962655,-3.738082291100241,-6.840855537429761,0,11.459096104673748,7.155343200093229,18.648542507533563,1.837558634725461,-4.299108738382955,1.7566988257869283,-3.1224803807821147,-1.7133397136710797,0,-0.003921846562716057,46.0,28.0,18.0,-5.232735182164234,-4.351506432871304,-4.682835210289909,0.8671343642656802,0.014573137574768857,0.022077215878194778,-0.0009787928221860476,-0.02076677316293929
2024-07-16,1721102400,2024-07-18,1721275200,-0.25,89.43419176966668,95.56353677803229,91.32,94.15,91.08,93.9,1503877.0,91.4,94.45,90.39,92.5,2015464.0,0.26094423924764953,-11.13445775276115,-3.765405405405403,-7.20756756756758,0,12.542691306656863,7.746068724519518,21.382883648832035,-7.93857888168349,-4.128597529123596,1.9350347037871856,-2.076761618192627,2.0327430066894827,0,0.0125746782273411,42.0,28.0,14.0,-5.4367567567567505,-4.4516341382485365,-5.043719805346413,0.8628699565584266,-0.011891891891891881,0.021081081081081088,-0.022810810810810822,0.005981511691136365
2024-07-17,1721188800,2024-07-30,1722312000,0.25,88.96171641312137,95.56353677803229,93.29,93.98,91.86,91.95,1663051.0,92.02,92.84,91.62,91.94,591818.0,3.4371891313164156,-8.86029115437492,-0.7939960844028633,-4.591037633239068,0,7.702695408841471,7.834858081163492,17.29437342108941,2.463477405268314,-0.6691085053934529,2.021209059458693,-2.6823839957891913,0.5958982703909169,0,-0.12247734404053374,10.0,28.0,-18.0,-2.7115510115292523,-2.167333048965446,-3.468376548763487,0.1216256682002117,0.0008701326952360589,0.009788992821405218,-0.0034805307809440134,0.0059080962800874826
2024-07-18,1721275200,2024-07-31,1722398400,-0.25,88.96171641312137,95.6984333431432,91.4,94.45,90.39,92.5,2015464.0,92.48,93.86,91.91,92.78,818966.0,2.7745069856288467,-9.192916125529706,-1.2443414528993344,-5.116943306747146,0,9.4663643704041,8.299287965448816,18.166585723651778,2.3345981732856274,-1.2493594295615083,2.0099694300235726,-2.420563107796049,0.8292924155012144,0,-0.17742572190825934,6.000000000000007,28.000000000000004,-21.999999999999996,-3.2092045699504297,-2.7623088976050667,-4.172054587231969,0.14987989514312572,-0.003233455486096104,0.011640439749946108,-0.009377020909678846,0.009136393299978174
2024-07-19,1721361600,2024-08-01,1722484800,0.25,88.72716960266125,95.6984333431432,93.11,93.11,90.09,90.22,1458077.0,92.72,93.54,89.67,90.49,995696.0,5.32847773465754,-6.362846173158999,1.721737208531323,-2.5969720411095096,0,3.1112484016256445,5.098722415795588,16.06955783927058,-4.097772494491771,1.4044852728912502,2.219112236812775,-3.8561564475338024,-1.005997088264763,0,-0.18730280495470197,2.0,28.0,-26.0,-0.517184219250737,-0.27282855294517105,-1.678460409570917,0.0027524693995442107,0.02464360702840107,0.03370538181014493,-0.009061774781743748,-0.02468204354386727
2024-07-31,1722398400,2024-08-02,1722571200,-0.75,84.86553052292196,95.6984333431432,92.48,93.86,91.91,92.78,818966.0,89.32,89.32,86.56,87.12,1126988.0,9.11544124201042,-2.19280579664769,5.888238445056615,1.2440694827058394,0,-4.432364570404765,2.6753093694755576,10.599461189476617,-11.452933532297465,5.103592799318378,2.46252874690037,-3.947188930965588,-1.1303775047707052,0,-0.2770423574855849,-2.0,28.0,-30.0,3.461317722681372,3.243431687347396,2.041513566898587,-0.3155174661243181,0.025252525252525082,0.025252525252525082,-0.006427915518824601,-0.03724168416399587
2024-08-01,1722484800,2024-08-08,1723089600,-0.75,80.80400852030691,92.34170399622663,92.72,93.54,89.67,90.49,995696.0,83.19,85.07,83.15,84.67,1610656.0,13.27381442763469,-1.286097408619682,8.789417739459068,3.5904098263847857,0,-7.805507423561352,-3.9042106457836767,-8.577805217355863,2.0312775937107688,4.8191876355725185,2.608955521497679,-0.29985678885731915,1.5525025459346842,1,-0.24638683234069195,-18.0,-64.0,46.0,5.993858509507504,4.030960295494651,4.1924978893626275,-0.9982043142409831,-0.01747962678634707,0.004724223455769394,-0.01795204913192394,0.015714971209213058
2024-08-02,1722571200,2024-08-09,1723176000,-0.25,80.80400852030691,88.72716960266125,89.32,89.32,86.56,87.12,1126988.0,84.83,85.31,84.33,85.02,796142.0,12.973809590420998,-2.289264777435818,8.106719987453943,2.9349956872892733,0,-6.9306654745765925,-4.127198917456034,-10.210506133011949,0.59267155496957,3.885335430023204,2.4949620526831593,0.40239483391645336,0.7702435168479486,0,-0.28976938007901,-21.999999999999996,-64.0,42.0,5.342272406492583,3.25958416292589,3.6159798659425775,-0.9057870311138944,-0.0022347682898141707,0.003410962126558559,-0.008115737473535667,0.004133695523798275
2024-08-05,1722830400,2024-08-12,1723435200,0.25,80.80400852030691,88.68372064986616,85.05,85.72,83.42,84.77,1166453.0,85.16,85.5,84.34,84.72,1009292.0,13.350857012937084,-2.6591667390938483,8.073260937991833,3.0649984261882395,0,-7.510852488998616,-6.8806331061771875,-11.753333026918051,-6.871836984800396,3.672366446750843,2.422755428258286,0.9126995075141586,-0.9769844717575489,0,-0.3010825021789679,-26.0,-64.0,38.0,5.345845136921625,3.2799738438707067,3.8267001337553666,-0.819483782617083,0.005193578847969782,0.009206798866855603,-0.004485363550519317,-0.003528581510232831
2024-08-09,1723176000,2024-08-20,1724126400,-0.25,81.1709254050452,88.68372064986616,84.83,85.31,84.33,85.02,796142.0,88.28,88.5,87.39,87.83,579550.0,6.51035660605794,-6.5183265479912365,2.1069110782192695,-1.827963110554478,0,0.17870698739763924,-4.542984458211071,-5.047814385269543,2.602766921593762,-1.8907174175776191,2.0153152581971696,-4.710487223365455,-0.5804523363749884,0,-0.01250874062001983,-6.0,-20.0,14.0,-0.003984970966641299,-0.4066603082153648,0.00442689552619413,0.13601386748287891,0.0051235340999657986,0.007628372993282451,-0.005009677786633193,-0.0076827477121229615
2024-08-12,1723435200,2024-09-03,1725336000,0.75,81.1709254050452,91.5877497435093,85.16,85.5,84.34,84.72,1009292.0,90.3,90.65,88.39,88.83,971850.0,3.644097514087477,-6.365025128632112,0.1394048557169043,-2.8956058388682493,0,1.0496952717040386,4.789430222956238,7.986041425595829,28.982530934068464,0.028276761274597106,1.8108496400295913,-8.570361291650325,-1.054511558188856,0,0.17611548356301351,-42.0,-20.000000000000004,-21.999999999999996,-1.3604638072723105,-0.05003330771354797,-0.5086175056291893,0.27475032404966876,0.016548463356973908,0.02048857368006307,-0.0049532815490261894,-0.02481062685256341
2024-08-13,1723521600,2024-09-05,1725508800,0.25,84.86553052292196,91.5877497435093,85.25,86.13,84.43,86.09,662119.0,88.23,88.23,86.46,87.12,812380.0,5.271067190671715,-3.231351855501856,2.454277624732157,-0.5392944597490157,0,-3.594535352245586,4.510556621881004,3.898651976289137,12.05885257888852,2.1446419432592734,1.8670566826384813,-9.708481196290117,-0.8840642045779286,0,0.07370163831816968,38.0,68.0,-30.0,1.0198576675849154,1.695541021443205,1.3902465121968817,-0.036009327922816525,0.012741046831955982,0.012741046831955982,-0.00757575757575768,-0.01492537313432829
2024-08-21,1724212800,2024-09-06,1725595200,-0.75,82.56104342513763,91.5877497435093,88.23,88.57,87.68,88.53,814691.0,87.09,88.21,85.44,85.6,900955.0,7.021263811542227,-1.2852825031310147,4.447040498442377,1.30101246105923,0,-7.273477656365827,1.0983819534663901,-0.15817169099653955,4.084349752254759,3.787145745523418,1.9956222600876488,-9.155215879182013,-0.9782650782554515,0,-0.03653099252648196,34.0,68.0,-34.0,2.867990654205599,3.1678878181878645,3.065511162494758,-0.24511451078874746,0.017406542056074947,0.03049065420560737,-0.0018691588785045843,-0.017447199265381186
2024-09-04,1725422400,2024-09-18,1726632000,-0.25,82.56104342513763,88.74054906908493,88.64,89.55,88.07,88.44,956019.0,88.95,89.1,87.12,87.4,1299259.0,4.350104752574495,-2.3215006335813513,2.772501906941244,-0.6954614797864167,0,-1.6834495732794181,-0.48958214733006106,-2.965382961964391,-3.2899280192458207,0.5779729763813322,1.92134528080554,-8.073828646856082,-1.423764718836332,-1,-0.08043008863893225,2.0,-16.0,18.0,1.014302059496572,0.4743606146330137,0.6628538562458743,-0.009952350128339615,0.017734553775743622,0.01945080091533158,-0.0032036613272311554,-0.013544018058690654
2024-09-06,1725595200,2024-09-19,1726718400,0.75,82.56104342513763,91.78001943657941,87.09,88.21,85.44,85.6,900955.0,88.93,89.21,88.26,88.85,1167267.0,2.6749134083342625,-3.9073275895385393,1.127555805664997,-2.2905646220221456,0,2.5631286706651863,0.361459392296389,-1.2799785465563218,-1.164019418588829,-1.1113464584592663,1.9005004486303192,-8.529381525328844,1.2647840510610562,0,-0.02985399503726107,-2.0,-16.0,14.0,-0.6162070906021455,-1.0543595483776187,-0.9414991283483403,0.07614656363260028,0.0009003939223410917,0.004051772650534691,-0.006640405177264941,0.01659038901601817
2024-09-09,1725854400,2024-09-24,1727150400,0.25,85.63589820348068,91.78001943657941,86.15,87.54,85.98,86.77,921092.0,87.0,87.36,85.71,86.59,1098656.0,4.848768929136014,-1.7248516176681932,3.387034684528629,-0.17226777533971926,0,-3.866089215228399,-3.735408560311283,-3.7711243650108117,-13.98625733578453,0.8725736955890824,1.9188407598086563,-6.602168025277802,-1.1496084394244575,0,-0.036609012091131425,-14.0,-16.0,2.0,1.5619586557339176,1.263418525506438,1.5185705058942176,-0.07354176362986273,0.00473495784732636,0.008892481810832686,-0.010162836355237403,-0.0024193548387095865
2024-09-19,1726718400,2024-09-25,1727236800,-0.75,82.72449325600516,91.78001943657941,88.93,89.21,88.26,88.85,1167267.0,84.91,86.32,84.89,85.4,1199551.0,6.214376679186429,-0.7307701218093996,4.643052302888378,0.9357923497267819,0,-6.991221114885356,-4.4956385596063475,-6.241497691001299,-14.874902406093781,2.110636580016518,1.9487968200851542,-5.267700316781397,-1.2632278926720437,0,-0.04497025381846179,-18.0,-68.0,50.0,2.741803278688508,2.419755097774299,2.8181471242970844,-0.18128071260389383,-0.005737704918032938,0.01077283372365323,-0.005971896955503597,-0.013742926434923142
2024-09-20,1726804800,2024-10-04,1728014400,-0.25,82.72449325600516,88.74054906908493,88.49,88.53,87.31,87.82,2529952.0,87.04,87.41,86.04,86.65,683445.0,2.6537724769761155,-1.4754689570684434,2.157145604924011,-1.115791498365084,1,-2.632617054101381,1.2266355140187049,-5.175063302177073,-11.476796903101729,0.7493606494968645,1.8413661327461295,-6.024687565939736,0.7634563901404301,0,0.013164600852663591,-46.0,-68.0,22.0,0.5891517599538219,0.6763503322399202,1.1219704939685187,-0.055164529346582225,0.0045008655510674345,0.008770917484131502,-0.007039815349105583,0.007323878167867948
2024-09-25,1727236800,2024-10-08,1728360000,0.25,82.72449325600516,88.70246773740104,84.91,86.32,84.89,85.4,1199551.0,85.55,86.43,84.22,84.9,1224552.0,4.993325752464628,0.02551994835984317,4.145857872006275,0.7913231252453699,1,-7.240404136451538,-1.7588521175653737,-8.507731103506085,-16.88273441043077,2.3799976301196466,1.9094907239618295,-4.934995016241736,-1.3467687007307876,0,0.029319733430198308,-2.0,-52.0,50.0,2.5094228504122214,2.3325742175049413,2.9948579289246595,-0.1882050781615806,0.007656065959952718,0.018021201413427557,-0.008009422850412284,-0.009219278795658647
2024-09-26,1727323200,2024-10-16,1729051200,-0.25,82.8836320246848,88.73454718617293,86.19,86.96,85.73,86.47,1011334.0,87.78,88.37,87.44,87.55,1113333.0,1.7288223551041852,-3.0286510244359874,0.8581762802208175,-2.2760327431943637,1,0.7095510257453412,0.1716247139588003,-1.0890586986688462,3.5251737032847785,-0.7846387302579529,1.760944534076644,-8.527485753484754,-1.2462062243721252,0,0.12214929987933364,-26.0,-52.0,26.0,-0.6499143346659082,-0.4825327232516372,-0.1389598733999975,0.19220422056704964,0.002627070245573959,0.009366076527698608,-0.0012564249000570626,-0.0023928896991797233
2024-10-07,1728273600,2024-10-21,1729483200,0.75,82.8836320246848,91.6714002137635,86.15,86.26,85.33,85.69,994235.0,90.23,91.21,88.96,89.3,1110045.0,0.9253830514196295,-5.444979915921266,-0.6319522209779649,-4.042926465098901,0,4.87477713593465,2.880184331797235,7.086902093313213,2.6021664925462034,-2.089154324340214,1.8392935278381057,-7.208832431456113,-1.2470765946087088,0,-0.019912662886908353,42.0,28.0,14.0,-2.2597984322508324,-1.656907418007009,-1.7933401825710575,0.4007194697642937,0.010414333706606937,0.02138857782754755,-0.0038073908174692805,-0.007336594041796318
2024-10-09,1728446400,2024-10-23,1729656000,0.25,85.64338679928646,91.6714002137635,84.65,86.79,84.42,86.25,933647.0,87.38,87.9,86.39,86.78,925679.0,3.819936067776979,-2.4037111311556174,2.4519858646385444,-1.1525313052162431,0,-2.4500282728899307,1.615925058548004,3.650196056821795,1.9954905086711676,0.8620955873187626,1.9618614590775136,-9.520500652067728,-1.0384441485435336,0,-0.028809204388673283,34.0,27.999999999999993,6.000000000000007,0.7081124683106879,1.0489103598560092,1.0066119143508132,0.09549886496280119,0.00691403549204872,0.012906199585157818,-0.004494123069831768,-0.0077749828493024475
2024-10-17,1729137600,2024-10-28,1730088000,-0.75,81.98520258814455,91.6714002137635,87.85,90.3,87.5,90.23,1245214.0,82.63,83.7,82.42,83.18,1004606.0,9.542794160652775,-1.3040348435092142,6.068566161737593,2.1758034784002547,0,-8.759169620727931,-6.000678042716678,-11.439107431314001,5.394846676278867,3.231989113059214,2.3857950727399064,-6.311674267662919,1.0420472581686848,0,-0.02339915483851387,22.0,-20.0,42.0,4.119379658571788,3.755747168263042,4.651655872911235,-0.5963386051734759,-0.006612166386150697,0.006251502765087791,-0.009136811733589822,0.011061140148292292
2024-10-22,1729569600,2024-11-04,1730696400,-0.75,78.4651024744861,88.73454718617293,89.0,89.0,86.61,87.46,810321.0,81.36,82.77,81.36,81.96,1027727.0,11.878918748486782,-3.6224521794286773,6.258134049129666,2.054864161379541,0,-8.959815805660597,-4.352899988330031,-20.689063703474442,-10.430329940853404,2.7317198910593987,2.3159125131401748,-1.564435262097767,1.0091487134659125,0,-0.1846159484750315,2.0,-40.0,42.0,4.1282332845290455,2.9790061175710747,4.975338874999792,-0.5415472862084243,-0.007320644216690986,0.009882869692533047,-0.007320644216690986,0.007127058245269158
2024-10-24,1729742400,2024-11-05,1730782800,-0.25,78.4651024744861,85.64338679928646,81.92,82.58,80.46,81.41,3046377.0,82.27,83.28,82.05,83.25,1094523.0,10.122400828795605,-5.291169597564391,4.413213213213226,0.39279279279278967,0,-5.4822273659279475,-1.9434628975265082,-19.211000819485633,-4.218869907988434,0.7742400669866925,2.2304233929649024,-1.6466461561107089,1.0608786550330254,0,-0.0793889451889109,-2.0,-40.0,38.0,2.4156156156156072,1.2515529738460458,3.2173726516055297,-0.34163110030957333,-0.0117717717717718,0.0003603603603603567,-0.01441441441441449,0.01573938506588579
2024-10-29,1730174400,2024-11-14,1731560400,0.75,78.4651024744861,89.07390367869193,82.66,83.1,81.6,81.69,1248479.0,87.72,87.87,85.94,86.01,1276804.0,6.023167842566664,-8.095019952786402,1.0886331046777542,-2.82021470371663,0,-0.1203178475874509,-4.676936717278066,1.487741071230511,12.517438593627638,-1.394322190988163,2.229810378372055,-5.997779442010007,-1.1620883973700769,0,-0.1666591316381044,-30.0,-40.0,10.0,-1.0359260551098828,-0.26684718831000964,0.29669038878503784,0.4702522916222566,0.01988140913847225,0.021625392396233067,-0.0008138588536217295,-0.016803840877914977
2024-11-05,1730782800,2024-11-18,1731906000,0.25,81.84935477031355,89.07390367869193,82.27,83.28,82.05,83.25,1094523.0,84.6,84.9,83.08,83.25,1391083.0,7.9455212775682895,-4.79957533162235,3.838438438438459,-0.2672672672672718,0,-5.9763881983853295,-6.7749160134378466,-2.0425716536795324,5.651249311672508,2.1801566043337886,2.311444041110432,-6.992939676192105,-1.250350117591513,0,-0.24010516878576596,-38.0,-40.0,2.0,1.5729729729729627,2.650718715269761,3.4144018766397437,0.06998167185509896,0.01621621621621605,0.01981981981981984,-0.002042042042042058,-0.018509785427964998
2024-11-06,1730869200,2024-11-20,1732078800,-0.75,78.35406293868128,89.07390367869193,86.94,88.25,86.04,87.82,1699363.0,81.54,82.05,81.26,81.78,1212749.0,9.18193017704705,-3.7612894335890132,4.92357544631939,0.9201516263144924,0,-8.263954869770558,-5.7616962433740495,-8.106358440157171,12.093381747487975,4.042124434929391,2.2790914945643697,-5.594604772086143,1.0687994554251874,0,-0.25551281084913824,-46.0,-40.0,-6.0,2.7103203717290256,3.6191816058037887,4.841078505693801,-0.32339143643715085,-0.0029347028613352366,0.0033015407190022383,-0.0063585228662264015,0.0071428571428571175
2024-11-15,1731646800,2024-11-21,1732165200,-0.25,78.35406293868128,85.32749204250246,85.83,86.9,84.78,84.82,1122951.0,82.17,84.02,81.71,83.87,1194248.0,6.448644907781571,-5.853676504300026,2.42259846587973,-1.5037160685187416,0,-3.2346203393891173,3.0217418007615873,-7.8649033541657225,12.192371274132505,1.6143921448129532,2.2602951264126148,-6.169877050794408,1.0430036291084936,0,-0.22642977732970077,-46.0,-36.0,-10.0,0.2974842017407582,0.9382756549137952,2.141097592582895,-0.24537711835080422,-0.0202694646476691,0.0017884821747942148,-0.025754143317038403,0.025556370750794866
2024-11-19,1731992400,2024-11-25,1732510800,0.75,78.35406293868128,88.6333178270694,82.54,82.75,81.08,81.2,1508391.0,85.76,86.61,85.49,85.66,1125398.0,4.498186093553386,-7.452890739829343,0.5702778426336579,-3.2342983889796812,0,0.6477743680508752,2.981485934118766,-4.698958346062254,11.79934049790861,-0.06679291872102056,2.1406111329214563,-8.226947778206029,0.9774697936630037,0,-0.29443253826476146,10.0,28.0,-18.0,-1.4773523231379642,-0.995783104878555,-0.010090472077635582,0.04120802979977156,0.001167406023815154,0.011090357226243297,-0.001984590240485695,0.004338140461953133
2024-11-21,1732165200,2024-11-27,1732683600,0.25,81.84935477031355,88.6333178270694,82.17,84.02,81.71,83.87,1194248.0,85.15,86.12,84.92,84.99,664709.0,5.355608077761616,-6.008626079879491,1.680001568812031,-2.042789347766387,0,-0.8292581498206033,3.6716272261527085,-3.4314709765664753,2.692869123716072,0.24004164826700958,2.0789746386839494,-10.232790695769483,-0.5834693836420679,0,-0.4186000981681009,2.0,28.0,-26.0,-0.32650900105893754,-0.17117819798905032,0.7205393277086358,0.10884748179888387,0.0018825744205202,0.013295681844923024,-0.0008236263089774765,-0.0005879586077141008
2024-11-22,1732251600,2024-12-02,1733115600,-0.25,82.00267823819819,88.6333178270694,84.17,85.45,84.05,85.29,743977.0,85.57,86.03,84.7,85.37,919291.0,4.548565811347572,-5.0124289951358065,1.6496817773612946,-1.8866893131857552,0,0.05991663578512885,4.902924551486863,-1.80675174198138,-5.426186224718478,-0.6515173014073241,1.9627024033173457,-12.124765026635629,-0.8392003993292904,0,-0.31172157877827666,-6.0,28.0,-34.0,-0.23193159189412427,-0.486716487202429,0.2587824775684737,0.17073512937092666,0.0023427433524656482,0.007731053063136928,-0.007848190230760221,-0.001987374327799829
2024-11-26,1732597200,2024-12-09,1733720400,0.25,82.00267823819819,88.32548482247999,85.17,85.46,84.15,85.04,849704.0,82.52,83.24,81.94,82.35,1169791.0,7.157399741366959,-1.5496280352345764,4.796195102206042,1.2309249139850493,0,-7.321791218794445,-5.853435463587521,-7.2925761716206905,-10.019318382410702,1.7721695407830254,1.9587883844856455,-12.290538352546077,-1.0754831515138676,0,-0.164603226716266,-26.0,-24.0,-2.0,2.803885853066191,2.4425875556597845,3.4843073500588417,-0.20408732743619207,0.002064359441408703,0.010807528840315772,-0.004978749241044245,-0.002785178009203193
2024-11-29,1732856400,2024-12-17,1734411600,-0.75,79.3933649204064,88.32548482247999,85.53,85.84,84.98,85.54,587996.0,81.02,81.71,79.8,80.01,940434.0,8.609252210193532,-0.6402483356778248,5.798025246844134,2.398450193725779,0,-12.373007017719658,-3.8918918918918854,-19.098794216544253,-24.81222014773502,3.6242905430590184,1.8994349743531633,-5.644142590072104,-0.8550234502887483,0,-0.3516227218959837,-42.0,-92.0,50.0,3.9845019372578605,3.596670104706277,5.4278374519840895,-0.35580949005495344,0.012623422072240764,0.021247344081989583,-0.002624671916010568,-0.015625
2024-12-03,1733202000,2024-12-18,1734498000,-0.75,76.26566010628274,85.26163191085362,85.37,85.6,84.66,85.09,633377.0,79.95,80.54,75.97,76.05,2339646.0,15.345646167252426,2.77532687679755,11.224413762875301,7.266491343414415,0,-19.89646559675606,-6.342364532019711,-25.014843552955586,-32.05841435217582,7.759401997178884,2.284830750327751,-3.3134368006232044,-2.084884534991313,-1,-0.42451037056855506,-46.0,-96.0,50.0,9.060486522024974,8.134762171800176,10.48943096057269,-0.6042993173803336,0.05128205128205132,0.05904010519395153,-0.0010519395134779286,-0.0494938132733409
2024-12-10,1733806800,2024-12-19,1734584400,-0.75,73.17621992173935,82.34019751256353,82.41,82.87,80.92,81.99,1150442.0,76.4,77.14,75.7,75.76,1630702.0,16.60872148475643,1.5525773536807321,11.33029743048219,7.271427314325933,0,-20.35341892523286,-7.361213010516014,-29.804123333872212,-36.98233556891357,7.221334836499864,2.2655169721220494,-1.0772433550002845,-1.4353057604161727,-1,-0.5019508215526721,-46.0,-96.0,50.0,9.080649419218574,7.734527958052141,10.484434851809127,-0.7382212264620156,0.008447729672650395,0.01821541710665242,-0.0007919746568110231,-0.0038132807363575605
2024-12-18,1734498000,2024-12-31,1735621200,-0.25,73.17621992173935,79.42114027764447,79.95,80.54,75.97,76.05,2339646.0,76.58,77.09,75.99,76.43,784163.0,12.339767341348875,-3.678246995934799,6.532775088316086,2.4466832395656013,0,-15.75360738699574,-10.472062785521844,-35.23240373092158,-4.8144422968631275,2.012154070378955,2.1304463792766657,7.8736466192232655,-0.6643312257965565,0,-0.1488474397304351,-46.0,-68.0,22.0,4.330760172707045,3.618669276163942,7.315883835138635,-0.18029636477107913,0.0019625801386888853,0.008635352610231628,-0.00575690174015453,-0.00091503267973847
2024-12-19,1734584400,2025-01-10,1736485200,0.25,73.17621992173935,79.42114027764447,76.4,77.14,75.7,75.76,1630702.0,75.31,76.1,75.22,75.59,1261716.0,8.204858263338195,-3.335166505169113,4.56696212020988,0.5386514971116014,0,-16.14725743794787,-7.805829979265755,-38.43784630081127,-2.5552961120562117,0.7456375975023093,2.033322231051849,8.87496278675058,-1.0821838431460755,0,0.05276334319936771,-46.0,-84.0,38.0,2.434845879084534,2.6463915894918415,6.706253268525472,0.07518927443892576,-0.003704193676412282,0.006746924196322057,-0.004894827358116194,-0.004608901764550866
2024-12-20,1734670800,2025-01-16,1737003600,-0.25,73.29207268315852,79.42114027764447,75.48,77.53,75.3,76.79,3646146.0,78.5,78.95,78.36,78.78,1028571.0,0.539707237530564,-5.6196767729456525,-0.47854785478548933,-4.517644072099515,1,-2.510368502828115,-3.0757874015748032,-21.719615509763585,2.4122513743086174,-2.819526541014767,1.8935440058265367,3.4506549027254394,0.8845594952691589,0,0.1390481337011324,-42.0,-64.0,22.0,-2.5399847677075513,-1.2890845821336399,1.8999912343564205,0.5709619379585651,-0.003554201574003546,0.002157908098502137,-0.005331302361005319,0.0035668789808918078
2025-01-02,1735794000,2025-01-21,1737435600,0.75,73.29207268315852,81.66995299688762,76.89,77.13,75.17,75.73,1180876.0,79.94,81.18,79.94,81.14,1820222.0,-1.5454471845120992,-8.688715990247587,-3.536685564045669,-6.88521896310904,0,5.742509641157838,6.692965154503621,-10.169792222732633,10.921444617952837,-4.93913514830659,1.8394324784860054,3.311185394580175,1.5440006012385445,0,0.1383407681727485,-38.0,-52.0,14.0,-5.117081587379829,-3.6221101039315755,-1.0767515235286567,0.7789011469991243,-0.014789253142716285,0.0004929751047573205,-0.014789253142716285,0.02579013906447547
2025-01-13,1736744400,2025-01-31,1738299600,0.25,75.90413600749416,81.66995299688762,75.3,76.92,75.13,76.91,1237297.0,76.74,77.37,76.16,76.45,840207.0,4.971842128554286,-2.9299847054018926,3.045345541748418,-0.8748637453673496,0,-7.113107997730495,0.026167735182514744,-10.273844006146561,6.315446711768338,2.072948762650384,2.169204238969723,-4.109244192018362,-0.6765424507928574,0,-0.05563320341782095,18.0,36.0,-18.0,1.0209287115762038,1.5246945460877015,3.9052929026009053,0.01083873352911513,0.003793328973185073,0.012034009156311365,-0.003793328973185184,-0.002348949497585684
2025-01-17,1737090000,2025-02-11,1739250000,-0.75,72.82502562233694,81.66995299688762,79.41,79.65,79.06,79.1,1106723.0,73.47,74.53,73.45,73.94,959749.0,9.153779307420848,-1.3447449552434136,5.930484176359215,2.09764674060051,0,-12.270745164374866,-3.861656481601871,-20.381392882790415,-11.998535851663974,3.26736623344992,2.025171032389626,1.5983699915741099,0.775073444089822,0,-0.38674408419797696,-10.0,-56.0,46.0,3.9045171760887314,2.891055967584748,5.843191647183858,-0.23133517745801968,-0.0063565052745468975,0.007979442791452573,-0.0066269948606978435,0.0009476106673884654
