unix,date,open,high,low,close,volume_base,rel_open,rel_high,rel_low,rel_close,bb_bbm,bb_bbh,bb_bbl,kch_high,kch_low,kch_mid,squeeze,rsi,roc,tsi,mfi,vwap,atr,adx,obv,pocket_pivot,cmf,aroon_up,aroon,aroon_down,sma,ema20,ema50,macd_diff
1458014400,2016-03-15,30.61,30.9,30.4,30.8,1199859.0,-0.006168831168831157,0.0032467532467532756,-0.012987012987013102,1.0,-4.696428571428555,2.856506981700818,-12.249364124557928,-1.5232683982683994,-8.08820346320347,-4.805735930735949,0,7.576768296323571,10.473457675753234,16.679059074332354,13.861712274988363,-3.414767709360035,3.5335855212315708,-1.6384766714704782,0.6594589670276568,0,0.22869631900595971,42.0,88.0,-46.0,-4.696428571428555,-4.247869457907356,-3.7454244951558024,0.21702043211694455
1458100800,2016-03-16,30.71,32.11,30.68,32.04,1950727.0,-0.04151061173533077,0.002184769038701573,-0.04244694132334581,0.04025974025974022,-7.896379525593005,0.193132418335054,-15.985891469521093,-4.919891801914275,-11.23699542238866,-8.078443612151489,0,12.40588253227589,10.826703562781042,19.291932464398577,14.468275019795499,-6.389945622422772,3.47299724162012,-1.9062838899122525,0.6594589670276568,0,0.27478991996427493,50.0,92.0,-42.0,-7.896379525593005,-7.196143521145274,-7.177666794013078,0.2536238148310346
1458187200,2016-03-17,32.05,32.61,31.58,32.49,1626487.0,-0.013542628501077347,0.003693444136657398,-0.028008618036318933,0.014044943820224809,-8.494921514312097,0.1544082942717182,-17.144251322895897,-5.661229096132146,-11.866215245716631,-8.763722170924396,0,13.972507313655619,15.66393734425063,22.055992545962948,14.295424763837019,-6.943724535024856,3.4067027460748633,-1.7797524877854016,0.5510988381998218,0,0.318222097696871,50.0,96.0,-46.0,-8.494921514312097,-7.673752114104545,-8.131400768821038,0.2862915735917573
1458273600,2016-03-18,32.56,33.32,32.34,32.81,3974598.0,-0.007619628162145675,0.015544041450777035,-0.014324900944833852,0.009849184364419727,-8.623895153916493,0.41663950055914256,-17.66442980839213,-5.774154221274003,-11.964340140201159,-8.869247180737602,0,15.062322824810707,18.021582733812956,24.73743805678488,24.63005745397406,-6.306087288652719,3.3458637150251227,-1.1746921476735963,1.3255432907628928,0,0.3557931195666872,50.0,96.0,-46.0,-8.623895153916493,-7.757628942334492,-8.6733906675815,0.30583124890572133
1458532800,2016-03-21,32.77,33.05,32.15,32.65,1238560.0,0.003675344563552896,0.012251148545176171,-0.015313935681470103,-0.004876562023773401,-7.5084226646247885,1.9127877334007621,-16.929633062650353,-4.632465543644713,-10.898928024502283,-7.765696784073512,0,14.04271056202333,15.411806291975964,26.498133647842124,17.93041317528946,-5.1567382552151315,3.3189920156851143,-0.8528468514349079,-0.41643505515165463,0,0.41070279407486676,46.0,72.0,-26.0,-7.5084226646247885,-6.609827618116952,-7.90326603751258,0.2847886638687206
1458619200,2016-03-22,32.29,32.66,31.92,32.45,1208768.0,-0.004930662557781296,0.0064714946070876245,-0.016332819722650216,-0.006125574272587975,-6.197226502311253,3.0144422539622724,-15.408895258584792,-3.435028248587585,-9.59219311761683,-6.513610683102215,0,12.748820257431348,17.40231548480464,27.42236554484407,12.639891175886127,-4.132886531797439,3.2638040084911863,-0.84906342357732,-0.41010727866660796,0,0.37484709532363947,42.0,72.0,-30.0,-6.197226502311253,-5.459544446252636,-7.0479713405930795,0.23621119380714206
1458705600,2016-03-23,32.3,32.43,31.6,31.74,1169034.0,0.017643352236925036,0.021739130434782705,-0.004410838059231148,-0.021879815100154243,-3.4924385633270276,5.321386257722963,-12.306263384377019,-0.635895820205846,-6.833123293425757,-3.7345095568157944,0,8.343995183347765,13.804230907135166,26.340158646422346,7.021573630410721,-1.6901574378221653,3.2897554257404074,-1.2537463568509324,-0.401275793362501,0,0.36099093225788664,38.0,72.0,-34.0,-3.4924385633270276,-3.0261981701579117,-4.773853015376147,0.1398365208643143
1458792000,2016-03-24,31.25,31.9,30.94,31.9,1561593.0,-0.02037617554858928,0.0,-0.030094043887147204,0.00504095778197855,-3.3746081504702232,4.726211806132994,-11.475428107073455,-0.5982236154650025,-6.7016718913270665,-3.6499477533960345,0,9.0262812646666,13.684960798289382,25.704517417699808,7.565522533782783,-1.8371784615851112,3.2544086067375875,-2.414270229348695,0.5382878753573395,0,0.3889862970864389,34.0,72.0,-38.0,-3.3746081504702232,-3.178055035819412,-5.045536075169892,0.07375825855276907
1459137600,2016-03-28,32.05,32.31,31.71,32.07,1168289.0,-0.000623635796694777,0.00748362956033688,-0.011225444340505097,0.005329153605015735,-3.3380106018085343,4.191587200516935,-10.867608404134003,-0.5950524893462159,-6.6349651803346745,-3.6150088348404665,0,9.763363426055491,12.329246935201398,25.44846796613126,7.11901400957133,-2.08068804453751,3.139568019096792,-3.105978418210814,0.42489687070673454,0,0.34293882368325196,30.0,72.0,-42.0,-3.3380106018085343,-3.339746621542389,-5.331277437895082,0.030603197832605344
1459224000,2016-03-29,31.52,32.5,31.13,32.34,2007766.0,-0.02535559678416832,0.0049474335188619545,-0.03741496598639471,0.00841908325537899,-3.5111317254174423,3.047789455287358,-10.070052906122243,-0.8364254792826387,-6.921768707482983,-3.879097093382839,0,10.938138418327803,14.518413597733728,25.669012688632947,7.438656578379209,-2.2977984295308715,3.1935623792774175,-4.40724070951595,0.754732695450735,0,0.4343163497530758,26.0,72.0,-46.0,-3.5111317254174423,-3.7518152500285993,-5.881582514358158,0.010390230870522044
1459310400,2016-03-30,32.69,33.22,32.44,32.76,1336457.0,-0.002136752136752129,0.014041514041513992,-0.009768009768009733,0.01298701298701288,-4.2521367521367495,2.0801143714009243,-10.584387875674409,-1.8345543345543263,-7.42063492063491,-4.627594627594618,0,12.720379406190027,11.013215859030824,26.533617981163864,6.405225290153346,-2.9705055008484464,3.1193038014473475,-4.937982154255312,0.5152230228776175,0,0.3832518601909142,22.0,68.0,-46.0,-4.2521367521367495,-4.510931447369842,-6.81025913189373,0.015165489077055838
1459396800,2016-03-31,32.67,33.32,32.6,33.18,2433657.0,-0.015370705244122873,0.00421940928270037,-0.01748040988547317,0.012820512820512775,-4.986437613019888,1.4012040265043453,-11.37407925254412,-2.5894112919429375,-8.095740405866962,-5.342575848904957,0,14.428775992052778,10.563145618127285,27.93021417038586,15.390721180336413,-3.345396811009593,3.0148305841737626,-5.3407739918019885,0.9558607842427809,0,0.4400906193745099,50.0,96.0,-46.0,-4.986437613019888,-5.174924897529905,-7.676547630205462,0.03531799057371354
1459483200,2016-04-01,32.82,33.02,32.19,32.56,2856426.0,0.007985257985257954,0.014127764127764175,-0.011363636363636465,-0.0186859553948161,-2.8301597051597014,3.57878164269934,-9.239101053018771,-0.41513104013105817,-5.971027846027852,-3.193079443079455,0,10.145839856631852,7.458745874587463,27.282124814148105,5.958019155213513,-1.0842081912659722,3.0699741667635814,-6.207091238531859,-1.1265768659033613,0,0.3498595246237878,46.0,88.0,-42.0,-2.8301597051597014,-3.048403173483109,-5.6864459388041695,-0.0023986443859537188
1459742400,2016-04-04,32.44,32.55,30.27,30.48,3686942.0,0.06430446194225703,0.06791338582677153,-0.006889763779527547,-0.06388206388206397,3.840223097112869,10.588886836660166,-2.9084406424344422,6.749234470691164,0.4204943132108525,3.5848643919510295,0,-1.289143224266951,0.7936507936508002,20.97428281404451,-3.90128383032269,5.433028482586494,3.5818772621571267,-6.297789312275274,-1.460981326042857,-1,0.1719420335273959,42.0,88.0,-46.0,3.840223097112869,3.2279337907080503,0.7202515898527366,-0.16757768681463714
1459828800,2016-04-05,30.08,30.92,29.87,30.4,2000711.0,-0.010526315789473717,0.017105263157894735,-0.017434210526315663,-0.002624671916010568,4.074013157894754,10.926209505693137,-2.7781831899036575,7.087171052631589,0.6233552631579045,3.855263157894754,0,-1.6612166856611026,-0.7832898172323824,15.95971276621887,-5.122572006773382,5.505690825692454,3.5814921202000463,-6.089350171430503,-0.8091570203455423,0,0.14222691356880224,38.0,84.0,-46.0,4.074013157894754,3.166292319666127,0.9466654763137683,-0.27597146745712176
1459915200,2016-04-06,30.28,30.46,29.61,30.05,1888184.0,0.007653910149750365,0.013643926788685423,-0.014642262895174785,-0.011513157894736725,5.337770382695496,12.094092706288365,-1.418551940897359,8.287298946200792,1.904603438713238,5.095951192457008,0,-3.303842060319411,1.0423671822461409,11.184411190258277,-11.726241451447542,6.387617199258173,3.5664504062349853,-5.707657784481171,-0.7766208954135578,0,0.08241296265108125,34.0,64.0,-30.0,5.337770382695496,3.9519062575693624,2.039184948952382,-0.35969293946498604
1460001600,2016-04-07,29.95,30.59,29.28,29.42,3136282.0,0.018014955812372557,0.03976886471787888,-0.0047586675730795225,-0.020965058236272816,7.437117607070022,14.857936721634161,0.016298492505910644,10.637888058010418,3.9077724903693536,7.272830274189886,0,-6.128550916886674,-3.032300593276197,5.954209677959103,-18.960434052099785,7.825138128831426,3.700674592589339,-5.115621385398111,-1.2836520401966016,0,-0.04695042177070705,30.0,-20.0,50.0,7.437117607070022,5.5895582495860054,4.058595511979931,-0.4406106013983969
1460088000,2016-04-08,29.83,30.32,29.35,29.53,1823966.0,0.010159160176091975,0.02675245513037594,-0.006095496105655296,0.00373895309313399,6.970877074161862,14.587320053303984,-0.6455659049802449,10.157466982729417,3.5235353877412763,6.840501185235354,0,-5.511383310899738,-1.3034759358288788,2.0538135680746614,-31.308817971733447,6.438424534355107,3.6581684598754736,-4.565873300535269,0.7555468945880427,0,-0.08640927110406912,26.0,-20.0,46.0,6.970877074161862,4.701354990652916,3.5270148125601963,-0.46729974003530095
1460347200,2016-04-11,29.82,30.6,29.74,30.07,1680556.0,-0.008313934153641456,0.017625540405719953,-0.0109743930828069,0.018286488316965777,4.886930495510455,12.652112237685941,-2.878251246665016,8.062853342201535,1.571333555038251,4.817093448619886,0,-2.5268390190139414,-3.15619967793881,0.08974075916689536,-25.74042407824122,4.0935722540342425,3.5900382204893244,-4.432902186754486,0.7014674887060194,0,-0.10394418554001017,22.0,-20.0,42.0,4.886930495510455,2.5524399331807075,1.6024600268199407,-0.43009373602783096
1460433600,2016-04-12,30.2,30.46,29.77,30.17,1251754.0,0.0009943652635067135,0.009612197547232304,-0.013258203513423994,0.0033255736614565823,4.393437189260865,12.3563785399935,-3.569504161471798,7.599712738923884,1.0766766103192964,4.338194674621576,0,-1.9820454428704366,-2.8341384863123964,-1.2663390405846695,-25.702217988296695,3.426396871622913,3.485917516860367,-4.309429009672332,0.5393834216744392,0,-0.11532521957885258,18.0,-20.0,38.0,4.393437189260865,2.0018080196728647,1.2160584643343242,-0.3818893961318956
1460520000,2016-04-13,30.52,31.95,30.5,31.75,2267095.0,-0.03874015748031501,0.006299212598425141,-0.03937007874015752,0.05236990387802454,-0.6519685039370131,6.85361930433605,-8.157556312210062,2.50498687664043,-3.992650918635178,-0.7438320209973881,0,5.665559200458908,3.084415584415582,1.091240896898082,-18.76565926254945,-1.7633843843316157,3.476291809421382,-5.601280109079564,0.9773365791216425,0,-0.027936462458174,14.0,-20.0,34.0,-0.6519685039370131,-2.7814077073609553,-3.670998481037884,-0.2339979178932845
1460606400,2016-04-14,31.95,32.37,31.31,32.01,1670749.0,-0.0018744142455482393,0.011246485473289658,-0.021868166198063088,0.008188976377952795,-1.4636051233989207,5.977220701699437,-8.904430948497293,1.6593772779339986,-4.669894824533998,-1.5052587732999854,0,6.76729417705522,-0.09363295880150167,3.4644238801961817,-13.055978933144054,-2.5001692375245597,3.4382992911560573,-6.395901209253882,0.7247957783912209,0,-0.06294788896230648,10.0,-20.0,30.0,-1.4636051233989207,-3.230960859650253,-4.2787829090631675,-0.11508317592214967
1460692800,2016-04-15,32.05,32.44,31.89,32.24,1933771.0,-0.005893300248139055,0.006203473945409321,-0.010856079404466534,0.0071852546079351765,-2.205334987593048,5.128181441327385,-9.53885141651348,0.8540115798180352,-5.281224152191896,-2.2136062861869448,0,7.745080731963768,-0.7694675284702985,5.805285454915266,-11.38415469139197,-3.098737653095114,3.291783684927263,-7.066018180127603,0.8425611384479684,0,-0.05154079740939953,6.000000000000007,-19.999999999999993,26.0,-2.205334987593048,-3.547852542288041,-4.767082789031093,-0.022216430219897387
1460952000,2016-04-18,32.18,32.64,31.97,32.31,1361588.0,-0.004023522129371737,0.01021355617455888,-0.010523057876818398,0.002171215880893307,-2.4945837202104713,4.685146017708021,-9.674313458128978,0.5075827917053459,-5.518415351284446,-2.5054162797895287,0,8.049043304580543,-1.5239256324291373,7.82083161461088,-5.729821343570848,-3.314251539039489,3.1981526684058776,-7.488338180979145,0.6015777540665375,0,-0.10445179638101083,2.0,-20.0,22.0,-2.4945837202104713,-3.3990251481982057,-4.778370508007455,0.03929551731740294
1461038400,2016-04-19,32.62,33.46,32.61,33.27,1667901.0,-0.019537120529005247,0.005710850616170715,-0.019837691614066788,0.029712163416898862,-5.214908325819081,1.9853722378644818,-12.41518888950263,-2.3254182947600555,-8.162508766656671,-5.243963530708356,0,11.995665507817861,1.898928024502311,11.3320404213485,-5.045790604016929,-5.999617070310862,3.130920317125082,-7.127458848555275,0.7464727672406036,0,-0.06410234169847058,50.0,32.0,18.0,-5.214908325819081,-5.59724554972648,-7.230837653053939,0.13463848523979655
1461124800,2016-04-20,33.26,33.7,33.13,33.34,1468984.0,-0.0023995200959809893,0.010797840431913563,-0.006298740251949653,0.0021039975954313395,-5.280443911217759,2.1969222267893826,-12.757810049224886,-2.3990201959608015,-8.172865426914626,-5.285942811437721,0,12.268120846348964,2.742681047765795,14.264370571831714,-6.9708212839742245,-6.31962167213149,3.02329751126868,-6.591048250143647,0.6631096218452736,0,-0.13155846670129664,50.0,36.0,14.0,-5.280443911217759,-5.243503912572635,-7.134413392108712,0.1890834562583698
1461211200,2016-04-21,33.44,33.79,33.15,33.32,1383893.0,0.0036014405762303525,0.014105642256902806,-0.005102040816326592,-0.0005998800239952473,-4.986494597839126,2.834250920467966,-12.807240116146218,-2.144357743097231,-7.864645858343337,-5.004501800720277,0,12.13415289312605,4.97794580970385,16.594797291701937,0.8471722049205539,-6.357050656389717,2.946230507919035,-6.015748703964789,-0.6393172221991391,0,-0.1511266001969927,46.0,36.0,10.0,-4.986494597839126,-4.692662762902671,-6.801076773151777,0.2088657106085975
1461297600,2016-04-22,33.1,33.68,32.8,33.25,1388837.0,-0.004511278195488688,0.012932330827067684,-0.013533834586466287,-0.0021008403361344463,-4.583458646616521,3.524164986119203,-12.691082279352258,-1.700250626566401,-7.408521303258141,-4.554385964912271,0,11.645521760168329,4.231974921630099,18.331556830416247,5.307117247324342,-5.772477376215562,2.930589058668549,-5.998188980354804,-0.6620674038930223,0,-0.04311829955657559,42.0,35.99999999999999,6.000000000000007,-4.583458646616521,-4.064204714555558,-6.345854062208133,0.2022180968233061
1461556800,2016-04-25,33.09,33.4,32.81,33.21,2190472.0,-0.0036133694670279493,0.0057211683227942345,-0.012044564890093312,-0.0012030075187969835,-4.296898524540822,4.042953814175277,-12.636750863256893,-1.4162400883268162,-7.128374987453583,-4.272307537890185,0,11.355292543357514,3.5547240411599645,19.670464350962188,4.4853786193587695,-4.959739549735616,2.851437003934873,-5.981883522716963,-1.072034503968213,0,-0.012506436571384201,38.0,36.0,2.0,-4.296898524540822,-3.5725919164056705,-5.988618317688747,0.18080686658893874
1461643200,2016-04-26,33.36,34.53,33.19,34.5,2908171.0,-0.03304347826086962,0.0008695652173913437,-0.03797101449275364,0.038843721770551065,-7.562318840579721,1.1520359258966835,-16.276673607056097,-4.804830917874398,-10.294685990338166,-7.549758454106268,0,16.680580930061353,6.67903525046381,23.187708125199954,13.587399929954444,-7.384753377292014,2.8261923348008344,-4.949127743764343,1.4347347163757425,1,0.09172816288090582,50.0,52.0,-2.0,-7.562318840579721,-6.494506243385501,-9.131127423808877,0.23572989710741643
1461729600,2016-04-27,34.46,34.73,33.15,33.37,4684269.0,0.0326640695235243,0.04075516931375489,-0.0065927479772249775,-0.03275362318840591,-4.340725202277497,4.808545673878513,-13.489996078433492,-1.32004794725799,-7.235540905004484,-4.277794426131237,0,9.163148803464239,1.8620268620268603,22.736321736337963,9.011716571030377,-2.5937465522410434,3.051387606828576,-3.835585254181172,-2.2740036011274487,-1,0.053586007282246245,46.0,52.0,-6.0,-4.340725202277497,-3.011186041838542,-5.81664340399027,0.1806425848520955
1461816000,2016-04-28,32.46,32.63,31.33,31.49,4234071.0,0.03080342966020977,0.036201968879009394,-0.005080978088282007,-0.05633802816901401,1.1019371228961745,10.635862714595675,-8.431988468803354,4.470202180586426,-1.9826399915317126,1.243781094527364,0,-0.5917996095156042,-5.093429776974085,17.281576237498292,4.166779600613381,3.447624067403538,3.4653233627870623,-5.143430634316253,-2.034547009169464,-1,-0.018657374964817258,42.0,52.0,-10.0,1.1019371228961745,2.5145060622315327,-0.18615815115074952,0.01121572008219196
1461902400,2016-04-29,31.54,31.68,30.88,31.03,3297838.0,0.01643570737995481,0.02094747019013843,-0.004834031582339748,-0.014607812003810672,2.35417338059942,12.030665033780338,-7.322318272581498,5.789558491782131,-0.7492748952626584,2.5201417982597434,0,-2.6045357984359754,-4.699017199017202,12.101678434117643,-3.478746900338976,4.935554126161691,3.449655690401316,-6.321402842412855,-1.5832767876994802,0,-0.07038171849160602,38.0,52.0,-14.0,2.35417338059942,3.650007093126078,1.2427923080086174,-0.13039980513645388
1462161600,2016-05-02,31.24,31.41,30.54,30.84,2669924.0,0.012970168612191912,0.018482490272373475,-0.009727626459144045,-0.006123106670963607,3.04312581063553,12.692579867352265,-6.6063282460811905,6.1851491569390475,0.06322957198443646,3.124189364461728,0,-3.429380144661309,1.1811023622047225,7.740779406956733,-5.415878023995781,5.453182901076175,3.424487235850906,-7.091541459112605,-1.2756740533450281,0,-0.09840487392994249,34.0,52.0,-18.0,3.04312581063553,3.8801412542374862,1.7933346179890322,-0.2296320249151832
1462248000,2016-05-03,30.54,31.47,29.79,30.92,3073027.0,-0.012289780077619716,0.017787839586028475,-0.036545924967658516,0.0025940337224383825,2.860608020698578,12.356346227736779,-6.635130186339637,6.065653298835684,-0.2441785252263884,2.910737386804655,0,-3.0204104876800812,1.710526315789484,4.5154440003283955,-12.825159822828262,4.896966783888288,3.5597519464917413,-7.147238949232477,1.454073618404903,0,-0.11318248106434667,30.0,52.0,-21.999999999999996,2.860608020698578,3.2674298794631085,1.4699639432059115,-0.27934314594564846
1462334400,2016-05-04,30.62,30.69,29.68,29.7,2402905.0,0.030976430976431102,0.03333333333333344,-0.0006734006734006037,-0.03945666235446321,7.026936026936028,17.06573660436608,-3.0118645504940247,10.446689113355774,3.8237934904601616,7.135241301907968,0,-8.161269444110786,-1.1647254575707202,-0.6234038820698783,-18.211660216515597,8.730428563516668,3.7394850707355003,-7.106702503237695,-1.1346842090082736,0,-0.1928225211599421,26.0,52.0,-26.0,7.026936026936028,6.79421148883597,5.416988823577242,-0.3777357459837014
1462420800,2016-05-05,29.95,30.27,29.22,29.25,1825333.0,0.023931623931623847,0.034871794871794926,-0.0010256410256410664,-0.015151515151515138,8.644444444444431,18.9326748560632,-1.6437859671743524,12.070085470085473,5.4341880341880255,8.75213675213675,0,-9.866422709201842,-0.5778382053025211,-5.486118517618772,-23.57739032426558,9.932986346117943,3.782210465960871,-6.686888445747488,-0.8644432317610771,0,-0.25849129012581645,22.0,-28.0,50.0,8.644444444444431,7.633656561904985,6.762757724117293,-0.4514825139539017
1462507200,2016-05-06,29.19,29.64,29.01,29.32,2770667.0,-0.004433833560709366,0.01091405184174632,-0.010572987721691685,0.0023931623931623403,8.34924965893589,18.724095042591287,-2.025595724719537,11.674624829467945,5.170532060027284,8.422578444747629,0,-9.469558842210034,-0.7111412123264506,-9.137014054113102,-28.264771562616147,8.906901313299016,3.657146583710828,-6.12697710184019,1.2991124218682906,0,-0.25015199292014084,18.0,-28.0,46.0,8.34924965893589,6.674145121611602,6.252656627404903,-0.47170161925531573
1462766400,2016-05-09,29.25,29.53,29.09,29.24,1668786.0,0.00034199726402195374,0.009917920656634882,-0.005129958960328307,-0.0027285129604366354,8.50376196990426,19.29040718264372,-2.2828832428351973,11.762995896032848,5.384746922024618,8.57387140902874,0,-9.790228742054019,-2.760226139008985,-12.20371967379288,-32.97960281308231,8.597759557829136,3.512697849929694,-5.607059425354841,-0.7847269118032156,0,-0.29055013482321884,14.0,-36.0,50.0,8.50376196990426,6.302574367056522,6.28675915577648,-0.4658082498556403
1462852800,2016-05-10,29.44,29.73,29.13,29.58,1403512.0,-0.0047329276538200515,0.005070993914807476,-0.015212981744421872,0.011627906976744207,7.156862745098039,18.049357674104144,-3.735632183908095,10.35271579896326,4.078205995041671,7.215460897002487,0,-7.746297263917285,-1.9555850182300412,-13.88445931818424,-33.54091893388522,6.822674200426192,3.3691845520990915,-5.4248059068986265,0.6663319921983565,0,-0.26076581571038154,10.0,-36.0,46.0,7.156862745098039,4.596828963202142,4.866441983872448,-0.41599193733012435
1462939200,2016-05-11,29.4,29.97,29.3,29.38,2287279.0,0.000680735194009463,0.020081688223281047,-0.002722940776038074,-0.006761325219743042,7.482981620149758,18.974232773128264,-4.0082695328287485,10.656342182890867,4.604606308146117,7.630474245518499,0,-8.622150830438521,-7.464566929133862,-15.61750023965823,-31.998469047164406,6.883460552039054,3.3127157144417594,-5.61547886947368,-1.0965491402061092,0,-0.28404496175193494,6.000000000000007,-35.99999999999999,42.0,7.482981620149758,4.803251019318083,5.361469280332358,-0.374770437092131
1463025600,2016-05-12,29.6,29.87,28.96,29.16,1214249.0,0.015089163237311354,0.024348422496570654,-0.006858710562414272,-0.0074880871341047595,7.805212620027419,19.90535438174406,-4.294929141689181,11.02537722908093,4.9794238683127645,8.002400548696855,0,-9.591997747776475,-8.903467666354258,-17.440340921543847,-31.832545203110726,7.214900053686705,3.322209092626606,-5.440563886626261,-0.5848801622068985,0,-0.3048382469241112,2.0,-48.0,50.0,7.805212620027419,5.061190776673442,5.914950916748765,-0.34151907348650046
1463112000,2016-05-13,29.03,29.44,28.47,28.49,1847331.0,0.01895401895401916,0.03334503334503336,-0.0007020007020006602,-0.022976680384087844,9.682344682344677,22.775876808936644,-3.4111874442472754,13.115128115128115,6.779571779571782,9.947349947349963,0,-12.416010613299953,-11.63151364764269,-20.141075049456642,-31.519662020206724,8.898495373500097,3.4006494078947345,-4.80757855647467,-0.889909866115252,0,-0.37801563657214843,-2.0,-52.0,50.0,9.682344682344677,6.814591816524015,8.076117845193224,-0.34294588620758054
1463371200,2016-05-16,28.62,29.06,28.51,28.87,1214640.0,-0.008659508139937655,0.006581226186352485,-0.012469691721510245,0.013338013338013432,7.642881884308977,20.92477257512897,-5.639008806511029,11.000461840434127,4.789862602470848,7.89516222145248,0,-9.916080458553402,-10.646858557722071,-21.317530929875286,-36.440749800142854,6.308533559889824,3.257208474446962,-4.219806464191045,0.5889548220292998,0,-0.46597066546909766,-6.0,-52.0,46.0,7.642881884308977,4.8935403305500955,6.392646734902357,-0.29824332208775106
1463457600,2016-05-17,28.68,29.23,28.48,28.91,2320027.0,-0.007955724662746522,0.011068834313386455,-0.014873746108612917,0.0013855213023898916,6.739882393635426,19.906683382799216,-6.426918595528349,10.096275798454982,3.928859679465006,7.012567738960016,0,-9.651349379358031,-13.104899308686512,-22.169161597664665,-28.266569035174015,4.171058781641364,3.20567009078591,-3.974884012989037,1.1160459544661243,0,-0.38472879068400073,-10.0,-52.0,42.0,6.739882393635426,4.296179732695293,6.000522141463321,-0.24798938935577552
1463544000,2016-05-18,28.7,29.24,28.41,28.88,1922208.0,-0.006232686980609414,0.012465373961218829,-0.016274238227146798,-0.0010377032168800149,6.07860110803324,18.9611717206823,-6.8039695046158215,9.46849030470915,3.2046398891966845,6.33656509695291,0,-9.791603602075696,-13.377324535092994,-22.929593785005213,-26.33373343519365,3.1627018993956426,3.1850687332312737,-3.6698463411145106,-0.9280125211937635,0,-0.2992561066947236,-14.0,-52.0,38.0,6.07860110803324,3.985042483465577,5.871000801406453,-0.20079237900588032
1463630400,2016-05-19,28.61,28.87,27.82,27.92,2090210.0,0.02471346704871058,0.03402578796561606,-0.003581661891117527,-0.0332409972299168,8.758954154727789,21.95964949179705,-4.441741182341488,12.371657115568297,5.745582617000949,9.05861986628463,0,-14.006069788888965,-16.20648259303721,-25.291993587441297,-25.106862367527512,5.717893286181379,3.330439534395081,-2.7721896880334036,-1.008798211148998,0,-0.29898846795382866,-18.0,-68.0,50.0,8.758954154727789,6.8404156629949995,9.13827367695255,-0.2168783145570995
1463716800,2016-05-20,27.94,28.48,27.86,28.37,1110575.0,-0.015156855833627025,0.0038773352132535077,-0.017976735988720516,0.01611747851002865,6.173775114557614,18.625076300989377,-6.277526071874135,9.661026906356469,3.2317001527434996,6.446363529549998,0,-10.858573236934497,-14.676691729323304,-25.860529720642422,-19.566826441110678,3.366522344277328,3.199597999405908,-1.9386513673152308,0.5408140873738961,0,-0.25925218904185676,-21.999999999999996,-68.0,46.0,6.173775114557614,4.655661918031441,7.116665251173401,-0.18130830775065165
1463976000,2016-05-23,28.26,28.41,27.83,28.05,1174883.0,0.007486631016042855,0.012834224598930355,-0.007843137254902044,-0.011279520620373629,6.465240641711262,18.37611941731751,-5.445638133895031,10.01128936423055,3.5121806298276965,6.761734997029123,0,-12.248192147152544,-15.537488708220415,-26.886782528906362,-17.023209265009427,3.7339365616400926,3.1526451188207107,-1.1328073923922588,-0.5741152347701062,0,-0.33198196973132504,-26.0,-68.0,42.0,6.465240641711262,5.292490355108185,8.011666747484327,-0.163952358381093
1464062400,2016-05-24,28.27,28.84,27.93,28.62,1786999.0,-0.012229210342417973,0.007686932215233977,-0.024109014675052443,0.02032085561497321,3.3176100628931096,12.446659708799217,-5.811439583012998,6.765082692755641,0.5456557186116981,3.6553692056836553,0,-8.36312211741783,-17.043478260869563,-25.970824720531247,-8.910980175064559,1.191710170880242,3.0962664534740245,-1.2893128596162207,0.8722104989212796,0,-0.2091478885109575,-30.0,-68.0,38.0,3.3176100628931096,2.891139620569888,5.630667818390961,-0.10175105350672964
1464148800,2016-05-25,28.69,29.19,28.69,29.1,1593652.0,-0.01408934707903775,0.003092783505154628,-0.01408934707903775,0.016771488469601747,0.8797250859106498,7.578002782706832,-5.818552610885533,4.001145475372297,-1.744558991981691,1.128293241695303,0,-5.30350193075121,-12.795924483068614,-23.778412589447594,-1.9102530586192543,-0.6292701672848722,2.967591793518767,-2.098127633690744,0.774861745710245,0,-0.09882180945685695,-34.0,-68.0,34.0,0.8797250859106498,1.0802551184315092,3.735823687861412,-0.020213922295682862
1464235200,2016-05-26,29.14,29.19,28.68,28.81,1298509.0,0.011454356126345155,0.013189864630336778,-0.004512322110378331,-0.00996563573883169,1.4300590072891453,7.316871107294105,-4.456753092715829,4.40356357746154,-1.1257665162559363,1.6388985306028019,0,-6.745592459072725,-8.51063829787234,-22.562691093705848,1.2662558111711135,0.195914670449298,2.909803082977512,-2.8345045623597613,-0.6353878899968913,0,-0.131003861573531,-38.0,-68.0,30.0,1.4300590072891453,1.8979406207844391,4.592571340643971,0.020074689592350703
1464321600,2016-05-27,28.81,29.21,28.68,29.14,1831531.0,-0.01132463967055597,0.0024021962937543773,-0.015785861358956765,0.011454356126345155,-0.042896362388475495,5.033522306991372,-5.119315031768338,2.7997025852207713,-2.574353694806689,0.11267444520706249,0,-4.6341673034389075,-6.0908797937479875,-20.593106292002048,8.913391029785785,-1.0038987793681429,2.801275979673418,-3.558672182992211,0.8944120474008581,0,-0.04873591727942277,-42.0,-68.0,26.0,-0.042896362388475495,0.6731276210268646,3.2744472498376354,0.07191873036506868
1464667200,2016-05-31,29.09,29.67,29.09,29.52,2230753.0,-0.014566395663956677,0.005081300813008172,-0.014566395663956677,0.013040494166094652,-1.5531842818428174,2.7519048295412603,-5.858273393226881,1.1726513098464295,-4.033988256549222,-1.430668473351389,0,-2.276429402617282,-4.280155642023347,-17.873687742177307,10.357370728560547,-2.2209908997059244,2.7080414407178774,-5.0640161171134785,1.1082440188139564,0,-0.03136860277489213,-46.0,-68.0,22.0,-1.5531842818428174,-0.5634858713096236,1.8687578047140931,0.13131470566804537
1464753600,2016-06-01,29.15,29.36,28.37,29.09,2798466.0,0.002062564455139082,0.009281540048126535,-0.02475077346167065,-0.014566395663956677,-0.41251289102784483,2.8322680476371715,-3.6572938296928754,2.2424659103930367,-2.803941789847599,-0.2807379397272882,1,-4.609650920663611,-5.918499353169476,-16.56843819707575,-0.3933521685229664,-0.9665054761426717,2.8341550441729915,-5.38742377994625,-1.369065772607178,0,0.09260308627659126,-46.0,-64.0,18.0,-0.41251289102784483,0.8200364132656688,3.2422170474071947,0.14033885158796622
1464840000,2016-06-02,28.99,29.91,28.87,29.84,1541165.0,-0.028485254691689055,0.0023458445040214215,-0.03250670241286857,0.025782055689240302,-2.8920911528149986,0.34934843760530043,-6.133530743235298,-0.4032618409294031,-5.332886505808759,-2.8680741733690667,1,-0.11154156873117671,0.47138047138047334,-13.355517577177995,5.295544815819802,-3.3887563820738507,2.814516500035667,-6.631553170070394,0.7515246832555318,0,0.17272684187417398,-46.0,-60.0,14.0,-2.8920911528149986,-1.5507431284691933,0.6219369983340641,0.19230283274871462
1464926400,2016-06-03,29.76,29.76,28.87,29.21,1853145.0,0.018829168093118742,0.018829168093118742,-0.011639849366655297,-0.021112600536193016,-0.8045190003423528,2.499631894996895,-4.108669895681587,1.6660960858153544,-3.3150747460915113,-0.8244893301380927,1,-3.4983065343595428,-0.13675213675213385,-12.183924574158686,5.2137907460020045,-1.182116424268699,2.9070456318624633,-7.786816175185674,-0.8976676205709673,0,0.22654450208350085,-46.0,-56.0,10.0,-0.8045190003423528,0.5180722125219859,2.68265058399561,0.17994995987363505
1465185600,2016-06-06,29.37,29.89,29.07,29.81,2194804.0,-0.014760147601475926,0.0026836632002684713,-0.024823884602482305,0.020540910647038668,-2.71888627977188,0.7099119348137606,-6.147684494357506,-0.30358939953035247,-5.248238846024819,-2.7759141227775928,1,-0.08937938187484917,1.6712141882673888,-9.621268260712695,7.014448226283577,-2.9555339502205413,2.8415499060409575,-8.95096635643944,1.0566856918210394,0,0.27195048835196856,-42.0,-48.00000000000001,6.000000000000007,-2.71888627977188,-1.3617595609853055,0.5917549410101373,0.20601767105873398
1465272000,2016-06-07,29.8,30.39,29.67,30.23,2335603.0,-0.01422428051604363,0.005292755540853511,-0.018524644392987066,0.014089231801408975,-3.9067151835924534,-0.09723507990536007,-7.716195287279547,-1.5084353291432535,-6.477009593119405,-3.992722461131308,1,2.156937851555398,3.3857729138166968,-6.502403420507129,7.204454661165016,-3.9370562736075954,2.772047245139767,-9.239742948532092,1.1119745613912055,0,0.3089442033939031,-46.0,-48.0,2.0,-3.9067151835924534,-2.471979896580933,-0.7742143405238977,0.24284341207455995
1465358400,2016-06-08,30.4,30.67,30.0,30.03,1661582.0,0.012321012321012237,0.021312021312021256,-0.0009990009990010762,-0.006615944426066833,-3.1918081918081924,0.8321959954536169,-7.2158123790699875,-0.7153957153957009,-5.74037074037075,-3.2278832278832397,0,1.0102634826773738,1.5212981744422003,-4.502879360364257,14.367194863264587,-2.9890047253396688,2.7505514648862497,-9.110432931757458,-0.7936911834714332,0,0.2427916147896259,46.0,48.0,-2.0,-3.1918081918081924,-1.6488766680925409,-0.10892406690553003,0.24436117074967
1465444800,2016-06-09,29.85,30.13,29.5,30.06,1363595.0,-0.006986027944111739,0.0023286759813705427,-0.018629407850964674,0.0009990009990008542,-3.175316034597472,1.0745342322203015,-7.42516630141526,-0.7634730538921985,-5.770126413838966,-3.2667997338655823,0,1.1797346451571258,2.314499659632402,-2.8235415392979406,15.982171541155637,-2.685134802215444,2.701235116379011,-9.900890397667022,0.6511823133115877,0,0.36101699137591625,42.0,48.0,-6.0,-3.175316034597472,-1.580647531149694,-0.20043474927886962,0.23779012084592638
1465531200,2016-06-10,29.65,29.84,29.18,29.19,1605256.0,0.015758821514217036,0.022267899965741744,-0.00034258307639611907,-0.02894211576846295,-0.2843439534087082,4.093277987083482,-4.661965893900884,2.1639830992348834,-2.906246431426311,-0.3711316660957067,0,-3.7086456475870833,0.10288065843621788,-3.563699670635359,10.336503880983486,0.4010536121298287,2.7983865775426753,-10.803292033199364,-0.7727007140907236,0,0.26399658554838024,38.0,48.0,-10.0,-0.2843439534087082,1.223884515341453,2.665277284321917,0.16851575850401224
1465790400,2016-06-13,28.96,29.13,28.39,28.41,1535769.0,0.019359380499823997,0.025343189017951406,-0.0007039774727208847,-0.02672147995889007,2.4392819429778285,6.965868040887187,-2.0873041549315587,4.900856505925134,-0.22761938284641303,2.3366185615393675,0,-7.53633088058691,-0.28080028080027486,-5.978205614308702,9.45507980551804,3.212884690055404,2.8709804258563865,-10.554276594264987,-0.7487726837530766,0,0.21466401487905779,34.0,48.0,-14.0,2.4392819429778285,3.6217605991410124,5.2689074908299744,0.06893115947803036
1465876800,2016-06-14,28.23,28.69,27.66,27.88,2675516.0,0.01255380200860845,0.029053084648493543,-0.00789096126255373,-0.018655403027103223,4.2091104734576845,9.195009696334267,-0.7767887494188841,6.848995695839307,1.450860832137721,4.149928263988528,0,-9.907472156376635,-3.4291652234153167,-9.057959277483677,1.0401236682045152,4.931760074977419,2.9804755090221855,-9.532832970511079,-1.3174560938162185,0,0.11487779540764141,30.0,-20.0,50.0,4.2091104734576845,5.0590799921608465,6.984973013833468,-0.02863361155935107
1465963200,2016-06-15,28.01,28.94,27.97,28.28,1456950.0,-0.009547383309759572,0.023338048090523422,-0.010961810466761035,0.01434720229555242,2.6237623762376074,7.6790584029217115,-2.431533650446468,5.292314945780291,-0.10726072607261017,2.5925271098538474,0,-7.3628059801637775,-2.1791767554479384,-10.409686993243044,0.7332308054102938,3.3358564463773064,2.9961697905890103,-9.018640649944311,0.7212821436532043,0,0.05688751725888561,26.0,-20.0,46.0,2.6237623762376074,3.232800992536241,5.257170129002802,-0.0604021978849667
1466049600,2016-06-16,27.99,28.6,27.7,28.56,1759605.0,-0.01995798319327735,0.0014005602240896309,-0.030112044817927175,0.00990099009900991,1.5616246498599367,6.61323200856512,-3.4899827088452184,4.174836601307192,-1.1963118580765553,1.4892623716153253,0,-5.621920366802499,-1.1080332409972309,-10.729843298866147,-0.06057068009669564,2.1636695498890077,2.979971643187635,-8.253565842439606,0.872225883694511,0,0.1393458140393083,22.0,-20.0,42.0,1.5616246498599367,2.0092180694103945,4.059541516423494,-0.05678609935791723
1466136000,2016-06-17,28.54,29.24,28.46,29.04,2114309.0,-0.017217630853994526,0.00688705234159781,-0.01997245179063356,0.01680672268907557,0.07575757575757791,4.738276751646126,-4.58676160013097,2.5286960514233385,-2.6606978879706134,-0.06600091827364452,0,-2.7339687863839472,4.011461318051566,-9.707332059129532,0.44551184103841734,0.44304016103806987,2.913232663524953,-8.604807900896311,1.0587778181507888,0,0.12618207829062142,18.0,-20.0,38.0,0.07575757575757791,0.2923424065080411,2.2478020713442675,-0.01828816796996402
1466395200,2016-06-20,29.65,30.49,29.64,30.12,2647907.0,-0.015604249667994785,0.012284196547144743,-0.015936254980079667,0.037190082644628086,-3.2221115537848704,1.3911843920799498,-7.835407499649676,-0.8028995130588754,-5.88258078795927,-3.342740150509087,0,3.040668931774711,6.168487839266831,-6.111858956594827,1.3079290382354714,-2.9359395901454235,2.952010043478325,-9.039854877627842,1.3151339356494087,0,0.09761354601869073,14.0,-20.0,34.0,-3.2221115537848704,-2.9891499933363974,-1.362828141395184,0.07838717602834555
1466481600,2016-06-21,29.61,29.61,28.61,28.93,3411150.0,0.02350501209816791,0.02350501209816791,-0.011061182163843775,-0.039508632138114286,0.9108192188040078,5.405608873664164,-3.5839704360561484,3.514805853208884,-1.9189998847793532,0.7979029842147582,1,-2.9367757169979356,3.1372549019607807,-5.955386272187771,0.17963578498367383,1.080494931727344,3.2267272051364704,-9.738833992176682,-1.6655808234306595,0,0.00669800787771418,10.0,-20.0,30.0,0.9108192188040078,0.9059128632552245,2.5888244123256925,0.06141435678986695
1466568000,2016-06-22,28.73,29.2,28.69,28.75,2480078.0,-0.0006956521739129862,0.01565217391304352,-0.0020869565217390695,-0.006221914967162068,1.5652173913043583,6.052416575844347,-2.921981793235659,4.165797101449272,-1.16289855072462,1.5014492753623045,0,-3.7663714104192323,0.45422781271837526,-6.219567120665188,-6.7214526484101,1.5510485073577627,3.1417138747323596,-10.38788602711489,-1.1966076583627376,0,-0.10454068054045598,6.000000000000007,-19.999999999999993,26.0,1.5652173913043583,1.3912267056654315,3.104409085886118,0.03841467850997082
1466654400,2016-06-23,29.19,29.58,29.05,29.23,3564893.0,-0.0013684570646596006,0.011973999315771477,-0.006158056790968147,0.016695652173913,-0.08039685254875906,4.330477750775216,-4.4912714558727345,2.510548523206751,-2.7409054624244362,-0.11517846960884981,1,-1.2314383928827723,0.446735395189,-5.284288149710849,2.471710597730535,-0.09794964350282953,3.072224135382482,-11.416986423067012,1.698743674396311,0,-0.1216552882892353,2.0,-20.0,22.0,-0.08039685254875906,-0.24769465817941239,1.3559372252132107,0.05487526618002331
1466740800,2016-06-24,27.85,27.95,26.11,26.45,9091667.0,0.05293005671077511,0.05671077504725908,-0.012854442344045314,-0.09510776599384196,9.975425330812854,16.626493353594768,3.3243573080309403,13.147448015122862,6.841209829867694,9.99432892249527,0,-12.119516491600905,-8.191600138840679,-10.139558681097368,-12.258944835514193,8.160822559714106,3.9951780966891426,-10.014088901812386,-4.046198581366484,-1,-0.29827405572417554,-2.0,-52.0,50.0,9.975425330812854,9.261747803919178,11.537913347089315,-0.11296476300772124
1467000000,2016-06-27,25.92,25.97,23.87,24.02,5392032.0,0.07910074937552047,0.08118234804329716,-0.0062447960033304994,-0.09187145557655951,20.035387177352206,31.78864332160211,8.282131033102317,24.007077435470435,16.409242298084934,20.208159866777663,0,-18.57494652634169,-17.57035003431709,-17.713685746032372,-20.484803068714797,16.55136295019075,4.852331356448678,-7.686380410699808,-2.3280348059171385,-1,-0.4211299806546012,-6.0,-56.0,50.0,20.035387177352206,18.380499105625447,21.92675433339464,-0.3649287447916296
1467086400,2016-06-28,24.43,24.79,24.34,24.65,3201786.0,-0.008924949290060824,0.005679513184584151,-0.012576064908722095,0.026228143213988364,15.97971602434076,29.518133066823594,2.441298981857969,19.830966869506426,12.480054090601755,16.155510480054076,0,-15.527447426423876,-16.497289972899733,-21.552786010616657,-25.499190073983513,12.171255603983738,4.613703243595086,-5.52493681180956,1.3607630383964657,0,-0.34143890710510494,-10.0,-56.0,46.0,15.97971602434076,13.892576416160239,18.07290404113975,-0.4602978243262523
1467172800,2016-06-29,24.9,25.47,24.52,25.4,2806224.0,-0.019685039370078705,0.00275590551181093,-0.0346456692913385,0.030425963488843744,11.828740157480297,26.01542394982546,-2.3579436348648386,15.534776902887131,8.416666666666671,11.975721784776923,0,-12.070743638621856,-12.684771399106227,-22.689139302245326,-20.22721573037623,7.946884881866637,4.424806536586179,-4.259316721471151,1.1812194830566074,0,-0.2997256031035488,-14.0,-56.0,42.0,11.828740157480297,9.526786960083712,14.01447981016723,-0.44380961663083696
1467259200,2016-06-30,25.46,25.61,24.82,25.6,2967788.0,-0.005468750000000022,0.0003906249999998668,-0.030468750000000044,0.007874015748031704,10.126953124999986,24.724915641856498,-4.471009391856569,13.763671874999986,6.798828124999986,10.28125,0,-11.165037547456059,-14.209115281501337,-23.10653728629146,-14.778791903431511,6.294266933752326,4.297073432982021,-3.234578819045396,1.2336603052109054,0,-0.19203068802882778,-18.0,-56.0,38.0,10.126953124999986,7.8452890382001215,12.609085149918897,-0.3921639506382206
1467345600,2016-07-01,25.99,26.85,25.86,26.27,3278551.0,-0.010658545869813518,0.022078416444613724,-0.015607156452226878,0.026171874999999956,6.7586600685192195,21.20952701853986,-7.692206881501434,10.31912193884024,3.4938459586346937,6.9064839487375025,0,-8.17184680375373,-10.06504621704896,-22.060203823049616,-9.154955305283565,3.1689314172490697,4.228250689261016,-3.5157873917061373,1.3417053846765625,0,-0.16589453146150768,-21.999999999999996,-56.0,34.0,6.7586600685192195,4.609546627840075,9.355215008589752,-0.29030149908541025
1467691200,2016-07-05,25.78,25.92,24.68,24.74,2446846.0,0.04203718674211809,0.04769603880355722,-0.0024252223120452276,-0.05824133993148084,12.336297493936925,28.360813093725824,-3.688218105851959,16.321746160064677,8.904607922392898,12.613177041228766,0,-12.574294141969311,-17.007715531700775,-23.180691625857293,-8.710385076469848,8.901248686972309,4.62810339787946,-3.097404525002041,-0.9927439683701521,0,-0.18124021382711553,-26.0,-56.0,30.0,12.336297493936925,10.023796066431515,15.486006162527161,-0.3020411417948746
1467777600,2016-07-06,24.37,25.01,23.96,24.88,4519212.0,-0.020498392282958133,0.005225080385852232,-0.036977491961414755,0.0056588520614389015,10.629019292604497,26.67497925153495,-5.416940666325971,14.632234726688125,7.1241961414791035,10.878215434083586,0,-11.946302493465808,-17.69765133972875,-23.75489077480066,-14.006643749378043,7.266805350159686,4.574789316794878,-2.3420036620925657,1.7995472760106364,0,-0.0910491320002658,-30.0,-56.0,26.0,10.629019292604497,8.509006237534052,14.254354888236207,-0.2771050534456784
1467864000,2016-07-07,25.03,25.82,25.0,25.52,1658115.0,-0.019200626959247624,0.011755485893417017,-0.02037617554858928,0.025723472668810254,6.971003134796234,22.289581568691318,-8.347575299098835,10.849007314524542,3.470480668756551,7.159743991640568,0,-9.092533268159329,-15.018315018315024,-22.966441356399784,-10.599179780481698,4.19173598167842,4.404584238200111,-2.387105491025771,0.6668995853700649,0,-0.11459820381833907,-34.0,-56.0,22.0,6.971003134796234,5.236560360888021,10.942412818355862,-0.19794810797387863
1467950400,2016-07-08,25.75,26.74,25.69,26.51,3554937.0,-0.028668427008676,0.00867597133157294,-0.03093172387778198,0.03879310344827602,2.3066767257638787,16.297526920175784,-11.68417346864804,6.112787627310439,-1.1486231610712991,2.48208223311957,0,-4.969146522185049,-11.80971390552228,-20.491693995263123,-9.145128762748328,-0.13510695217874513,4.26595049540677,-3.1960735854864524,1.442916013250222,0,-0.09239994611059239,-38.0,-56.0,18.0,2.3066767257638787,1.1821296326406667,6.532694566680462,-0.06616877145742395
1468209600,2016-07-11,26.73,27.46,26.73,26.9,2179614.0,-0.00631970260223047,0.020817843866171026,-0.00631970260223047,0.014711429649188812,0.3977695167286299,13.72796520159072,-12.932426168133475,4.146220570012417,-3.035935563816608,0.5551425030978976,0,-3.423329032683675,-7.845152449469005,-17.85365830296439,-10.067565169832868,-2.1966393606810755,4.156066168964513,-4.496155951526966,0.899689901222394,0,-0.12306865345202074,-42.0,-56.0,14.0,0.3977695167286299,-0.2576971593825732,4.792554060188252,0.05354538344958515
1468296000,2016-07-12,27.36,27.92,26.99,27.18,2750626.0,0.0066225165562914245,0.027225901398086894,-0.006990434142752022,0.010408921933085624,-0.86276674025018,12.121804886146222,-13.84733836664661,2.8728231542800984,-4.305248957566818,-0.7162129016433596,0,-2.3115797018130593,-4.3294614572333705,-15.268429022890201,-3.57675610362584,-3.6798035412400196,4.087502205631479,-5.882420884497428,1.1405417149583066,0,-0.13268916476364054,-46.0,-56.0,10.0,-0.86276674025018,-1.162810571779744,3.5674050316222576,0.15227971866678203
1468382400,2016-07-13,27.31,27.31,26.66,27.03,1940143.0,0.010358860525342184,0.010358860525342184,-0.01368849426563079,-0.0055187637969094094,-0.4698483166851588,12.491851073590965,-13.431547706961283,3.1742508324084326,-3.903070662227151,-0.36440991490937336,0,-2.8647153971978483,-3.0487804878048705,-13.392368810944117,-2.882687320978114,-3.5279988647755403,3.98836749996783,-7.081793172462948,-0.8093748907528725,0,-0.09026933404702651,-14.0,-20.000000000000007,6.000000000000007,-0.4698483166851588,-0.5558174083090961,3.979704010224765,0.20489982062275303
1468468800,2016-07-14,27.58,27.81,27.24,27.36,1962325.0,0.008040935672514626,0.016447368421052655,-0.004385964912280715,0.01220865704772467,-1.8384502923976669,10.785188019475228,-14.462088604270548,1.6873781676413273,-5.1583820662768005,-1.7355019493177224,0,-1.4818746208649216,-3.2531824611032594,-11.283754383554246,-5.042535792187479,-5.3582543731921675,3.862448976121804,-8.14522234288092,0.8262858862382838,0,-0.09314451270363046,-18.0,-20.0,2.0,-1.8384502923976669,-1.588086790561988,2.6186780260451883,0.25602345235092805
1468555200,2016-07-15,27.43,27.89,27.07,27.63,2604841.0,-0.0072385088671733655,0.009410061527325375,-0.020267824828085423,0.009868421052631637,-2.9659790083242967,9.286006609812091,-15.21796462646067,0.5422849559657266,-6.2076245626734305,-2.832669803353838,0,-0.34761773639026927,-3.256302521008402,-9.079831841556949,8.974537099877999,-6.66104326661538,3.763496850801414,-9.271097821651603,1.0949711617854623,0,0.0542145154166559,-21.999999999999996,-19.999999999999996,-2.0,-2.9659790083242967,-2.306931798089977,1.5525214201934716,0.29911655121358716
1468814400,2016-07-18,27.57,28.09,27.4,27.9,1895731.0,-0.011827956989247213,0.006810035842294004,-0.017921146953404965,0.009771986970684043,-4.109318996415752,7.609527695480807,-15.828165688312325,-0.6469534050179107,-7.299283154121866,-3.9731182795699027,0,0.7935654482747552,-3.925619834710746,-6.784197096773122,19.12678693897189,-6.604724555930787,3.6375075111094723,-10.152132760595535,0.7964182677155405,0,0.20416119761856757,-26.0,-20.0,-6.0,-4.109318996415752,-2.942601102651139,0.5474117472467128,0.33423550907779487
1468900800,2016-07-19,27.56,27.79,27.42,27.63,1218398.0,-0.002533478103510678,0.005790807093738692,-0.007600434310531923,-0.009677419354838679,-3.622873688020263,6.938279431389532,-14.184026807430044,-0.20991675714803648,-6.753528773072745,-3.4817227651103906,0,-0.39007927222202454,-8.26693227091634,-5.303298134955847,22.44682800177678,-5.026225135712323,3.534780968614356,-10.97023663247204,-0.5186271345123573,0,0.18627622222318543,-30.0,-20.0,-10.0,-3.622873688020263,-1.8042377066255852,1.4699613234129885,0.32729210725076874
1468987200,2016-07-20,27.63,28.08,27.44,27.98,1182735.0,-0.012508934953538331,0.0035739814152966343,-0.019299499642601803,0.01266739051755339,-4.998213009292357,4.991107243648287,-14.987533262233,-1.7399332856802516,-8.073028353585897,-4.906480819633089,0,1.1628221944767958,-3.2837884548911145,-3.441238030189543,21.2974752413036,-5.690969852448873,3.4046205864305885,-11.470011634222132,0.5055385674205555,0,0.14888943507050037,-34.0,-20.0,-14.0,-4.998213009292357,-2.7437466708316123,0.19281036659879192,0.3331698044999418
1469073600,2016-07-21,28.28,28.83,28.2,28.8,1908216.0,-0.01805555555555549,0.0010416666666666075,-0.02083333333333337,0.029306647605432445,-7.694444444444457,2.03765371411788,-17.42654260300681,-4.563657407407405,-10.758101851851862,-7.660879629629619,0,4.612343419233085,0.17391304347826333,-0.42688164328634803,20.625531754633883,-7.606185669971694,3.2822338593954914,-11.303643670568311,0.8121282752536962,0,0.1184240250324428,-38.0,-20.0,-18.0,-7.694444444444457,-4.987815154013731,-2.555591728748439,0.376010340278401
1469160000,2016-07-22,28.72,28.79,28.22,28.64,1572710.0,0.0027932960893854997,0.005237430167597701,-0.014664804469273762,-0.005555555555555536,-7.281773743016757,2.150525689483061,-16.714073175516575,-4.152118249534453,-10.39513500931099,-7.273626629422722,0,3.8313877830751792,-2.018474170372904,1.7690183110001372,13.826889957624353,-6.647484968702983,3.209468168789087,-11.149159132889762,-0.6734344709263611,0,0.16652055181247094,-42.0,-20.000000000000004,-21.999999999999996,-7.281773743016757,-4.032542651430433,-1.9323385965123379,0.3763743813158208
1469419200,2016-07-25,28.69,28.9,28.58,28.85,1734272.0,-0.00554592720970537,0.0017331022530329143,-0.009358752166377937,0.007332402234636826,-7.540727902946273,2.4403155570444284,-17.521771362936974,-4.777007510109755,-10.447718082033504,-7.6123627960716505,0,4.7258491173893304,9.073724007561445,3.9671158610652957,20.745428174712615,-6.47862319258752,3.037754861608202,-10.910194962160057,0.7393227671947007,0,0.2812796617853836,-46.0,-20.0,-26.0,-7.540727902946273,-4.280512353226683,-2.5424043856333043,0.37285059698808776
1469505600,2016-07-26,29.05,29.52,28.8,29.44,2077540.0,-0.013247282608695676,0.0027173913043476716,-0.021739130434782594,0.020450606585788567,-8.473165760869577,1.2050131377923492,-18.151344659531503,-6.132812500000014,-11.221127717391298,-8.676970108695656,0,7.17930137631533,22.56452955870109,6.844188219894232,33.1570853362184,-6.499874900809331,2.9389313879225454,-10.167945100117546,0.8839234953863147,0,0.24241620496901037,50.0,80.0,-30.0,-8.473165760869577,-5.6084414570736385,-4.319233508998366,0.39047563195866297
1469592000,2016-07-27,29.46,30.11,29.32,29.67,4070621.0,-0.007077856420626971,0.014829794405122998,-0.011796427367711582,0.0078125,-8.336703741152675,1.3715750575767913,-18.04498253988214,-5.942590720143812,-11.106055499382094,-8.52432310976296,0,8.110798668769725,20.36511156186614,9.631918620597549,34.7055864218666,-5.872652236256627,2.8980399171498785,-9.032586261506014,1.6908213704164028,0,0.19369515053145456,50.0,84.0,-34.0,-8.336703741152675,-5.736334301809919,-4.862476450590918,0.39656807176285824
1469678400,2016-07-28,28.68,29.0,27.7,28.18,3669424.0,0.017743080198722394,0.02909865152590485,-0.017033356990773574,-0.05021907650825752,-2.996806245564244,6.89337128028302,-12.886983771411522,-0.34599006387509235,-5.906671398154728,-3.1263307310149173,0,0.6041090645316416,10.944881889763785,8.770439358775203,22.903179335994267,-0.07906179474518638,3.3326649509375446,-9.813182243715403,-1.5072787895533735,0,0.09685801552043023,46.0,84.0,-38.0,-2.996806245564244,-0.680563276824671,0.16127824060828289,0.2844424879590499
1469764800,2016-07-29,28.24,29.11,28.22,28.78,3609076.0,-0.018763029881862514,0.011466296038915802,-0.01945795691452401,0.02129169623846705,-4.466643502432248,5.037267494255076,-13.970554499119586,-1.8224461431549628,-7.301945795691438,-4.562195969423215,0,3.16842625084967,12.421874999999998,9.134412170580667,24.23205304399775,-1.6844200695480538,3.2609165048308837,-10.441938009956163,1.462225995902207,0,0.15769287062509385,42.0,84.0,-42.0,-4.466643502432248,-2.4891412516586797,-1.8513018162144732,0.236828561015243
1470024000,2016-08-01,28.78,29.08,28.49,28.72,2188080.0,0.002089136490250665,0.012534818941504211,-0.008008356545960993,-0.0020847810979848225,-3.8405292479108653,5.645267523658632,-13.326326019480348,-1.2627669452182033,-6.614438254410402,-3.9386025998142884,0,2.8794618509463703,9.326227636086788,9.299008900225976,23.878519476363792,-1.0841527400486797,3.1810567576537685,-11.025782650036868,-0.885803497832391,0,0.19667940745723358,38.0,84.0,-46.0,-3.8405292479108653,-2.0677679719326107,-1.5816967388046663,0.18948585320578015
1470110400,2016-08-02,28.52,28.54,27.31,27.87,4315883.0,0.023322569070685306,0.024040186580552403,-0.020093290276282816,-0.029596100278551418,-0.34625044851094344,8.206150982428738,-8.898651879450625,2.2479368496591405,-3.263365626121299,-0.5077143882310793,0,-1.0849359987849567,12.65157639450284,7.630773154263417,18.677505313211483,1.9924256171067327,3.405298454655828,-11.341425471765305,-1.7030081866643538,0,0.16369286001472802,34.0,80.0,-46.0,-0.34625044851094344,0.8315142978041052,1.3642540741784188,0.09394709226436573
1470196800,2016-08-03,27.58,28.43,27.45,28.37,2281801.0,-0.027846316531547455,0.0021149101163200346,-0.03242862178357431,0.01794043774668097,-1.487486781811782,5.5235315200550446,-8.498505083678609,1.0445306074491754,-4.344965338973097,-1.6502173657619608,0,1.1812937910318908,14.02733118971062,7.20057934581887,19.003759125891676,0.3072468228690468,3.353073375060056,-11.634522377655998,0.8925807017502546,0,0.25359219479078726,30.0,64.0,-34.0,-1.487486781811782,-0.855511747627105,-0.405657528789547,0.059148000378454524
1470283200,2016-08-04,28.39,28.62,28.2,28.26,1635169.0,0.004600141542816738,0.01273885350318471,-0.002123142250530896,-0.0038773352132533967,-0.6192498230714989,5.218404771991487,-6.456904418134471,1.8825194621372674,-3.3864118895966016,-0.7519462137296529,0,0.6608395537807112,10.736677115987469,6.622996463657427,18.178414867762825,0.9370121296174574,3.2318445846120194,-12.119673094663685,-0.6403959106593484,0,0.19738456434664362,26.0,64.0,-38.0,-0.6192498230714989,-0.4248753030085197,-0.017288137113496305,0.025179997046985703
1470369600,2016-08-05,28.47,29.11,28.38,28.85,1533984.0,-0.013171577123050393,0.009012131715771199,-0.016291161178509594,0.020877565463552683,-2.2461005199306783,2.9966343431063507,-7.488835382967736,0.17099942229926057,-4.879260543038711,-2.3541305603697396,0,3.339725939505634,8.82685778951339,7.249952880911857,17.890007162340993,-0.9410936916545012,3.1500744330150128,-12.97422399807842,0.6010488309623276,0,0.187110613673218,22.0,64.0,-42.0,-2.2461005199306783,-2.2268425273539663,-1.9811326842604018,0.03812853715038411
1470628800,2016-08-08,28.95,29.41,28.84,29.0,1309589.0,-0.0017241379310345417,0.014137931034482687,-0.0055172413793103114,0.005199306759098743,-2.3896551724137964,2.5257577487445104,-7.305068093572103,-0.020689655172418497,-4.989655172413805,-2.5051724137931046,0,4.008008908664287,7.806691449814132,8.038251938979892,21.59150667105743,-1.2620216755755678,3.0503335371977354,-13.454304129602278,0.5130813613065531,0,0.16426042062775223,18.0,64.0,-46.0,-2.3896551724137964,-2.4723213979787744,-2.3905532245467924,0.051637999157053804
1470715200,2016-08-09,28.91,29.42,28.85,29.24,1523959.0,-0.011285909712722253,0.006155950752394057,-0.013337893296853531,0.008275862068965356,-2.838577291381654,1.8874239863539088,-7.564578569117202,-0.5939352485179938,-5.3989968080255295,-2.9964660282717688,0,5.091287328425935,7.579102281089031,9.136035025763277,21.933188514317948,-1.8920156987595362,2.948445728755976,-13.889356789138079,0.5985114212050966,0,0.15505556424284433,14.0,60.0,-46.0,-2.838577291381654,-2.9611248294676216,-3.0665594619786276,0.0704167441223279
1470801600,2016-08-10,29.28,29.39,29.11,29.24,1110214.0,0.001367989056087593,0.005129958960328418,-0.0044459644322845104,0.0,-2.4606703146374826,1.8890979548962292,-6.8104385841711945,-0.2730278157774535,-4.951550387596896,-2.612289101687196,0,5.091287328425935,8.176100628930808,10.043941886852718,21.270406299243803,-1.8115160742650573,2.806241915220641,-14.293334258707036,0.439891142935622,0,0.10351012127742343,10.0,56.0,-46.0,-2.4606703146374826,-2.679112940946908,-2.94630222817554,0.07603702740166074
1470888000,2016-08-11,29.37,29.65,29.26,29.49,1465372.0,-0.004069175991861518,0.005425567989148838,-0.0077992539844014,0.00854993160054729,-2.926415734147156,1.2140860904064255,-7.066917558700737,-0.8104442183791178,-5.388267209223457,-3.0993557138012733,0,6.279847317547414,7.785087719298242,11.287791632033755,26.01892266371098,-2.502065052679427,2.683012829563703,-14.360000462338702,0.5868116248554928,0,0.08903380860161404,6.000000000000007,52.00000000000001,-46.0,-2.926415734147156,-3.170417712981731,-3.6212634262467134,0.08889632946969062
1470974400,2016-08-12,29.32,29.63,29.12,29.32,1259749.0,0.0,0.010572987721691574,-0.006821282401091366,-0.005764665988470585,-2.0753751705320553,1.9015129081413846,-6.052263249205495,0.02330604820373594,-4.475329695316063,-2.2260118235561492,0,5.2334940728583135,6.116539992761496,11.907362332169589,21.672814889477692,-1.8602493062401635,2.6300590247267506,-14.624224028211003,-0.5056089952501174,0,0.04467332409349985,2.0,48.0,-46.0,-2.0753751705320553,-2.360515735660357,-2.942354722441195,0.0786127708878182
1471233600,2016-08-15,29.45,30.1,29.39,29.75,1800576.0,-0.010084033613445453,0.0117647058823529,-0.012100840336134455,0.014665757162346527,-3.1798319327731264,0.8106602629497104,-7.170324128495963,-1.0913165266106404,-5.531652661064442,-3.311484593837534,0,7.344995298660756,6.630824372759863,13.290486120978558,21.449490096504036,-3.1987952462287694,2.5941735843093596,-14.30239636945997,0.7229787429611524,0,-0.004994841691277125,50.0,92.0,-42.0,-3.1798319327731264,-3.4125587931519306,-4.174804536257568,0.09247422061996174
1471320000,2016-08-16,29.71,29.9,29.58,29.71,1914428.0,0.0,0.006395153147088495,-0.004375631100639654,-0.0013445378151260012,-2.699427802086845,1.0706832566006028,-6.469538860774321,-0.6103444407045799,-5.039829462582745,-2.825086951643655,0,7.081361919513,7.528049221860305,14.341123076291524,12.61527327940918,-3.2828796696004616,2.48905282908988,-14.003556400619726,-0.7704279934539047,0,-0.001820462949020126,46.0,92.0,-46.0,-2.699427802086845,-2.9698976740701823,-3.88713202310538,0.09053758424816122
1471406400,2016-08-17,29.71,29.81,29.38,29.49,2083315.0,0.007460155985079764,0.010851135978297677,-0.003730077992539771,-0.007404914170313082,-1.7175313665649128,1.8828702852000703,-5.317933018329896,0.38826720922347135,-4.003051881993883,-1.807392336385206,1,5.601469223808891,5.39671193709792,14.61403960161599,15.885167955546152,-2.1574483917952705,2.4326572547095493,-14.057649377800237,-0.8400994937107272,0,-0.003983226682498116,42.0,88.0,-46.0,-1.7175313665649128,-2.0321295968542614,-3.0457967991253696,0.06710700228938787
1471492800,2016-08-18,29.47,29.71,29.21,29.5,2262371.0,-0.0010169491525423568,0.007118644067796609,-0.009830508474576227,0.0003390979993218579,-1.632203389830508,2.032971587268605,-5.297378366929621,0.4785310734463053,-3.867231638418062,-1.6943502824858854,0,5.656476458562388,2.430555555555553,14.86653199500483,5.615296771125436,-1.9435833388418189,2.379195670067796,-14.388753674564132,0.9079049160952513,0,-0.025571326477069032,38.0,84.0,-46.0,-1.632203389830508,-1.8686400878344074,-2.9579307628475533,0.04595781371260266
1471579200,2016-08-19,29.28,29.75,29.26,29.67,2160945.0,-0.013144590495449915,0.0026963262554768885,-0.013818672059319193,0.0057627118644068,-2.022244691607682,1.6923667669223903,-5.736856150137754,0.059543871475113974,-4.234355690371885,-2.0874059094483925,0,6.6182733391156034,3.596368715083803,15.459770947000202,5.669342882179649,-2.287192674511658,2.3145590530863296,-14.636259892379172,0.8616874807969592,0,0.047082383923396476,34.0,76.0,-42.0,-2.022244691607682,-2.199388141350383,-3.376150014668653,0.03745331277934977
1471838400,2016-08-22,29.55,29.75,29.28,29.69,1556435.0,-0.004715392388009443,0.002020882452004047,-0.013809363422027654,0.0006740815638692776,-1.9467834287638937,1.8561166799055968,-5.749683537433384,0.15156618390028598,-4.189962950488393,-2.0191983832940252,0,6.734485748147726,2.91161178509532,16.012981900557488,18.191043221471958,-1.5655490933777543,2.260858808559708,-14.866087094635995,0.6208778758846124,0,0.11716977722528428,30.0,76.0,-46.0,-1.9467834287638937,-2.0495293860742834,-3.306287966388439,0.027662063836201567
1471924800,2016-08-23,29.94,30.18,29.77,29.89,1506813.0,0.0016728002676480447,0.00970224155235866,-0.004014720642355307,0.00673627484001349,-2.527601204416186,1.3916652266483567,-6.446867635480729,-0.45444407271104126,-4.663209546113535,-2.5588268094122952,0,7.921038572277688,1.5285326086956497,16.962898709186515,17.303596833123464,-1.6899174865818765,2.2024176130091053,-14.413207414163827,0.6012220438849842,0,0.0074791388349790934,50.0,60.0,-10.0,-2.527601204416186,-2.447322758014863,-3.7982542501469823,0.02900171166600818
1472011200,2016-08-24,29.91,29.97,29.44,29.48,1588798.0,0.014586160108548185,0.01662143826322926,-0.0013568521031207537,-0.013716962194713966,-1.2042062415196852,2.7202700391539167,-5.128682522193259,0.8740388964269385,-3.3050655811849907,-1.2155133423789977,0,4.684789016108695,-0.640377485675771,16.36795539198584,10.416121937957577,-0.019059093242816516,2.201961164680529,-14.630476066365452,-0.6394798671577112,0,-0.00034936141005364194,46.0,60.0,-14.0,-1.2042062415196852,-0.9867207267303542,-2.3638233679914293,-0.0017471122972102515
1472097600,2016-08-25,29.35,29.44,28.96,29.29,2199622.0,0.002048480710139966,0.005121201775349915,-0.011266643905769813,-0.006445047489823663,-0.37384772960054136,3.2922062918077586,-4.039901751008827,1.5483100034141302,-2.3779446910208293,-0.41481734380333535,0,3.233880832182841,3.9389638041163924,15.199920071576885,2.3740093030231506,0.7053752388046775,2.1847524673271375,-15.086508180175414,-0.8800707538441195,0,0.015816282719643908,42.0,60.0,-18.0,-0.37384772960054136,-0.3116324659093692,-1.6626099595866748,-0.03695259649890137
1472184000,2016-08-26,29.93,29.93,29.1,29.19,1920546.0,0.025351147653305928,0.025351147653305928,-0.0030832476875641834,-0.0034141345168998694,0.037684138403577094,3.662070610760054,-3.5867023339529,2.006394884092714,-1.9127555098778117,0.04681968710747242,0,2.462716459234791,1.42460041695622,13.854423888136644,3.5926271827161145,1.1022108143938283,2.2387515220088923,-15.296128450653864,-0.7674238645851269,0,-0.022754672022560804,38.0,60.0,-21.999999999999996,0.037684138403577094,0.027037009407607115,-1.2737335779097094,-0.06727808715630357
1472443200,2016-08-29,29.2,29.65,29.13,29.49,1741724.0,-0.009833841980332325,0.005425567989148838,-0.012207527975584886,0.010277492291880685,-0.8494404883010986,2.6807292948820987,-4.37961027148431,1.0687238611958776,-2.7868203910930163,-0.8590482649485551,0,4.542243063572144,2.6810584958217256,13.550753313127403,4.027178678801043,0.12432798612840656,2.183643462812369,-15.490775844669566,0.6980475481939742,0,-0.018139847110128355,34.0,60.0,-26.0,-0.8494404883010986,-0.8961956502001271,-2.1887338837492365,-0.06727477417391592
1472529600,2016-08-30,29.44,30.06,29.43,29.89,3406168.0,-0.015055202408832402,0.005687520910003352,-0.015389762462362011,0.013563919972872318,-1.8384074941451871,1.0637905729482782,-4.740605561238667,-0.06858481097357583,-3.6717965874874494,-1.8701906992305055,0,7.171757185442864,7.24793684965913,14.432851029152213,8.020382313331545,-1.0637578419079148,2.1510858728155084,-15.054786249407767,1.3568758727436538,1,0.044720782378589764,30.0,60.0,-30.0,-1.8384074941451871,-2.0107814124227303,-3.3605195188609827,-0.041727029108291847
1472616000,2016-08-31,29.78,30.23,29.62,29.94,2377978.0,-0.005344021376085473,0.009686038744154857,-0.010688042752171056,0.0016728002676480447,-1.7401469605878361,0.8713846885160024,-4.351678609691689,0.011133377866840988,-3.4624805165887267,-1.7256735693609357,1,7.495269768513602,5.534014804370815,15.310044213635562,9.44912917094588,-1.1080719976783655,2.139630302509596,-14.410053589831417,0.9551499526999584,0,0.03799357637889425,50.0,84.0,-34.0,-1.7401469605878361,-1.967336056126527,-3.383794053806284,-0.02374886189910036
1472702400,2016-09-01,30.08,30.59,29.83,30.13,2707271.0,-0.0016594756057086713,0.01526717557251911,-0.009956853634251583,0.00634602538410145,-2.0494523730501157,0.07269188327936149,-4.171596629379579,-0.26053767009622675,-3.825091271158314,-2.0428144706272917,1,8.741879052772632,6.61712668082094,16.599801178976005,15.805134876659025,-1.5188952486365253,2.1544424312331922,-13.329785682302473,1.0854343098406931,0,0.025907564151382526,50.0,88.0,-38.0,-2.0494523730501157,-2.339289726878974,-3.836466100868165,-0.0024690032812084706
1472788800,2016-09-02,30.34,30.72,30.16,30.56,4218681.0,-0.007198952879581166,0.005235602094240788,-0.01308900523560208,0.014271490209093907,-3.147905759162299,-0.8081568317828527,-5.487654686541745,-1.4136125654450353,-4.872382198952863,-3.1429973821989563,1,11.436286034545589,5.927209705372608,18.930792295441826,18.52779120920583,-2.5661077106588266,2.1103065535941683,-12.160361104507244,1.6825874985136153,1,0.08026033847842275,50.0,92.0,-42.0,-3.147905759162299,-3.359781210961131,-4.986040612705779,0.03508663286936076
1473134400,2016-09-06,30.56,31.04,30.49,30.95,3269466.0,-0.012600969305331167,0.0029079159935379018,-0.014862681744749584,0.012761780104711962,-4.05331179321486,-1.2230822322269148,-6.883541354202819,-2.37749057619817,-5.786214324178758,-4.081852450188478,0,13.699565190591287,6.724137931034481,21.95684578390956,25.699578209380533,-3.4488902131108574,2.061810726083294,-10.68015764791114,1.3675116508436038,1,0.15449211163289442,50.0,96.0,-46.0,-4.05331179321486,-4.141585294764937,-5.940825908384895,0.07824220647213065
1473220800,2016-09-07,30.95,31.76,30.91,31.45,4178702.0,-0.015898251192368873,0.009856915739268723,-0.01717011128775836,0.016155088852988664,-5.22734499205086,-1.6122966114871815,-8.842393372614552,-3.5347111817700068,-6.978272390037105,-5.256491785903535,0,16.363660683043122,7.558139534883725,25.778469576728813,33.13348490152552,-4.358611242213172,2.077150909924173,-8.561816062424285,1.7657377156274159,1,0.20647651718262316,50.0,92.0,-42.0,-5.22734499205086,-5.125988693446175,-7.144586509156213,0.1294870391062895
1473307200,2016-09-08,31.34,31.45,30.96,31.2,3065039.0,0.004487179487179471,0.008012820512820484,-0.007692307692307665,-0.007949125596184436,-4.15384615384616,-0.12662328971622117,-8.1810690179761,-2.414529914529922,-5.952991452991455,-4.183760683760681,0,13.895602852245602,6.703146374829004,27.6925316027192,30.913755687754673,-3.1622456279842197,2.0564174668555353,-6.594784590186492,-1.296650665763899,0,0.1900338134611853,46.0,92.0,-46.0,-4.15384615384616,-3.949991672418747,-6.149550678692293,0.13495734876367077
1473393600,2016-09-09,30.9,31.02,29.72,29.72,3730884.0,0.0397039030955586,0.043741588156123834,0.0,-0.04743589743589749,0.6578061911170892,4.847869158728017,-3.532256776493824,2.7136608344549273,-1.3072005383579892,0.7032301480484762,0,1.8737649258120896,0.7799253984401507,22.6308470041759,21.805369675769384,1.7667679453511056,2.3603223528086072,-7.220355013553537,-1.5660811551780471,0,0.04365457755238473,42.0,88.0,-46.0,0.6578061911170892,0.7537732112256776,-1.4180937624262953,0.03264698995496107
1473652800,2016-09-12,29.83,30.91,29.69,30.72,4390717.0,-0.02897135416666674,0.006184895833333481,-0.03352864583333326,0.03364737550471064,-2.3909505208333286,1.713270829251286,-6.495171870917943,-0.33799913194444287,-4.459092881944443,-2.398546006944443,0,7.553827390782828,4.774897680763979,21.50761387618097,23.828990031061267,-1.3923804244942772,2.4040507445850388,-7.84959650082428,1.8212967187533857,0,0.08683660915627574,38.0,84.0,-46.0,-2.3909505208333286,-2.2854032475897412,-4.445683711413764,0.02633847145273388
1473739200,2016-09-13,30.27,30.74,30.11,30.31,3426203.0,-0.001319696469811893,0.01418673705047846,-0.006598482349059687,-0.01334635416666663,-0.9782250082481028,3.1904429188317494,-5.146892935327941,1.1024964258220677,-3.0479489717364885,-0.9727262729572175,0,4.764309865362023,1.8823529411764663,19.13179918726138,16.90050104153468,0.007440228514155933,2.4109952051597325,-8.433892167575685,-1.4194715463941991,0,0.06806116064518147,34.0,27.999999999999993,6.000000000000007,-0.9782250082481028,-0.8718545938841089,-3.0294788991641326,-0.00951018713295032
1473825600,2016-09-14,30.31,30.6,29.78,30.39,2673749.0,-0.0026324448831853697,0.006910167818361401,-0.020072392234287584,0.002639392939624008,-1.127015465613681,3.037579470964971,-5.291610402192333,1.0052648897663516,-3.2987824942415216,-1.146758802237585,0,5.210188481088053,2.288791652642207,17.56918038426036,15.17802258700334,-0.18475465837748573,2.4256203654611235,-9.54476087461544,1.105652060712497,0,0.1276224118251283,30.0,28.0,2.0,-1.127015465613681,-1.0249178803677808,-3.1559347865007084,-0.030702456404328005
1473912000,2016-09-15,30.44,30.79,30.3,30.55,3876110.0,-0.0036006546644844484,0.007855973813420514,-0.008183306055646433,0.005264889766370517,-1.4713584288052317,2.6417102402312764,-5.584427097841754,0.6475722858701403,-3.653573376977633,-1.503000545553732,0,6.120732987059043,3.5944387928111303,16.776342517419977,21.25626000232134,-0.47080936652969285,2.3551317226624406,-10.270053605799587,1.6114246264841596,0,0.10628754468547132,26.0,28.0,-2.0,-1.4713584288052317,-1.3963024445532852,-3.519485286047342,-0.03642206080714672
1473998400,2016-09-16,30.38,30.48,30.07,30.38,7488075.0,0.0,0.003291639236339794,-0.010204081632653073,-0.005564648117839632,-0.7751810401579888,3.2758881926679493,-4.826250272983941,1.3336624972569666,-2.9619267061663237,-0.8141321044546856,0,4.873100213812279,2.9830508474576236,15.558939270786318,9.687349179360162,0.1642392881625625,2.3120017014374787,-11.298861154912128,-2.9691107328828297,0,0.2002057744251396,22.0,28.0,-6.0,-0.7751810401579888,-0.764105072166771,-2.862753810523273,-0.05312068332751135
1474257600,2016-09-19,30.71,30.97,30.0,30.09,2188967.0,0.020604852110335692,0.02924559654370218,-0.0029910269192422456,-0.009545753785385136,0.2509139248920036,4.278165174389528,-3.776337324605535,2.521878808020375,-1.9746316605738201,0.2736235737232704,0,2.766662896272983,1.415571284125373,13.587881555609155,10.081668696165323,1.2329230480600586,2.3978112138957357,-11.518113556339557,-0.8774564491034917,0,0.15035674275764124,18.0,28.0,-10.0,0.2509139248920036,0.17399115390955444,-1.8510172602591979,-0.08336241919495369
1474344000,2016-09-20,30.36,30.43,29.66,29.83,1615725.0,0.017767348307073494,0.02011397921555491,-0.005698960777740458,-0.008640744433366598,1.148172980221247,5.178720601481373,-2.882374641038865,3.532796960554265,-1.1034752486311277,1.2146608559615544,0,0.9218801928425151,0.471539238800933,11.131298910168193,5.442476637859492,2.2165261000641294,2.4303237693108453,-12.318010943902154,-0.650611276822411,0,0.1056278210327692,14.0,28.0,-14.0,1.148172980221247,0.9473883476232459,-0.9565040843858839,-0.1184028646380072
1474430400,2016-09-21,29.98,30.21,29.58,29.68,4659414.0,0.010107816711590223,0.017857142857142794,-0.003369272237196852,-0.005028494803888672,1.6239892183288447,5.719649719771567,-2.471671283113892,4.072327044025158,-0.6615004492362857,1.705413297394415,0,-0.13678866908169596,-0.7025761124121809,8.656973094096754,-1.4926376092400702,2.6168168660113906,2.419751767667147,-13.197849821211744,-1.8478217952912117,0,0.03691086017820427,10.0,28.0,-18.0,1.6239892183288447,1.318751273556714,-0.438067045230369,-0.14732436312599767
1474516800,2016-09-22,30.11,30.62,30.11,30.56,2943078.0,-0.01472513089005234,0.0019633507853404897,-0.01472513089005234,0.029649595687331498,-1.1256544502617771,2.7525583854317404,-5.003867285955309,1.2030977312390831,-3.3878708551483356,-1.0923865619546262,0,5.567765065469324,3.663500678426046,9.132981177401774,-1.2363746320710973,-0.2962691041634997,2.4019189931672873,-13.347022109113675,1.1579491329378429,0,0.09127233601719038,6.000000000000007,28.000000000000004,-21.999999999999996,-1.1256544502617771,-1.446537306494477,-3.175424536251043,-0.10482653570859224
1474603200,2016-09-23,30.48,30.7,30.42,30.55,1863811.0,-0.0022913256955809924,0.004909983633387904,-0.004255319148936176,-0.0003272251308900076,-0.8870703764320638,2.7573533762133877,-4.5314941290775295,1.4206219312602286,-3.106382978723417,-0.8428805237315942,0,5.492239994779723,4.301809491293962,9.474371994628344,-3.676057592977969,-0.2558044415099232,2.2965498658066394,-13.360836144994906,-0.7338822389379364,0,0.05630771961127233,2.0,28.0,-26.0,-0.8870703764320638,-1.2795844776603076,-3.0204471727889057,-0.0763510646921155
1474862400,2016-09-26,30.32,30.35,30.07,30.24,2854930.0,0.002645502645502784,0.0036375661375662727,-0.005621693121693028,-0.010147299509001728,0.3025793650793531,3.59569058870575,-2.9905318585470155,2.503858024691354,-1.8876763668430243,0.30809082892415063,1,3.135607044446033,3.5971223021582635,8.711447473763172,-9.989627301216714,0.6397762958431912,2.2677503288102487,-14.038429462205087,-1.1219292808982422,0,0.024353195156482665,-2.0,28.0,-30.0,0.3025793650793531,-0.24208681352027384,-1.9468165754398257,-0.07712854587835527
1474948800,2016-09-27,30.18,30.26,29.82,30.03,2060328.0,0.004995004995004937,0.007659007659007733,-0.006993006993006978,-0.006944444444444309,1.0939060939060994,4.19158072450702,-2.0037685366948494,3.309468309468315,-1.0861360861360794,1.1116661116661106,1,1.573815917171629,1.831129196337751,7.39821316516838,-17.268374933523404,1.006195584716039,2.2251510614668306,-14.534798793516655,-0.8086208113349899,0,-0.0006861742760119738,-6.0,28.0,-34.0,1.0939060939060994,0.41213802138145184,-1.211673900494091,-0.08964289599356284
1475035200,2016-09-28,30.18,30.45,29.83,30.29,2954845.0,-0.0036315615714757055,0.005282271376692016,-0.015186530207989435,0.008658008658008587,0.29217563552326453,3.283143371823158,-2.698792100776643,2.486519203257373,-1.8680532629030324,0.30923297017719165,1,3.3603964711222147,1.3382402141184295,7.088179087276547,-10.8117221324365,-0.07914706233212598,2.1946817027921433,-15.219196514001508,1.144099357545413,0,0.03124921963158729,-10.0,28.0,-38.0,0.29217563552326453,-0.40693362439337477,-1.9788720760491856,-0.07865904897332954
1475121600,2016-09-29,30.2,30.5,29.82,29.86,1521766.0,0.011386470194239884,0.021433355659745468,-0.0013395847287340779,-0.014196104324859626,1.7230408573342402,4.785133108210829,-1.3390513935423485,3.9958696137530723,-0.4448537620004487,1.7755079258763118,1,0.14007773176577132,-0.2672010688042814,5.402352754017552,-8.87033260772207,1.3678101495419668,2.229929705550814,-15.7615072904155,-0.5876763364793373,0,0.08644482753969561,-14.0,28.0,-42.0,1.7230408573342402,0.9294256208741842,-0.5450676516508253,-0.09737768678555847
1475208000,2016-09-30,30.11,30.77,30.0,30.63,2510912.0,-0.016976820111002322,0.004570682337577514,-0.020568070519098924,0.025787006028131332,-0.7525301991511526,2.2300843826768073,-3.7351447809791125,1.429426488192405,-2.9029274132114438,-0.7367504625095194,1,5.232678028297379,1.659475605708596,6.326281554753513,-11.477960698161603,-1.2000186448076704,2.230805729911653,-15.76825060090344,0.9651723550342767,0,0.05682883500721717,-18.0,28.0,-46.0,-0.7525301991511526,-1.454689097606206,-2.925819415692928,-0.05692886470596542
1475467200,2016-10-03,30.64,30.71,30.44,30.64,1483107.0,0.0,0.0022845953002610386,-0.00652741514360311,0.0003264773098270446,-0.7718668407310787,2.22109892272951,-3.7648326041916675,1.3680374238468147,-2.8682550043516244,-0.7501087902523977,1,5.295098752539452,0.26178010471204793,7.082584888046547,-5.956403185675278,-1.226645524237739,2.1337293304585994,-15.774512246356531,0.5704861881064449,0,0.10782669189439166,-21.999999999999996,24.000000000000004,-46.0,-0.7718668407310787,-1.3452465095951283,-2.8415211350221483,-0.029887091225508894
1475553600,2016-10-04,30.85,30.99,30.37,30.52,2355171.0,0.01081258191349943,0.015399737876802044,-0.004914809960681499,-0.003916449086161955,-0.45216251638269966,2.4454994753866544,-3.349824508152068,1.745303626037554,-2.5305810397553614,-0.39263870685888946,1,4.338060142481368,-1.3893376413570266,7.2863687408401185,0.2581039423518945,-0.7673747333338525,2.1342142550745864,-15.269004965432858,-0.9016241999833837,0,0.04626848876259485,-26.0,-40.0,14.0,-0.45216251638269966,-0.8661747301159153,-2.3630574430632834,-0.02089434808941737
1475640000,2016-10-05,30.66,31.8,30.65,31.6,2947702.0,-0.029746835443038022,0.006329113924050667,-0.030063291139240556,0.035386631716906924,-3.830696202531655,-0.9123312030583293,-6.749061202004981,-1.688291139240519,-5.912974683544306,-3.8006329113924124,1,10.770484268127738,0.476947535771072,10.541569018102216,-0.8221458422241028,-3.988335526018844,2.203369909230093,-13.62136223860317,1.1209928090016275,0,0.09408521402758845,50.0,40.0,10.0,-3.830696202531655,-3.849122065249574,-5.476486190712507,0.052943017066641285
1475726400,2016-10-06,30.67,31.09,30.25,30.92,3633922.0,-0.008085381630012933,0.005498059508408648,-0.021668822768434737,-0.021518987341772156,-1.7609961190168235,1.0853871237680153,-4.607379361801662,0.45763260025873365,-3.9731565329883693,-1.7577619663647965,1,5.581174608427304,-0.8974358974358897,10.751993546118982,4.41598308138969,-1.7200440996275574,2.402846882996956,-12.9912905863786,-1.3865634644482763,0,0.05728969465527378,46.0,39.99999999999999,6.000000000000007,-1.7609961190168235,-1.5693539209878793,-3.264459336998229,0.05111330219953547
1475812800,2016-10-07,30.8,31.13,30.47,31.07,4404837.0,-0.008690054715159268,0.0019311232700354175,-0.019311232700354064,0.004851228978007827,-2.018023817187,0.8005121759121892,-4.836559810286175,-0.011801308872449567,-4.21521295998285,-2.1135071344276355,1,6.444780970181718,4.54239569313594,11.314262507830085,7.172722445856614,-1.999860999298491,2.3721741990193954,-12.348578045902624,1.6713349798192016,0,0.19640212117523934,42.0,40.0,2.0,-2.018023817187,-1.8498383703495165,-3.5851474231490386,0.054805007579429244
1476072000,2016-10-10,31.28,31.62,31.22,31.43,2877570.0,-0.004772510340439018,0.006045179764556208,-0.006681514476614692,0.011586739620212505,-3.027362392618528,0.05956773627902123,-6.1142925215160915,-1.1310849506840555,-5.025453388482333,-3.0782691695832085,1,8.483946415728433,2.3111979166666696,12.700014450894937,12.73852863339257,-2.8314230862212355,2.3024973426797053,-11.087593945781903,1.0979361888676276,0,0.21683490821251292,38.0,40.0,-2.0,-3.027362392618528,-2.6908096376959207,-4.505584143677382,0.0750407046097114
1476158400,2016-10-11,31.32,31.44,30.8,30.96,2755277.0,0.011627906976744207,0.015503875968992276,-0.0051679586563307955,-0.01495386573337576,-1.4502583979328136,1.743655293824503,-4.644172089690116,0.4812661498708053,-3.4754521963824203,-1.4970930232558004,1,4.9485336905612485,2.144506763444415,12.218230081934198,15.67554623451592,-0.9400046531042818,2.318146431444954,-10.828895313156227,-1.046744720214764,0,0.27644328565097614,34.0,40.0,-6.0,-1.4502583979328136,-1.0979924808399062,-2.9360559939157582,0.05144537250621034
1476244800,2016-10-12,30.95,31.04,30.76,30.99,3123924.0,-0.001290738948047765,0.0016134236850597894,-0.007421748951274454,0.0009689922480620172,-1.4488544691836154,1.8055550861821388,-4.703264024549355,0.40550715284499006,-3.373131117564796,-1.4838119823598959,0,5.130777082456987,1.9743336623889367,11.917134341841464,7.462618160291008,-0.9046817467370403,2.215017691716141,-10.67222609451242,1.1976423292796194,0,0.2686156893753338,30.0,40.0,-10.0,-1.4488544691836154,-1.0800459394417032,-2.9111948731152637,0.03340608428665515
1476331200,2016-10-13,30.58,30.64,30.0,30.07,3177239.0,0.016960425673428592,0.018955769870302674,-0.002327901563019652,-0.02968699580509837,1.4865314266711067,4.909133254821924,-1.9360704014797108,3.4508369360381437,-0.4932934264493838,1.4787717547943657,1,-1.236849451136358,-1.5711947626841256,8.681659773139941,0.7657066810712081,2.022428958436521,2.354896141055826,-11.458317347492796,-1.2097760032718838,0,0.19872978524086196,26.0,40.0,-14.0,1.4865314266711067,1.7610625214140612,0.056939998321396956,-0.04090805381814144
1476417600,2016-10-14,30.39,30.66,30.07,30.18,1919042.0,0.006958250497017815,0.015904572564612307,-0.0036447978793903157,0.0036581310276022627,1.0834990059641996,4.523373529286403,-2.3563755173579892,3.1024961343052695,-0.8869008173183204,1.1077976584934959,1,-0.5027085959323827,-0.6583278472679371,6.455986040329358,7.02077405516728,1.7022827921515642,2.3183575937236887,-12.223475960082935,0.7291245643490587,0,0.15554300766434465,22.0,40.0,-18.0,1.0834990059641996,1.2577674435285076,-0.295678801877159,-0.0807730762265596
1476676800,2016-10-17,30.14,30.52,29.73,29.74,2343408.0,0.01344989912575656,0.02622730329522538,-0.00033624747814386957,-0.014579191517561374,2.5201748486886544,6.140763971642244,-1.1004142742649634,4.537659717552131,0.5497646267653096,2.543712172158692,0,-3.3189750695514846,-1.1631771352608888,3.3526277527091644,6.60967105772356,3.182209057035763,2.3743501256642134,-12.376346961612219,-0.88491617235918,0,0.09675489431835431,18.0,40.0,-21.999999999999996,2.5201748486886544,2.493401555493847,1.133183191719084,-0.13187188687856777
1476763200,2016-10-18,30.07,30.07,28.81,29.29,3450973.0,0.02663024923181978,0.02663024923181978,-0.01638784568111984,-0.015131136516476129,4.003072721065209,7.980612697268413,0.025532744861990864,6.127802435415973,1.9113463070445107,4.0195743712302345,0,-6.013299735075265,-1.8102581293999305,-0.41792145701087585,-1.5462417671224529,4.500831663310294,2.545898760143146,-11.307388507322406,-1.2824142110948937,0,0.037037046826907484,14.0,-36.0,50.0,4.003072721065209,3.680634513562822,2.5815827780106844,-0.18767074820889357
1476849600,2016-10-19,29.4,30.39,29.24,30.37,2556151.0,-0.031939413895291535,0.0006585446163978048,-0.03720777082647353,0.03687265278251961,0.41817583141256875,4.072600060351547,-3.23624839752641,2.4684447371309517,-1.7692898693886576,0.34957743387116125,0,1.1148115907716232,2.3247978436657726,-0.2685127329622288,3.5544123068127007,0.7246321705335959,2.550453621759504,-10.919424928773894,0.9426583386222587,0,0.13242749988449212,10.0,-36.0,46.0,0.41817583141256875,-0.005785921032909869,-1.024544720455097,-0.1454216764970133
1476936000,2016-10-20,30.32,30.49,30.15,30.44,1992205.0,-0.003942181340341633,0.0016425755584756896,-0.009526938239159066,0.002304906157392095,0.16754270696452522,3.8131369360100393,-3.478051522080989,2.19338589575122,-1.9787560227770484,0.10731493648705737,0,1.5355933408291875,-0.39267015706805447,0.04106479798018207,2.9311471741189337,0.4805036938649181,2.4426144978573063,-10.745008268160666,0.7299377130419288,0,0.12927788420565528,6.000000000000007,-35.99999999999999,42.0,0.16754270696452522,-0.21328241351233146,-1.2030453575344922,-0.10805722105013833
1477022400,2016-10-21,30.12,30.4,29.71,30.29,2238354.0,-0.0056124133377352114,0.0036315615714757055,-0.019148233740508336,-0.00492772667542718,0.620666886761299,4.294279186964417,-3.0529454134418046,2.6972598217233497,-1.6309012875536268,0.5331792670848472,0,0.5540595584803256,-0.851063829787239,-0.1337114677102141,-1.7630170131044167,0.8926677479229852,2.4515196177241267,-10.023849225603408,-0.8155066144213868,0,0.1472021263675053,2.0,-36.0,38.0,0.620666886761299,0.25412439013506116,-0.6857982855172082,-0.08950665671916311
1477281600,2016-10-24,30.58,30.92,30.48,30.88,1823189.0,-0.009715025906735786,0.0012953367875647714,-0.012953367875647603,0.019478375701551753,-1.1981865284974162,2.4297394115897646,-4.826112468584583,0.8484455958549262,-3.448834196891198,-1.3001943005181147,0,4.168176919308358,2.1164021164021185,1.3614397766244577,-2.4556171424769175,-1.017859403686188,2.378642856844998,-10.301339331786739,0.6615322475367881,0,0.218183570529403,-2.0,-36.0,34.0,-1.1981865284974162,-1.5031286581442203,-2.4820104854639737,-0.036291651088515994
1477368000,2016-10-25,30.73,31.04,30.02,30.43,3346529.0,0.009858692080183973,0.020046007229707508,-0.013473545842918155,-0.014572538860103568,0.3286230693394714,3.94150455561757,-3.284258416938613,2.510680249753534,-2.0407492605980906,0.23496549457773597,1,1.1656493952415445,1.332001332001327,1.2774382920228704,-10.477486635306256,0.23509509896253178,2.480828103027689,-9.973371696816406,-1.2007947875745868,0,0.15094245469063236,-6.0,-36.0,30.0,0.3286230693394714,-0.04211953477361874,-0.9991299258118715,-0.030426918098334838
1477454400,2016-10-26,30.33,31.34,30.29,30.81,5453818.0,-0.015579357351509282,0.01720220707562481,-0.016877637130801704,0.012487676634899803,-0.8244076598506922,2.7460623708048786,-4.394877690506277,1.4172887590609093,-3.217570053013091,-0.900140646976098,1,3.458776117070869,1.7167381974248914,2.237466614936792,1.044136445427526,-0.9396835964765415,2.51864141808486,-10.187131417651937,1.9084533840961082,0,0.0908957005849476,-10.0,-36.0,26.0,-0.8244076598506922,-1.1535405193429114,-2.133107189848161,-0.0015098475965966002
1477540800,2016-10-27,29.95,31.06,29.7,30.85,4495783.0,-0.029173419773095732,0.0068071312803887896,-0.0372771474878445,0.0012982797792924217,-0.792544570502443,2.6390587083747334,-4.224147849379605,1.4732576985413175,-3.3760129659643354,-0.9513776337115161,1,3.6996775831401294,3.3154722036168858,3.1063477978283878,-9.746979552234215,-1.1894193706460783,2.6505937651899254,-9.668524309600658,1.5470875448940296,1,0.07874641879058458,-14.0,-36.0,22.0,-0.792544570502443,-1.1596373923256351,-2.1713735617897214,0.018645536390580253
1477627200,2016-10-28,30.84,31.44,30.67,31.02,2600679.0,-0.005802707930367523,0.013539651837524147,-0.011283043197936715,0.005510534846029147,-1.2733720180528678,2.1888863674555523,-4.735630403561302,1.0101010101010104,-3.812594025359985,-1.4012465076294802,1,4.747551548782816,1.2732615083251733,4.264953934209532,-10.207520422979016,-1.8284517290036746,2.6250820427590944,-9.826570180333634,0.8928659833557477,0,0.07006111184028027,-18.0,-36.0,18.0,-1.2733720180528678,-1.5392856490615259,-2.601330479184483,0.04050648582595574
1477886400,2016-10-31,31.09,31.46,30.9,31.2,2361952.0,-0.003525641025641013,0.008333333333333304,-0.009615384615384692,0.005802707930367523,-1.75320512820511,1.781753422141037,-5.288163678551285,0.5683760683760681,-4.319444444444429,-1.8755341880341945,1,5.8609434544856285,1.8276762402088733,5.6937502397922914,-3.9097117874347163,-2.3915340928314777,2.551718371252364,-10.006781836824688,0.8097884832695638,0,0.10855869454096484,-21.999999999999996,-36.0,14.0,-1.75320512820511,-1.9066303050120297,-3.039197022216456,0.06283631771242257
1477972800,2016-11-01,31.37,31.48,30.39,30.71,2055292.0,0.021491370888961248,0.025073266037121344,-0.010420058612829686,-0.01570512820512815,-0.15467274503419048,3.431889147835193,-3.741234637903574,2.287528492347775,-2.8313253012048136,-0.2718984044285264,1,2.181971870948253,0.6225425950196635,5.374510819698575,-2.647148812589201,-0.8875035360916286,2.660782833372002,-9.537122084993523,-0.70224884373644,0,0.03972109113861388,-26.0,-36.0,10.0,-0.15467274503419048,-0.30895852880424,-1.4336036722818193,0.04138841791330357
1478059200,2016-11-02,30.58,30.96,30.25,30.26,2378206.0,0.010575016523463265,0.02313284864507592,-0.0003304692663582687,-0.01465320742429177,1.108724388631856,4.497958604223001,-2.280509826959303,3.5938532716457416,-1.4557171183080015,1.06906807666887,1,-0.9414165731735693,-4.240506329113924,3.7573334504413087,-1.7083938630302598,0.6510298544416742,2.6750645136604296,-8.936875820598939,-0.8077715209174425,0,0.04491753175231709,-30.0,-36.00000000000001,6.000000000000007,1.108724388631856,1.0617911245838059,0.03092643494098013,-0.003915807666032792
1478145600,2016-11-03,30.43,30.65,29.72,29.8,2265979.0,0.021140939597315445,0.028523489932885893,-0.0026845637583893245,-0.015201586252478583,2.481543624161091,6.071957907550441,-1.1088706592282733,5.091163310961974,-0.0665548098433959,2.512304250559282,1,-3.9099015877416647,-3.6222509702457986,1.0949864821569466,-6.962756961168495,2.1525079776567964,2.745246592482598,-7.79925658140338,-0.7661286450784536,0,0.02743263184570992,-34.0,-36.0,2.0,2.481543624161091,2.3721096023780746,1.5132621806450857,-0.06242704542443957
1478232000,2016-11-04,29.72,30.13,29.6,29.68,1988552.0,0.0013477088948787852,0.015161725067385445,-0.0026954177897573484,-0.004026845637583931,2.661725067385447,6.378507311790614,-1.0550571770197195,5.311096136567841,0.17632524707995856,2.7437106918239067,1,-4.663205932908809,-4.473768908915354,-1.388247303309328,-6.562953725669587,2.545949266272075,2.6870151374849782,-6.619714128302835,-0.673291396349864,0,0.05064810766945391,-38.0,-36.0,-2.0,2.661725067385447,2.520678438047881,1.8482542123685164,-0.10430863722359673
1478494800,2016-11-07,30.42,30.69,30.2,30.66,1998982.0,-0.007827788649706457,0.0009784735812132794,-0.015003261578604099,0.03301886792452824,-0.7452707110241192,2.5711164632184307,-4.061657885266655,1.8118069145466364,-3.1881930854533493,-0.6881930854533636,1,2.070946110096152,-2.4498886414253884,-0.495791800006073,0.28743265264122897,-0.404325361177996,2.6506334932606563,-6.60399220561683,0.6764635259426538,0,0.12119429837593494,-42.0,-36.0,-6.0,-0.7452707110241192,-0.6842155363216165,-1.3519863230294362,-0.06313441617397801
1478581200,2016-11-08,30.56,30.92,30.23,30.79,1986285.0,-0.00746995777849957,0.004222150048717177,-0.01818772328678142,0.004240052185257692,-1.1919454368301388,2.0614502108013255,-4.445341084461603,1.321857746021422,-3.6732705423838894,-1.1757063981812337,1,2.8814835823902385,-0.5490956072351476,0.5781925595181491,-0.40756131744109325,-0.6852177163788156,2.6109810646866625,-6.9927555895219164,0.671056072528307,0,0.0898215296244364,-46.0,-36.0,-10.0,-1.1919454368301388,-0.9984424728634878,-1.6991403705939945,-0.026161959533602397
1478667600,2016-11-09,29.34,30.04,28.81,29.63,5057255.0,-0.009787377657779261,0.013837327033412006,-0.027674654066824123,-0.03767456966547578,2.4468444144448256,5.899246452684864,-1.0055576237952124,5.20643491956352,-0.30487118911013056,2.4507818652266877,1,-4.366958731339992,-4.388512423362374,-1.86830466277185,-8.972061947464638,2.7770005263478623,2.996715179504678,-5.858686820753292,-1.6897164850157669,0,0.08992594273496995,-38.0,-24.0,-14.0,2.4468444144448256,2.6033800507049563,2.065004289161834,-0.07602640262140273
1478754000,2016-11-10,29.7,30.87,29.6,30.65,4002531.0,-0.030995106035889064,0.007177814029363905,-0.03425774877650889,0.03442456969287888,-0.8678629690048894,2.4661301015612906,-4.201856039571084,1.8303425774877695,-3.703099510603593,-0.9363784665579118,1,1.7540186929307495,1.928832723644823,-0.8775278674454745,-1.1712486766760932,-0.6123371502206965,2.986028245148932,-6.062810871008509,1.3229531798778584,0,0.11222668265875733,-42.0,-24.0,-18.0,-0.8678629690048894,-0.7339006181226466,-1.2793923952880988,-0.038408768972124925
1478840400,2016-11-11,30.58,31.07,29.69,29.93,5120431.0,0.021717340461075763,0.0380888740394254,-0.008018710324089517,-0.023491027732463254,1.4751085867023193,4.941666697526486,-1.9914495241218617,4.39971043546052,-1.5307940750640512,1.4344581801982486,1,-2.241262028786842,-0.828363154406892,-2.0159907446114538,-8.769093840650136,1.6502468817625413,3.1687818106047247,-6.526358882692751,-1.6658769924838899,0,-0.0030667770376289934,-46.0,-24.000000000000004,-21.999999999999996,1.4751085867023193,1.4965283678364898,1.0524849034260058,-0.0588862366385508
1479099600,2016-11-14,30.11,30.57,29.43,29.79,3894162.0,0.010741859684457955,0.02618328298086614,-0.012084592145015116,-0.00467758102238558,1.9603893924135605,5.423520016168055,-1.50274123134092,4.93789862369924,-1.1379657603222455,1.8999664316885116,1,-2.984143468125879,0.16812373907195935,-3.2213333355275653,-9.199965157575605,1.968655715159386,3.2296104030312,-6.680721248440584,-1.2696044661301225,0,-0.020080163376451566,10.0,36.0,-26.0,1.9603893924135605,1.7855636869796427,1.4674899359684304,-0.07755466696902506
1479186000,2016-11-15,29.79,30.09,29.44,30.0,2981793.0,-0.007000000000000006,0.0029999999999998916,-0.01866666666666661,0.007049345417925457,1.3649999999999949,4.442262491963717,-1.712262491963699,4.177222222222213,-1.6527777777777715,1.2622222222222064,1,-1.7140294824452411,2.4240355069989787,-3.5959777213675848,-19.582252920939112,0.948284900071414,3.13269338281403,-6.824057730920714,0.9739739173105374,0,0.02989608147925047,6.000000000000007,36.00000000000001,-30.0,1.3649999999999949,0.9708680991545151,0.7275227022434336,-0.07159765266826244
1479272400,2016-11-16,29.79,30.11,29.7,30.03,2350320.0,-0.007992007992008054,0.002664002664002574,-0.010989010989011061,0.001000000000000112,1.2071262071262225,4.330227310679106,-1.9159748964267038,3.941058941058941,-1.636696636696641,1.152181152181143,1,-1.5282829112863112,-1.1195258478761931,-3.8110156315456245,-12.270987607673284,0.6910294937153054,3.00354507230263,-6.989747393276534,0.7769900861563364,0,-0.00933446530193113,2.0,36.0,-34.0,1.2071262071262225,0.7871411390483587,0.6023116571649751,-0.06184215723395939
1479358800,2016-11-17,30.04,30.81,29.97,30.8,2435636.0,-0.02467532467532474,0.00032467532467528315,-0.026948051948052054,0.02564102564102555,-1.2646103896104108,1.834396450792667,-4.363617230013475,1.4507575757575637,-4.1498917748917705,-1.349567099567082,1,3.0297854650306846,1.182654402102495,-1.9551632169863071,-12.592868777018069,-1.9367610013216137,2.9140861799077546,-8.209609226857374,0.8085594224296699,0,0.05457691301516604,-2.0,36.0,-38.0,-1.2646103896104108,-1.5675338285299603,-1.8377364819400697,-0.0028512245940261333
1479445200,2016-11-18,30.83,31.31,30.66,31.06,2606150.0,-0.00740502253702513,0.008048937540244605,-0.012878300064391501,0.008441558441558472,-1.9671603348357962,1.2307642942981118,-5.165084963969704,0.7362094870143778,-4.804679115690064,-2.03423481433785,1,4.461552641454837,2.542093100033013,0.17348846299683243,-12.232204456267596,-2.774888380525482,2.8327663196464554,-8.825536600394233,0.8716743390553531,0,0.06477547206404623,-6.0,36.0,-42.0,-1.9671603348357962,-2.163739607603901,-2.555150624688423,0.05136661404117333
1479704400,2016-11-21,31.28,31.66,31.02,31.48,2091082.0,-0.006353240152477735,0.00571791613723005,-0.014612452350698857,0.013522215067611087,-3.1797966963151225,0.23922060913072585,-6.598814001760971,-0.476493011435835,-6.006988564167699,-3.2417407878017883,1,6.705609345848359,1.9430051813471552,2.9170496914872026,-7.023280139679542,-3.9852173320347646,2.740548158801157,-8.980035449830442,0.7103275007213227,0,0.10756356477878833,50.0,96.0,-46.0,-3.1797966963151225,-3.138665958781644,-3.7040548258080292,0.10984433243943817
1479790800,2016-11-22,31.25,31.37,30.74,31.18,2557304.0,0.0022450288646569394,0.00609364977549709,-0.014111610006414366,-0.009529860228716713,-2.127966645285454,1.458650426151877,-5.714583716722771,0.5147530468248931,-4.943874278383575,-2.214560615779348,1,4.679654649598319,2.4646730200460074,4.310160441527685,-7.264171736705052,-2.9373586808348335,2.738802182048441,-9.546783538100437,-0.8738587589214405,0,0.18755959919916396,46.0,32.0,14.0,-2.127966645285454,-1.9965467535148775,-2.6686152824871527,0.12172748691575752
1479877200,2016-11-23,31.04,31.16,30.74,30.81,2431513.0,0.007465108730931425,0.011359948068808912,-0.002271989613761738,-0.011866581141757537,-0.9526127880558164,2.6770762832657056,-4.582301859377338,1.6342096721843546,-3.6854917234663986,-1.025641025641022,1,2.2558613383334176,0.0,4.436495891679031,-7.503119469836797,-1.6134097416827302,2.675722345415485,-10.073049620065431,-0.8322523865064704,0,0.19295878513656142,42.0,32.0,10.0,-0.9526127880558164,-0.7415561238887847,-1.440940235147437,0.09903845878602206
1480050000,2016-11-25,30.91,31.32,30.82,31.06,1254670.0,-0.004829362524146785,0.00837089504185462,-0.007726980038634812,0.008114248620577635,-1.7160334835801763,1.9364519865519014,-5.368518953712254,0.7630392788151994,-4.236960721184801,-1.7369607211847722,1,3.7150918608314214,0.6807131280388891,5.151613151720838,-3.657477603124015,-2.250606686530986,2.5818854544413217,-10.343104421372901,0.4372927183999122,0,0.22925324296328187,38.0,31.999999999999993,6.000000000000007,-1.7160334835801763,-1.3937686495619204,-2.146618855093692,0.09521087560564985
1480309200,2016-11-28,31.05,31.3,30.72,30.81,1715444.0,0.007789678675754752,0.015903927296332387,-0.0029211295034079487,-0.008048937540244716,-0.9526127880558164,2.6819489314039657,-4.587174507515613,1.5335929892891897,-3.4453099642973086,-0.9558584875040737,1,2.040826013457327,-0.6769825918762117,5.04521491735621,-8.319196434363029,-1.402304061989284,2.5513833838603355,-10.767906112418293,-0.6229542475191504,0,0.15830593909475602,34.0,32.0,2.0,-0.9526127880558164,-0.5371147754323289,-1.29956857674253,0.07128009219420464
1480395600,2016-11-29,30.47,30.63,30.11,30.12,1790163.0,0.011620185922974757,0.016932270916334646,-0.00033200531208499307,-0.022395326192794496,1.1371181938910837,4.744100365031386,-2.4698639772492044,3.70351925630807,-1.3761620185922965,1.1636786188578867,1,-2.2804308852309916,-3.4615384615384563,3.07360801216448,-13.069030022390344,0.798957196385274,2.589417536372557,-11.429143086991067,-0.6519764804912055,0,0.08562772011557636,30.0,32.0,-2.0,1.1371181938910837,1.575568174302262,0.9237913153774144,0.007761269723440489
1480482000,2016-11-30,30.52,31.5,30.37,31.12,3506682.0,-0.019280205655527016,0.012210796915167021,-0.02410025706940877,0.033200531208499307,-2.046915167095108,1.5498237197771658,-5.643654053967367,0.39952870608397006,-4.529777206512421,-2.0651242502142395,1,3.5976214841280907,1.3350700097688053,4.020547369197018,-2.615390098799267,-1.8912312564551712,2.6439412654747483,-11.53897722971723,1.259780005435903,1,0.07517867089720469,26.0,32.0,-6.0,-2.046915167095108,-1.5276255435339436,-2.228309688908709,0.030593355300065725
1480568400,2016-12-01,31.45,32.63,31.42,32.2,4664501.0,-0.02329192546583858,0.013354037267080843,-0.024223602484472084,0.03470437017994854,-5.031055900621112,-0.8703996386746411,-9.191712162567597,-2.642857142857153,-7.562111801242239,-5.10248447204971,1,8.856527250481363,6.4111037673496405,7.330396081643843,-1.395068110374936,-4.561375383784849,2.707703811802272,-10.480080333516824,1.6756667199656337,1,0.04176845457978221,50.0,60.0,-10.0,-5.031055900621112,-4.370385139575205,-5.291623966887784,0.11138730615183709
1480654800,2016-12-02,32.13,32.3,31.24,31.53,3579067.0,0.01902949571836343,0.0244211861718997,-0.009197589597209066,-0.02080745341614909,-2.7386615921344912,1.5444676774390587,-7.021790861708041,-0.2944285865313532,-5.359446030235745,-2.826937308383563,1,4.800793513101986,5.80536912751678,8.062604251688912,0.3243808755056321,-2.0308596834139934,2.807858310951998,-9.778317536981325,-1.2798890517529238,0,0.088867070249722,46.0,60.0,-14.0,-2.7386615921344912,-2.1155990944257326,-3.150516032011552,0.11234049295784715
1480914000,2016-12-05,31.9,33.04,31.85,32.77,4028837.0,-0.026548672566371834,0.008239243210253155,-0.02807445834604827,0.03932762448461791,-5.9475129691791295,-1.2017589549938634,-10.693266983364353,-3.546943342488049,-8.621706845692202,-6.084325094090133,0,10.15040226588905,10.411051212938018,11.27318103554855,10.780550710972996,-4.899452678313082,2.8377720107156246,-8.47968680507747,1.4187599416696688,0,0.1842355037213263,50.0,68.0,-18.0,-5.9475129691791295,-5.265257057845631,-6.547986114737228,0.18483675918931125
1481000400,2016-12-06,32.68,34.53,32.61,34.23,6194491.0,-0.04528191644756052,0.008764241893076452,-0.04732690622261171,0.04455294476655447,-9.43762781186095,-3.1649370318808394,-15.710318591841059,-6.973902035251712,-12.249975654883613,-9.61193884506767,0,15.248133257370853,11.643835616438345,16.469567127102707,21.22072084726939,-7.523372396572768,2.9233321945765276,-6.293377853222648,2.1312689339409987,1,0.22089907100212489,50.0,72.0,-21.999999999999996,-9.43762781186095,-8.41966390095908,-10.12086505016066,0.31199307319169095
1481086800,2016-12-07,34.49,36.7,34.45,36.37,6110459.0,-0.05169095408303537,0.009073412152873495,-0.05279076161671692,0.06251825883727724,-13.999175144349735,-5.27902468691228,-22.719325601787205,-11.51910915589771,-16.913665108605997,-14.216387132251853,0,20.976601935462327,18.122767132185768,23.78185736253915,24.164349460170328,-11.155442591017817,3.039894719479574,-3.3406699299322256,2.045353673060763,1,0.26658524668733347,50.0,76.0,-26.0,-13.999175144349735,-12.493154760290096,-14.805039341130637,0.5094284181724253
1481173200,2016-12-08,36.48,36.65,36.08,36.39,4068447.0,0.002473206924979321,0.007144820005495989,-0.008518823852706858,0.0005499037668408313,-13.11761472932126,-2.731915643022006,-23.5033138156205,-10.71310799670239,-15.92333058532563,-13.318219291014017,0,21.023591084850437,22.814714816064804,28.949706232756622,25.410451611543195,-9.973504827677743,2.9330911598891714,-0.5988697154482558,1.3517536019411653,0,0.21387903650501408,50.0,80.0,-30.0,-13.11761472932126,-11.346844023087527,-14.269436637413392,0.6041088735037469
1481259600,2016-12-09,36.37,36.61,36.04,36.59,3039010.0,-0.006012571740912964,0.0005465974309919464,-0.015031429352282188,0.005496015388843256,-12.7808144301722,-0.9652632136633201,-24.59636564668105,-10.471440284230653,-15.461874829188318,-12.966657556709492,0,21.509138120519253,19.380097879282236,33.02712698835431,25.881937729283663,-9.55541805375394,2.819969224629622,1.8876961321525805,0.9996415380790005,0,0.2592048186820053,50.0,84.0,-34.0,-12.7808144301722,-10.704618001279243,-14.160075431805652,0.6395315419411383
1481518800,2016-12-12,36.49,36.5,35.82,35.93,2618521.0,0.015585861397161116,0.015864180350681822,-0.003061508488728104,-0.01803771522273856,-10.343723907598118,2.3406027810038097,-23.02805059620006,-8.109750440671675,-12.997031264495774,-10.553390852583732,0,17.575740135789033,20.046775810223856,34.44844476317006,20.360836618396633,-7.227019896376476,2.8197184228849212,3.857144687573726,-0.8607179982601967,0,0.1998488802320799,46.0,84.0,-38.0,-10.343723907598118,-8.201075478336634,-12.089815623209972,0.5796148501236353
1481605200,2016-12-13,35.65,35.86,35.26,35.64,2406357.0,0.0002805836139168072,0.006172839506172867,-0.010662177328844114,-0.008071249652101264,-8.79349046015713,4.2474298206955865,-21.834410741009847,-6.6442199775533055,-11.419753086419746,-9.031986531986519,0,15.899188736230599,19.637462235649554,34.81164694065283,20.090670280732468,-5.812688089346523,2.7738942563438314,4.851329631450607,-0.7862069728016078,0,0.1926150755197444,42.0,84.0,-42.0,-8.79349046015713,-6.744198862695839,-10.928438355094954,0.48537370244649947
1481691600,2016-12-14,35.17,35.35,34.32,34.36,2630658.0,0.023573923166472666,0.02881257275902227,-0.0011641443538998875,-0.03591470258136931,-4.7613504074505215,8.525731927101106,-18.048432742002134,-2.407838571982907,-7.471866511447416,-4.939852541715169,0,9.088129322242786,14.533333333333331,31.959830286227536,19.389517382342532,-1.7295846599560463,2.946118174890288,4.547704413405274,-0.8579463537901248,0,0.17489332723662038,38.0,84.0,-46.0,-4.7613504074505215,-2.9587306694704836,-7.311846655826201,0.31027317547073285
1481778000,2016-12-15,34.35,34.92,34.24,34.49,2575538.0,-0.004059147579008382,0.012467381849811554,-0.0072484778196578725,0.003783469150174801,-4.473760510292834,8.433110885023495,-17.380631905609178,-2.0691988015849745,-7.192422924519178,-4.6308108630520906,0,9.53524642031838,14.851814851814854,29.93051863178006,14.944414611851002,-1.779615009012744,2.8661973788675676,4.16793161312577,0.8420138542663728,0,0.15726372510688835,34.0,72.0,-38.0,-4.473760510292834,-3.0078804487941397,-7.360768113300935,0.18294634567525292
1481864400,2016-12-16,34.72,34.95,34.38,34.74,6210298.0,-0.0005757052389178119,0.006044905008635526,-0.010362694300518172,0.0072484778196577615,-4.594127806563037,8.07870464302107,-17.26696025614713,-2.2135866436384504,-7.222222222222214,-4.717904432930354,0,10.411074185846083,12.792207792207796,28.653937318304877,20.988610338250652,-1.9430391928536324,2.7595133620422145,3.839015717064388,1.9966807691367396,1,0.19676871631775764,30.0,72.0,-42.0,-4.594127806563037,-3.3529266892826826,-7.71262810522974,0.09947897448762832
1482123600,2016-12-19,34.01,34.84,34.0,34.84,2568482.0,-0.02382319173363967,0.0,-0.024110218140068973,0.0028785261945885043,-4.325487944890952,8.167965413721646,-16.818941303503536,-1.9575200918484512,-7.006314580941449,-4.481917336394957,0,10.768603750543313,12.169993560849983,27.764423547788418,19.666049258850833,-1.7989777158602038,2.727266328861541,3.031461288237381,0.8356635609826968,0,0.27308865851564074,26.0,72.0,-46.0,-4.325487944890952,-3.2845836620850974,-7.664673419333397,0.03807797749941266
1482210000,2016-12-20,35.15,35.78,34.89,35.3,2335299.0,-0.004249291784702458,0.013597733711048221,-0.011614730878186874,0.01320321469575192,-5.031161473087806,7.2803294091175985,-17.34265235529321,-2.642115203021717,-7.695939565627953,-5.169027384324835,0,12.412287875170769,12.134688691232517,27.65593035672017,19.2312505531862,-2.3376143340332334,2.6896670693402855,3.051444452065134,0.7624872565022204,0,0.2540053081723272,22.0,68.0,-46.0,-5.031161473087806,-4.112050453195508,-8.520148794394913,0.01661406964639145
1482296400,2016-12-21,35.41,35.7,35.25,35.46,1738684.0,-0.0014100394811056294,0.006768189509306355,-0.005922165820642977,0.004532577903682888,-4.856175972927247,7.225782187201091,-16.938134133055584,-2.490129723632279,-7.47038917089678,-4.98025944726453,0,12.980169179267648,13.726747915330344,27.78331057836645,17.675648923847717,-2.0530330078609467,2.5769241360894717,3.0700002470480463,0.5714831259861807,0,0.23959582166889196,18.0,64.0,-46.0,-4.856175972927247,-4.111879567800386,-8.582606952691734,0.0021239630996978676
1482382800,2016-12-22,35.31,35.34,34.46,34.64,2072795.0,0.019341801385681423,0.020207852193995457,-0.0051963048498845366,-0.02312464749012977,-2.0510969976905358,9.730695532478293,-13.832889527859365,0.44890300230949265,-4.782043879907604,-2.16657043879907,0,8.233844880118639,12.431028886725096,25.91930722890498,19.319174079664435,0.9223332133444444,2.655704569973863,2.051635031047198,-0.6860415714922906,0,0.2551679560006798,14.0,32.0,-18.0,-2.0510969976905358,-1.6665810788653914,-6.1668607552076224,-0.06978165604707631
1482469200,2016-12-23,34.7,34.91,34.56,34.73,913576.0,-0.0008638065073421908,0.005182839044054033,-0.004894903541606488,0.0025981524249421017,-1.7765620501007788,9.376233740458062,-12.929357840659605,0.6948843459065159,-4.479316633074177,-1.8922161435838518,0,8.594355601977092,11.815840309079197,24.534733074236932,15.428386227613544,1.261418588803906,2.531604791967894,1.1060101876178408,0.3069697642631371,0,0.22368751799704228,10.0,31.999999999999996,-21.999999999999996,-1.7765620501007788,-1.738413342199081,-6.158648380763196,-0.11567167421060232
1482814800,2016-12-27,34.79,35.32,34.76,35.05,837887.0,-0.007417974322396548,0.0077032810271042695,-0.008273894436519269,0.009213936078318552,-2.0684736091297964,8.145673776711789,-12.282620994971367,0.3575844032334743,-4.763670946267254,-2.2030432715168757,0,9.890128299004282,13.761765660499833,23.87030120316382,11.04602465908956,0.936461123410453,2.449550127421204,0.6199590219920026,0.283598076363563,0,0.148160883337727,6.000000000000007,32.00000000000001,-26.0,-2.0684736091297964,-2.3845211767093275,-6.740288693984155,-0.12790828528042053
1482901200,2016-12-28,35.2,35.38,34.28,34.38,1141638.0,0.023851076207097144,0.02908667830133793,-0.002908667830133882,-0.01911554921540637,0.45956951716112826,9.233697043597914,-8.314558009275672,3.0366492146596755,-2.3531122745782653,0.3417684700407335,0,6.025928624881104,14.14342629482072,21.695830596671684,2.2184294883018936,2.6041271575341085,2.547447676305725,-0.46469525346876495,-0.38957741743748625,0,0.019710906551422186,2.0,32.0,-30.0,0.45956951716112826,-0.4362612227895255,-4.7297840841592205,-0.18129808771056544
1482987600,2016-12-29,34.51,34.68,34.35,34.52,1082493.0,-0.0002896871378912369,0.004634994206257126,-0.004924681344148363,0.004072134962187279,0.5446118192352145,8.013521539537933,-6.9242979010675185,3.012746234067194,-2.123406720741599,0.4446697566627904,0,6.641262147329634,10.925449871465302,20.14138527642075,-5.768697810499724,1.711797984173785,2.4241770080451928,-1.47187422353948,0.37546374841983365,0,0.011466814302469626,-2.0,32.0,-34.0,0.5446118192352145,-0.7600487722101406,-4.915529993329429,-0.20557760884266796
1483074000,2016-12-30,34.72,34.76,34.16,34.48,1454946.0,0.006960556844547661,0.008120649651972123,-0.009280742459396807,-0.0011587485515645035,0.9918793503480288,7.698796167293921,-5.715037466597835,3.3894044856922108,-1.5757927300850554,0.9068058778035777,0,6.403889157880819,7.080745341614887,18.75825719257399,-13.616300040904733,1.365617072056935,2.3779285592690607,-2.66736510199285,-0.5085341666379768,0,-0.07715156377510142,-6.0,32.0,-38.0,0.9918793503480288,-0.5835001501452695,-4.616783058730732,-0.22135722353183473
1483419600,2017-01-03,34.88,35.18,34.42,35.03,1658323.0,-0.004282043962318016,0.004282043962317905,-0.01741364544675994,0.015951276102088352,-0.09420496717099525,4.904826599765414,-5.093236534107405,2.178133028832434,-2.623465600913505,-0.2226662860405355,0,8.8970508955517,11.100539169045353,18.5498929267539,-6.722581491084121,-0.5234922356720375,2.328377100050494,-3.292632688821346,0.5809746776398999,0,0.014015137209353759,-10.0,32.0,-42.0,-0.09420496717099525,-1.9401908817791167,-5.874598978683139,-0.19282512851571787
1483506000,2017-01-04,34.96,35.75,34.24,35.68,1771114.0,-0.020179372197309364,0.001961883408071685,-0.04035874439461873,0.01855552383671144,-1.5064461883408171,2.5388325828857603,-5.5517249595673945,0.7357062780269104,-4.068105381165935,-1.6661995515694912,0,11.627005693715311,8.880073237717413,19.503990181813215,0.45636964603325225,-2.443359748638656,2.4249672637571953,-3.2794397014347396,0.6225277861680248,0,0.04761480646584468,-14.0,32.0,-46.0,-1.5064461883408171,-3.3716806069636505,-7.291706733568645,-0.13119375803043165
1483592400,2017-01-05,35.61,35.95,35.13,35.64,1903869.0,-0.0008417508417508657,0.008698092031425464,-0.014309764309764272,-0.0011210762331838042,-1.1980920314253467,2.716390292047393,-5.112574354898086,0.9446315001870715,-3.5559296670408003,-1.3056490834268573,0,11.363000730647904,4.119193689745848,20.181679246521718,8.530386884938736,-2.154912185513979,2.418624369931733,-3.071508171498465,-0.6688104359143372,0,0.15111048173746264,-18.0,28.0,-46.0,-1.1980920314253467,-2.952447379980754,-6.9057881188974335,-0.09578239212431527
1483678800,2017-01-06,35.82,36.16,35.42,35.93,1858735.0,-0.003061508488728104,0.006401335930976915,-0.014194266629557473,0.008136924803591405,-2.0567770665182223,1.6559560462357439,-5.769510179272189,-0.08071249652101642,-4.124686891177291,-2.1026996938491465,0,12.5861728168017,-1.2097882870497603,21.254535110106698,16.804863021638454,-2.679705643753479,2.374849992200648,-2.673064505933759,0.6598527119471292,0,0.20532037375955275,-21.999999999999996,20.000000000000004,-42.0,-2.0567770665182223,-3.379957414321211,-7.356893381639523,-0.057383402931556526
1483938000,2017-01-09,35.83,36.12,35.42,35.68,1669838.0,0.004204035874439516,0.012331838565022402,-0.007286995515695005,-0.006957973838018328,-1.4700112107623227,2.0021355879623997,-4.942158009487059,0.54886023916292,-3.5598841554559044,-1.5055119581464709,0,10.838418070261945,-1.9510854630392989,21.454569470808572,3.011717975641652,-1.6309175885966738,2.36080373730181,-2.3030811021951045,-0.6091599890965105,0,0.15614431747791643,-26.0,20.0,-46.0,-1.4700112107623227,-2.4455417574666996,-6.444718731267628,-0.0534555178862095
1484024400,2017-01-10,35.81,36.2,35.45,35.64,2892881.0,0.004769921436588165,0.015712682379349197,-0.00533108866442189,-0.0011210762331838042,-1.4927048260381497,1.5307629607699056,-4.516172612846205,0.5957725402169842,-3.5680882903104987,-1.4861578750467572,1,10.55361899386672,-2.5963377972123607,21.50783461608166,14.647369892406118,-1.1228807837615307,2.3449479026576707,-1.8736998216455234,-1.0678162684266694,-1,-0.017277427773929665,-30.0,16.0,-46.0,-1.4927048260381497,-2.113571786945954,-6.091102007135518,-0.0578158139888868
1484110800,2017-01-11,35.51,35.57,34.47,35.07,4537401.0,0.012546335899629169,0.014257199885942429,-0.017108639863130937,-0.015993265993266004,-0.014257199885946648,2.864002753879774,-2.892517153651667,2.1414314228685356,-2.2098659823210625,-0.03421727972626343,1,6.580610001806065,-2.3935430002783176,19.89978013866128,-0.03334591453963753,0.35947661432599887,2.451141110145733,-3.1245272870729153,-1.6512305959431615,0,0.007560372402267169,-34.0,12.0,-46.0,-0.014257199885946648,-0.4728315766403597,-4.385770141051907,-0.10083399542798921
1484197200,2017-01-12,35.09,35.3,34.37,34.96,2686333.0,0.003718535469107609,0.0097254004576659,-0.016876430205949755,-0.0031365839749073476,0.203089244851256,2.9915962286110442,-2.5854177389085606,2.4084668192219567,-2.050915331807772,0.17877574370707805,1,5.836407481863681,-1.9079685746352406,18.243656989453314,-8.378486220613311,0.5311297419900711,2.473234193213757,-4.431877733972552,-0.9752956220754287,0,0.03893585685999761,-38.0,-12.0,-26.0,0.203089244851256,-0.1444669615108154,-3.924731336366378,-0.13624115988472352
1484283600,2017-01-13,35.04,35.39,35.01,35.23,1372249.0,-0.0053931308543854195,0.004541583877377242,-0.006244677831393708,0.007723112128146248,-0.4413851830825877,2.191930430024371,-3.0747007961895463,1.6070583782760792,-2.633645567224903,-0.5132935944744048,1,7.287922974766474,2.5320139697322395,17.419055584123523,-1.9563290083398002,-0.1537695637267973,2.3661560280033016,-5.519139457143314,0.5006897208889115,0,0.09590667024455958,-42.0,-12.0,-30.0,-0.4413851830825877,-0.8231090041143574,-4.47825870801347,-0.14046055086559284
1484629200,2017-01-17,35.07,35.21,34.66,34.78,1698493.0,0.008338125359401927,0.012363427257044313,-0.0034502587694078546,-0.012773204655123327,0.8884416331224685,3.4742757356123803,-1.6973924693674434,2.950929653057301,-1.307264711520034,0.8218324707686406,1,4.164728712295229,0.8408234270803107,15.383000692882975,-3.3711950685753536,1.1280717415254315,2.3426349282535774,-6.754255384825353,-0.6228149409376859,0,0.05801984327489288,-46.0,-12.0,-34.0,0.8884416331224685,0.4162703331361115,-3.115202370013421,-0.1705394421329819
1484715600,2017-01-18,34.95,34.95,34.63,34.77,2115609.0,0.0051768766177739955,0.0051768766177739955,-0.004026459591601972,-0.0002875215641172657,0.9217716422202926,3.501918461950112,-1.6583751775095124,2.9580097785447066,-1.2295081967213122,0.8642507909116972,1,4.095742406734615,0.0863557858376544,13.663668496899305,-8.478811624112218,1.0833137393329224,2.241667604380978,-7.855319607494575,-0.7766223055549535,0,0.04478503781526127,-46.0,-8.0,-38.0,0.9217716422202926,0.40275519610912625,-2.9662658157101163,-0.1867813160499604
1484802000,2017-01-19,34.9,34.95,34.63,34.81,1894635.0,0.002585463947141431,0.0040218328066647935,-0.005170927894283195,0.0011504170261720237,0.8014938236139244,3.38375747542932,-1.7807698282014854,2.7990041175907123,-1.2343196399502148,0.7823422388202488,1,4.340599621585838,-0.0861079219288207,12.313895795819677,-3.0066930692320213,0.9540640312431208,2.1448191690734313,-8.877736385687424,0.6959845022183114,0,0.08455064439776298,18.0,60.0,-42.0,0.8014938236139244,0.2600130849175457,-2.9570700656222186,-0.18988239409799312
1484888400,2017-01-20,34.89,34.99,34.54,34.84,1970994.0,0.0014351320321468464,0.004305396096440761,-0.008610792192881855,0.0008618213157138843,0.6486796785303994,3.2309221198131013,-1.9335627627522882,2.570799846919215,-1.3327592805204773,0.6190202831993759,1,4.532070519151617,-1.3031161473087642,11.243809291692651,-4.422022843904308,0.8654827932091109,2.082161346934558,-9.672251150526169,0.7241835015593581,0,0.10317245306523758,14.0,60.0,-46.0,0.6486796785303994,0.15714019768411447,-2.921391256517836,-0.18478990849208748
1485147600,2017-01-23,34.85,35.07,34.35,34.53,1668092.0,0.009267303793802473,0.01563857515204159,-0.005212858384013863,-0.008897818599311158,1.4176078772082406,4.051467780894754,-1.2162520264782586,3.4120088811661304,-0.6047881069601146,1.4036103871029866,1,2.15320230597289,-2.622673434856175,9.332011621757463,-4.7561567487035035,1.7868174226292126,2.0997321526904145,-10.082389489206793,-0.6143275407601888,0,0.07108224387193711,10.0,24.0,-14.0,1.4176078772082406,0.9557190093624399,-1.9694623586633924,-0.19610564455138785
1485234000,2017-01-24,34.78,35.43,34.77,35.34,2213388.0,-0.015846066779852896,0.002546689303904781,-0.016129032258064502,0.023457862728062606,-0.8078664402943048,1.7450703097071454,-3.3608031902957407,1.0625353706847704,-2.799943406904376,-0.8687040181097956,1,7.278979597535901,2.0207852193995466,9.91661560660936,-3.7252010876967745,-0.49739488964337397,2.0869689668146174,-11.130644267241252,0.8325901709184405,0,0.08980924050214303,6.000000000000007,24.000000000000007,-18.0,-0.8078664402943048,-1.2288536253639393,-4.05099549862274,-0.14518979857996356
1485320400,2017-01-25,35.62,36.11,35.62,36.1,989820.0,-0.013296398891966876,0.0002770083102492382,-0.013296398891966876,0.021505376344086002,-2.70637119113573,0.05367155471289209,-5.4664139369843525,-0.878116343490305,-4.69806094182826,-2.7880886426592895,1,11.366635721766542,3.944716383530103,12.405212704942443,-5.11398043464839,-2.5295440500666047,2.049456435959579,-11.004664247114892,0.38096635995684,0,0.06988146380277484,50.0,72.0,-21.999999999999996,-2.70637119113573,-2.993175115798522,-5.832897107786138,-0.06079746166907424
1485406800,2017-01-26,35.95,36.22,35.57,35.65,1308483.0,0.008415147265077305,0.015988779803646658,-0.0022440392706871704,-0.01246537396121894,-1.3941093969144447,1.4714977796282085,-4.259716573457098,0.4936886395511948,-3.399719495091162,-1.4530154277699836,1,7.91294305824232,1.711840228245368,12.879115520383285,-10.857211163509426,-1.2910498699660877,2.05732299217758,-10.729952833351302,-0.5188392030399416,0,0.021083142802807736,46.0,72.0,-26.0,-1.3941093969144447,-1.6002388458240802,-4.462124518858673,-0.03692749804349571
1485493200,2017-01-27,35.66,35.78,35.14,35.32,1029044.0,0.00962627406568517,0.013023782559456354,-0.005096262740656887,-0.009256661991584814,-0.3397508493771113,2.3771940167890477,-3.0566957155432846,1.4713099282748203,-2.328237070592678,-0.42846357115892886,1,5.501729321610718,2.7341477603257642,12.157690295258766,-16.41519215113894,-0.46695504315167113,2.0576491278205378,-11.310281624639149,-0.4175229036616954,0,-0.01942061376021981,42.0,72.0,-30.0,-0.3397508493771113,-0.6160300143166495,-3.4295195832879557,-0.04450080352061653
1485752400,2017-01-30,35.42,35.53,34.86,35.46,1812339.0,-0.0011280315848843925,0.001974055273547659,-0.016920473773265665,0.003963759909399789,-0.6006768189509302,1.9733061293524514,-3.1746597672543118,1.2267343485617488,-2.6536943034405027,-0.7134799774393628,1,6.313985437589125,2.7230590961761227,11.947641168085719,-16.5598508479883,-0.9343798171976232,2.0380915589599518,-12.233722772333675,0.7423810316065067,0,0.046766384762918556,38.0,72.0,-34.0,-0.6006768189509302,-0.9123699701979575,-3.661347750243209,-0.04128940739943526
1485838800,2017-01-31,35.33,35.72,35.03,35.69,1974843.0,-0.010086859064163622,0.0008405715886803389,-0.018492574950966567,0.006486181613085007,-1.0717287755673794,1.3386182958848138,-3.482075847019601,0.7289623610721776,-3.1516764733352147,-1.2113570561315044,1,7.650800282056657,3.5092807424593997,12.383362753545143,-18.882554918416588,-1.6901449662630768,2.0184114134598694,-12.873288374695436,0.8114429637498748,0,0.16678833815181107,34.0,72.0,-38.0,-1.0717287755673794,-1.4032210486079322,-4.114261791328133,-0.025649019287035446
1485925200,2017-02-01,35.97,36.28,35.56,35.87,1302115.0,0.0027878449958183005,0.011430164482854943,-0.00864231948703642,0.005043429532081811,-1.4510733203233883,1.0124401053845986,-3.914586746031361,0.3610259269584617,-3.4889880122665033,-1.5639810426540066,1,8.692116987008944,2.3979446188980766,13.212648532720284,-9.213263439768646,-2.033780330464836,2.008208896218439,-12.601913981949995,0.5400565010133668,0,0.16455288494509177,30.0,72.0,-42.0,-1.4510733203233883,-1.717230508677531,-4.415215163303515,-0.0061706986611667625
1486011600,2017-02-02,35.85,36.07,35.2,35.38,1913326.0,0.013284341435839453,0.019502543810062223,-0.005087620124364034,-0.013660440479509206,-0.1286037309214123,2.3326841486929197,-2.5898916105357443,1.7067081213491662,-2.015733936310525,-0.15451290748069368,1,4.8289163849848435,-0.8408071748878844,12.193406831573112,-7.934770287093485,-0.49568054167286846,2.0662357473867794,-13.013974119178757,-0.7981452412877121,0,0.09076596308959956,26.0,72.0,-46.0,-0.1286037309214123,-0.32214071519960896,-2.9701696025655053,-0.028051692529949157
1486098000,2017-02-03,35.58,35.74,35.37,35.49,1114996.0,0.002535925612848544,0.0070442378134685235,-0.0033812341504650956,0.003109101187111385,-0.45928430543816035,1.9715293741426194,-2.89009798501894,1.3224382455151726,-2.261669953977645,-0.4696158542312361,1,5.520744166724796,-0.42087542087541685,11.668948628399313,-13.44621744490906,-0.7601055774114798,1.9871683565855087,-13.396601389462607,0.4689401527598005,0,0.06533468740283649,22.0,64.0,-42.0,-0.45928430543816035,-0.5709850280715898,-3.1426391451884257,-0.036354331833530096
1486357200,2017-02-06,35.19,35.48,35.14,35.46,915304.0,-0.0076142131979696215,0.0005640157924420297,-0.009024252679075029,-0.0008453085376162184,-0.4413423575860236,1.8718977831457408,-2.754582498317774,1.2845459672870874,-2.189791314156807,-0.45262267343485973,1,5.277695979506184,-1.3080990815474502,11.134474593799194,-12.191799359593297,-0.5872971356831727,1.9172908401374915,-14.179089831477027,-0.3903459047507273,0,0.14705740637945405,18.0,64.0,-46.0,-0.4413423575860236,-0.4404975616777449,-2.9406682480531003,-0.04456269753882891
1486443600,2017-02-07,35.39,35.39,34.7,35.05,1752371.0,0.009700427960057212,0.009700427960057212,-0.00998573466476449,-0.01156232374506494,0.6333808844508155,2.9395769418843116,-1.6728151729826948,2.368996671421769,-1.1431288635282897,0.6129339039467396,1,2.0027622423228664,-1.7656950672645813,9.241557715039173,-11.595027819615773,0.6580251968008923,1.9560479549349516,-14.25365195361302,-0.751680598438939,0,0.1627604516721885,14.0,7.999999999999993,6.000000000000007,0.6333808844508155,0.6551445863667453,-1.734512996963531,-0.07643082313406885
1486530000,2017-02-08,35.09,35.49,34.84,35.37,2049546.0,-0.007916313259824559,0.003392705682782049,-0.014984450098953772,0.00912981455064199,-0.3152389030251612,1.924351979413629,-2.5548297854639515,1.3537838092545513,-2.0982942229761647,-0.3722552068607996,1,4.23053523297294,-0.7575757575757663,8.641726516217133,-11.097097284133653,-0.1473408170028705,1.9311629118019924,-14.516769412505827,0.8731994282063151,0,0.20958142222981543,10.0,8.0,2.0,-0.3152389030251612,-0.23117043325532904,-2.520658000097015,-0.07469675216614263
1486616400,2017-02-09,34.97,36.11,34.97,35.53,2671975.0,-0.015761328454826917,0.016324233042499303,-0.015761328454826917,0.004523607577042732,-0.6994089501829421,1.5398814638794676,-2.938699364245352,0.9733558495168353,-2.4744347499765524,-0.7505394502298515,1,5.321963426536783,1.3116623895067034,8.63364547200312,-0.5621640051260144,-0.3956549746446001,2.014329979646323,-14.686427508308851,1.1291789891801074,0,0.1721276117972486,6.000000000000007,8.000000000000007,-2.0,-0.6994089501829421,-0.615648032193576,-2.843566607455813,-0.062032955443739435
1486702800,2017-02-10,35.74,36.41,35.67,36.39,2100203.0,-0.017862050013739972,0.0005496015388841702,-0.019785655399835123,0.024204897269912706,-2.849683979115156,-0.3346278287720992,-5.364740129458212,-1.2631675368690907,-4.577264816341483,-2.920216176605294,1,10.633293376177932,4.090389016018306,11.196530468142344,7.584714808692041,-2.411868837320114,1.9989771018310363,-14.392638503388406,0.8852279306926782,0,0.2907717963559923,50.0,56.0,-6.0,-2.849683979115156,-2.6820627292857893,-4.938096631040807,0.001631274813264194
1486962000,2017-02-13,36.43,36.87,36.18,36.43,2428610.0,0.0,0.012077957727147925,-0.006862475981334049,0.0010992030777685624,-2.7916552292066967,0.024073441442794774,-5.607383899856217,-1.1528959648641148,-4.548449080428213,-2.850672522646164,0,10.861094474610695,3.406187908032935,13.344216891155883,8.132792515037075,-2.1526703995832577,1.9894437425261913,-13.496576478503826,1.033038613272643,0,0.19056773861131326,50.0,60.0,-10.0,-2.7916552292066967,-2.5233062646634608,-4.84473014794699,0.041590002281197413
1487048400,2017-02-14,36.49,36.64,35.95,36.28,1783929.0,0.005788313120176358,0.009922822491730932,-0.009095920617420039,-0.004117485588800429,-2.1830209481808254,0.7077262430208009,-5.073768139382452,-0.5310547592796979,-3.9792355751561956,-2.2551451672179468,0,9.501950099822537,4.312823461759631,14.507174794263259,2.0385220595979803,-1.6505959378495731,1.9908266302232216,-13.122357849202603,-0.7778782267064753,0,0.14179062335811657,46.0,60.0,-14.0,-2.1830209481808254,-1.9183557741535537,-4.2767486246383015,0.05237572917696459
1487134800,2017-02-15,36.28,36.76,35.94,36.64,1615502.0,-0.009825327510917026,0.0032751091703056012,-0.019104803493449896,0.009922822491730932,-2.888919213973807,0.13458955371848447,-5.9124279816660845,-1.2131550218340834,-4.763919213973793,-2.988537117903917,0,11.664728453547468,5.378199597354033,16.47632265785281,8.059931950226506,-2.4982395040691046,1.990317903693232,-12.605897538597134,0.7167090542649988,0,0.2270393900049775,50.0,68.0,-18.0,-2.888919213973807,-2.607560046578712,-5.012662452367493,0.07673861252828185
1487221200,2017-02-16,36.65,36.93,36.0,36.17,1435571.0,0.01327066629803686,0.021011888305225268,-0.00470002764722155,-0.012827510917030494,-1.4390378766933765,1.5373482713113162,-4.415424024698083,0.3718551285595879,-3.393696433508424,-1.5109206524744394,1,7.448461888604747,3.9069232979029,16.211092212915858,7.03118017361993,-1.0932145030614606,2.05582413185189,-11.886268002363948,-0.6518832932777558,0,0.20481118414535932,46.0,68.0,-21.999999999999996,-1.4390378766933765,-1.2142119910294582,-3.630206844846228,0.05519068812043365
1487307600,2017-02-17,35.81,37.05,35.54,37.05,2449406.0,-0.03346828609986496,0.0,-0.040755735492577494,0.024329554879734427,-3.4817813765181995,-0.3210504448833831,-6.642512308153016,-1.632028789923524,-5.59424201529464,-3.6131354026090747,0,12.501641168029565,6.3432835820895335,18.437087809218607,15.21786733230411,-3.148102229525904,2.1547504627686087,-12.162754332260866,1.1514216336900238,1,0.23951781621969387,50.0,76.0,-26.0,-3.4817813765181995,-3.221441946655318,-5.687028391588626,0.09202439206470137
1487653200,2017-02-21,37.26,37.87,36.91,37.27,2622847.0,-0.0002683123155353684,0.016098738932116774,-0.009659243359270375,0.005937921727395601,-3.6839280922994533,-0.45332747608367185,-6.9145287085152205,-1.818263124944096,-5.8214828727305274,-3.8198729988373117,0,13.637995223963479,7.9351288734433885,20.737461864199332,16.24657210851018,-3.2434973100773306,2.1730146046082646,-11.306292540311546,1.274751289194777,0,0.13957640097256604,50.0,80.0,-30.0,-3.6839280922994533,-3.4315024957491858,-5.998892918927396,0.12119028567062201
1487739600,2017-02-22,37.23,37.47,37.06,37.39,1502601.0,-0.004279219042524818,0.0021396095212622424,-0.008825889275207222,0.0032197477864233104,-3.7189087991441596,-0.13919775644546917,-7.29861984184285,-1.8824106267272924,-5.805919586342156,-3.8441651065347315,0,14.259855295155432,5.8007923033389845,22.849193334013847,10.691186314297042,-3.3432629838804644,2.089648313297578,-10.51100659064432,0.7489714459636303,0,0.18013941235131414,50.0,84.0,-34.0,-3.7189087991441596,-3.3851040669326693,-6.05349979040885,0.1373632364123809
1487826000,2017-02-23,37.49,37.66,37.02,37.13,1550345.0,0.009695663883652061,0.014274171828709825,-0.002962563964449272,-0.006953730944102676,-2.9060059251279284,0.9354607222536089,-6.747472572509466,-0.996498788042004,-4.98788042014543,-2.992189604093724,0,11.84753086342554,2.85318559556787,23.47738593553266,11.35056862156405,-2.367949235979438,2.077094678243532,-9.535680187477796,-0.7844104866126271,0,0.18666335458208083,46.0,84.0,-38.0,-2.9060059251279284,-2.4506069795822185,-5.1840525873618475,0.11998085862736968
1487912400,2017-02-24,36.65,36.76,36.04,36.3,2635691.0,0.009641873278236845,0.012672176308540006,-0.007162534435261603,-0.022353891731753395,-0.5964187327823538,3.3096521608582776,-4.502489626422999,1.3530762167125658,-2.7488521579430625,-0.697887970615227,0,4.919586803248855,1.8232819074333761,20.663738061291212,7.895554898816634,-0.024914121556690816,2.187313715547759,-10.431329556881028,-1.3333190407977897,0,0.1639752207716929,42.0,84.0,-42.0,-0.5964187327823538,-0.1991731678943438,-2.8978068145997185,0.04582833494051608
1488171600,2017-02-27,36.37,37.24,36.27,37.23,1945790.0,-0.02309965081923182,0.0002686005909213751,-0.025785656728444684,0.025619834710743694,-2.8229922105828678,1.088145993986501,-6.7341304151522365,-0.9329393857999833,-5.02104037962215,-2.9769898827110524,0,10.180477781362683,5.4077010192525385,20.84311578150351,12.61437426309947,-2.32813888750087,2.1664428501726474,-10.610917301804607,0.9889264370242787,0,0.19652366095133084,38.0,84.0,-46.0,-2.8229922105828678,-2.4357849326538172,-5.1146445156122695,0.05219521771941771
1488258000,2017-02-28,37.0,37.33,36.89,37.0,1974061.0,0.0,0.008918918918918939,-0.0029729729729729426,-0.006177813591189851,-2.010810810810824,1.9317793950127395,-5.953401016634402,-0.10630630630630833,-4.157657657657651,-2.1319819819819656,0,8.406080914754796,4.342921601804848,20.12511900946239,18.884057046181283,-1.3725221730274058,2.1091441603379524,-10.660611800076541,-1.010036009382832,0,0.15981394514421196,34.0,40.0,-6.0,-2.010810810810824,-1.655085183798377,-4.3473728407503955,0.03454888854720567
1488344400,2017-03-01,37.62,38.09,37.48,37.7,2201134.0,-0.002122015915119513,0.010344827586206806,-0.005835543766578355,0.018918918918918948,-3.5636604774535954,0.5801588723969502,-7.707479827304155,-1.669761273209545,-5.6246684350132625,-3.6472148541113967,0,11.995897124597477,5.631829644158042,21.25509326790567,19.203689906807796,-2.7118376900415626,2.1286440718502377,-9.81339937199158,1.1305502787199198,0,0.09305726831543396,50.0,60.0,-10.0,-3.5636604774535954,-3.14958302919068,-5.883282342685021,0.06204827651655409
1488430800,2017-03-02,37.72,38.05,37.65,37.84,2094462.0,-0.003171247357294016,0.005549682875264139,-0.005021141649048766,0.003713527851458842,-3.6601479915433544,0.7576315271948317,-8.07792751028154,-1.8190627202255314,-5.674770965468639,-3.7469168428470994,0,12.67409911579908,5.492054641761935,22.441286024548283,18.74143652296891,-2.559178243745251,2.0447909612160244,-9.026702117341257,1.123251926579597,0,0.09291243622641288,50.0,64.0,-14.0,-3.6601479915433544,-3.173822515616237,-5.9871219746932525,0.08052324970325742
1488517200,2017-03-03,37.84,37.9,37.45,37.68,2089148.0,0.00424628450106157,0.0058386411889597145,-0.006104033970275924,-0.0042283298097252064,-2.9458598726114644,1.503440410169361,-7.39516015539229,-1.175690021231432,-4.9363057324840725,-3.055997876857745,0,11.356873586008064,6.500847936687386,22.78767928135979,11.311564388807675,-1.8471885542776931,1.9921018532783334,-8.677994190479968,-1.1261921400613377,0,0.024458935734676404,46.0,64.0,-18.0,-2.9458598726114644,-2.4995594932608327,-5.3687825655661925,0.07304457799372333
1488776400,2017-03-06,37.2,37.27,36.66,36.75,1826795.0,0.01224489795918382,0.014149659863945674,-0.002448979591836875,-0.02468152866242035,-0.31836734693878554,4.042140999779505,-4.6788756936570906,1.5428571428571303,-2.3782312925170146,-0.41768707482991374,0,4.365895426653303,3.5502958579881603,19.759086501934377,3.945627179718862,0.7373672915337295,2.094871082234906,-9.672069173391824,-0.9901947254587089,0,0.0026654796672434425,42.0,64.0,-21.999999999999996,-0.31836734693878554,-0.029134606304239696,-2.8574046292950186,0.0003846242895774177
1488862800,2017-03-07,36.68,36.83,36.31,36.56,2167778.0,0.003282275711159688,0.007385120350109409,-0.006838074398249461,-0.005170068027210872,0.3501094091903809,4.481795056813766,-3.7815762384330327,2.2602115244346948,-1.7304886943836522,0.2648614150255071,0,3.065620999742329,3.10208685843204,16.780230949471637,3.1927026680394945,1.2919479429755967,2.0569409572087487,-10.442087540223005,-1.1695803638164528,0,0.0024222632632835027,38.0,64.0,-26.0,0.3501094091903809,0.44370214799947405,-2.260303442207814,-0.06209654477096038
1488949200,2017-03-08,36.6,36.91,36.46,36.78,1630036.0,-0.004893964110929794,0.0035345296356714684,-0.008700380641653127,0.006017505470459428,-0.014953779227838027,3.547593600718031,-3.577501159173707,1.8429400036251735,-2.058636940366128,-0.10784846837049145,0,4.39505233780023,4.935805991440811,14.974274390528434,3.236268234309499,0.7277909123045987,1.9859840327471714,-11.279855029296922,0.883674517227559,0,-0.013736285496132344,34.0,64.0,-30.0,-0.014953779227838027,-0.1421408372998343,-2.733368517901212,-0.08861570993370349
1489035600,2017-03-09,36.83,36.83,36.29,36.45,1693731.0,0.010425240054869667,0.010425240054869667,-0.004389574759945281,-0.008972267536704659,1.0384087791495347,4.20445495174387,-2.1276373934448003,2.926840420667574,-0.9798811156835967,0.9734796524919886,1,2.0664236805595877,3.053435114503832,12.46917216835525,2.7475758038923175,1.6483844314669511,1.9666439455569908,-11.806158445351908,-0.9105031118993596,0,-0.005835793039390002,30.0,64.0,-34.0,1.0384087791495347,0.6893580770502865,-1.7801078083498396,-0.12610215126608593
1489122000,2017-03-10,36.77,36.98,36.43,36.65,1807493.0,0.0032742155525240513,0.009004092769440586,-0.006002728512960354,0.00548696844993124,0.6398362892224014,3.3524488956088447,-2.0727763171640845,2.441564347430642,-1.282855843565244,0.5793542519326991,1,3.340722552007392,3.1522656909653737,10.980084379517125,1.6813232745889763,1.1504052263880737,1.9233955049740399,-12.54784441418422,0.961633714698968,0,-0.10729421708086538,26.0,64.0,-38.0,0.6398362892224014,0.12657043625176811,-2.2252689998679642,-0.1343867934981664
1489377600,2017-03-13,36.84,37.42,36.74,37.37,1937718.0,-0.014182499331014009,0.0013379716350014892,-0.016858442601016765,0.019645293315143197,-1.1680492373561435,1.4769565635528465,-3.813055038265148,0.5962893586656008,-3.0403175452680387,-1.2220140933012118,1,7.611066455531407,2.693047540533105,11.627596273532271,0.4317795567216791,-0.8505193174180476,1.898776307092935,-12.939017521781505,1.0222575859228087,0,-0.024691609042290327,22.0,64.0,-42.0,-1.1680492373561435,-1.6308761506123943,-3.9479341893271,-0.09044253928028678
1489464000,2017-03-14,37.1,37.82,37.04,37.73,1874206.0,-0.0166975881261594,0.0023853697323086287,-0.018287834614365117,0.009633395772009612,-1.9387755102040671,0.7592997392533931,-4.636850759661542,-0.21424154077213586,-3.840003533881088,-2.027122537326619,1,9.559081266981323,3.568487510293706,13.03715473424096,6.641131149553026,-1.7469663738806958,1.8939921202317573,-12.735837065733252,0.9805602640353318,0,-0.0051989459479866934,18.0,64.0,-46.0,-1.9387755102040671,-2.324752304241059,-4.6736516591584945,-0.038834077162668235
1489550400,2017-03-15,37.91,38.79,37.77,38.55,1905866.0,-0.01660181582360576,0.006225680933852118,-0.020233463035019272,0.02173336867214415,-3.730220492866394,-0.7018108269628556,-6.7586301587699325,-2.024210981409425,-5.658452226545592,-3.8413316039775083,0,13.572852990124403,6.2568908489525805,16.123095193532343,12.884030887423798,-3.634569948085499,1.9177027886834814,-11.440434619606194,0.9924417177305846,0,0.06780194543361484,50.0,96.0,-46.0,-3.730220492866394,-3.983132832241722,-6.438547838509919,0.044317397196283914
1489636800,2017-03-16,38.64,38.8,38.22,38.28,1566635.0,0.00940438871473348,0.013584117032392706,-0.0015673981191223207,-0.007003891050583522,-2.836990595611283,0.4303400846133343,-6.1043212758359005,-1.1050156739811854,-4.702194357366764,-2.903605015673989,0,11.458676844935127,4.475982532751093,17.63941481553389,21.17535100293233,-2.5565039504124627,1.9015090919329871,-10.227531205680851,-0.8165736798048348,0,0.05141094544483471,46.0,92.0,-46.0,-2.836990595611283,-2.9910504589932145,-5.552018634393292,0.07321822097725572
1489723200,2017-03-17,38.15,38.2,37.27,37.5,2410402.0,0.0173333333333332,0.01866666666666683,-0.006133333333333213,-0.020376175548589393,-0.638666666666694,2.466207208032529,-3.7435405413659026,1.1239999999999952,-2.548000000000002,-0.7120000000000175,0,5.8142270523020585,3.6770804534144266,16.310685830604328,12.774315163352895,-0.3715750140368357,1.9947942562086312,-10.69654962540129,-1.2480510997177814,0,-0.06440137504342162,42.0,72.0,-30.0,-0.638666666666694,-0.880572469631673,-3.4468143230871533,0.033886871363627946
1489982400,2017-03-20,37.53,37.64,37.19,37.34,1277512.0,0.005088377075522121,0.008034279592929794,-0.004017139796465119,-0.00426666666666653,-0.17407605784683255,2.9343815367473383,-3.2825336524410034,1.5282985181217725,-1.8755579360828563,-0.17362970898055607,0,4.728909129958225,0.7827260458839574,14.780939141432603,6.993796666541087,0.11647638785861147,1.9463275688685209,-11.250156093945106,-0.6657849932106725,0,-0.04490448681247405,38.0,72.0,-34.0,-0.17407605784683255,-0.4124364075453002,-2.914144175237965,-0.006659551785650808
1490068800,2017-03-21,37.51,37.51,35.77,35.82,1972510.0,0.047180346175321075,0.047180346175321075,-0.0013958682300390102,-0.04070701660417786,3.859575656058084,7.552268484265241,0.16688282785088404,5.808207705192643,2.042155220547187,3.925181462869915,0,-4.1807319176320945,-3.890528575261612,9.063469033738464,-0.8358749832977708,4.064239619696551,2.2309689887536033,-10.979973854567309,-1.026770790118735,0,-0.092743629183163,34.0,-16.0,50.0,3.859575656058084,3.4503109014688533,1.1583554856713647,-0.13261889331233045
1490155200,2017-03-22,35.91,36.61,35.44,36.38,3004486.0,-0.012919186366135427,0.006322155030236365,-0.02583837273227063,0.015633724176437713,2.1220450797141126,5.878573501971047,-1.6344833425428078,4.124060839288973,0.20707348359904643,2.1655671614440024,0,-0.9632134115275903,-2.7012570205937365,6.1151776803165525,-10.130279947378831,1.997083525395979,2.26944360972081,-10.413695741100991,1.542522821306639,0,-0.018662723835837756,30.0,-16.0,46.0,2.1220450797141126,1.6809505397022093,-0.3831439482258787,-0.17246739450933773
1490241600,2017-03-23,36.24,36.3,35.83,36.14,2004525.0,0.0027670171555063128,0.004427227448810189,-0.00857775318206977,-0.006597031335898951,2.663254012174889,6.637171377999081,-1.3106633536493035,4.6287585316362225,0.7327983766832773,2.6807784541597215,0,-2.2426421082848336,-2.6663075680043145,3.260028121211886,-9.876763529974752,2.3445136871973062,2.230039253659104,-9.887866064310838,-1.038610233419985,0,0.0031889719897522572,26.0,-16.0,42.0,2.663254012174889,2.1317978128085855,0.26747828977373445,-0.2069154079281229
1490328000,2017-03-24,36.26,36.41,35.96,36.2,1612373.0,0.0016574585635358297,0.005801104972375626,-0.006629834254143652,0.0016602102933038765,2.479281767955783,6.4791777938945785,-1.5206142579829987,4.393646408839743,0.5787292817679486,2.48618784530386,0,-1.8863847039772494,-0.2754820936638962,1.1971355722914503,-3.632221401964337,2.060346217745362,2.1561109750475924,-9.576238371361402,0.8615375201331129,0,0.055148844525199754,22.0,-16.0,38.0,2.479281767955783,1.7756120575416219,0.09731697769946379,-0.2165557772316455
1490587200,2017-03-27,35.63,36.17,35.44,36.13,1621449.0,-0.01383891502906176,0.0011071132023248165,-0.01909770274010536,-0.001933701657458542,2.5256019928037574,6.6940293050650865,-1.6428253194575433,4.424301134791037,0.6684195959036714,2.54636036534734,0,-2.285968678387789,-2.954606500134285,-0.6118365933547917,-2.6282016802526087,2.1684638121137283,2.1562330964718623,-8.748627091782996,-0.8763600370842481,0,0.1143176913925162,18.0,-16.0,34.0,2.5256019928037574,1.784911593290289,0.2798287529472958,-0.21794455359404719
1490673600,2017-03-28,36.15,36.78,36.02,36.62,2688093.0,-0.012834516657564188,0.0043691971600219315,-0.016384489350081743,0.01356213672848039,1.1018569087930103,5.245123742442274,-3.0414099248562536,2.988803932277449,-0.8042053522665213,1.0922992900054709,0,0.7291509752285279,-1.0270270270270339,-0.8247463464822434,-0.6374536602391743,0.7153679051725277,2.1236660745140616,-8.939245339905607,1.4324840393066416,0,0.14160601151106117,14.0,-16.0,30.0,1.1018569087930103,0.38267959408857166,-1.020335812769531,-0.1778539579479478
1490760000,2017-03-29,36.63,37.09,36.57,36.77,1106379.0,-0.003807451726951294,0.00870274680446026,-0.00543921675278769,0.004096122337520658,0.5629589339135208,4.610302743409449,-3.484384875582407,2.4277037439941864,-1.325355815429262,0.5511739642824836,0,1.6279964635815958,-2.466843501326259,-0.6142414030278655,4.537483263687847,0.35808978585956197,2.0649451638237,-9.55999165109999,0.593333450386273,0,0.16093784141010206,10.0,-16.0,26.0,0.5629589339135208,-0.0242682207610585,-1.368267063258827,-0.13515915133790657
1490846400,2017-03-30,36.74,36.87,36.53,36.8,811060.0,-0.001630434782608603,0.0019021739130435922,-0.0073369565217390464,0.0008158825129180869,0.3396739130434838,4.241056750383379,-3.5617089242964113,2.184782608695656,-1.5489130434782368,0.31793478260870245,0,1.813064193463525,-2.748414376321369,-0.36554055613916414,-0.33560118598551014,0.30283407782083316,1.9818797316757897,-10.086491554690225,0.44113095302974065,0,0.1996672720958959,6.000000000000007,-15.999999999999993,22.0,0.3396739130434838,-0.09569682591910578,-1.3918626469976942,-0.10042027267227606
1490932800,2017-03-31,36.71,36.93,36.59,36.65,1875726.0,0.0016371077762620256,0.00763983628922249,-0.0016371077762618036,-0.0040760869565217295,0.6098226466575625,4.421713452076602,-3.2020681587614632,2.4579354251932557,-1.2610277398817686,0.5984538426557577,0,0.7903270467766674,-2.7335456475583895,-0.5527105717686993,-7.762123144750831,0.6214389387494208,1.9141127726246294,-10.668309177090174,-1.0204066644725807,0,0.08874806445468796,2.0,-16.0,18.0,0.6098226466575625,0.2833609813777116,-0.9495261081594606,-0.0837473863060172
1491192000,2017-04-03,36.79,36.79,34.57,35.38,4087148.0,0.03985302430751836,0.03985302430751836,-0.02289429055963832,-0.03465211459754425,4.027699265121527,8.384531859217233,-0.32913332897418,6.177689843602806,1.8701714716412425,4.023930657622003,0,-6.807984255621847,-3.727891156462578,-3.99968770549897,-17.728211249028675,3.5732054017441897,2.2893867207401364,-9.185144063894155,-2.17339378853892,-1,-0.009402155280709331,-2.0,-52.0,50.0,4.027699265121527,3.5133091326581507,2.5037927369300377,-0.15055684041256684
1491278400,2017-04-04,35.17,35.25,33.8,33.93,4242458.0,0.036545829649277994,0.0389036251105217,-0.003831417624521105,-0.040983606557377095,8.085764809902756,13.941822107789065,2.2297075120164607,10.522153453187926,5.756459377149042,8.139306415168491,0,-13.39022559772689,-7.193654266958431,-10.157941524686356,-26.53132937445369,6.722318212332553,2.549325351221462,-7.2937938878016375,-2.195861296961346,-1,-0.1569797215292106,-6.0,-56.0,50.0,8.085764809902756,7.181054362841536,6.614324280437046,-0.27733317621748826
1491364800,2017-04-05,34.21,34.29,33.45,33.49,3395757.0,0.021498954911914003,0.023887727679904325,-0.0011943863839951607,-0.012967875036840493,9.014631233203943,16.24562484742802,1.783637618979867,11.58853389071362,6.64377426097343,9.116154075843525,0,-15.089589369117675,-8.945078847199563,-15.753740238048463,-32.87191623628635,7.021486168153032,2.577489909931055,-5.325301735439975,-1.7363632907023936,0,-0.2050245284430202,-10.0,-60.0,50.0,9.014631233203943,7.771204362486401,7.70073426596538,-0.36996182784536064
1491451200,2017-04-06,33.46,33.63,33.03,33.32,3129169.0,0.004201680672268893,0.009303721488595595,-0.008703481392556944,-0.005076142131979711,9.101140456182463,17.482884108953172,0.7193968034117546,11.687174869947967,6.699179671868748,9.193177270908365,0,-15.736425996646446,-8.587105624142668,-20.37956271021765,-33.07075239335086,6.448109145364427,2.5342175057594827,-3.2534927025500053,-1.565790988930701,0,-0.16660626955844832,-14.0,-64.0,50.0,9.101140456182463,7.5285757844476535,7.9266894627214555,-0.4182576385297028
1491537600,2017-04-07,33.15,33.52,32.92,33.35,2049074.0,-0.005997001499250421,0.005097451274362896,-0.012893553223388254,0.0009003601440575881,8.50824587706147,17.738620402841747,-0.7221286487188223,11.080959520239858,6.082458770614679,8.581709145427283,0,-15.510948987416427,-9.004092769440646,-23.913843769471484,-33.362145656706815,5.73005293591244,2.479592321256752,-1.2662790002488222,1.0177836189306202,0,-0.12368044869808818,-18.0,-64.0,46.0,8.50824587706147,6.724053341355216,7.522560691416686,-0.42251791065281186
1491796800,2017-04-10,33.35,33.53,33.06,33.33,1877234.0,0.0006000600060007688,0.006000600060006134,-0.008100810081007936,-0.0005997001499251642,7.967296729672981,17.76606671465059,-1.8314732553046298,10.535553555355534,5.597059705970594,8.066306630663078,0,-15.593765789074993,-10.810810810810809,-26.783833658646987,-27.91314667968058,5.269669893742474,2.4045845674871735,0.5609342674678892,-0.9246389737351333,0,-0.060198699684939884,-21.999999999999996,-64.0,42.0,7.967296729672981,6.1416090176871165,7.2895481041507395,-0.4011821092173569
1491883200,2017-04-11,33.29,33.57,33.01,33.55,2798897.0,-0.007749627421758554,0.0005961251862891537,-0.01609538002980626,0.0066006600660064585,6.63636363636364,16.553050347520056,-3.28032307479279,9.15896671634377,4.3184302036761295,6.738698460009914,0,-13.819336989784112,-11.078717201166182,-28.414098322179527,-19.573780838658365,3.8667952333718745,2.3374120656728077,2.2902836259082626,1.365338440878904,0,-0.03727438781032037,-26.0,-64.0,38.0,6.63636363636364,4.926970041346593,6.327735178548792,-0.34869102822678255
1491969600,2017-04-12,33.52,33.98,33.4,33.85,2929715.0,-0.009748892171344115,0.0038404726735596917,-0.013293943870014813,0.008941877794336861,4.997045790251107,14.363414737434283,-4.369323156932069,7.443131462333824,2.775480059084188,5.109305760709006,0,-11.433841212036342,-12.191958495460431,-28.760084856273,-11.924421254575947,2.452059662842103,2.273606820939427,3.1069436359882374,1.4159620917517086,0,-0.007730131300391429,-30.0,-64.0,34.0,4.997045790251107,3.6163706166650655,5.174200044472599,-0.273523940300357
1492056000,2017-04-13,33.67,34.13,33.34,33.34,1609474.0,0.009898020395920692,0.023695260947810493,0.0,-0.015066469719349995,5.862327534493119,14.998235903819392,-3.2735808348331688,8.393821235752824,3.5917816436712684,5.9928014397120535,0,-13.85174500970848,-12.904911180773244,-29.978064922729665,-16.721037858437924,3.6539923084105226,2.312753195548879,3.585413183461121,-0.7755715018266534,0,-0.05790272075525478,-34.0,-64.0,30.0,5.862327534493119,4.706014171605858,6.517041829142684,-0.2391532447947834
1492401600,2017-04-17,33.49,33.99,33.36,33.98,1295971.0,-0.014420247204237624,0.0002942907592702326,-0.01824602707474976,0.019196160767846138,3.350500294290754,11.943796008126142,-5.2427954195446205,5.73719835197177,1.113890523837597,3.4255444379046622,0,-8.96818440913573,-9.386666666666676,-28.802982647682366,-12.562002902437094,1.423004005668787,2.2437431472605636,4.029706334685933,0.6282389326012713,0,-0.0640324117823949,-38.0,-64.0,26.0,3.350500294290754,2.4735442937658974,4.333939546098222,-0.15821931434349912
1492488000,2017-04-18,33.68,34.23,33.68,34.07,1884304.0,-0.011447020839448263,0.004696213677722216,-0.011447020839448263,0.0026486168334314275,2.5975931904901586,10.717012971052611,-5.521826590072294,4.974072986987551,0.3336268466881904,2.653849916837885,0,-8.308051671856973,-8.757364756293526,-27.557542589143537,-14.43688796747395,0.5973209423087127,2.1932808458863704,3.962752196684086,0.9066784766063207,0,-0.08880402357732949,-42.0,-64.0,22.0,2.5975931904901586,1.9930530517577694,3.899178751385236,-0.08708224195709802
1492574400,2017-04-19,34.35,35.08,34.32,34.77,2284868.0,-0.012079378774805916,0.008915731952832795,-0.012942191544434989,0.020545934840035196,0.3810756399194446,8.25666278814549,-7.494511508306601,2.4834627552487802,-1.7817083692838764,0.3508771929824519,0,-3.4126372645211944,-2.9313232830820692,-24.222681934629207,-12.315421291746496,-1.5771901394844434,2.2031020572980236,2.440142826973723,1.0851177134362733,0,-0.06601878718468691,-46.0,-64.0,18.0,0.3810756399194446,-0.05455848364856308,1.7365691535553367,0.013312479681110712
1492660800,2017-04-20,35.08,35.65,35.06,35.17,2454920.0,-0.002558999147000418,0.013647995450668082,-0.0031276656241114864,0.011504170261719793,-0.9326130224623341,6.623156404698193,-8.488382449622861,1.1145862951378973,-2.9371623542792236,-0.9112880295706702,0,-0.8449219986467114,-3.32600329851567,-20.27376767442037,-7.011579429948242,-2.6495718547733276,2.2011945264212174,0.7287009655199128,1.15814957728333,0,-0.11914727715991151,-46.0,-60.0,14.0,-0.9326130224623341,-1.0778165523278034,0.556760699563938,0.10760683087346978
1492747200,2017-04-21,35.08,35.21,34.53,34.65,1865388.0,0.012409812409812426,0.016161616161616266,-0.0034632034632033903,-0.014785328404890663,0.33910533910533047,7.814797112293249,-7.136586434082588,2.4757094757094933,-1.6974506974506909,0.3891293891294083,0,-3.8789643524270403,-4.122855561704488,-18.234324960806784,-6.87221190369371,-1.4795632579330515,2.214817871418357,-0.664382384346478,-0.8815597857948113,0,-0.11899527481305557,-46.0,-56.0,10.0,0.33910533910533047,0.3679937404494069,1.9848243875050429,0.1341770139042222
1493006400,2017-04-24,35.27,35.56,35.06,35.48,1638382.0,-0.005918827508455293,0.0022547914317927464,-0.011837655016910809,0.02395382395382395,-2.1096392333709133,5.018258884386583,-9.23753735112841,-0.03053363397218334,-4.120161593385944,-2.0753476136790425,0,1.1835956173281446,-1.9889502762431104,-14.102660340336278,1.5332166279295834,-4.111362374066843,2.191707018401513,-2.3728657856799167,0.7819182697058169,0,-0.06138632032492255,-46.0,-52.00000000000001,6.000000000000007,-2.1096392333709133,-1.791393301357104,-0.38522996312451596,0.2027541770647654
1493092800,2017-04-25,35.63,36.03,35.45,35.82,1481400.0,-0.0053042992741484385,0.005862646566164198,-0.010329424902289164,0.009582863585118506,-3.082077051926291,3.892000248380455,-10.056154352233037,-1.0208449655685854,-5.029778522240846,-3.0253117439046946,0,3.084433697875305,-0.858012731801833,-9.897925247258684,11.167068237532114,-4.904195298876971,2.1314966602207734,-3.369426285399946,0.7111992489075333,0,0.05983754213840294,-18.0,-20.0,2.0,-3.082077051926291,-2.4641913965473634,-1.2785769782963001,0.2623328002958234
1493179200,2017-04-26,35.87,36.42,35.71,36.01,1958152.0,-0.0038878089419606132,0.011385726187170375,-0.008331019161344044,0.0053042992741485495,-3.6781449597333875,3.0366421283896585,-10.392932047856434,-1.6092752013329772,-5.58317134129409,-3.5962232713135194,0,4.134972440677515,-1.6657564172583275,-6.055918297785117,20.901685993887156,-4.934181504714957,2.1096376696917636,-3.844738223197119,0.9443469697028299,0,0.1574211540456534,-21.999999999999996,-19.999999999999996,-2.0,-3.6781449597333875,-2.695123551212234,-1.728894882557725,0.3029775440619917
1493265600,2017-04-27,37.24,37.49,35.44,36.96,2853358.0,0.007575757575757569,0.01433982683982693,-0.04112554112554123,0.026381560677589677,-6.128246753246756,0.5057736217387117,-12.762267128232224,-3.955627705627691,-8.241341991341983,-6.098484848484844,0,8.970438955562528,0.5167255915148156,-0.49667149968204083,31.318290348471493,-6.474403049455248,2.3047786841233875,-3.257708834841292,1.3620237333766123,1,0.2100653015461173,50.0,56.0,-6.0,-6.128246753246756,-4.70132006609964,-4.087947612322935,0.37743511175173944
1493352000,2017-04-28,37.06,37.13,36.7,37.08,2336467.0,-0.0005393743257819938,0.0013484358144553177,-0.01024811218985966,0.0032467532467532756,-6.394282632146712,0.3547085327451356,-13.14327379703856,-4.222402013664151,-8.518518518518505,-6.370460266091342,0,9.537646368718093,0.7608695652173945,4.14118201589298,38.33416921911261,-6.0135996109841585,2.216058063930508,-2.71261011708231,1.1076666739516592,0,0.23892904077461294,50.0,60.0,-10.0,-6.394282632146712,-4.5326128874734195,-4.225858580187676,0.41535380174432446
1493611200,2017-05-01,37.36,38.05,37.19,37.53,2452739.0,-0.004529709565680884,0.01385558220090588,-0.009059419131361657,0.012135922330097193,-7.399413802291505,-0.3030391171281508,-14.49578848745486,-5.186073363531392,-9.569233502087215,-7.377653432809311,0,11.631414013248829,2.401091405184182,8.884647892567807,38.66395561531914,-6.2818552489188875,2.217708935969437,-1.4776673866538097,1.151681427678735,0,0.20775172588041968,50.0,64.0,-14.0,-7.399413802291505,-5.136609990081311,-5.163475479232105,0.4484960244131633
1493697600,2017-05-02,37.4,37.64,35.7,35.85,3596438.0,0.04323570432357027,0.04993026499302644,-0.004184100418409997,-0.044764188649080716,-2.9944211994421295,4.517745520054817,-10.506587918939061,-0.6680613668061568,-5.178521617852169,-2.923291492329156,0,1.2164060669938053,1.3284341435839424,8.035898615704307,27.014457538982427,-1.0316855954209103,2.5423351519627984,-2.3374064303487323,-1.6707078223317353,0,0.018304743821171535,46.0,64.0,-18.0,-2.9944211994421295,-0.6253071470110712,-0.6910473935753316,0.33995324272911753
1493784000,2017-05-03,35.29,36.1,35.22,35.96,2588938.0,-0.018631813125695285,0.0038932146829810943,-0.02057842046718583,0.0030683403068341164,-3.008898776418249,4.529491230467968,-10.547288783304452,-0.8518724508713404,-5.190025954764565,-3.0209492028179596,0,1.7780512379311233,5.9829059829059865,7.640072680560572,18.31574797306054,-0.8009450057110854,2.5283157825605085,-3.6554551634150876,1.2030576034615281,0,0.023421056197174682,42.0,64.0,-21.999999999999996,-3.008898776418249,-0.8407860098344742,-0.9558160504722508,0.2617538332136472
1493870400,2017-05-04,36.0,36.3,35.73,36.25,1757934.0,-0.006896551724137945,0.0013793103448274113,-0.014344827586207032,0.008064516129032251,-3.4041379310344837,4.030565411608961,-10.838841273677929,-1.358160919540225,-5.587126436781617,-3.4726436781609067,0,3.271038405261237,8.241266049567027,7.973085308634564,23.548580095394342,-1.2257933519883863,2.441255294643126,-4.684683957296734,0.8149631441564732,0,0.12376902973284512,38.0,64.0,-26.0,-3.4041379310344837,-1.4784349863504787,-1.6796138545363704,0.21756299334376272
1493956800,2017-05-05,36.53,36.61,36.13,36.6,1467280.0,-0.0019125683060109422,0.0002732240437157696,-0.012841530054644723,0.009655172413793212,-3.8797814207650276,3.3914696408039617,-11.151032482334045,-1.8916211293260545,-6.047358834244079,-3.969489981785074,0,5.039473586689404,9.843937575030015,8.996753208172246,23.781935551767333,-1.8518033029873493,2.338878918033905,-5.339001114449534,0.6807427233071633,0,0.12801818412889676,34.0,64.0,-30.0,-3.8797814207650276,-2.190049566548126,-2.5170974547949214,0.2003378126788909
1494216000,2017-05-08,36.59,36.84,36.31,36.49,2221691.0,0.0027404768429706294,0.009591668950397425,-0.004932858317347244,-0.0030054644808743536,-3.1597697999451952,3.9111086892497298,-10.230648289140106,-1.1555677354526352,-5.304649675710252,-3.2301087055814293,0,4.358900586105719,9.41529235382309,9.521123360511636,24.184244975165953,-1.1113791824960373,2.2821097545326157,-5.724720179455829,-1.0347256585915543,0,0.07815083301541009,30.0,64.0,-34.0,-3.1597697999451952,-1.714703922245576,-2.136047251962239,0.17110442147039912
1494302400,2017-05-09,36.58,36.91,36.55,36.75,1789214.0,-0.004625850340136073,0.004353741496598618,-0.0054421768707483276,0.0071252397917236365,-3.379591836734704,3.3596955405934494,-10.118879214062872,-1.403174603174591,-5.492970521541935,-3.448072562358263,0,5.721141495169874,10.261026102610266,10.506937007131839,23.865880292481762,-1.428956407447572,2.185742282327768,-6.013508055891155,0.8345218600292604,0,0.07213160917873661,26.0,64.0,-38.0,-3.379591836734704,-2.1805265647322045,-2.717499718277182,0.1590995332290585
1494388800,2017-05-10,36.72,37.02,36.61,36.96,1871405.0,-0.006493506493506551,0.0016233766233766378,-0.009469696969697017,0.005714285714285783,-3.467261904761912,2.9767975522772616,-9.911321361801086,-1.511994949494948,-5.537968975468971,-3.5249819624819594,0,6.81694706891502,10.16393442622952,11.761335889585407,23.440930295037788,-1.6737423342491269,2.097322154031562,-6.167769974309532,0.8736938932125381,0,0.1693675773650579,22.0,64.0,-42.0,-3.467261904761912,-2.475717215296129,-3.1419964443211654,0.15496894974505576
1494475200,2017-05-11,36.91,36.98,36.36,36.69,1246265.0,0.005996184246388703,0.007904061052057765,-0.008994276369582943,-0.00730519480519487,-2.3698555464704327,3.802089059698062,-8.541800152638928,-0.38202961751612463,-4.448532751885153,-2.4152811847006177,0,4.975631687212271,8.389955686853755,12.036118390353394,24.762935208946445,-0.642829573828223,2.0825474994531104,-6.678305804422656,-0.5870720512947024,0,0.21695115072525925,18.0,64.0,-46.0,-2.3698555464704327,-1.5906081289433445,-2.3339592668426974,0.12500467572808244
1494561600,2017-05-12,36.52,36.75,36.41,36.53,1551373.0,-0.00027374760470844084,0.0060224473035861426,-0.003284971256501623,-0.004360861270100713,-1.505611825896537,3.897863567608553,-6.909087219401627,0.3978465188429823,-3.563281321288443,-1.5827174012227374,0,3.8862972269599396,9.568086382723449,11.809638234213917,19.40995702003282,-0.02456378723564967,2.008745611853565,-7.152374789527702,-0.7345562425611509,0,0.16376746597045194,14.0,56.0,-42.0,-1.505611825896537,-1.049142691287912,-1.8314333690399565,0.08715415380248459
1494820800,2017-05-15,36.62,36.99,36.6,36.85,1453568.0,-0.0062415196743556,0.003799185888738066,-0.006784260515603768,0.008759923350670773,-1.9715061058344645,2.8564863759721106,-6.79949858764104,-0.09452736318409904,-3.9561284486657655,-2.025327905924925,0,5.732920379252334,8.446144791053575,12.347312449073888,19.425050374154537,-0.7491217057282995,1.938230671861096,-7.297889547059487,0.6924142594976167,0,0.1639691012762395,10.0,56.0,-46.0,-1.9715061058344645,-1.726663394381589,-2.5786632546255106,0.07677870806063336
1494907200,2017-05-16,37.14,37.16,36.62,37.02,1420396.0,0.0032414910858995505,0.003781739600215994,-0.010804970286331872,0.00461329715061054,-2.0232306861156246,2.1576750430473766,-6.204136415278612,-0.1575724833423493,-3.998739420133262,-2.0781559517377985,0,6.702506464306225,8.658643968300565,13.180336238864745,18.896171705463104,-1.0591971498046888,1.8957115909451612,-7.2260884528334834,0.6792425076169917,0,0.20156279929365092,6.000000000000007,44.00000000000001,-38.0,-2.0232306861156246,-1.9705222088141028,-2.907365020346475,0.07442036202141089
1494993600,2017-05-17,36.37,36.37,34.98,35.03,2581042.0,0.03825292606337416,0.03825292606337416,-0.0014273479874394868,-0.05375472717450036,3.579788752497876,7.86405499476102,-0.7044774897652673,5.709391949757347,1.470168427062518,3.5897801884099465,0,-5.348473465353983,0.747771067011786,8.07556011561348,9.66118689107649,4.257174899982786,2.2762737250892475,-7.598983233805384,-1.2294116318395722,-1,0.07033065919590148,2.0,44.0,-42.0,3.579788752497876,3.2556775672067886,2.5060301256580715,-0.060805165749760526
1495080000,2017-05-18,35.0,35.4,34.91,35.2,1192261.0,-0.005681818181818232,0.005681818181818121,-0.008238636363636531,0.0048529831572938775,3.083806818181813,7.3348729748658315,-1.1672593385022196,5.167140151515142,0.9767992424242209,3.0719696969697026,0,-4.310523696263758,0.08529997156667937,4.572798916228217,3.6168696503929,3.4757927774032,2.202906436015407,-7.8705376766174915,0.570280571338899,0,0.015398212648540832,-2.0,44.0,-46.0,3.083806818181813,2.494428190484072,1.9321109234560652,-0.1342357822315916
1495166400,2017-05-19,35.34,35.83,35.34,35.43,1253292.0,-0.002540220152413064,0.01128986734405868,-0.002540220152413064,0.0065340909090907395,2.524696584815132,6.357913099826334,-1.30851993019607,4.561576818139045,0.45206510490167773,2.5068209615203756,0,-2.8977797891443373,2.2510822510822543,2.397911781103816,1.2716682367538823,2.3722084028105996,2.1592879019407483,-8.71762723476403,0.6020093396823716,0,0.005353784600838277,-6.0,40.0,-46.0,2.524696584815132,1.6548708705236947,1.220581273639283,-0.16095018089944219
1495425600,2017-05-22,35.78,36.34,35.52,36.28,1612887.0,-0.013781697905181911,0.001653803748621785,-0.02094818081587646,0.023990968106124777,0.23291069459759228,3.8223157488955763,-3.356494359700406,2.249632488055852,-1.851800808526292,0.19891583976476568,0,1.9631714418620518,2.254791431792571,2.768074069584715,12.24287422364879,-0.11980918700200505,2.1372389643150287,-9.613216618023642,0.7761892049320506,0,0.18978588168859425,-10.0,36.0,-46.0,0.23291069459759228,-0.6575715021913737,-1.10577073106397,-0.11704955677731266
1495512000,2017-05-23,36.46,36.46,35.62,35.8,1441553.0,0.018435754189944253,0.018435754189944253,-0.005027932960893877,-0.013230429988974723,1.5740223463687215,5.216303719537962,-2.0682590268005185,3.6838919925512386,-0.5451582867783884,1.569366852886418,0,-0.7282429806337305,-0.0558347292015721,1.8424282087147543,15.301105706048247,1.3214051725483955,2.1787856846160034,-10.298819374798978,-0.6970649032490145,0,0.08606079866895558,-14.0,24.0,-38.0,1.5740223463687215,0.6101660177034489,0.2115506933799054,-0.11580086093047923
1495598400,2017-05-24,35.91,36.07,35.69,36.0,881591.0,-0.0025000000000000577,0.0019444444444445264,-0.008611111111111125,0.005586592178770999,1.0083333333333258,4.631905849206291,-2.615239182539625,3.0444444444444514,-1.069444444444457,0.9875000000000114,0,0.39855080821532596,-0.027770063871141382,1.6012227082090262,9.94698781019948,0.7591018143267831,2.0873151936910475,-10.935450506090358,0.43042644515518697,0,0.04888293302075998,-18.0,24.0,-42.0,1.0083333333333258,0.0463424937062058,-0.3316436675778789,-0.09769108113892616
1495684800,2017-05-25,36.18,36.23,35.1,35.46,1891468.0,0.020304568527918843,0.02171460800902425,-0.010152284263959421,-0.015000000000000013,2.335025380710647,6.087939165336564,-1.4178884039152848,4.3382214702011765,0.421131791690172,2.379676630945667,0,-2.594172167346379,-4.058441558441558,0.07480163445119933,2.331639398026361,2.1004234319119917,2.195357970041515,-11.537294872767442,-0.923616876320095,0,-0.04542102854025864,-21.999999999999996,24.000000000000004,-46.0,2.335025380710647,1.4203774416445611,1.1396329309979905,-0.11696485865624609
1495771200,2017-05-26,35.43,36.13,35.43,35.95,1054695.0,-0.014464534075104396,0.005006954102920735,-0.014464534075104396,0.013818386914833614,0.7830319888734323,4.362184931870644,-2.796120954123765,2.796012980992117,-1.142790913305518,0.8266110338433208,0,0.22879200096555508,-3.047464940668812,0.06585764768418995,-0.3624601756180965,0.5584817139068008,2.1498432684874587,-12.096150356110446,0.517602692453686,0,0.009750177436933492,-26.0,-48.0,22.0,0.7830319888734323,0.03439313535147903,-0.22953568249681666,-0.0926607820844198
1496116800,2017-05-30,36.25,37.31,35.93,37.13,3310014.0,-0.023700511715593953,0.00484783194182592,-0.0323188796121735,0.032823365785813685,-2.473740910315115,0.8007903554829028,-5.748272176113147,-0.5085734805637969,-4.4622497531196785,-2.4854116168417306,0,6.189625965883181,-1.0658140154542994,2.860087107739949,3.063335234538542,-2.5109735639662745,2.198317208894644,-11.908834672497889,1.610206341670155,0,0.10784881113762992,-30.0,-48.0,18.0,-2.473740910315115,-2.8452256151464894,-3.266920455158754,0.0019283700325921777
1496203200,2017-05-31,37.3,37.44,36.31,37.41,3309938.0,-0.0029403902699812745,0.000801924619085792,-0.029403902699812745,0.0075410719095070355,-2.9951884522854755,0.5054867989372269,-6.495863703508164,-1.2737236033146075,-4.981288425554652,-3.127506014434644,0,7.462123837753431,4.35146443514643,5.6373719620501435,5.933182414638459,-3.065408335171824,2.2417721265539305,-11.594800643364803,1.5789471324156297,0,0.17625149032679285,-34.0,-48.0,14.0,-2.9951884522854755,-3.232165215205228,-3.8344246156800637,0.07817203361672515
1496289600,2017-06-01,38.01,39.64,37.66,39.03,4402388.0,-0.02613374327440443,0.015629003330771107,-0.03510120420189611,0.04330392943063366,-6.628234691263131,-2.116289498000768,-11.140179884525509,-4.844136988641225,-8.679648133914085,-6.761892561277648,0,13.855818297049133,8.537263626251391,11.1934143760053,15.986492249267286,-6.100755323638936,2.403354632529873,-9.550769113638893,2.0524987380016917,1,0.2147480534061193,50.0,40.0,10.0,-6.628234691263131,-6.558313767572827,-7.51902529414626,0.22425778120635392
1496376000,2017-06-02,38.94,39.45,38.61,38.96,2328860.0,-0.0005133470225873182,0.012577002053388187,-0.008983572895277292,-0.001793492185498291,-6.112679671457897,-0.7980310194911624,-11.427328323424618,-4.264630390143736,-8.176334702258728,-6.220482546201225,0,13.422230542769206,7.475862068965519,15.18466418485428,22.577396192942572,-5.418982533216379,2.3897002548389055,-7.652739836036265,-1.0926538832771502,0,0.21123553681588617,46.0,39.99999999999999,6.000000000000007,-6.112679671457897,-5.781813753567718,-7.064515795132209,0.2980981570027889
1496635200,2017-06-05,38.97,39.11,38.73,38.99,1097721.0,-0.0005129520389843822,0.0030777122339060714,-0.006668376506796747,0.0007700205338809774,-5.8784303667607105,0.07777115915497745,-11.834631892676398,-4.0309481063520565,-7.913995041463622,-5.972471573907839,0,13.533933600415857,6.530054644808744,18.32926748075688,18.122936078307376,-5.274710077308612,2.2869149325299696,-5.890284078262397,0.51944846067751,0,0.21374147946137884,42.0,40.0,2.0,-5.8784303667607105,-5.296754739238381,-6.856178926491538,0.3284880392529188
1496721600,2017-06-06,38.74,38.86,38.38,38.65,1379401.0,0.0023285899094438456,0.005433376455368677,-0.006985769728331093,-0.008720184662734165,-4.771021992238033,1.6191587337406617,-11.161202718216728,-2.9236739974126777,-6.827943078913336,-4.875808538163,0,11.300634605617013,5.919429980816653,19.916926166035054,12.958871134988655,-4.223110045911682,2.2549779557410194,-4.8196262601876505,-0.6541835968680213,0,0.1956174969954365,38.0,40.0,-2.0,-4.771021992238033,-4.038549717704882,-5.800065140071197,0.30568967977941486
1496808000,2017-06-07,38.69,38.8,38.18,38.47,1783865.0,0.0057187418767870035,0.008578112815180505,-0.007538341564855666,-0.004657179818887469,-4.101897582531834,2.5880345986730475,-10.791829763736729,-2.208647430898523,-6.198769604020455,-4.2037085174595035,0,10.122890444541731,4.680272108843534,20.701022941817165,14.393452701803284,-3.134759737725048,2.2188229675481352,-4.143354270970608,-0.8447001533104745,0,0.2860486476458443,34.0,40.0,-6.0,-4.101897582531834,-3.2476871095554714,-5.149137532950974,0.26026318609305765
1496894400,2017-06-08,37.71,37.8,37.2,37.34,2794525.0,0.009908944831280131,0.012319228709158914,-0.003749330476700563,-0.029373537821679063,-1.1489019817889812,5.763108699119755,-8.060912662697746,0.8543117300481953,-3.307445099089449,-1.226566684520634,0,3.3496028921427694,1.028138528138535,18.30308610002118,10.607271775877301,0.07876165224183751,2.365627734142814,-4.895569681835294,-1.3219379094842845,0,0.21010055500102856,30.0,40.0,-10.0,-1.1489019817889812,-0.28927479657635047,-2.189356272377097,0.1418151750509381
1496980800,2017-06-09,37.27,38.04,36.92,37.8,3718973.0,-0.014021164021163823,0.006349206349206327,-0.023280423280423124,0.012319228709158914,-2.2050264550264416,4.6922058521439,-9.102258762196769,-0.18650793650792252,-4.429894179894163,-2.308201058201064,0,5.49790758094025,3.0253475061324595,17.259258655931863,13.836730463998222,-0.8738675138183822,2.3815627639977412,-5.939589081296024,1.7168087562812504,1,0.28749977029157125,26.0,40.0,-14.0,-2.2050264550264416,-1.3595728107571858,-3.247109449796355,0.08495479205688072
1497240000,2017-06-12,37.81,38.64,37.8,38.42,1768862.0,-0.015877147319104612,0.005726184279021274,-0.01613742842269661,0.016402116402116418,-3.537220197813639,3.4205936994930397,-10.495034095120317,-1.5078951934756333,-5.812944646885313,-3.660419920180445,0,8.227166385485525,5.1738297289898725,17.564345178832337,14.132615515791457,-2.1611180892484896,2.3319326657032984,-6.288713299784707,0.8094112152549375,0,0.2689082862384906,22.0,40.0,-18.0,-3.537220197813639,-2.670292249430858,-4.619885539043594,0.07969425346172765
1497326400,2017-06-13,38.59,38.85,38.22,38.66,1215983.0,-0.0018106570098290753,0.00491464045525114,-0.011381272633212536,0.006246746486205046,-3.901965856182102,3.236282715217257,-11.040214427581446,-1.8602345231936397,-6.200638041041557,-4.030436282117606,0,9.245604607905406,4.911804613297138,18.236109275525024,18.42491406929159,-2.471741648715991,2.2683229052031817,-6.4076787530961035,0.5598000182232186,0,0.31309092901413105,18.0,40.0,-21.999999999999996,-3.901965856182102,-2.9626535809616428,-5.007609891204709,0.08261891223164897
1497412800,2017-06-14,38.65,38.75,37.88,38.05,1756675.0,0.015768725361366753,0.018396846254927768,-0.00446780551905368,-0.01577858251422659,-2.226018396846243,5.096515027663216,-9.548551821355701,-0.07358738501969242,-4.570302233902751,-2.321944809461229,0,5.617755614817895,2.7822798487303997,17.19484097971341,16.40488649056155,-0.7024685796337593,2.3033860065646983,-6.979209941377146,-0.8264510594988025,0,0.25333826429632345,14.0,40.0,-26.0,-2.226018396846243,-1.2729961346093006,-3.348079524518681,0.03608725923280964
1497499200,2017-06-15,37.63,38.14,37.52,38.12,1291569.0,-0.0128541448058761,0.0005246589716685346,-0.015739769150052263,0.0018396846254928878,-2.000262329485821,4.886251426906796,-8.886776085878438,-0.03454004896815377,-4.321003847499114,-2.177771948233641,0,5.943627133420705,8.821010562375097,16.493784974683276,17.43407641732756,-0.5216765754424699,2.2511053218168713,-7.977272021030121,0.6249890275887695,0,0.3189030430369544,10.0,40.0,-30.0,-2.000262329485821,-1.315785433862743,-3.387304728869026,0.004310375517913245
1497585600,2017-06-16,38.03,38.03,35.57,36.07,4693192.0,0.05433878569448303,0.05433878569448303,-0.013861935126143643,-0.05377754459601247,3.6900471305794156,10.640038212327838,-3.2599439511690065,6.112189261620941,1.0359486184271276,3.574068940024034,0,-4.3817898887089655,2.4715909090909016,10.848435860742905,7.71783557067014,4.797551501170744,2.7140832375135022,-7.575471412604134,-2.242868512330957,0,0.19099064440968602,6.000000000000007,40.00000000000001,-34.0,3.6900471305794156,3.883986066724617,2.0210816892209067,-0.1518559794151917
1497844800,2017-06-19,36.17,36.53,36.12,36.37,1940751.0,-0.005499037668407869,0.004399230134726428,-0.006873797085510058,0.00831716107568603,2.9639813032719076,9.534781390243268,-3.606818783699424,5.336816057190006,0.3244432224360736,2.83062963981304,0,-2.878374925213457,2.65311882585379,7.137174149191288,0.4363724996870104,3.9750251659720135,2.5897733039444923,-7.202370847637148,0.9381377925831896,0,0.13845614168375367,2.0,40.0,-38.0,2.9639813032719076,2.7387985533712964,1.1332979723537022,-0.2274831262391926
1497931200,2017-06-20,36.16,36.27,35.72,35.84,1577741.0,0.008928571428571175,0.011997767857142794,-0.0033482142857144126,-0.014572449821281142,4.425223214285708,11.233199465490756,-2.3827530369193255,6.842447916666657,1.831287202380949,4.33686755952381,0,-5.182489693189652,-1.2127894156560026,3.110324044845987,-7.011239782103097,5.474753601417007,2.5698953998684533,-6.538073509748415,-0.766153898987324,0,0.019288656088726704,-2.0,40.0,-42.0,4.425223214285708,3.852561602274875,2.525759538838585,-0.30111553862856216
1498017600,2017-06-21,36.14,36.21,35.61,36.1,1617473.0,0.001108033240997175,0.0030470914127422866,-0.013573407202216115,0.0072544642857141906,3.714681440443229,10.37180610497039,-2.9424432240839735,6.041551246537381,1.1329639889196699,3.587257617728511,0,-3.823458815527779,0.8379888268156545,0.5007979902599137,-12.909056973169825,4.021924852627492,2.4878624153278786,-5.833995696149991,0.7874343764117158,0,-0.0018291129432083054,-6.0,40.0,-46.0,3.714681440443229,2.8089174893616757,1.7172548322887309,-0.31853549975159345
1498104000,2017-06-22,35.86,36.09,35.5,35.95,1097048.0,-0.0025034770514604787,0.003894297635605115,-0.012517385257301838,-0.0041551246537395725,4.140472878998594,10.84230664007086,-2.5613608820736857,6.503013444598963,1.5155308298562886,4.00927213722764,0,-4.503909134113698,-0.138888888888881,-1.8748905526073203,-19.83181418470342,3.928520302330412,2.439010195734897,-5.0894792695881215,-0.5430747445670349,0,0.032868836474647535,-10.0,36.0,-46.0,4.140472878998594,2.929513882976593,2.0576792783198385,-0.3252486376180427
1498190400,2017-06-23,35.93,36.3,35.73,36.25,3599876.0,-0.00882758620689661,0.0013793103448274113,-0.014344827586207032,0.008344923504867818,3.387586206896543,9.737295872847312,-2.962123459054226,5.612873563218386,0.8211494252873734,3.217011494252887,0,-2.8639207095599346,2.2278623801466413,-3.1393276881834686,-10.60696864395321,2.493298005314955,2.358367320151141,-4.723518733684013,1.770310630091091,0,0.11494509570886036,-14.0,32.0,-46.0,3.387586206896543,1.8798088115167957,1.1654928642187201,-0.2954397761588926
1498449600,2017-06-26,36.29,37.0,36.24,36.85,1941460.0,-0.015196743554952596,0.00407055630936215,-0.01655359565807324,0.016551724137931156,1.8263229308005435,7.834567001505349,-4.181921139904304,4.0180913613749425,-0.7118950701040347,1.6530981456354397,0,0.2853084933560126,2.5034770514603575,-2.8539707934260465,-4.984576225828256,0.5668551270593127,2.3015712340012118,-5.384385640880257,0.9516442511390678,0,0.1454036765643501,-18.0,16.0,-34.0,1.8263229308005435,0.1999332156518534,-0.46281602678133993,-0.22448359668916773
1498536000,2017-06-27,36.39,36.5,35.2,36.14,2190050.0,0.006917542888766004,0.009961261759822815,-0.026009961261759806,-0.019267299864314857,3.6898173768677083,10.026112060581966,-2.646477306846535,5.933868289983394,1.133093525179845,3.533480907581634,0,-3.1883144319592063,-2.6663075680043145,-4.0747142926754725,-5.3785019434008134,2.1012546815387623,2.5052725504946642,-5.031892999165159,-1.0641680222108467,0,0.1785122719236019,-21.999999999999996,16.000000000000004,-38.0,3.6898173768677083,1.961924843780352,1.4341375268521261,-0.21454621169969465
1498622400,2017-06-28,36.47,36.68,36.23,36.23,2514642.0,0.006624344465912202,0.0124206458735856,0.0,0.0024903154399555927,3.269390008280439,9.765022321550205,-3.2262423049893556,5.4839451651486115,0.8827859048670632,3.1833655350078374,0,-2.702541105042883,-3.154236835070836,-4.8509999874187075,3.174627529606262,1.5945436427241617,2.4270082995019973,-4.94971612071668,1.214451212253781,0,0.14700739472385033,-26.0,16.0,-42.0,3.269390008280439,1.5459107990355392,1.135802731352186,-0.19183203383301198
1498708800,2017-06-29,36.43,36.7,35.91,36.29,1957114.0,0.0038578120694405804,0.011297878203361922,-0.010471204188481797,0.0016560861164780505,2.7211352989804425,9.00131624227025,-3.559045644309407,4.804353816478397,0.5387158996968964,2.6715348580876253,0,-2.366912059214954,-7.020240840379201,-5.3459787461075035,-6.4775586575071245,1.0589489991442065,2.4054179407598437,-4.59106758908775,0.9481937684711388,0,0.08046830615385667,-30.0,16.0,-46.0,2.7211352989804425,1.2467800610585442,0.9306061275928528,-0.16377763036147377
1498795200,2017-06-30,36.67,37.46,36.37,37.27,2854982.0,-0.016098738932116996,0.005097933995170223,-0.024148108398175605,0.027004684486084507,-0.20660048296218747,5.547734806705762,-5.960935772630123,1.817368750558984,-2.40318397281105,-0.29290761112604,0,2.8009665933277077,-4.337782340862417,-3.513550308131044,-4.539469458700424,-1.760416943360525,2.399103112254727,-5.272958876093632,1.3778567421489178,1,0.11121204478180531,-34.0,-52.0,18.0,-0.20660048296218747,-1.2806581063533002,-1.6557431345471088,-0.07476120206520209
1499054400,2017-07-03,37.66,38.7,37.63,38.0,1390076.0,-0.008947368421052704,0.018421052631579116,-0.009736842105263044,0.019586799034075675,-2.253947368421052,3.0577309532405508,-7.565625690082641,-0.15745614035085964,-4.478508771929825,-2.3179824561403564,0,6.1909122117744815,-2.539112592972562,-0.43087368261407744,-4.242318027377145,-3.6742064714132283,2.4537395656363494,-6.140243365661181,0.6739633807521617,0,0.08062269001991362,-38.0,-52.0,14.0,-2.253947368421052,-2.874526848185397,-3.4059689291041906,0.03201463404429488
1499227200,2017-07-05,37.93,38.14,37.03,38.0,2453599.0,-0.0018421052631578672,0.0036842105263157343,-0.02552631578947362,0.0,-2.3394736842105175,2.7651627396107443,-7.444110108031765,-0.19385964912279974,-4.680701754385964,-2.437280701754389,0,6.1909122117744815,-1.6817593790426872,2.026446255597353,-5.262979902911823,-3.6829980705644516,2.487119070346535,-7.415992857285396,1.1802710324013297,0,0.17216133586958635,-42.0,-52.0,10.0,-2.3394736842105175,-2.6007623864534537,-3.2724015201197005,0.09766449473287955
1499313600,2017-07-06,37.94,38.15,37.64,37.84,1987279.0,0.0026427061310780875,0.008192389006342449,-0.005285412262156508,-0.004210526315789331,-2.009778012685004,2.9311772073413493,-6.950733232711386,0.13345665961945485,-4.343287526427062,-2.1049154334038036,0,5.227602957538593,-1.6376397192617507,3.6580822758396225,0.18736771427735732,-3.2073521568910905,2.4155029083947217,-8.610934449071383,-0.9513239996482845,0,0.11694745848112208,-46.0,-52.00000000000001,6.000000000000007,-2.009778012685004,-1.9804571164544882,-2.7511149268659096,0.12366249324181029
1499400000,2017-07-07,37.71,38.95,37.57,38.8,3529459.0,-0.02809278350515454,0.0038659793814435073,-0.03170103092783494,0.025369978858350795,-4.246134020618541,0.9423854346345166,-9.434653475871599,-2.115549828178672,-6.682560137457045,-4.399054982817859,0,9.60171791206394,3.9100160685591687,7.020364231065581,13.795442815776248,-5.0364823758008725,2.4415209696199045,-9.052419328280937,1.664534965030117,1,0.3023759700908824,-42.0,-44.0,2.0,-4.246134020618541,-3.986094070257863,-4.955026911662458,0.19463854631861238
1499659200,2017-07-10,38.91,39.73,38.78,39.67,4416760.0,-0.01915805394504677,0.0015124779430297774,-0.022435089488278326,0.022422680412371276,-6.110410889841205,-0.36128347287855433,-11.85953830680387,-4.0559616838921215,-8.47995966725486,-6.267960675573477,0,13.045760617649314,4.947089947089959,11.447513703533103,22.554489290590567,-6.188239432876614,2.3884604722465324,-8.799949301513667,2.0527264155944374,1,0.3834006341224338,50.0,52.0,-2.0,-6.110410889841205,-5.511599923888852,-6.76339465514647,0.28389808028219754
1499745600,2017-07-11,39.69,40.38,39.55,40.06,2335714.0,-0.009236145781328142,0.007988017973040495,-0.012730903644533331,0.009831106629694997,-6.819770344483274,-0.4640349038401155,-13.175505785126433,-4.777833250124814,-9.156265601597596,-6.9670494258612194,0,14.474862360811713,4.26861009890682,15.673958208032305,27.814977004579816,-6.475108452617917,2.3442567401438197,-8.077651695970527,1.0855503549756735,0,0.41684695537908684,50.0,56.0,-6.0,-6.819770344483274,-5.818959906132179,-7.370262954839006,0.348658673806851
1499832000,2017-07-12,40.3,40.68,39.91,40.13,2382621.0,0.0042362322452029755,0.013705457263892384,-0.005482182905557131,0.0017473789316027055,-6.799152753550956,0.10501096582686387,-13.703316472928776,-4.719245784533598,-9.124927319544824,-6.922086552039204,0,14.73254362749276,3.8023797206415058,19.16237917820905,28.454618705829816,-5.989309190059032,2.310067326069023,-7.194006986828153,1.1080731322193518,0,0.3486095509011567,50.0,60.0,-10.0,-6.799152753550956,-5.413410158595809,-7.236473600294957,0.37345263269771634
1499918400,2017-07-13,40.1,40.87,40.04,40.65,2401404.0,-0.013530135301352941,0.005412054120541132,-0.015006150061500634,0.012957886867679846,-7.67158671586715,-0.0354821322692942,-15.307691299465006,-5.660926609266099,-10.000410004100047,-7.830668306683066,0,16.625512122784983,6.833114323258874,22.890376487846403,32.25013086964664,-6.591825994183651,2.263466918532681,-6.237861819269373,1.1293617114454502,0,0.35131416629896034,50.0,64.0,-14.0,-7.67158671586715,-5.9925763997241575,-8.09279820245132,0.3997633136136837
1500004800,2017-07-14,40.71,40.86,40.41,40.71,1722628.0,0.0,0.003684598378776771,-0.007369196757553542,0.0014760147601475815,-7.489560304593468,0.8475589511496366,-15.826679560336572,-5.48513878653894,-9.77646769835421,-7.630803242446575,0,16.841677483116,6.794333683105991,26.000895017670782,31.435759503509047,-5.908448376255436,2.177648687754141,-5.350012735107647,0.8167941605391978,0,0.300412809156066,50.0,68.0,-18.0,-7.489560304593468,-5.547211264726073,-7.905578000083182,0.39537813032959623
1500264000,2017-07-17,40.96,41.06,40.5,40.67,1679888.0,0.007130563068600937,0.009589377919842601,-0.00417998524711094,-0.0009825595676737908,-6.833046471600682,1.899200374903458,-15.565293318104821,-5.1110564707810795,-8.939431194164428,-7.025243832472768,0,16.539240798988303,12.752980316052126,28.43421090029723,31.395840429825256,-5.291037651168878,2.122443737082659,-4.369578408248234,-0.7971187020766857,0,0.24847114214016616,46.0,68.0,-21.999999999999996,-6.833046471600682,-4.934855973342906,-7.508530129538997,0.36470033947899705
1500350400,2017-07-18,40.65,40.79,40.23,40.65,1358612.0,0.0,0.003444034440344357,-0.010332103321033292,-0.0004917629702484438,-6.260762607626063,2.7742684415496655,-15.295793656801806,-4.527265272652713,-8.394423944239435,-6.460844608446067,0,16.3811602754664,11.767940610393184,30.39609144403465,32.899393045524874,-4.617872494803208,2.0702112602933984,-3.87941573432834,-0.6453364936967341,0,0.24570608241199415,42.0,68.0,-26.0,-6.260762607626063,-4.4225516971607135,-7.170356268504051,0.31959615949856757
1500436800,2017-07-19,40.86,41.17,40.65,41.15,1292552.0,-0.007047387606318289,0.000486026731470357,-0.012150668286755817,0.012300123001230068,-6.754556500607535,2.3496657592729946,-15.858778760488065,-5.077764277035229,-8.890643985419217,-6.984204131227216,0,18.35932591888296,14.815848214285698,32.86939097762184,32.36860993086013,-5.097204831643026,1.9892434308315339,-3.099701081623561,0.6194257222464951,0,0.3718931944514973,50.0,80.0,-30.0,-6.754556500607535,-5.052083322689441,-7.972875006990108,0.30027099483289255
1500523200,2017-07-20,41.34,41.36,40.69,40.73,2063277.0,0.014976675669040151,0.01546771421556592,-0.0009820770930517586,-0.010206561360874944,-5.224650135035603,3.9301127083341214,-14.379412978405313,-3.482281692446179,-7.3516654390703025,-5.4169735657582265,0,14.97862958531843,12.825484764542924,33.532011243077186,31.488315513335493,-3.405661501185577,1.9837006301485907,-2.2172148116030357,-0.986187410217851,0,0.3159741379547127,46.0,80.0,-34.0,-5.224650135035603,-3.685093877035456,-6.748461422348271,0.23872004556104098
1500609600,2017-07-21,40.3,40.3,39.23,39.53,3023532.0,0.019478876802428324,0.019478876802428324,-0.0075891727801670195,-0.02946231279155398,-1.8947634707816974,7.063788451188842,-10.853315392752222,-0.00590268994012888,-4.114174888270512,-2.0600387891053344,0,6.565317980053351,9.958275382475655,30.131318644602867,22.233880500172432,0.12934988629615418,2.1689668726417137,-3.437276178439763,-1.4294186901500787,0,0.21481056009172414,42.0,80.0,-38.0,-1.8947634707816974,-0.6887880194926481,-3.76401980768145,0.10360752596666523
1500868800,2017-07-24,39.5,39.76,39.24,39.35,2462479.0,0.003811944091486552,0.01041931385006345,-0.0027954256670902344,-0.004553503668100145,-1.0520965692503097,7.463473697983318,-9.56766683648398,0.8716645489199379,-3.242693773824655,-1.1855146124523515,0,5.432069428698604,8.55172413793104,26.864342734981726,15.765519754522472,0.7195503284487756,2.117644556510891,-4.570190304788152,-1.150937346792574,0,0.17789371749805868,38.0,80.0,-42.0,-1.0520965692503097,-0.21217161953209995,-3.1934591259360445,-0.00567126465676393
1500955200,2017-07-25,39.82,40.56,39.48,40.34,2008203.0,-0.012890431333663965,0.005453644025780857,-0.021318790282598088,0.025158831003812,-3.047843331680724,5.034582884758464,-11.130269548119898,-1.1390679226574179,-5.231779871095682,-3.185423896876557,0,10.064158136983899,9.470827679782909,26.06207826269729,22.568583146710296,-1.3214157864441205,2.1323767137954994,-4.820226940762563,0.9346222519124056,0,0.16058454864047134,34.0,80.0,-46.0,-3.047843331680724,-2.407665924573479,-5.350825927495507,-0.018349807038562815
1501041600,2017-07-26,40.29,40.83,40.13,40.35,3803246.0,-0.0014869888475836923,0.011895910780669094,-0.005452292441139983,0.00024789291026272586,-2.5501858736059404,4.883021688952354,-9.98339343616425,-0.6815365551425003,-4.624535315985128,-2.653035935563821,0,10.108241911853057,11.649142224681794,25.45046221722963,24.130743427141084,-0.8980118141331417,2.1034891064766073,-4.806279291108286,1.7321555364677046,0,0.1235889630155796,30.0,72.0,-42.0,-2.5501858736059404,-2.2002473883856624,-5.1635267768998006,-0.032316042757658314
1501128000,2017-07-27,42.23,42.26,40.86,41.38,4120511.0,0.020541324311261322,0.021266312228129358,-0.012566457225713035,0.025526641883519163,-4.3535524407926545,2.338195123932323,-11.045300005517618,-2.4202513291445342,-6.49468342194298,-4.457467375543743,0,14.372249365919899,14.21473916643667,26.824730607006035,24.777033076948243,-2.558997952952211,2.2343181847723264,-3.7051790762554084,1.8316030801680725,0,0.012535803429440372,50.0,96.0,-46.0,-4.3535524407926545,-4.193214642806353,-7.2290615751416425,0.01881042533303101
1501214400,2017-07-28,41.36,41.51,40.85,41.28,2726008.0,0.0019379844961240345,0.0055717054263564325,-0.01041666666666663,-0.0024166263895601947,-3.5174418604651265,2.3341321597900304,-9.369015880720283,-1.604489664082692,-5.657299741602074,-3.6308947028423972,0,13.676657956097294,13.750344447506205,27.592055012990986,15.320586690730579,-1.8490627970992506,2.1939526652762056,-2.696665300034592,-1.2101746927767913,0,-0.07768392725788914,46.0,84.0,-38.0,-3.5174418604651265,-3.583874603713568,-6.729646332548953,0.03589877229841365
1501473600,2017-07-31,41.54,41.82,40.76,41.13,1351490.0,0.009968392900559175,0.016776075857038553,-0.008995866763919391,-0.003633720930232509,-2.696328713834191,2.5836889030843793,-7.976346330752762,-0.7383094253991516,-4.798606045870812,-2.768457735634982,0,12.608449219815817,10.356855379661924,27.7380015086442,14.326461371454258,-1.3269259063144432,2.228756830769725,-1.5487554685132991,-0.5991288411569086,0,-0.10914221522979799,42.0,84.0,-42.0,-2.696328713834191,-2.9244144920109534,-6.138923561244567,0.0274841812308384
1501560000,2017-08-01,41.12,41.36,39.58,40.33,3066202.0,0.019588395735184783,0.025539300768658624,-0.018596578229605698,-0.01945052273279857,-0.4773121745598701,4.3967891323391655,-5.351413481458906,1.6055045871559628,-2.7113811058765265,-0.5529382593602605,0,7.219602586772716,6.131578947368417,25.380973906151777,5.842092194338683,0.6548851473265387,2.4258687078818753,-2.046070568366037,-1.3377746970556592,0,-0.0905990977312752,38.0,84.0,-46.0,-0.4773121745598701,-0.9036664105319119,-4.109334450404475,-0.038018174043555564
1501646400,2017-08-02,39.93,40.67,39.93,40.61,2319134.0,-0.016744644176311274,0.0014774686037921647,-0.016744644176311274,0.006942722539052815,-0.8421571041615294,3.370589278055917,-5.054903486378976,1.1893622260527081,-3.0066486087170716,-0.9086431913321746,0,8.534506901309655,6.868421052631578,24.02524815057696,-1.273250359545436,-0.05885139331219591,2.3672190256717007,-2.507863161086437,1.0056337908952757,0,-0.0661358000619066,34.0,80.0,-46.0,-0.8421571041615294,-1.4357857675194907,-4.583408636362066,-0.06685856421599246
1501732800,2017-08-03,40.38,41.15,40.32,40.37,2290177.0,0.0002477086945753548,0.019321278176864132,-0.001238543472875775,-0.00590987441516877,0.060688630170943725,3.2769540026113617,-3.1555767422694885,2.1695153166542838,-2.130707621170842,0.019403847741727986,1,6.955037973798333,6.686046511627891,22.217404769966784,-0.40868415305554606,0.5305075871615514,2.358055734850598,-2.522490822461524,-0.9858219795793418,0,-0.14213468135888002,30.0,76.0,-46.0,0.060688630170943725,-0.7688853584820805,-3.8586598529341245,-0.10424088500675
1501819200,2017-08-04,40.66,41.22,40.39,41.08,3622459.0,-0.010223953261928043,0.003407984420642718,-0.016796494644595872,0.017587317314837758,-1.3911879259980537,1.296863023584521,-4.079238875580643,0.6357513794222598,-3.4562641999350774,-1.4102564102564088,1,10.291641172878421,5.8762886597938175,22.125219260245892,2.377655869267919,-1.1477203048472973,2.2995744022237834,-2.476195649519706,1.5233655677351046,0,-0.04816998505127696,26.0,72.0,-46.0,-1.3911879259980537,-2.247366504980434,-5.303821722743081,-0.08415311270767678
1502078400,2017-08-07,41.09,41.29,40.73,40.92,2482588.0,0.004154447702834796,0.009042033235581615,-0.004643206256109589,-0.003894839337877265,-0.8528836754643123,1.706685650758999,-3.4124530016876236,1.1754643206256077,-2.8372434017595367,-0.8308895405669716,1,9.203051146510695,3.1509957146458283,21.572713346680317,7.571257609713513,-0.6949769493215854,2.2414200421791466,-2.370151377548485,-1.038846711045462,0,-0.08701974274491303,22.0,60.0,-38.0,-0.8528836754643123,-1.6875139697287551,-4.740080512019645,-0.08442679921308971
1502164800,2017-08-08,40.93,41.75,40.92,41.33,2294243.0,-0.009678199854826985,0.010162109847568379,-0.009920154851197571,0.010019550342130978,-1.6827969997580539,0.9049442070573974,-4.270538206573519,0.3334946366642555,-3.6394064037422282,-1.6529558835389935,1,11.09767529509908,3.170244633050414,21.923467908648263,8.73141825099956,-1.6066329433012498,2.204116355531469,-1.863718491720384,0.9501761673611965,0,-0.11714178921665928,18.0,60.0,-42.0,-1.6827969997580539,-2.4091900973404563,-5.462129599180372,-0.06087981240203155
1502251200,2017-08-09,41.02,41.44,40.72,40.94,1603272.0,0.0019540791402052893,0.012212994626282336,-0.005373717635564268,-0.009436244858456289,-0.6472887151929569,1.920416074217826,-3.214993504603754,1.3800683927698998,-2.6184660478749464,-0.6191988275525091,1,8.382874287713392,2.018440069773225,21.02420743633018,9.456182018518966,-0.6659668277721096,2.191795792908617,-1.7084504518409638,-0.6735276582852927,0,-0.08648732453207321,14.0,60.0,-46.0,-0.6472887151929569,-1.338619475351308,-4.38266473192337,-0.07455223464446858
1502337600,2017-08-10,40.74,40.8,39.48,39.51,2125565.0,0.031131359149582538,0.03264996203492787,-0.0007593014426727773,-0.034929164631167575,2.8043533282713327,5.759656683345952,-0.15095002680328662,5.03669956972918,0.7694254619083836,2.9030625158187746,1,-0.16394963258542106,-2.8044280442804443,16.110017202314303,10.870285397620812,3.0267963350306673,2.3728487487829923,-3.220099313438329,-0.9019156595003218,0,-0.10794853180968367,10.0,56.0,-46.0,2.8043533282713327,2.019671276594522,-0.8857963047936295,-0.1770367812025574
1502424000,2017-08-11,39.45,39.79,39.2,39.3,1476853.0,0.003816793893129944,0.012468193384223891,-0.00254452926208637,-0.005315110098709219,3.1743002544529304,6.481439531621618,-0.13283902271574277,5.459287531806623,1.1335877862595396,3.2964376590330886,1,-1.2667683991918324,-3.4635224760501195,11.744576554468738,12.517768056513702,3.6644437289041605,2.3223669626270596,-4.6137988114251804,-0.6426095926368635,0,-0.09836962314193849,6.000000000000007,-43.99999999999999,50.0,3.1743002544529304,2.320546505060861,-0.3422106411801593,-0.25155358493390545
1502683200,2017-08-14,39.7,39.98,39.44,39.75,2290754.0,-0.0012578616352200145,0.005786163522012444,-0.007798742138364845,0.011450381679389388,1.8905660377358515,5.27042035604903,-1.489288280577341,4.13459119496855,-0.13710691823898458,1.9987421383647757,1,1.1705484558141919,-2.2621096631423696,9.298093068611246,12.787312690370733,2.413283867857615,2.2542628593102685,-6.009167479890383,0.9970855684783289,0,-0.12150212093112595,2.0,-44.0,46.0,1.8905660377358515,1.0515149150391636,-1.4127488132793928,-0.261941455678104
1502769600,2017-08-15,39.87,40.11,39.77,39.82,1508038.0,0.0012556504269209956,0.007282772476142618,-0.0012556504269211066,0.001761006289308087,1.6072325464590733,5.056557063721883,-1.842091970803736,3.841453206094087,-0.36748702494557506,1.7369830905742418,0,1.5477314346066606,-2.041820418204178,7.521857983158814,10.215279751795869,2.2193942793760755,2.1541406553572884,-7.149206532285756,0.6540602477533402,0,-0.11942069637693556,-2.0,-44.0,42.0,1.6072325464590733,0.7906491588138636,-1.523858097253779,-0.25524369894819665
1502856000,2017-08-16,40.08,40.35,39.78,39.91,990162.0,0.004259584064144395,0.011024805813079519,-0.0032573289902279035,0.0022601707684579697,1.2227511901779167,4.61829612362483,-2.172793743269011,3.491188507475144,-0.7207884406581258,1.3852000334085233,1,2.0490209059654845,-3.0133657351154364,6.296991159211683,5.9418345060938265,1.659372524397142,2.0977779497659985,-7.917810546011843,0.43090402468663913,0,-0.11453720466489134,-6.0,-44.0,38.0,1.2227511901779167,0.5097055763269651,-1.6774612693263862,-0.23633000409969707
1502942400,2017-08-17,39.75,39.9,39.22,39.25,1321324.0,0.01273885350318471,0.016560509554140124,-0.0007643312101911492,-0.016537208719619056,2.7363057324840696,6.389577940448362,-0.9169664754802227,5.0454352441613395,0.7600849256900233,2.9027600849256885,0,-1.800402640497218,-3.6336852442916694,3.5991833167244405,8.838358762703088,3.0832317099474693,2.1062604798491225,-8.916246967760035,-0.5773451736537359,0,-0.1907903636399572,-10.0,-60.0,50.0,2.7363057324840696,1.9902998380017891,-0.023192948011498515,-0.25807568701712136
1503028800,2017-08-18,39.08,39.37,38.91,39.02,2173515.0,0.0015376729882110585,0.008969759097898322,-0.0028190671450539773,-0.0058598726114649224,3.2765248590466314,7.135620313260873,-0.5825705951675815,5.51127626858019,1.3569964120963647,3.43413634033827,0,-3.073499930340077,-1.2901593726283784,0.8493982998503683,2.7198349680371834,3.343605053710206,2.051547576047109,-9.47168118542737,-0.9548874059984968,0,-0.21004252471983897,-14.0,-64.0,50.0,3.2765248590466314,2.3446658663320648,0.5439111982476987,-0.27613613344796245
1503288000,2017-08-21,39.0,39.33,38.8,39.26,1394903.0,-0.0066225165562913135,0.001782985226693734,-0.011716760061130982,0.006150691952844456,2.633723892002024,6.499291451289736,-1.2318436672856734,4.826795720835463,0.6953642384106047,2.7610799796230197,0,-1.5771427790262251,-0.22871664548920817,-0.7791229722704158,10.837964915622905,2.5320550455328004,1.9897897231381572,-9.855738330374473,0.6255958991063851,0,-0.16853681917477165,-18.0,-64.0,46.0,2.633723892002024,1.5553069645359159,-0.06794955059500296,-0.2603163144995103
1503374400,2017-08-22,39.51,39.75,39.4,39.54,2136016.0,-0.0007587253414264028,0.005311077389984931,-0.0035407182599899167,0.00713194090677538,1.805766312594855,5.732006843468611,-2.1204742182789147,3.9209239588602287,0.0033721126285541914,1.9621480357443914,0,0.148915020826486,-1.9831432821021424,-1.3881380871635125,18.928798707233327,1.6397245668021014,1.923095741916419,-10.813249454746396,0.9548309430389587,0,-0.25518910690192936,-21.999999999999996,-64.0,42.0,1.805766312594855,0.7565162188090824,-0.7451958644319774,-0.22094428254138584
1503460800,2017-08-23,39.26,39.69,39.25,39.34,1522899.0,-0.0020335536349772587,0.008896797153024716,-0.0022877478393493744,-0.005058168942842611,2.1949669547534114,6.266116287043815,-1.8761823775369635,4.287832570750695,0.41645483816301976,2.3521437044568643,0,-1.0819641564211722,-2.503097893432461,-2.3922953961000935,12.424658554855434,1.9551836730001213,1.8746998207202363,-11.502087471336583,-0.6788956831006131,0,-0.2210960158165492,-26.0,-64.0,38.0,2.1949669547534114,1.1479172713371781,-0.2311608099835496,-0.1990030286455612
1503547200,2017-08-24,39.55,39.65,38.89,39.03,2343393.0,0.01332308480655886,0.015885216500127974,-0.003586984370996693,-0.007880020335536364,2.7056110684089134,6.763542389795859,-1.3523202529780463,4.738235545307035,1.0000854043898073,2.8691604748483712,0,-2.965519259918544,-5.679072015466412,-4.005457429928261,1.3935280158086414,2.2651319974844597,1.8937062741348103,-11.673389592572452,-1.0392287819106918,0,-0.38332075771506624,-30.0,-64.0,34.0,2.7056110684089134,1.7654578817682136,0.5392536425108432,-0.19570362039781725
1503633600,2017-08-25,39.39,39.4,38.83,38.86,1249344.0,0.013638703036541466,0.013896037056098764,-0.0007720020586722276,-0.004355623879067405,2.843540916109106,6.884078380857915,-1.1969965486397172,4.90392863269858,1.1725853491164884,3.0382569909075414,0,-3.9882048091988196,-5.8624031007751976,-5.765247938248211,-6.277247932141023,2.317426457375717,1.8709058643358236,-11.755123262990779,-0.5542564455363223,0,-0.41576358616657016,-34.0,-84.0,50.0,2.843540916109106,2.0001110229430026,0.9406852218081667,-0.19488099920994464
1503892800,2017-08-28,38.89,39.03,38.59,38.94,1236152.0,-0.0012840267077554035,0.0023112480739599928,-0.00898818695428849,0.0020586721564590515,2.35105290190036,6.292909494367564,-1.5908036905668155,4.302773497688747,0.738315356959447,2.520544427324083,0,-3.4129112975548637,-5.324580598103585,-6.990716948323607,-14.320675644903204,1.5875271911880162,1.8144108601973203,-11.518353304099618,0.5657577345408134,0,-0.4021500040494221,-38.0,-84.0,46.0,2.35105290190036,1.6200283374663513,0.7045511738792669,-0.17925531415786095
1503979200,2017-08-29,38.64,39.19,38.56,39.04,1685710.0,-0.010245901639344246,0.0038422131147539673,-0.012295081967213073,0.002568053415511029,1.9236680327868783,5.914505907725925,-2.0671698421521683,3.6970628415300695,0.4363046448087431,2.0666837431694063,0,-2.6743673807283983,-3.1986114554921876,-7.712907745905709,-7.215210229241158,0.9533786828649085,1.7957608783099512,-11.586148900742797,0.7733151955594125,0,-0.33650675184855794,-42.0,-84.0,42.0,1.9236680327868783,1.2302329305204012,0.42908525837354716,-0.15348556729240737
1504065600,2017-08-30,39.11,39.53,39.03,39.53,5796595.0,-0.010624841892233783,0.0,-0.012648621300278218,0.01255122950819687,0.5236529218315127,4.356201038742185,-3.3088951950791596,2.249768108609487,-0.9098574922000324,0.6699553082047345,0,0.8322085753710766,-2.6594434868259005,-6.795631513039958,8.413078099619511,-0.4270633241045516,1.7371698907879485,-12.238073962313194,2.560078354735691,1,-0.0024735722541858016,-46.0,-84.0,38.0,0.5236529218315127,-0.02224039783791909,-0.7838063243809472,-0.09746989817494461
1504152000,2017-08-31,39.74,41.13,39.74,40.97,2702355.0,-0.030021967293141216,0.003905296558457394,-0.030021967293141216,0.03642802934480138,-2.9362948498901744,0.9349596352120386,-6.807549334992373,-1.275730209096082,-4.460987714587901,-2.868358961842006,0,9.228434504136729,1.4862521674510811,-1.703648765072733,15.530339278246046,-3.644255105043598,1.8353398569981854,-11.438747547403251,1.1821722309260725,0,0.10544040163842067,-18.0,-52.0,34.0,-2.9362948498901744,-3.1994422116114407,-4.103533114204154,0.03541582935339266
1504238400,2017-09-01,41.2,41.69,41.04,41.19,1442395.0,0.00024277737314903902,0.012138868657441071,-0.0036416605972322547,0.005369782767878917,-3.441369264384548,0.454912600327134,-7.33765112909623,-1.7751072266731427,-4.8996520190984825,-3.3373796228858197,0,10.318195872201663,0.26777020447906386,2.8761957914641196,14.534850727607179,-3.9757534317484584,1.8199985454787972,-10.193446418902766,0.6290893237536734,0,0.06811351700442819,-21.999999999999996,-52.0,30.0,-3.441369264384548,-3.3625149432764516,-4.434717084747504,0.13157786115633816
1504584000,2017-09-05,41.12,41.18,40.31,40.57,1700593.0,0.013556815380823206,0.015035740695094946,-0.006408676361843724,-0.015052197135226986,-2.0088735518856424,1.8400120173150327,-5.857759121086318,-0.27195793279105374,-3.520663873141075,-1.8963109029660643,0,5.886912325163067,-0.8553274682306975,4.6597003581915,8.518174420427663,-2.3832681813628653,1.8707606273945052,-10.113647097521275,-0.7541952315701551,0,0.08137332866030768,-26.0,-52.0,26.0,-2.0088735518856424,-1.7060903784846744,-2.857628712086452,0.1457744891596241
1504670400,2017-09-06,40.83,41.05,40.33,40.98,1568779.0,-0.0036603221083455484,0.001708150317227819,-0.015861395802830636,0.010105989647522629,-3.031966813079549,0.6210558418991354,-6.68498946805822,-1.3498454530665214,-4.539206116804934,-2.9445257849357347,0,8.033048063091563,-0.8468424872973661,7.121660248402249,9.419654921549188,-3.2347204738839395,1.8452517996481486,-10.039547727667031,0.6980445573750027,0,0.14345034222590028,-30.0,-52.0,22.0,-3.031966813079549,-2.4333654586991713,-3.679349010812544,0.17325252348052506
1504756800,2017-09-07,41.04,41.16,40.51,40.67,1601559.0,0.009097614949594268,0.012048192771084265,-0.003934103761986774,-0.007564665690580674,-2.326038849274653,1.2582824235467314,-5.910360122096009,-0.6376526514220302,-3.834111958036246,-2.235882304729131,0,5.869729245383638,-0.6595017098192381,8.129736475443938,8.729448796158444,-2.3194136606733906,1.8406678206901446,-9.85237012384776,-0.7163821275438848,0,0.1557580762371623,-34.0,-52.0,18.0,-2.326038849274653,-1.5287587825967108,-2.829665071181182,0.16127104651820096
1504843200,2017-09-08,40.58,40.92,40.39,40.78,1040715.0,-0.004904364884747547,0.00343305541932315,-0.009563511525257473,0.0027046963363659415,-2.433791074055918,1.3034789747507318,-6.171061122862554,-0.9085335948994668,-3.9026483570377763,-2.4055909759686216,0,6.4757449503074085,3.214376107314612,9.205666072280755,11.02275911507023,-2.3708155166559948,1.7974137943618833,-9.868644006676352,0.4717351538696574,0,0.22144959276086326,-38.0,-52.0,14.0,-2.433791074055918,-1.6234823023376919,-2.9705264228918224,0.15162105062875564
1505102400,2017-09-11,41.05,41.65,40.88,41.48,1556048.0,-0.010366441658630654,0.004098360655737654,-0.014464802314368197,0.017165277096615972,-3.8175024108003726,0.21697833722289772,-7.851983158823643,-2.3292349726775967,-5.316216650594654,-3.8227258116361185,0,10.142169039051652,5.5470737913486,11.801322389165374,11.367398031440167,-3.727874983643659,1.790675280587906,-9.099037618036265,0.7078990783966037,0,0.21444655424229814,50.0,40.0,10.0,-3.8175024108003726,-2.970917203353622,-4.427253062544139,0.18124509724614252
1505188800,2017-09-12,41.54,42.07,41.38,41.97,1211779.0,-0.010245413390516989,0.002382654276864571,-0.01405766023350008,0.011812921890067551,-4.675959018346433,-0.15085064480089727,-9.201067391891954,-3.203478675244213,-6.191327138432214,-4.697402906838207,0,12.471579754739238,5.5849056603773555,15.01076143366466,10.142608846276644,-4.578293938458046,1.760787872807485,-7.992341989744414,0.5596466836332116,0,0.2701868099320484,50.0,43.99999999999999,6.000000000000007,-4.675959018346433,-3.712900673164583,-5.3256903365532935,0.220117607726617
1505275200,2017-09-13,41.93,42.26,41.54,42.05,1418920.0,-0.0028537455410225787,0.004994054696789485,-0.012128418549345987,0.0019061234214914347,-4.592152199762182,0.3874520566454578,-9.571756456169823,-3.0986920332936876,-6.171224732461354,-4.634958382877514,0,12.844763517647273,5.600200904068299,17.72957573759903,15.749915655964003,-4.433393142254431,1.754210075220812,-6.794001753839126,0.6551379102423017,0,0.32739800238670935,50.0,48.0,2.0,-4.592152199762182,-3.5250307273672234,-5.289893892812913,0.2360821802323324
1505361600,2017-09-14,42.03,42.63,42.03,42.61,1622841.0,-0.013611828209340482,0.00046937338652908167,-0.013611828209340482,0.013317479191438775,-5.529218493311419,-0.003407792473339555,-11.055029194149483,-4.085895329734797,-7.125088007509973,-5.605491668622378,0,15.38133555293308,6.765221748935112,21.14583347630777,23.791468238495497,-5.147512223059309,1.7080814993453195,-5.359273287656016,0.7550840912482205,0,0.45245116705562066,50.0,52.0,-2.0,-5.529218493311419,-4.336477352320657,-6.27835768619461,0.26694601133423435
1505448000,2017-09-15,42.51,43.25,42.49,43.04,2593822.0,-0.01231412639405205,0.00487918215613381,-0.012778810408921815,0.010091527810373035,-6.032760223048328,0.0041142451430147275,-12.06963469123967,-4.631737918215606,-7.659154275092945,-6.1454460966542825,0,17.19170675175488,9.656050955414011,24.76570951967775,29.679599537272452,-5.390481173025606,1.6963581799859808,-3.544781375577763,1.2000935933663972,1,0.5138942959897294,50.0,56.0,-6.0,-6.032760223048328,-4.788202225687385,-6.931773557397065,0.2966257557974476
1505707200,2017-09-18,43.16,43.43,42.86,43.4,1734492.0,-0.0055299539170506895,0.0006912442396314056,-0.01244239631336408,0.008364312267657992,-6.307603686635943,0.16949992214487963,-12.784707295416766,-4.934331797235032,-7.9619815668202705,-6.448156682027644,0,18.637093490971537,11.225012813941555,28.362750012849382,34.39936738918031,-5.620707930034797,1.6559353667968335,-1.730057731414604,0.8160585557201565,0,0.534321888087209,50.0,60.0,-10.0,-6.307603686635943,-5.046741553739437,-7.401659510982256,0.318864169880957
1505793600,2017-09-19,43.41,43.47,42.83,43.33,1539163.0,0.0018462958689129394,0.003231017770597644,-0.011539349180706204,-0.001612903225806428,-5.686591276252017,1.146471537207745,-12.519654089711779,-4.297253634894986,-7.355181167782149,-5.826217401338553,0,18.023709169313918,10.366785532348448,30.98589874067542,28.54942370852328,-4.891044896642015,1.6456409843835902,-0.015148496446414583,-0.7443126511703805,0,0.5365409720168806,46.0,60.0,-14.0,-5.686591276252017,-4.427310985695101,-6.967671321348178,0.3071043764471626
1505880000,2017-09-20,43.43,43.71,43.23,43.66,1558037.0,-0.005267979844250981,0.0011452130096198943,-0.009848831882730225,0.007615970459265986,-5.927622537792033,1.2447484397520583,-13.099993515336138,-4.55107650022903,-7.61566651397159,-6.083371507100296,0,19.381551253627435,10.419828022255938,33.73152170544152,25.0187540817097,-4.201014173971444,1.595074128154952,1.7591356951346562,0.7591496778314468,0,0.4382652401426677,50.0,68.0,-18.0,-5.927622537792033,-4.659241667422734,-7.370029874047589,0.2994787455325013
1505966400,2017-09-21,43.62,43.82,43.3,43.77,1988024.0,-0.0034270047978068874,0.0011423349326020737,-0.010737948366461136,0.0025194686211635897,-5.657984921178894,1.7330725192589398,-13.049042361616713,-4.301652577869177,-7.376818216434387,-5.839235397151782,0,19.831058189182897,11.260803253685815,36.16272185634763,24.414318528906847,-3.747243037210211,1.5622771201054015,3.490129263564395,0.9723989741999449,0,0.4311141228944502,50.0,72.0,-21.999999999999996,-5.657984921178894,-4.432289274882621,-7.3046717963082415,0.2801216170868237
1506052800,2017-09-22,43.76,44.29,43.76,44.1,1413181.0,-0.007709750566893492,0.00430839002267569,-0.007709750566893492,0.007539410555174708,-5.789115646258509,1.6488039879506573,-13.227035280467703,-4.492819349962204,-7.492819349962218,-5.992819349962204,0,21.167744441254655,12.99000768639508,38.74564205673202,24.485940600030688,-4.075203606966625,1.5256742858943546,5.436210519925741,0.6979745141442841,0,0.48385619156684545,50.0,76.0,-26.0,-5.789115646258509,-4.657191156106933,-7.684651078963228,0.2678275781366125
1506312000,2017-09-25,44.14,44.59,44.13,44.58,1525862.0,-0.009869896814715062,0.00022431583669813016,-0.010094212651413081,0.010884353741496433,-6.161956034095994,1.2193112332124372,-13.54322330140441,-4.927471212800953,-7.870494990279639,-6.398983101540296,0,22.999410675415177,14.719505918682446,41.68330180773046,31.71321979468901,-4.506547204188507,1.4799542845978877,7.440480217609554,0.7550956667534099,0,0.583448975266801,50.0,80.0,-30.0,-6.161956034095994,-5.142451739731669,-8.338286981998252,0.26956723703021446
1506398400,2017-09-26,44.67,45.12,44.37,44.89,1345141.0,-0.004900868790376434,0.005123635553575312,-0.011583871686344449,0.0069537909376402585,-6.147248830474496,1.1290717461059643,-13.423569407054956,-4.88787406252321,-7.879631692284846,-6.383752877404021,0,24.117239157995755,15.279917822290711,44.57368229933014,31.641286155757413,-4.583824347253312,1.4840923942587592,9.616049480733778,0.6678759067488355,0,0.5557673677796583,50.0,84.0,-34.0,-6.147248830474496,-5.245371726217016,-8.619466691658758,0.26854834895051305
1506484800,2017-09-27,45.15,45.23,44.28,44.54,1702385.0,0.013695554557700884,0.015491692860350126,-0.005837449483610202,-0.007796836711962629,-4.792321508756174,2.1703860191137494,-11.75502903662607,-3.458688819039068,-6.545801526717568,-5.002245172878318,0,20.641519763746345,14.08811475409836,45.41491542166402,30.72600664231568,-3.1844040739276807,1.5412659543870415,11.69759640700478,-0.8423754655113037,0,0.5551610946127952,46.0,84.0,-38.0,-4.792321508756174,-4.072134196129483,-7.591530472560237,0.22312213473798792
1506571200,2017-09-28,44.47,44.87,43.84,44.39,2377031.0,0.0018022077044379525,0.010813246226627493,-0.012390177968010785,-0.003367759317467467,-3.923180896598339,2.650528809900237,-10.496890603096915,-2.5091987684913875,-5.726139520913108,-4.117669144702248,0,19.178018172034342,12.294459903870477,45.446520686927606,25.74410706614394,-2.3335581763957833,1.6017504150052844,12.569377973062608,-1.1637148057234556,0,0.5097445260276139,42.0,84.0,-42.0,-3.923180896598339,-3.39103003123455,-6.993807824206925,0.16449857831605907
1506657600,2017-09-29,44.37,45.5,44.1,45.22,3049926.0,-0.018796992481203034,0.006191950464396356,-0.024767801857585092,0.01869790493354362,-5.216718266253864,1.451907019123638,-11.885343551631351,-3.8191065900044237,-6.9792127377266695,-5.399159663865561,0,22.496806250971105,10.37344398340249,46.81203309123277,27.35497139597726,-3.4229318545739744,1.6811810703024885,13.826769176468588,1.4788550358635897,0,0.5176987840995907,50.0,96.0,-46.0,-5.216718266253864,-4.672425431902795,-8.359697399428796,0.16284271217743584
1506916800,2017-10-02,45.16,45.9,44.99,45.77,2376388.0,-0.01332750710072117,0.0028402883985141347,-0.01704173039108592,0.012162759840778525,-5.855363775398743,1.0598445181990286,-12.770572068996515,-4.4825577161168155,-7.661495885223218,-6.072026800670017,0,24.41817810381248,11.119203690216086,48.73923386807826,28.48616534596401,-4.023126345848183,1.68435204592531,15.24221194165002,1.159545446911341,0,0.5266133479327614,50.0,96.0,-46.0,-5.855363775398743,-5.263849769117073,-9.089886904131205,0.17873979655032546
1507003200,2017-10-03,46.23,46.53,45.71,45.73,1973324.0,0.010933741526350405,0.017493986442160603,-0.0004373496610539096,-0.000873934891850725,-5.208834463153295,1.6630491377651992,-12.080718064071775,-3.8246227859173416,-6.995407828558939,-5.4100153072381545,0,24.0222972016347,12.718757702736003,50.08199645083451,29.053549921877405,-3.378178616332349,1.6934902234325997,16.899407035463803,-0.9674910108220003,0,0.4236179392335653,46.0,92.0,-46.0,-5.208834463153295,-4.68755706342327,-8.65702012944783,0.16674557301103676
1507089600,2017-10-04,45.73,46.36,45.73,46.3,1497400.0,-0.012311015118790514,0.0012958963282938551,-0.012311015118790514,0.012464465340039421,-5.801295896328298,1.1012821063738727,-12.703873899030455,-4.441324694024459,-7.553635709143265,-5.997480201583855,0,25.942009413236732,12.981942410932163,51.98097984724392,29.057595294663287,-4.10037951644351,1.650359461475542,18.43823105114803,0.7378483681296297,0,0.4142706368200384,50.0,96.0,-46.0,-5.801295896328298,-5.302764276145808,-9.397954938153902,0.17644710307299238
1507176000,2017-10-05,46.37,46.37,45.86,45.95,1513902.0,0.009140369967355788,0.009140369967355788,-0.001958650707290621,-0.0075593952483800075,-4.509249183895548,2.1249760159958413,-11.143474383786938,-3.1541530649256515,-6.259702575262978,-4.706927820094322,0,22.4800387459307,12.982542414556185,51.91619657963088,22.1930533520825,-2.8311402059697315,1.6234281981379273,19.872706238931734,-0.7631987818195977,0,0.3481386674603635,46.0,84.0,-38.0,-4.509249183895548,-4.145128487201902,-8.366357450848014,0.14012413158701875
1507262400,2017-10-06,45.83,46.0,45.63,45.79,1694441.0,0.0008735531775496685,0.004586154182135926,-0.003494212710198674,-0.003482045701849956,-3.6285215112470013,2.4916252639267213,-9.748668286420738,-2.2752420470262678,-5.356700880832804,-3.815971463929543,0,20.92420176823788,12.285434036292294,51.14822113554048,15.480600488364061,-2.113631588222205,1.5704533649856343,20.61885079952806,-0.8756321449639674,0,0.278993526514679,42.0,84.0,-42.0,-3.6285215112470013,-3.44731582665338,-7.730633933454428,0.08866398924499475
1507521600,2017-10-09,45.9,46.03,45.64,45.9,576580.0,0.0,0.002832244008714735,-0.005664488017429137,0.002402271238261644,-3.377995642701535,2.3377515647371467,-9.093742850140217,-2.058460421205524,-5.0497458242556235,-3.5541031227305666,0,21.36896796499761,10.655737704918037,50.69060407955506,20.246271230379065,-2.0755402867956008,1.5154742834967296,21.334028923337996,0.30472738843025926,0,0.2625232250260829,38.0,84.0,-46.0,-3.377995642701535,-3.3283527776187327,-7.6399250983942295,0.04744247322595574
1507608000,2017-10-10,45.96,46.21,45.64,45.89,1122188.0,0.001525386794508643,0.006973196774896495,-0.005447809980387852,-0.0002178649237472019,-2.9298322074525913,2.4396013860913115,-8.299265800996508,-1.60274569623013,-4.568533449553286,-3.0856395728916794,0,21.26465026726187,9.340004765308558,50.27087231373633,19.800845472728057,-1.7576681625744754,1.496254249233413,22.13519995982695,-0.5945268046351633,0,0.21049268000347382,34.0,76.0,-42.0,-2.9298322074525913,-2.9923071292234056,-7.320983057865774,0.00703297916482426
1507694400,2017-10-11,45.9,46.04,45.43,45.91,957344.0,-0.0002178174689609902,0.0028316270964932055,-0.010455238510128417,0.00043582479843085054,-2.5517316488782313,2.3427829447803816,-7.44624624253683,-1.2390183692732109,-4.179554200246855,-2.709286284760026,0,21.35280326752826,9.179548156956004,49.95382406729645,14.37180492441803,-1.464293639933615,1.4836798666104136,22.29910518339365,0.5187860355612377,0,0.17419162127143648,30.0,76.0,-46.0,-2.5517316488782313,-2.7455606819151086,-7.072676598181246,-0.028850722479974555
1507780800,2017-10-12,45.07,45.46,44.38,44.95,2932402.0,0.0026696329254727313,0.011345939933259164,-0.01268075639599553,-0.020910477020256835,-0.21023359288101062,4.293010545665027,-4.713477731427034,1.202447163515032,-1.9076751946607402,-0.3526140155728683,0,11.777193910797784,5.491668622389119,45.18222901442797,4.781661342211983,0.7101971583522158,1.6502537021914712,20.13253889082288,-1.5785804755567876,0,0.153834745700469,26.0,72.0,-46.0,-0.21023359288101062,-0.6048256022328928,-4.888491591311734,-0.12249221609103667
1507867200,2017-10-13,45.3,45.65,45.0,45.13,1155476.0,0.0037668956348326788,0.011522269000664664,-0.002880567250166277,0.004004449388209208,-0.3766895634832963,3.714846492386954,-4.468225619353532,1.045128886919258,-2.0282147869118887,-0.4915429499963153,0,12.763478287228331,4.855947955390342,41.68063849496736,4.144473179183706,0.4239727004722482,1.6370576285581109,18.361612871882407,0.6297127388644583,0,0.06749406207514122,22.0,68.0,-46.0,-0.3766895634832963,-0.905902847421757,-5.0612596961473315,-0.17439501163162063
1508126400,2017-10-16,45.41,46.08,45.13,46.05,2049464.0,-0.013897937024972884,0.0006514657980456473,-0.019978284473398333,0.02038555284732979,-2.079261672095541,1.7381494080398454,-5.896672752230927,-0.6583423814694243,-3.752804922186016,-2.2055736518277342,0,17.30271651564317,6.105990783410135,40.5973714129893,5.500203718085409,-1.4436082259652778,1.6371108113832133,17.229700129213278,1.1364031184269958,0,0.12163577766088898,18.0,64.0,-46.0,-2.079261672095541,-2.6108107280685857,-6.685111176798159,-0.14979341679398028
1508212800,2017-10-17,46.0,46.2,45.78,45.92,1145100.0,0.0017421602787455193,0.0060975609756097615,-0.0030487804878048808,-0.002823018458197546,-1.5200348432055932,1.949872191412851,-4.989941877824037,-0.10090011614401817,-3.1562137049941867,-1.6285569105691167,0,16.104116458535472,5.977382875605824,39.18390345321651,11.412692114396059,-0.9986695656564137,1.5898089647127935,16.315100830262125,-0.6445037160977735,0,0.14033442393393436,14.0,60.0,-46.0,-1.5200348432055932,-2.112710351878647,-6.169134349117925,-0.1451971459687833
1508299200,2017-10-18,46.04,46.58,46.01,46.24,1215297.0,-0.004325259515570945,0.007352941176470562,-0.004974048442906609,0.006968641114982521,-1.9225778546712746,1.2789878869266147,-5.124143596269192,-0.48587081891581363,-3.539504036908866,-2.0126874279123683,0,17.59924934076588,5.909299129638126,38.6746719550325,19.56242228476313,-1.3497230880576012,1.5679874560908131,15.881568587440704,0.692422878583528,0,0.1303149390058841,10.0,56.0,-46.0,-1.9225778546712746,-2.524404275629294,-6.551091414047434,-0.1243318863947167
1508385600,2017-10-19,46.02,46.02,45.49,45.94,831330.0,0.0017414018284720445,0.0017414018284720445,-0.009795385285154445,-0.0064878892733565285,-1.0459294732259252,1.8038533037114917,-3.8957122501633563,0.4030619648817293,-2.6726890146567968,-1.1348135248875337,0,14.779452756783797,4.957733607493704,36.97718073768473,12.471650385018968,-0.4749811186854771,1.5821080595890755,14.432149349864439,-0.4778587623252848,0,0.08466627397735911,6.000000000000007,52.00000000000001,-46.0,-1.0459294732259252,-1.7080670651127434,-5.707871683565131,-0.13364690528872192
1508472000,2017-10-20,46.31,46.43,46.02,46.08,1769318.0,0.004991319444444642,0.0075954861111111605,-0.0013020833333332593,0.0030474531998259113,-1.1317274305555571,1.4195761206568847,-3.683030981768013,0.3157552083333286,-2.724609375,-1.2044270833333428,0,15.486658998164216,4.4897959183673395,35.899647418454734,11.406487239960136,-0.6493658319247828,1.5405917896636097,13.564203278812315,1.0212082236987159,0,-0.05713425532452173,2.0,44.0,-42.0,-1.1317274305555571,-1.815583063052145,-5.759276974403477,-0.13300564894368638
1508731200,2017-10-23,46.08,46.42,45.99,46.02,1763754.0,0.0013037809647977738,0.008691873098652714,-0.0006518904823989979,-0.0013020833333332593,-0.8463711429813259,1.5463609804476448,-3.2391032664102823,0.6290743155149698,-2.408735332464147,-0.8898305084745743,1,14.898782438729995,3.230148048452232,34.768296730139795,2.2280934696316237,-0.4954879178452103,1.4991558106414735,12.698286574577871,-1.014636492998072,0,-0.039954570553177776,-2.0,44.0,-46.0,-0.8463711429813259,-1.5268509378566364,-5.415372117001596,-0.138617993866472
1508817600,2017-10-24,46.56,47.03,46.37,46.56,1504257.0,0.0,0.010094501718213023,-0.004080756013745801,0.011734028683181297,-1.8170103092783592,0.5820898588902139,-4.216110477446918,-0.3479381443299019,-3.3311855670103085,-1.8395618556700981,1,17.65000913034831,3.7202049454221466,34.98183467451568,2.2849509464228532,-1.5657146257107115,1.5308740722790375,12.55732822011197,0.8732574871590384,0,-0.13140284612782996,50.0,96.0,-46.0,-1.8170103092783592,-2.4147520076942044,-6.256972161746276,-0.10924922977856988
1508904000,2017-10-25,46.33,46.49,45.19,45.6,2556376.0,0.016008771929824528,0.0195175438596491,-0.008991228070175494,-0.020618556701030966,0.36622807017543835,2.5187540187734356,-1.7862978784225447,1.906432748538009,-1.21637426900584,0.3450292397660917,1,8.996638066989043,2.379883251010333,31.063127061581362,-0.25025898660015145,0.45213715271418664,1.6660517833161907,10.4082005527559,-1.466191892252077,0,-0.12328587313390206,46.0,92.0,-46.0,0.36622807017543835,-0.326008997584168,-4.1154569008833874,-0.15497203803551562
1508990400,2017-10-26,45.6,47.52,45.55,47.11,2623642.0,-0.032052642751008276,0.008703035448949237,-0.0331139885374655,0.03311403508771926,-2.562088728507746,-0.5810772224926666,-4.543100234522797,-1.0096936248496462,-4.2319394325337925,-2.6208165286917193,1,16.162900453843633,6.127506195088982,31.28067824511226,9.580550041811122,-2.5368069112237777,1.7961541334109206,9.494307136449315,1.4770948902410406,0,-0.03883136709341683,50.0,96.0,-46.0,-2.562088728507746,-3.18550726820402,-6.906895792215067,-0.08738108165858782
1509076800,2017-10-27,47.08,47.25,45.72,46.67,1389138.0,0.008785086779515616,0.012427683736875972,-0.020355688879365785,-0.009339842920823571,-1.4881079922862739,0.5154051239701971,-3.491621108542759,0.10963502606958286,-3.170844939647168,-1.5306049567888067,1,12.796536603000995,3.206545776205225,29.766248181858618,4.927621591883323,-1.5331031263571475,1.9177487464030891,8.645691821307487,-0.7814797372814741,0,-0.03121485251759889,46.0,80.0,-34.0,-1.4881079922862739,-2.0562977141395464,-5.792783363285551,-0.07655576776758422
1509336000,2017-10-30,46.54,46.61,45.87,46.24,1564012.0,0.0064878892733564175,0.008001730103806226,-0.008001730103806337,-0.009213627598028684,-0.5211937716262867,1.504805986978397,-2.5471935302309845,1.0964532871972352,-2.1777681660899617,-0.5406574394463775,1,9.673205264593754,1.026873497924402,27.0803964364258,-0.9091643241241698,-0.5720022211288267,1.9209054342718401,7.857691885818653,-0.8859331023905475,0,-0.024751766271274893,42.0,80.0,-38.0,-0.5211937716262867,-1.036394867419446,-4.723908838227771,-0.10106487697709432
1509422400,2017-10-31,46.56,46.74,46.38,46.54,1176331.0,0.0004297378599056323,0.0042973785990545466,-0.003437902879243615,0.0064878892733564175,-1.0754189944134112,0.9800794524966534,-3.13091744132349,0.4558802463830318,-2.6983956453230036,-1.1212576994700072,1,11.094305568168075,1.7712661272687564,25.663641947099492,3.6256178849539538,-1.135406963449995,1.848938969012046,7.2650029441564925,0.6679856352177233,0,-0.05324398631721136,38.0,80.0,-42.0,-1.0754189944134112,-1.5148618441075001,-5.1287291089692815,-0.09961886815548537
1509508800,2017-11-01,47.13,47.21,46.45,46.52,1060611.0,0.01311263972484955,0.01483233018056751,-0.0015047291487532144,-0.00042973785990541025,-1.0092433361994892,1.0829155533978962,-3.101402225796889,0.5771711092003216,-2.6064058469475526,-1.0146173688736013,1,10.943594818147758,0.47516198704104967,24.50384288192103,12.922531408376166,-0.7054479957207462,1.8343033027755615,7.195263901631577,-0.6097202449028698,0,-0.1049685617750903,34.0,80.0,-46.0,-1.0092433361994892,-1.33228077454703,-4.888414674624471,-0.10217509722831208
1509595200,2017-11-02,46.62,46.93,46.46,46.7,1549857.0,-0.0017130620985011946,0.004925053533190615,-0.005139186295503251,0.0038693035253654084,-1.3104925053533236,0.8563617677312436,-3.477346778437891,0.25339043540328987,-2.9093504639543255,-1.327980014275525,1,11.835506607186232,1.6322089227421108,23.962420181040084,6.6018199765901,-0.9088307148780927,1.7686039543997376,7.130506219287007,0.8907001565271231,0,-0.07038697577724763,30.0,40.0,-10.0,-1.3104925053533236,-1.5494813204921343,-5.048932897725578,-0.09410943924716597
1509681600,2017-11-03,46.81,47.27,46.61,46.76,1808864.0,0.0010692899914457321,0.010906757912745979,-0.0032078699743369743,0.0012847965738755907,-1.333404619332768,0.8963980833268863,-3.563207321992408,0.2705303678357467,-2.950171086398612,-1.3398203592814184,1,12.138880516418062,2.1183664555579798,23.655144793644666,6.219514385038018,-0.8252526200794108,1.7409865891422478,7.412066291122265,1.0459773710733073,0,-0.20353331930757715,26.0,40.0,-14.0,-1.333404619332768,-1.5162071527074943,-4.967993907087248,-0.08725262856965788
1509944400,2017-11-06,46.82,46.88,46.11,46.47,1033529.0,0.007531740908112816,0.008822896492360677,-0.007746933505487386,-0.006201881950384958,-0.6563374219926743,1.595424590752586,-2.9080994347379345,1.0049494297396109,-2.317624273724988,-0.6563374219926743,1,9.723491658662475,1.2418300653594778,22.40343332139414,1.281564209237409,-0.14892736981552446,1.74507505273416,6.708290435582576,-0.5991345343049532,0,-0.19017274577635768,22.0,40.0,-18.0,-0.6563374219926743,-0.8157429603855633,-4.203372346348104,-0.10365026125515431
1510030800,2017-11-07,46.54,46.77,46.07,46.25,1197534.0,0.006270270270270162,0.011243243243243217,-0.0038918918918918743,-0.0047342371422423035,-0.14486486486484296,2.1020825165200705,-2.3918122462497564,1.54810810810811,-1.8183783783783554,-0.13513513513512976,1,7.925472574705559,0.7844846371758541,20.623704108775037,-4.2340658181766315,0.33653853099471576,1.7362429190845308,5.980520149339025,-0.694518840105389,0,-0.20622999015310664,18.0,40.0,-21.999999999999996,-0.14486486486484296,-0.31119066359147496,-3.6007228124239674,-0.1290602611470376
1510117200,2017-11-08,46.07,46.21,45.42,46.07,1253527.0,0.0,0.00303885391795089,-0.014108964619057973,-0.0038918918918918743,0.2626438029086131,2.505164374116987,-1.979876768299789,1.9759785833152677,-1.4427320743795633,0.26662325446784507,1,6.46151709717266,0.34850795033762516,18.544415064365896,-5.096180625271941,0.7144955927425514,1.7472108516536542,4.182708076530268,-0.7306551428754718,0,-0.1920306404822153,14.0,40.0,-26.0,0.2626438029086131,0.07084581885638386,-3.0976468348062838,-0.1559401430288847
1510203600,2017-11-09,45.64,46.01,45.42,45.99,1701782.0,-0.007610350076103556,0.0004348771472058033,-0.012393998695368613,-0.0017364879531147626,0.5501195912154913,2.4414652498901717,-1.3412260674592176,2.195404798144523,-1.122707835036607,0.5363484815539437,1,5.80173599804791,2.313681868743046,16.552525170273924,-12.874987608124577,0.8294434044001662,1.726185896256779,2.513311151779277,-1.0416579952730336,0,-0.06468629817522194,10.0,40.0,-30.0,0.5501195912154913,0.22159420849207834,-2.8142183058963184,-0.17559504512937474
1510290000,2017-11-10,45.78,46.27,45.76,45.96,994372.0,-0.003916449086161844,0.00674499564839004,-0.004351610095735481,-0.000652315720808927,0.7060487380330756,2.2719921225184265,-0.8598946464522754,2.3270234986945155,-0.9627937336814654,0.6821148825065109,1,5.545521302154924,1.8391313981830228,14.787441233947662,-6.936337194364121,0.8982742821434186,1.6831946440927532,1.3437781631078174,-0.6216516436415893,0,-0.006153667253387993,6.000000000000007,40.00000000000001,-34.0,0.7060487380330756,0.2596784318894976,-2.642907342497466,-0.18610002760977795
1510549200,2017-11-13,45.7,46.13,45.53,45.93,978310.0,-0.005007620291748283,0.004354452427607347,-0.008708904855214472,-0.0006527415143603443,0.758763335510551,2.34675249526623,-0.8292258242451425,2.3677335075114456,-0.8480296102765266,0.7598519486174666,1,5.278351233594286,-0.2605863192182355,13.193051999306956,-13.06205169290007,0.8682423566720416,1.657297029567569,-0.14819671632520226,-0.6151798293808041,0,0.03985560878705492,2.0,40.0,-38.0,0.758763335510551,0.2941967526807616,-2.4781671390811937,-0.18989516958833041
1510635600,2017-11-14,45.77,46.23,45.59,45.96,1589250.0,-0.004134029590948551,0.005874673629242766,-0.008050478677110506,0.0006531678641410466,0.6973455178415975,2.2761750893038197,-0.8814840536206248,2.320496083550921,-0.9410356832027986,0.6897302001740684,1,5.503640050476655,0.08710801393728036,11.923165201148661,-3.401298795727101,0.8914138996205452,1.6373795278262142,-1.3756779107757744,1.000751799637305,0,0.10163831420138492,-2.0,40.0,-42.0,0.6973455178415975,0.20694670330507847,-2.4421443276344093,-0.18502389658545265
1510722000,2017-11-15,45.56,45.9,45.24,45.62,1289958.0,-0.0013152126260410624,0.006137658921525624,-0.008329679964927617,-0.007397737162750273,1.3798772468215645,3.0913656712816078,-0.3316111776384645,3.017316966242902,-0.28825076720735865,1.3645330995177574,1,2.35711227212051,-1.3408304498269994,9.566596185310495,-14.200909104704678,1.4137723121644115,1.644487881702271,-2.9878117376401576,-0.8151498033769382,0,0.0370468661268987,-6.0,40.0,-46.0,1.3798772468215645,0.8629403761864154,-1.6478009780736755,-0.19816687147451578
1510808400,2017-11-16,45.83,46.05,45.51,45.94,1195712.0,-0.002394427514148867,0.002394427514148978,-0.0093600348280366,0.007014467338886554,0.6737048323900581,2.373271700563052,-1.0258620357829074,2.302641126106522,-0.9820780728486369,0.6602815266289355,1,4.890632067569321,0.0,8.593054988755688,-7.338927666007969,0.5999761641794237,1.6003482541239331,-4.375290717493009,0.7594895189148086,0,0.057695328423216306,-10.0,36.0,-46.0,0.6737048323900581,0.14509552757309052,-2.2413981366856746,-0.17934053098205965
1510894800,2017-11-17,45.66,46.03,45.49,45.85,2019141.0,-0.004143947655398161,0.003925845147219276,-0.00785169029443833,-0.0019590770570308003,0.8462377317339076,2.5845899752381882,-0.892114511770373,2.4754634678298686,-0.8440567066521254,0.8157033805888716,1,4.039867438201249,-0.49913194444443765,7.433058409913539,-8.326098897999579,0.6935923423965704,1.5730798945753157,-5.701388636246804,-1.2667679282480475,0,0.09200992339961504,-14.0,4.0,-18.0,0.8462377317339076,0.30913234896137,-1.9691328028600026,-0.16721983965298343
1511154000,2017-11-20,46.05,46.6,46.05,46.21,1419898.0,-0.00346245401428269,0.008439731659813932,-0.00346245401428269,0.00785169029443833,0.08115126595976108,1.7927296039260625,-1.6304270720065688,1.705619274327347,-1.6140085118661318,0.04580538123060762,1,6.855481993773921,0.41286397218600107,7.677203991518307,-7.600624746075596,-0.12314272222400291,1.565267677314151,-5.978190628930349,0.8923395106056073,0,0.06658179166195141,-18.0,3.9999999999999964,-21.999999999999996,0.08115126595976108,-0.42734447728516045,-2.6256740165507892,-0.1308384294198366
1511240400,2017-11-21,46.47,46.7,46.22,46.47,2855092.0,0.0,0.004949429739617095,-0.005379814934366234,0.005626487773209288,-0.48848719604045243,1.2002523936323968,-2.1772267857132874,1.0967649379528126,-2.1655548382468908,-0.5343949501470604,1,8.775454658326424,-0.19329896907217226,8.765667190887028,-2.636748451701422,-0.6533723629589048,1.520648116746488,-6.08339275252948,1.7579809084129958,1,0.1079819400644418,-21.999999999999996,4.0000000000000036,-26.0,-0.48848719604045243,-0.8906966887101788,-3.0461513938724067,-0.0872416033629273
1511326800,2017-11-22,46.63,46.77,46.39,46.69,1523291.0,-0.0012850717498392727,0.001713428999785993,-0.006425358749196808,0.0047342371422423035,-0.8406511030199226,0.7638813278952483,-2.4451835339350794,0.6136217605483125,-2.436281859070462,-0.9113300492610819,1,10.347154151728667,2.3903508771929745,10.414730909439413,4.804889394305789,-1.1354451883529748,1.4635112043076235,-6.071576412644056,0.9367400395559621,0,0.14881548112088624,-26.0,4.0,-30.0,-0.8406511030199226,-1.2283886907188162,-3.365618916755622,-0.04376157740724196
1511499600,2017-11-24,46.7,46.83,46.54,46.68,447940.0,0.00042844901456740025,0.0032133676092545027,-0.0029991431019709136,-0.00021417862497319362,-0.8654670094258847,0.5821201271443783,-2.313054145996162,0.4505855469865878,-2.24007426449586,-0.8947443587546502,1,10.237270612789452,-0.9127573763532152,11.734719839698611,1.5931258286499244,-1.231615545629026,1.4036408919062893,-5.963076791780509,-0.2794971512180795,0,0.2090089894455551,-30.0,4.0,-34.0,-0.8654670094258847,-1.0922551632427115,-3.213744230195857,-0.017212375491234888
1511758800,2017-11-27,46.74,46.95,46.54,46.83,1535240.0,-0.001921844971172204,0.002562459961563235,-0.0061926115737774845,0.0032133676092545027,-1.1659192825112115,0.32380099988769473,-2.6556395649101177,0.033454338387088,-2.409424158303068,-1.18798490995799,1,11.348515251574533,0.3428326548103634,13.358478052197983,8.046249770173468,-1.4805518222458574,1.3617422269674706,-5.6630549950103735,0.9707540273291755,0,0.23894807665697967,-34.0,4.0,-38.0,-1.1659192825112115,-1.2748675039232324,-3.3855712789319625,0.007583217582628032
1511845200,2017-11-28,47.02,47.97,47.0,47.92,1099140.0,-0.01878130217028373,0.0010434056761268184,-0.019198664440734592,0.023275677984198273,-3.2387312186978363,-1.1588344941673085,-5.318627943228336,-2.0728992765720875,-4.508208124652214,-3.2905537006121364,0,18.15582001857014,3.633217993079584,18.36084124945156,13.93915891480465,-3.5778596939903338,1.4056389374486145,-4.052049403117358,0.7006312731499182,0,0.31888701878802683,50.0,92.0,-42.0,-3.2387312186978363,-3.1852083422428024,-5.364238128345775,0.0899511769473863
1511931600,2017-11-29,48.02,48.57,47.93,48.43,1286616.0,-0.008465826966756018,0.0028907701837703748,-0.010324179227751418,0.01064273789649417,-4.06256452612017,-1.290669483664459,-6.834459568575895,-2.8938674375387166,-5.3613462729713035,-4.127606855254996,0,20.697569429977776,4.061022776106577,23.806729734809696,20.344776959441916,-4.273137433616299,1.3873585328942932,-2.0024033454456784,0.8227842799125146,0,0.3140680809259816,50.0,96.0,-46.0,-4.06256452612017,-3.8042815762024986,-6.111371684382192,0.16686725366293914
1512018000,2017-11-30,48.71,49.46,48.6,49.3,2423572.0,-0.011967545638945198,0.0032454361054767844,-0.014198782961460377,0.017964071856287456,-5.473630831642993,-1.7696796788626017,-9.177581984423384,-4.354631507775522,-6.798850574712645,-5.576741041244077,0,24.370910915987267,5.975924333619935,30.35144347087012,29.682484004750066,-5.2131995315822195,1.414759575086813,0.5327070263375546,1.532892485666126,0,0.2999657001651874,50.0,40.0,10.0,-5.473630831642993,-4.977867070389493,-7.463593367162574,0.25892816286473963
1512104400,2017-12-01,49.42,49.42,47.6,48.71,1495142.0,0.014576062410182722,0.014576062410182722,-0.02278792855676448,-0.011967545638945198,-4.122356805584076,0.0755777621965592,-8.320291373364697,-2.8645726407992953,-5.615547799904192,-4.240060220351751,0,18.26223202655231,4.304068522483936,32.412662441649545,22.91324997479684,-3.7264353236312076,1.59650322854377,0.9022163433578534,-0.9516000688803912,0,0.3185334097029271,46.0,39.99999999999999,6.000000000000007,-4.122356805584076,-3.462443504153697,-6.094010770850545,0.2618916358482395
1512363600,2017-12-04,49.03,49.29,47.99,48.02,1438916.0,0.02103290295710125,0.026447313619325286,-0.0006247396917951065,-0.014165469102853545,-2.613494377342789,1.8100371547854763,-7.037025909471026,-1.2404553658197983,-4.164237123420818,-2.702346244620287,0,11.993708157562587,2.694610778443125,30.78762210112031,21.133650249297162,-2.0326307423996326,1.6971406845522266,1.2453321377338469,-0.9155144837056458,0,0.23317635904381692,42.0,40.0,2.0,-2.613494377342789,-1.8776470504940619,-4.558608736457188,0.20187654136847988
1512450000,2017-12-05,48.18,48.23,47.51,48.15,2122357.0,0.0006230529595014911,0.001661474558670717,-0.013291796469366624,0.002707205331111906,-2.701973001038411,1.87187325492431,-7.275819257001132,-1.358947732779498,-4.264451367255106,-2.811699550017309,0,12.673495043941102,3.6152356358941247,29.886957810154385,12.195424059885099,-1.9477189788203901,1.6784706182147648,0.7338543808944351,1.3401832329779453,1,0.29087286427687775,38.0,40.0,-2.0,-2.701973001038411,-1.9385131938186646,-4.627416441556818,0.15740415818049958
1512536400,2017-12-06,47.86,48.11,46.84,46.97,2063385.0,0.018948264849904195,0.024270811156057004,-0.0027677240791993407,-0.024506749740394573,-0.18096657440919728,4.471871771703718,-4.833804920522127,1.2802498048399684,-1.8196011638634673,-0.2696756795117352,0,3.526091019292643,1.5567567567567542,24.345301594244532,9.970178365242361,0.7284252722027134,1.796950459976781,-0.7439073194449399,-1.2912322154529416,0,0.20095630637466996,34.0,40.0,-6.0,-0.18096657440919728,0.4750258063758821,-2.1439195570752645,0.041045065614476184
1512622800,2017-12-07,47.16,47.55,46.92,47.53,1080219.0,-0.007784557121817914,0.00042078687144941895,-0.012833999579213162,0.011922503725782407,-1.2034504523458764,3.36028531415009,-5.767186218841843,0.22091310751105198,-2.808752366926143,-1.2939196297075455,0,6.684305657807009,3.1690905144345582,21.630903060971228,9.83415943064616,-0.29315169084638626,1.7436144395515936,-2.116114612617217,0.6812882607709136,0,0.21526026818031596,30.0,40.0,-10.0,-1.2034504523458764,-0.6412718980653693,-3.1675743197053663,-0.0033223027704877284
1512709200,2017-12-08,47.74,47.75,47.15,47.6,1147216.0,0.002941176470588225,0.0031512605042016695,-0.00945378151260512,0.0014727540500736325,-1.179621848739501,3.3135697893602867,-5.6728134868392885,0.25245098039215463,-2.7748599439775887,-1.261204481792717,0,7.068187938504522,3.5007610350076086,19.78475702140843,17.236548528726914,-0.11826642101554796,1.706725579313527,-3.1243360262499387,0.7349439083282501,0,0.21928304659158623,26.0,40.0,-14.0,-1.179621848739501,-0.7123983723348317,-3.180172006658509,-0.031503925456493054
1512968400,2017-12-11,47.68,47.72,47.09,47.42,1534713.0,0.005482918599746922,0.00632644453816944,-0.006959088991986495,-0.0037815126050420034,-0.6505693800084345,3.747435142625804,-5.048573902642687,0.7946717278222764,-2.2694362434978075,-0.7373822578377656,0,5.731276508734581,3.1766753698868597,17.74281142863635,10.526915946711476,0.41192789005783936,1.6857290300644847,-4.157740228606375,-1.0026524889090471,0,0.24838043925413078,22.0,40.0,-18.0,-0.6505693800084345,-0.30356197700349696,-2.7023565750904766,-0.06394592121497633
1513054800,2017-12-12,47.48,47.59,47.08,47.26,1571487.0,0.004655099449851763,0.006982649174777977,-0.003808717731696998,-0.003374103753690516,-0.17350825222175104,4.088437623966129,-4.43545412840966,1.2794470306108252,-1.775990971928337,-0.24827197065874884,0,4.535872544501153,2.8957108643588034,15.602327879351757,0.7094741347069231,1.0380787117884864,1.6477004381137066,-5.1345188884385315,-1.0375899602559153,0,0.23574916687492864,18.0,40.0,-21.999999999999996,-0.17350825222175104,0.03072842226328021,-2.279895816529617,-0.09593547428690075
1513141200,2017-12-13,47.4,47.49,46.31,46.32,1345777.0,0.023316062176165664,0.025259067357513043,-0.00021588946459405456,-0.019889970376639865,1.891191709844577,6.158063333748288,-2.3756799140591625,3.4772596430627516,0.24323546344271563,1.8602475532527336,0,-1.8509868736953337,0.7832898172323747,10.825914332127695,-6.089695200081408,3.12230824470565,1.743020902985904,-5.866086367633127,-0.8959876271967319,0,0.13070579223115017,14.0,40.0,-26.0,1.891191709844577,1.8644546010024214,-0.2851628645443043,-0.17552362124202758
1513227600,2017-12-14,46.3,46.55,45.62,45.63,1797645.0,0.01468332237562997,0.02016217400832776,-0.00021915406530803594,-0.01489637305699476,3.433048433048441,7.760956160382875,-0.8948592942860358,5.109577032653959,1.7674775367082987,3.438527284681129,0,-5.846460317605484,0.02192021043403138,5.0612251429126465,-10.680621046379912,4.401033275838074,1.788574977211095,-5.697526515406651,-1.192065245768775,0,0.043202176483826946,10.0,40.0,-30.0,3.433048433048441,3.080543507561046,1.174739507290539,-0.2644190327365826
1513314000,2017-12-15,45.78,45.99,45.33,45.62,3101717.0,0.003507233669443277,0.008110477860587606,-0.0063568610258658564,-0.00021915406530803594,3.4206488382288285,7.848433137930428,-1.0071354614727284,5.125310536314487,1.7561741926055845,3.4407423644600357,0,-5.902284741664843,-0.6965607313887686,0.6128366948959553,-19.581168577248988,3.9717321067138442,1.7645218117552608,-5.2263525459341835,-2.014409080033761,-1,-0.002748493193578484,6.000000000000007,40.00000000000001,-34.0,3.4206488382288285,2.80760193393688,1.1499792927791077,-0.31048933711143656
1513573200,2017-12-18,46.27,46.72,46.04,46.21,1603502.0,0.001298420255356092,0.011036572170525893,-0.003678857390175372,0.012932924156072056,2.1391473706989785,6.420025694026194,-2.1417309526282224,3.855947486114104,0.49953112601887995,2.1777393060665133,0,-1.8323449108134326,0.7851690294438373,-1.2257171648018692,-18.23921014207494,2.464418683747766,1.7875959218468098,-5.976147777755674,1.042625399134516,0,-0.07713512172698303,2.0,40.0,-38.0,2.1391473706989785,1.3525965357918892,-0.1359349637874061,-0.28830434622554046
1513659600,2017-12-19,46.21,46.33,45.98,46.22,3066388.0,-0.0002163565556035918,0.002379922111640065,-0.005192557334487313,0.000216403375892682,2.118130679359581,6.395930395782074,-2.159669037062912,3.7999423049184884,0.48752343862685166,2.14373287177267,0,-1.765106115703695,0.021640337589262086,-2.6381424843804173,-25.423323323994055,2.037007584365142,1.7136405052405177,-6.597529548906973,1.9312878791724537,0,-0.05571356570278975,-2.0,40.0,-42.0,2.118130679359581,1.2039379288083296,-0.1513631223026124,-0.2608583735674327
1513746000,2017-12-20,46.58,47.1,46.39,46.98,1741205.0,-0.008514261387824629,0.0025542784163474774,-0.012558535547041227,0.016443098225876307,0.5204342273307958,4.675238392053259,-3.634369937391682,2.183553285085864,-1.1242372640840017,0.5296580105009383,0,3.10192445808957,1.0974822466107124,-1.6165109168478682,-27.8236166424297,-0.06593907712351665,1.699291543481752,-7.564578896270227,1.0881695263761362,0,-0.07192908029830054,-6.0,40.0,-46.0,0.5204342273307958,-0.3919862450881908,-1.697344790911643,-0.18309588583288908
1513832400,2017-12-21,47.22,47.3,45.93,46.04,1423397.0,0.0256298870547349,0.027367506516073004,-0.0023892267593397243,-0.020008514261387722,2.5021720243266827,6.862082249699824,-1.8577382010464731,4.356356791196063,0.7660005792064766,2.5611786852012983,0,-2.6893783864802643,-1.392161062325977,-3.305707921945479,-27.69970951304697,1.6983962937787282,1.8226779776375275,-8.547940931928235,-0.8844029476564944,0,-0.13297988820468737,-10.0,-44.0,34.0,2.5021720243266827,1.485359767809939,0.2975581099238269,-0.18594513527451506
1513918800,2017-12-22,46.13,46.24,45.55,45.78,833558.0,0.007645259938837912,0.010048055919615662,-0.005024027959807831,-0.005647263249348389,2.9860200961118437,7.551010542559823,-1.5789703503361494,4.902431920780543,1.2043104703655132,3.0533711955730354,0,-4.145409722874717,-1.928020565552696,-5.26189323090385,-27.084619155074463,1.9967439944953043,1.8097566360475776,-8.99661904629044,-0.5317866001780834,0,-0.09147170660488257,-14.0,-44.0,30.0,2.9860200961118437,1.8653740565535202,0.8331745147995804,-0.1953510795332531
1514264400,2017-12-26,45.72,45.9,45.45,45.59,462212.0,0.002851502522482896,0.006799736784382393,-0.0030708488703663495,-0.00415028396679773,3.279227900855446,8.093298109459695,-1.5348423077488036,5.2204430796227115,1.4981355560429677,3.359289317832875,0,-5.205859065841096,-2.647875293615193,-7.258093026787515,-25.340354454127137,2.115726247333754,1.757996058624001,-9.292813164708935,-0.2975099501363869,0,-0.1782956692259364,-18.0,-68.0,50.0,3.279227900855446,2.071819908157991,1.2042517644860027,-0.20346107684550227
1514350800,2017-12-27,45.56,45.76,45.46,45.66,706159.0,-0.0021901007446341048,0.002190100744634327,-0.0043802014892684316,0.0015354244351830637,2.87341217696013,7.786498912821571,-2.0396745589012966,4.766389253905686,1.1965250401518688,2.9814571470287774,0,-4.715137170319217,-4.716193656093499,-8.642253805379795,-23.71932487102758,1.7334560422056313,1.6768530193115052,-9.56785056038325,0.46252864248175185,0,-0.10197796398057472,-21.999999999999996,-68.0,46.0,2.87341217696013,1.73292359953021,1.0079573914624405,-0.19327733871543484
1514437200,2017-12-28,45.75,46.15,45.54,46.13,710077.0,-0.008237589421201008,0.00043355733795791274,-0.012789941469759425,0.010293473499781047,1.5759809234771325,6.273732234788596,-3.1217703878343457,3.4388322855697595,-0.08815665871811973,1.6753378134258128,0,-1.4808947929860068,-4.749122444765636,-8.391446275175687,-25.117010727581473,0.5614004349455399,1.635666927631419,-10.448476942931478,0.46776054463978656,0,-0.12031317180541966,-26.0,-68.0,42.0,1.5759809234771325,0.6300832425303611,-0.020341749355154093,-0.14619370632130593
1514523600,2017-12-29,46.32,46.41,45.23,45.24,938327.0,0.023872679045092715,0.025862068965517127,-0.00022104332449168762,-0.01929330153912856,3.1255526083112244,7.4687338880450085,-1.217628671422574,5.123047450633635,1.4559386973180182,3.2894930739758337,0,-6.595039155011577,-8.235294117647049,-10.338759310157327,-30.46509033679608,2.3286311663835306,1.7350213146256246,-10.83167887903559,-0.620383185710009,0,-0.19331908837852946,-30.0,-80.0,50.0,3.1255526083112244,2.361215379963568,1.8702086128924833,-0.1649089546476832
1514869200,2018-01-02,45.49,45.88,45.24,45.85,1500840.0,-0.00785169029443833,0.000654307524536657,-0.013304252998909472,0.013483642793987505,1.4416575790621664,5.258586070225874,-2.3752709121015414,3.277353689567434,-0.0836059614685638,1.596873864049428,0,-2.5953711205989194,-5.8714842948059935,-10.097084928168506,-23.243580231340317,0.6873620115891441,1.6893608592578633,-11.18750924827512,0.9835858910723648,0,-0.13176306163653387,-34.0,-80.0,46.0,1.4416575790621664,0.9041972186752503,0.4947093654566572,-0.12778222583899962
1514955600,2018-01-03,45.93,46.15,45.71,46.08,1267469.0,-0.0032552083333332593,0.001519097222222321,-0.00802951388888884,0.00501635768811326,0.7248263888888857,4.228653902260191,-2.7790011244823916,2.402343749999986,-0.7552083333333144,0.8235677083333428,0,-1.1603654533318846,-4.039983340274896,-9.254954494626135,-16.616500797219956,-0.030516500650691114,1.6290667475208476,-11.98301789035467,0.8361445850532825,0,-0.06901011042733532,-38.0,-80.0,42.0,0.7248263888888857,0.3624043144933893,-0.006621563562418942,-0.0815605427844224
1515042000,2018-01-04,46.39,47.84,46.35,47.57,2015675.0,-0.024805549716207742,0.005675846121505179,-0.02564641580828253,0.03233506944444442,-2.4910657977717108,0.6747559545698891,-5.656887550113325,-0.7988227874710958,-4.019339920117716,-2.409081353794406,0,6.865091981909714,-1.2045690550363413,-4.534316188316196,-7.971321802415652,-3.009734120464273,1.7295957002235636,-11.001076093652431,1.3253281389977891,1,0.0563837588892773,-42.0,-80.0,38.0,-2.4910657977717108,-2.516299563124761,-3.015556418734363,0.0485348137747742
1515128400,2018-01-05,47.9,49.02,47.85,48.95,2502917.0,-0.021450459652706977,0.0014300306435137689,-0.022471910112359605,0.029009880176581904,-5.037793667007151,-1.2289058440924947,-8.84668148992182,-3.4729315628191983,-6.582226762002065,-5.027579162410632,0,12.58685181216103,4.215456674473077,2.3708884457939328,2.3886016197986066,-5.132658367580433,1.7723614139431698,-9.161481676328618,1.6243629291083874,1,0.23571733428763658,-46.0,-80.0,34.0,-5.037793667007151,-4.763176257735353,-5.524264825300122,0.21725018674224145
1515387600,2018-01-08,49.05,49.35,48.71,48.98,2096585.0,0.001429154757043749,0.0075541037158024515,-0.005512454062882699,0.0006128702757914883,-4.94793793385054,-0.6254560550518278,-9.270419812649251,-3.359534503879118,-6.468966925275609,-4.914250714577378,0,12.700072892431805,3.050704818009669,7.522800068797393,14.989251020181854,-4.422421575162133,1.7380887034981276,-7.235075657613503,1.368827494432072,0,0.24938884447199666,50.0,20.0,30.0,-4.94793793385054,-4.362317057017208,-5.363223643393283,0.31467849588585206
1515474000,2018-01-09,49.22,49.8,49.04,49.35,1589347.0,-0.0026342451874367123,0.009118541033434457,-0.006281661600810562,0.0075541037158024515,-5.483282674772042,-0.6054525380632185,-10.361112811480865,-3.8757176629517005,-6.9942586963863675,-5.434988179669048,0,14.110114653047717,3.6764705882352944,12.212092827019935,15.14015107870459,-4.663713775322734,1.720524824237079,-5.163151766366404,1.0518657248296068,0,0.27396460058147837,50.0,24.0,26.0,-5.483282674772042,-4.595609108507119,-5.834612316433933,0.3832988912796067
1515560400,2018-01-10,49.18,49.29,47.95,48.26,1301261.0,0.01906340654786587,0.021342726895980046,-0.006423539162867753,-0.022087132725430614,-3.261500207210929,1.8936214929404969,-8.416621907362384,-1.5181654924713257,-4.854261638347836,-3.186213565409588,0,7.383283097780769,1.7714044706874659,13.033934420385652,20.803880505731854,-2.015236011582516,1.8409251983146315,-4.844333407825285,-0.8622068077697068,0,0.20300516017827455,46.0,24.0,22.0,-3.261500207210929,-2.2083485096517705,-3.562389903132825,0.33621844504020704
1515646800,2018-01-11,48.31,49.57,48.27,49.5,1276312.0,-0.024040404040403973,0.0014141414141413122,-0.024848484848484786,0.025694156651471234,-5.458585858585849,0.13161064140349765,-11.04878235857521,-3.723232323232324,-7.135353535353531,-5.429292929292927,0,12.140281072810225,4.739737621667377,15.959795480302896,20.18135623111553,-4.129361743657313,1.8556416319172204,-4.328574217193665,0.8489122983601162,0,0.20733341633703348,50.0,32.0,18.0,-5.458585858585849,-4.2144522197596075,-5.743761497141747,0.3670158344004655
1515733200,2018-01-12,49.7,51.26,49.7,50.67,2690146.0,-0.019143477402802422,0.01164397079139512,-0.019143477402802422,0.023636363636363678,-7.212354450365098,-0.8415145999393729,-13.583194300790836,-5.530228274455624,-8.938556673903037,-7.234392474179344,0,15.918696807428375,9.391191709844563,20.122978595204177,29.295083346991902,-5.373173655396528,1.931412487156011,-2.765813876260882,1.7539735810103454,1,0.2871425789669282,50.0,36.0,14.0,-7.212354450365098,-5.814177932545704,-7.609597476681998,0.4397073525361549
1516078800,2018-01-16,50.91,51.08,49.74,49.87,1738660.0,0.02085422097453371,0.0242630840184479,-0.0026067776218166028,-0.01578843497138349,-5.298776819731302,1.4972688105853678,-12.094822450047943,-3.5428781498562927,-7.088095715527032,-5.31548693269167,0,11.501008097674166,9.292132369055434,21.25883961088202,25.41197531819516,-3.304486688469879,2.0141521089325614,-1.3146792739661564,-1.1236700680393452,0,0.2206225953016678,46.0,36.0,10.0,-5.298776819731302,-3.893440584567216,-5.887203553958074,0.4081237097455369
1516165200,2018-01-17,50.26,51.55,49.25,51.27,2154209.0,-0.019699629412912145,0.005461283401599237,-0.03939925882582418,0.028072989773410884,-7.333723425004862,-0.056939958579420136,-14.610506891430319,-5.524998374618036,-9.293283921721596,-7.409141148169823,0,15.73154480658711,12.384918895221407,24.177411350970686,29.33159882639127,-5.380533839064356,2.139645788043786,-0.6356103567001341,1.381441825753908,0,0.2842577611738077,50.0,43.99999999999999,6.000000000000007,-7.333723425004862,-5.897026718581358,-8.125436355992534,0.4523067468858799
1516251600,2018-01-18,51.35,51.49,50.38,50.57,1403073.0,0.015424164524421524,0.01819260431085623,-0.0037571682815897844,-0.013653208503998537,-5.619932766462327,2.105712051794413,-13.345577584719067,-3.7308021883857236,-7.636279744248895,-5.6835409663173095,0,12.137791021858291,9.435187188920144,24.71680975817122,32.89761053027122,-3.6215779452373056,2.171099909869013,-0.005046362095971091,-0.904463844130787,0,0.2257614395852153,46.0,44.0,2.0,-5.619932766462327,-4.156869438281348,-6.584918197883383,0.40661473076103105
1516338000,2018-01-19,50.67,50.83,50.31,50.41,1092058.0,0.005157706804205686,0.008331680222178228,-0.001983733386232811,-0.00316393118449676,-4.904780797460816,3.0479355883727237,-12.857497183294356,-2.977914434966607,-6.929511340342515,-4.953712887654575,0,11.331015022542338,9.065339679792293,24.762474282414267,28.44561986504597,-2.984954472791145,2.0961016688114427,0.47811740803832237,-0.7034432335872027,0,0.16543156533532355,42.0,44.0,-2.0,-4.904780797460816,-3.4857453286704754,-6.0418164580172515,0.3405208046468512
1516597200,2018-01-22,50.59,50.64,49.22,50.01,1723359.0,0.0115976804639073,0.012597480503899305,-0.015796840631873588,-0.007934933544931577,-3.841231753649268,4.319409330910659,-12.001872838209195,-1.817636472705459,-5.942811437712464,-3.8802239552089617,0,9.30471934430146,6.449553001277142,23.913161877020734,25.60643577272782,-1.8075959879839587,2.1647646279632684,-0.511722661771536,-1.1026230166341364,0,0.20595139869537027,38.0,44.0,-6.0,-3.841231753649268,-2.455329903873789,-5.082838496921738,0.24901175431367695
1516683600,2018-01-23,50.07,50.11,49.24,49.68,1268703.0,0.007850241545893644,0.00865539452495967,-0.008856682769726176,-0.006598680263947165,-2.8361513687600706,5.262982260726702,-10.935284998246829,-0.8883521202361777,-4.940284487385924,-2.914318303811058,0,7.650637024288528,7.906168549087751,22.53008214642511,20.198997882346177,-0.6628995522900141,2.148577219314699,-1.4308598694521208,-0.8115717745740275,0,0.15214722469864864,34.0,44.0,-10.0,-2.8361513687600706,-1.6352560399526936,-4.27774814038149,0.15026974043207642
1516770000,2018-01-24,50.06,50.79,49.81,50.24,1390920.0,-0.003582802547770658,0.010947452229299381,-0.008558917197452276,0.011272141706924366,-3.4753184713375873,4.36744639889686,-11.31808334157202,-1.5240180467091307,-5.588508492569005,-3.556263269639075,0,9.660422448972348,9.742245522062037,22.206537480123455,20.488017657024983,-1.3132689018887476,2.130682881201952,-1.6557397235806874,0.893305048208814,0,0.1087007413689327,30.0,44.0,-14.0,-3.4753184713375873,-2.471518502836048,-5.135119213303,0.10862569031804414
1516856400,2018-01-25,50.53,50.6,49.6,49.81,1205943.0,0.014454928729170868,0.015860269022284657,-0.0042160208793414755,-0.008558917197452276,-2.2184300341297103,5.295269987081298,-9.73213005534069,-0.1813558187780302,-4.391353811149031,-2.2863548149635307,0,7.456487820347256,9.256415880675583,21.02361035137091,14.437273891832646,-0.01578129737218603,2.13897324600714,-2.140279480889294,-0.7724062588821311,0,0.02776571456599214,26.0,44.0,-18.0,-2.2184300341297103,-1.4743766331747992,-4.146907690219209,0.041525520542223804
1516942800,2018-01-26,50.18,50.61,49.96,50.61,1243704.0,-0.008496344595929628,0.0,-0.012843311598498275,0.016061031921300817,-3.2750444576170707,3.747927755655894,-10.298016670890036,-1.253704801422657,-5.466311005730091,-3.360007903576374,0,10.326666928459453,10.84099868593956,21.200321844817502,12.544194670350855,-1.2641044192415762,2.0677016766689293,-2.5804280203307037,0.7938931765493505,0,-0.013938264520763799,22.0,44.0,-21.999999999999996,-3.2750444576170707,-2.743044666375269,-5.440030115121445,0.04038853134146703
1517202000,2018-01-29,50.43,51.11,50.3,50.31,1116894.0,0.0023852116875371365,0.015901411250248465,-0.00019876764062820573,-0.005927682276229973,-2.282846352613788,4.379212515685268,-8.944905220912844,-0.18452262638308525,-4.462002252699932,-2.3232624395415087,0,8.761796492168884,9.061348363321049,20.697391394674803,10.911755607210786,-0.4240194151986003,2.046459045533107,-2.5060135935458234,-0.7172720105047873,0,-0.050522137717216926,18.0,44.0,-26.0,-2.282846352613788,-1.9570892095103716,-4.6849440458133955,0.01036410482657002
1517288400,2018-01-30,50.1,50.64,49.87,50.22,1000334.0,-0.002389486260453988,0.008363201911589124,-0.006969334926324233,-0.0017889087656530744,-1.6119076065312612,4.067214703046403,-7.291029916108926,0.41318199920350196,-3.790322580645139,-1.6885702907208326,0,8.284356591746281,11.00795755968169,20.097908541416622,4.9804441596415,-0.12387772145083886,2.013207045499827,-3.053689098907679,-0.6448155766368496,0,-0.04217115558889775,14.0,44.0,-30.0,-1.6119076065312612,-1.6117293475174392,-4.337103884983989,-0.022814390192884337
1517374800,2018-01-31,50.55,50.83,49.62,49.81,1263261.0,0.014856454527203189,0.020477815699658564,-0.003814495081309044,-0.00816407805655106,-0.40453724151775816,4.29258141048507,-5.1016558935205865,1.7416181489660545,-2.6109215017064997,-0.4346516763702084,0,6.098640620648752,8.636859323882225,18.715918496941725,4.971860921025659,0.9000292907238361,2.0583106543795235,-3.906341643897143,-0.813589886180072,0,-0.05038563326704831,10.0,44.0,-34.0,-0.40453724151775816,-0.7254996690415965,-3.410472933654134,-0.07660017652427753
1517461200,2018-02-01,49.15,50.13,48.88,49.93,1125935.0,-0.01562187061886644,0.004005607850991355,-0.02102944121770478,0.0024091547881950337,-0.2583617063889392,3.1264812141094183,-3.6432046268872966,1.9453902129648242,-2.558915815475004,-0.306762801255104,1,6.600064014498173,8.355034722222225,17.765259749954776,-0.7690792300378817,0.7333245714649763,2.08551672059508,-5.2010738167484405,0.7335865869070846,0,-0.06903677418791697,6.000000000000007,44.00000000000001,-38.0,-0.2583617063889392,-0.8722741664847575,-3.4997652338529974,-0.10648472490385408
1517547600,2018-02-02,49.5,49.8,48.15,48.23,1485050.0,0.026332158407630146,0.0325523533070704,-0.001658718639850676,-0.03404766673342685,3.3257308729006922,6.504228150018676,0.14723359578270845,5.708065519386281,1.0118183703089443,3.3599419448476056,1,-1.637186140238164,1.387429051923474,13.305404378546543,-11.633247536737358,3.9606470597062184,2.2684281392302665,-5.631493989631476,-0.9667420049059366,0,-0.1772775569018602,2.0,44.0,-42.0,3.3257308729006922,2.3720660589446396,-0.094490301044317,-0.23572729089165978
1517806800,2018-02-05,47.96,48.49,46.35,46.35,2496887.0,0.03473570658036684,0.04617044228694711,0.0,-0.03897988803649177,7.236245954692549,11.840274428262006,2.6322174811231065,9.933836749370741,4.837828119381513,7.385832434376113,0,-8.643566829816443,-5.311542390194078,6.0569178964726165,-12.798716384108772,7.330530768680845,2.521623915882239,-4.625530207747939,-1.633046535495549,-1,-0.2254070725463924,-2.0,44.0,-46.0,7.236245954692549,5.903005264740429,3.802565266937833,-0.4314203378678484
1517893200,2018-02-06,45.3,48.28,44.93,47.95,2919152.0,-0.0552659019812306,0.006882168925964605,-0.06298227320125138,0.034519956850054045,3.5505735140771435,8.238869725728648,-1.1377226975743469,6.343760862009034,0.8526242613833972,3.5981925616961945,0,-1.9068900996837002,-2.1028991425071335,3.2822494418040526,-24.512500960666173,2.753881707578003,2.762408000171076,-2.9194490618843396,1.874986808654848,0,-0.18264163079254725,-6.0,40.0,-46.0,3.5505735140771435,2.143583679818903,0.32558265595530145,-0.4354359417750572
1517979600,2018-02-07,46.99,49.39,46.99,48.7,2548650.0,-0.03511293634496926,0.014168377823408518,-0.03511293634496926,0.01564129301355588,1.8891170431211322,6.5772318509361725,-2.798997764693894,4.76796714579055,-0.9753593429158087,1.8963039014373635,0,0.8774598721921194,-1.3171225937183355,2.4499454904747484,-20.906380079024373,0.7505167365141006,2.8775990421041944,-2.574538806682142,1.593995925539648,0,-0.08140479565217813,-10.0,36.0,-46.0,1.8891170431211322,0.5161943008692873,-1.1716500667150882,-0.37235390083757464
1518066000,2018-02-08,48.08,48.23,45.92,45.99,3649642.0,0.04544466188301799,0.0487062404870624,-0.0015220700152207556,-0.05564681724845999,7.646227440747992,13.571790027098046,1.7206648543979526,10.852721606146247,4.560049286076676,7.706385446111483,0,-7.7438484310802025,-4.703688354745123,-2.552494045462716,-23.728341008647888,5.782520861397032,3.2612803304385514,-1.6747757830553027,-2.2237720963026035,0,-0.18567564543603013,-14.0,-64.0,50.0,7.646227440747992,5.825939993781631,4.469467550830657,-0.4904836677825649
1518152400,2018-02-09,47.01,47.42,44.62,46.58,2528513.0,0.009231429798196578,0.018033490768570193,-0.04207814512666386,0.012828875842574305,5.969300128810644,12.429174834131757,-0.4905745765104683,9.297624159152718,2.7626305996851386,6.0301273794189285,0,-5.585275945175482,-5.898989898989902,-5.220128196332152,-24.390506699370235,3.7257634132430155,3.4193425614293336,-0.25070868599559404,1.5142775667708233,0,-0.1473799248415269,-18.0,-64.0,46.0,5.969300128810644,4.058317105201837,3.0228364527704343,-0.5042847255769249
1518411600,2018-02-12,47.14,47.64,46.69,46.9,1852527.0,0.0051172707889126645,0.01577825159914714,-0.004477611940298498,0.006869901245169618,4.8443496801705805,11.512318571737893,-1.8236192113967036,8.117270788912577,1.7569296375266674,4.9371002132196224,0,-4.4237635603927075,-7.440299980264463,-6.695267525673465,-17.87706236743422,2.6860123482399985,3.3148776951689296,0.840482129357472,1.1019731521732135,0,-0.18462925973503694,-21.999999999999996,-64.0,42.0,4.8443496801705805,3.0294362924619094,2.2289319689503344,-0.4680524977387577
1518498000,2018-02-13,46.48,47.08,45.89,46.32,1595436.0,0.003454231433505983,0.016407599309153698,-0.009283246977547455,-0.012366737739872069,5.77396373056996,12.993579542909714,-1.445652081769822,9.044689119170982,2.6370898100172724,5.840889464594142,0,-6.171109773245277,-7.118508121114893,-8.601521149685771,-23.587525103923056,3.4983588183580707,3.3001494737609423,2.20189003851058,-0.9584862271809098,0,-0.1936318760435534,-26.0,-64.0,38.0,5.77396373056996,3.908144872329956,3.3713927655206817,-0.45872884014239956
1518584400,2018-02-14,45.88,47.52,45.85,47.36,1619059.0,-0.03124999999999989,0.0033783783783785104,-0.03188344594594594,0.022452504317789224,3.038429054054049,9.889880929333955,-3.813022821225843,6.184543918918919,0.05067567567567721,3.117609797297291,0,-2.3806399454140177,-7.626292178661992,-8.441529438239199,-17.90415700935465,0.8937518443249672,3.2490015792710687,2.990705636273585,0.9712320861600116,0,-0.11466586956596167,-30.0,-64.0,34.0,3.038429054054049,1.47148501773664,1.0582201957666655,-0.3623295634031881
1518670800,2018-02-15,47.79,47.86,46.37,46.63,1927381.0,0.02487668882693539,0.026377868325112575,-0.005575809564658085,-0.015413851351351315,4.229037100579006,11.239894025101577,-2.7818198239435503,7.473729358781881,1.1623418400171488,4.318035599399536,0,-4.642149467897411,-7.79118054182321,-9.262669953815383,-16.441256282426366,2.0901992872274064,3.2924011095334262,3.359667769820053,-1.1494503832769578,0,-0.20387197510760122,-34.0,-64.0,30.0,4.229037100579006,2.768605004299431,2.5367612851710817,-0.32853782748976107
1518757200,2018-02-16,46.58,46.99,46.11,46.24,1499455.0,0.007352941176470562,0.016219723183390933,-0.0028114186851211365,-0.008363714346986906,4.657223183391011,11.821885668362768,-2.507439301580746,7.979022491349497,1.5365484429065646,4.757785467128045,0,-5.822031926935658,-8.272168220591142,-10.397993888863878,-21.109403265889966,2.554118235883408,3.218951786622695,3.8427621932532112,-0.90093783383242,0,-0.19984178732885474,-38.0,-64.0,26.0,4.657223183391011,3.289154901609791,3.268187189450117,-0.31331189402787346
1519102800,2018-02-20,46.04,46.96,45.49,46.27,1431603.0,-0.0049708234277070495,0.014912470283120705,-0.016857575102658284,0.000648788927335664,4.185217203371508,11.422887633374359,-3.052453226631343,7.512787263165464,1.0636841726100243,4.288235717887773,0,-5.704701359297438,-7.4785042991401625,-11.251055160900428,-21.458072623594077,2.13848755436139,3.2140175645661095,4.616910814216528,0.86674980004434,0,-0.19036612472416653,-42.0,-64.0,22.0,4.185217203371508,2.9153106819787666,3.0756928880223455,-0.28300329446858313
1519189200,2018-02-21,46.33,46.76,45.9,46.12,2111569.0,0.004553339115351385,0.013876843018213458,-0.0047701647875108,-0.0032418413658960032,4.138117953165647,11.49891074926937,-3.222674842938048,7.490965596993362,1.023055796472974,4.257010696733161,0,-6.189355107757017,-7.165861513687605,-12.131401125711315,-14.97372229529445,2.0427706563229293,3.127344358292281,5.335763105111035,-1.2626598366585957,0,-0.1904775441368993,-46.0,-64.0,18.0,4.138117953165647,2.94050415050593,3.277172587500175,-0.25567215660413284
1519275600,2018-02-22,46.27,46.62,45.98,46.25,1647672.0,0.00043243243243251683,0.008000000000000007,-0.005837837837837867,0.00281873373807473,3.4140540540540627,10.591623529807777,-3.7635154216996654,6.720000000000013,0.3437837837837918,3.5318918918918882,0,-5.634035518962008,-7.9418789808917225,-12.639192647588365,-9.947392602974958,1.4466465475047698,2.994641827733931,6.00326880379879,0.9794003818400854,0,-0.22198977756564872,-21.999999999999996,-36.0,14.0,3.4140540540540627,2.39866664299133,2.8697474454859133,-0.2131883030254058
1519362000,2018-02-23,46.6,46.6,45.87,46.32,1111690.0,0.006044905008635526,0.006044905008635526,-0.009715025906735786,0.0015135135135135869,2.881044905008622,9.899497841914467,-4.137408031897195,6.125863557858381,-0.18242659758203672,2.971718480138179,0,-5.324126231355336,-7.00662517566754,-12.94188493717783,-9.328409949176596,1.0386988536724004,2.889107449612981,6.689140973003113,0.6641448252837125,0,-0.1695678767078648,-26.0,-36.0,10.0,2.881044905008622,2.0302125097958736,2.6078453166092856,-0.16677725516258413
1519621200,2018-02-26,46.5,46.53,45.52,45.96,2283503.0,0.011749347258485532,0.012402088772845987,-0.009573542210617902,-0.007772020725388629,3.1810269799825903,9.773286844727266,-3.4112328847621,6.518711923411672,0.08268059181897058,3.3006962576153143,0,-6.631936999506216,-9.187907528156488,-13.679670055835677,-8.95067436789084,1.6425478980656152,2.8607250743798223,7.537741917717149,-1.3527002634121876,0,-0.09413799213999227,-30.0,-80.0,50.0,3.1810269799825903,2.559937653467955,3.2777753708262054,-0.14739913816600136
1519707600,2018-02-27,46.08,46.15,44.35,44.35,2159815.0,0.03900789177001118,0.040586245772266105,0.0,-0.03503046127067011,6.254791431792555,13.035611725097283,-0.5260288615121596,9.863209319804582,2.970311912814722,6.416760616309645,0,-11.88452099137524,-11.846551381435104,-16.45250515655557,-7.680640214603571,4.945409007514101,3.0427218834602283,8.939596274509292,-1.2672085824217765,-1,-0.25773838879666444,-34.0,-84.0,50.0,6.254791431792555,5.684694214327976,6.751412006152265,-0.22541669875567427
1519794000,2018-02-28,44.52,44.62,43.61,43.61,2468305.0,0.020866773675762618,0.023159825728044092,0.0,-0.01668545659526499,7.299931208438437,14.239773216578271,0.3600892002986029,11.033019949552838,3.9681265764732956,7.500573263013081,0,-13.994389537025853,-13.162086818000795,-19.647855767198823,-16.77230757305533,5.818423879136759,3.0387547120729095,10.562451324156605,-1.4368980036524832,-1,-0.38583734397221825,-38.0,-88.0,50.0,7.299931208438437,6.765822146191326,8.22703508422238,-0.304355035969628
1519880400,2018-03-01,43.63,43.95,42.47,42.93,3078684.0,0.016305613789890483,0.02375960866526916,-0.010715117633356641,-0.015592753955514738,8.19822967621711,15.50950124119423,0.8869581112399487,12.011413929652932,4.771721406941538,8.391567668297228,0,-15.824280729677739,-13.812487452318816,-23.065877523291164,-15.768282849869436,6.522727661381111,3.112643853641301,12.48697739474703,-1.7927045170763636,-1,-0.3110348054431955,-42.0,-92.0,50.0,8.19822967621711,7.651539684883119,9.55146727738449,-0.37520967353636336
1519966800,2018-03-02,42.48,42.91,41.96,42.66,1922568.0,-0.00421940928270037,0.0058602906704172675,-0.016408813877168194,-0.0062893081761007386,8.030942334739805,15.358837255944096,0.7030474135355291,11.848726363494322,4.63353649007658,8.241131426785444,0,-16.535126721897882,-14.560384538353702,-26.144704508353485,-14.778408655373,6.547835874346532,3.0710190346907003,14.437464838190216,-1.1153586514408376,0,-0.3218619494423595,-46.0,-96.0,50.0,8.030942334739805,7.539271063300774,9.843072916120946,-0.41026286668018397
1520226000,2018-03-05,42.45,43.5,42.13,43.29,1819350.0,-0.019404019404019368,0.00485100485100487,-0.026796026796026773,0.01476793248945163,5.888195888195895,13.255805486356394,-1.4794137099646036,9.524139524139528,2.478632478632477,6.001386001385995,0,-13.301250981685058,-10.242587601078162,-27.351645829573624,-15.26369745906581,4.346117409459893,3.0362105010374685,15.416970702845767,1.0709738209813529,0,-0.2362260967010218,-46.0,-92.0,46.0,5.888195888195895,5.405274249686826,7.921210368506166,-0.3626678922449962
1520312400,2018-03-06,43.53,43.69,42.9,43.42,1150754.0,0.0025333947489636355,0.006218332565637974,-0.011976047904191711,0.0030030030030030463,5.233763242745269,12.942999642458048,-2.4754731569675243,8.6116229080301,1.8981268232765274,5.254874865653306,0,-12.639944315500408,-6.321467098166127,-28.06100924641184,-10.328175475540114,3.672031896213497,2.9408570501889457,16.064876125024092,0.6821417308645312,0,-0.2094814783020618,-46.0,-88.0,42.0,5.233763242745269,4.604957253745141,7.300128541911178,-0.29684789316146687
1520398800,2018-03-07,42.98,43.61,42.88,43.4,1113916.0,-0.00967741935483879,0.004838709677419395,-0.011981566820276401,-0.0004606172270843478,4.758064516129039,12.410325228721248,-2.89419619646317,7.927035330261134,1.8141321044546856,4.870583717357917,0,-12.703043977703842,-9.489051094890518,-28.669822364023904,-15.961186548268415,3.2735542746646047,2.852199095703838,16.67625835306837,-0.6627366000826354,0,-0.24608241629973568,-42.0,-80.0,38.0,4.758064516129039,4.2100039885831535,7.0613569545492965,-0.23195126799807664
1520485200,2018-03-08,43.54,44.42,43.27,44.29,1692751.0,-0.016933845111763324,0.0029351998193722917,-0.02303002935199805,0.02050691244239622,2.155114021223767,8.935489512069282,-4.625261469621776,5.124181530819598,-0.5836531948521042,2.270264167983754,0,-8.106017200734186,-9.055441478439432,-27.22057652954742,-16.89094360419959,0.7101766291321923,2.780715946515023,16.116539424093688,0.996928537283521,0,-0.14773479256483613,-46.0,-80.0,34.0,2.155114021223767,1.9144053682822886,4.717429110074221,-0.11243264611400083
1520571600,2018-03-09,44.6,45.84,44.42,45.81,1794500.0,-0.026413446845666932,0.0006548788474132206,-0.030342719930146256,0.034319259426507154,-1.2540929927963589,5.284011877760705,-7.792197863353408,1.3908899075893117,-3.9332751218802287,-1.2711926071454656,0,-1.3394335166775377,-0.39138943248532226,-22.77311942724476,-10.144461986450686,-2.7510126109452244,2.738099635957457,14.00903933560857,1.04052389754913,0,-0.03842647242607597,-34.0,-64.0,30.0,-1.2540929927963589,-1.327438112427913,1.1941102974237765,0.07551800640476425
1520827200,2018-03-12,45.89,46.16,45.11,45.11,1307914.0,0.01729106628242083,0.02327643538018176,0.0,-0.015280506439642072,0.11527377521613857,6.612687769231627,-6.382140218799364,2.6875046183403555,-2.3313382103007427,0.17808320401981348,0,-3.939632558135429,-3.155860884499783,-20.18875411663606,-4.703035842725598,-1.3481225503210226,2.7482352284918523,11.743192840818168,-0.7531259517261739,0,-0.09299205658628622,-38.0,-64.0,26.0,0.11527377521613857,0.18432312687912145,2.6559944725634637,0.1546605117103077
1520913600,2018-03-13,45.26,45.9,45.05,45.16,1230202.0,0.0022143489813994943,0.016386182462356125,-0.002435783879539355,0.0011084016847704437,-0.18821966341894836,6.057759774433876,-6.4341991012717585,2.373782108060226,-2.6173604960141716,-0.12178919397697996,0,-3.7237863588529265,-3.7100213219616247,-18.03093008836139,-11.857906481613057,-1.693640355191235,2.6835498940979328,9.690599841245408,0.7041597445201326,0,-0.09147986893929616,-42.0,-64.0,22.0,-0.18821966341894836,0.06641097137884344,2.442636908512455,0.20896614267426505
1521000000,2018-03-14,45.76,46.01,44.85,44.95,1348004.0,0.01802002224694088,0.02358175750834257,-0.0022246941045606095,-0.004650132860938738,0.1256952169076868,6.271092457394943,-6.0197020235795975,2.7196885428253665,-2.288097886540612,0.21579532814237723,0,-4.5282451865418025,-2.9576856649395453,-16.5841968774738,-18.351171443441586,-1.4099116321459064,2.687841207416199,7.962763051280717,-0.7679870493611501,0,-0.12765158481880723,-46.0,-64.0,18.0,0.1256952169076868,0.4830587106116724,2.8066761136045244,0.22778884235895136
1521086400,2018-03-15,45.04,45.42,44.73,45.03,942024.0,0.00022207417277364527,0.008660892738174608,-0.006662225183211246,0.0017797552836484876,-0.31090384188318865,5.3372243365767105,-5.9590320203430736,2.222962469464804,-2.55829447035309,-0.16766600044415725,0,-4.150761955856147,-4.9197635135135105,-15.23433964851392,-18.086945731019483,-1.7187843555566218,2.6008692769164306,6.468401976915601,0.5401306814609316,0,-0.14424473757285894,-30.0,-44.0,14.0,-0.31090384188318865,0.27553725220002434,2.521127298149679,0.241372756774334
1521172800,2018-03-16,44.98,45.78,44.85,45.7,2412773.0,-0.01575492341356688,0.0017505470459517891,-0.018599562363238564,0.014878969575838452,-1.8741794310722213,3.4793592711104537,-7.227718133254896,0.4978118161925522,-4.090809628008756,-1.796498905908095,0,-1.0360735463108455,-1.9944241904353412,-12.739561269369007,-8.075682757748318,-3.2604117624053544,2.5250435542577514,4.65910038756434,1.3654838735783668,1,-0.04972396992275662,-34.0,-44.0,10.0,-1.8741794310722213,-1.080815456012516,0.9781575275875412,0.28806329515008
1521432000,2018-03-19,45.5,45.5,44.41,44.94,1203821.0,0.012461059190031154,0.012461059190031154,-0.011793502447708049,-0.016630196936542774,-0.35936804628391883,4.89726677153277,-5.616002864100636,2.054220442070914,-2.658730158730151,-0.3022548583296327,0,-4.18276456013384,-2.8114186851211165,-11.917000653070383,-6.339380208210883,-1.6914344692032728,2.589370550550783,3.4138516422897354,-0.6876085964814497,0,0.038804724468695075,-38.0,-44.00000000000001,6.000000000000007,-0.35936804628391883,0.5356644198024441,2.5805161354690114,0.2611410150900656
1521518400,2018-03-20,45.06,45.06,44.27,44.49,1303878.0,0.012811867835468727,0.012811867835468727,-0.00494493144526853,-0.01001335113484636,0.4484153742413781,5.534698392706332,-4.637867644223562,2.826477860193293,-1.781299168352433,0.5225893459204229,0,-5.947281738512672,-3.8469850875297187,-11.979458574473552,-4.114413613689827,-0.5830784440761363,2.5555695710798223,2.3938504329963344,-0.7551030515596469,0,0.12553071101196583,-42.0,-44.0,2.0,0.4484153742413781,1.4046842217004354,3.4761948537767466,0.2086792395462035
1521604800,2018-03-21,44.62,45.83,44.39,45.38,970787.0,-0.016747465843984233,0.009916262670780052,-0.021815777875716202,0.020004495392222932,-1.6031291317761145,3.2253882510135696,-6.431646514565799,0.7569413838695453,-3.888276773909226,-1.5656676950198403,0,-1.7945403985699215,-1.604509973980908,-10.1953844047244,5.308289197260912,-2.056394222407917,2.5531460883105153,0.5166933725260101,0.569630758613985,0,0.214262562815326,-46.0,-44.0,-2.0,-1.6031291317761145,-0.5284543018262724,1.3900653925378776,0.2279999832955555
1521691200,2018-03-22,45.34,46.59,44.27,44.28,2738598.0,0.023938572719060636,0.05216802168021695,-0.0002258355916892052,-0.024239753195240188,0.6187895212285639,5.2908121413778275,-4.053233098920728,3.309996988858771,-1.8300210779885475,0.7399879554351116,0,-6.039714161179141,-4.259459459459457,-10.594518816369774,2.858596129184413,0.9530177075933466,2.8039150266774837,-0.6044104212521866,-1.5855487426327597,0,0.03353713489993869,-46.0,-40.0,-6.0,0.6187895212285639,1.7575989717806095,3.7555029527583486,0.16378298508730738
1521777600,2018-03-23,44.33,44.65,43.1,43.19,1730335.0,0.026394998842324657,0.03380412132438071,-0.0020838156980781397,-0.024616079494128362,2.7957860615883305,7.385904009712334,-1.7943318865356872,5.7092691209384725,0.24967199197345735,2.979470556455979,0,-9.73803370041145,-6.757340241796205,-12.660784118264564,-5.331952042484161,3.646639242834212,2.9256865775090573,-1.8558595656110342,-0.9968483912812401,0,-0.09960357242748615,-30.0,-20.0,-10.0,2.7957860615883305,3.91371808612935,6.12405280210055,0.05083739185994762
1522036800,2018-03-26,43.93,44.8,43.63,44.7,1460629.0,-0.017225950782997823,0.0022371364653241965,-0.023937360178970968,0.03496179671220201,-0.8176733780760514,3.334212631964789,-4.969559388116892,1.9742729306487519,-3.3366890380313237,-0.6812080536912788,0,-3.210245818914885,-2.7415143603133116,-11.244484695204745,-4.463455775206185,0.25870213858374314,2.8822071631096358,-3.1748681874732867,0.8396871426686477,0,-0.058302613551656564,-34.0,-20.0,-14.0,-0.8176733780760514,0.3650113973139497,2.439528966799756,0.07908051116162151
1522123200,2018-03-27,44.96,44.96,43.4,43.71,875260.0,0.028597574925646407,0.028597574925646407,-0.007092198581560294,-0.022147651006711455,1.3555250514756523,5.646728913593108,-2.935678810641832,4.150461374208774,-1.2258827118127158,1.4622893311980505,0,-6.491387514977831,-1.4430665163472391,-11.683695206642536,-3.995019595490284,2.6382135427014646,2.9918792405840597,-4.176101194703399,-0.5138932483447866,0,-0.10657848654924328,-38.0,-20.0,-18.0,1.3555250514756523,2.386948807332672,4.573055161237164,0.03461302918781317
1522209600,2018-03-28,43.52,43.9,42.98,43.22,1277226.0,0.006941230911615026,0.01573345673299409,-0.005552984729291999,-0.011210249370853353,2.459509486348921,6.883012168521049,-1.9639931958232069,5.253740552213486,-0.162733302483403,2.5455036248650487,0,-8.024954253289778,-0.8942903003898202,-12.741634394210397,-11.107891105047074,3.7525457299510236,2.961716700067893,-4.706399366082742,-0.7539858308332037,0,-0.20199410106859883,-42.0,-20.000000000000004,-21.999999999999996,2.459509486348921,3.209864387080202,5.532806985594064,-0.021267048329119187
1522296000,2018-03-29,43.62,44.98,43.57,44.63,1823766.0,-0.022630517589065757,0.007842258570468275,-0.0237508402419897,0.032623785284590534,-0.5870490701321955,3.4735195457256083,-4.647617685990014,2.063634326686085,-3.1660318171633435,-0.5511987452386364,1,-2.4275527496522002,3.959934777544847,-10.945761746606438,-11.136321527924409,0.28545572066889235,2.9449603807498894,-5.948202125830733,1.080842031346236,0,-0.24051074996771055,-46.0,-20.0,-26.0,-0.5870490701321955,-0.04601171816682381,2.112475112560091,0.0399310395257112
1522641600,2018-04-02,44.51,44.65,42.8,43.39,1445228.0,0.025812399170315636,0.029038949066605202,-0.013597603134362868,-0.027784001792516277,2.3380963355611897,6.253811570063704,-1.5776188989413527,5.211262195590379,-0.3752784819850916,2.4179918568026437,1,-6.327499515236404,1.7112048757618472,-11.353391661969592,-17.70222688428045,2.865876269860209,3.117302478035226,-6.785850378039726,-0.8560764159805354,0,-0.20113536765888831,-46.0,-16.0,-30.0,2.3380963355611897,2.542810438378467,4.833366524953476,0.002095528331073737
1522728000,2018-04-03,43.88,45.0,43.71,44.75,2088932.0,-0.019441340782122896,0.005586592178770999,-0.02324022346368715,0.03134362756395492,-0.6089385474860194,3.0224907577677698,-4.2403678527398085,2.1739292364990632,-3.224953445065168,-0.5255121042830666,1,-1.457330269851191,3.372603372603375,-9.333472063060722,-9.304165059627934,-0.3856713257744815,3.0636501337355626,-7.919501200010739,1.2229298390567258,0,-0.09180843317302119,-14.0,20.0,-34.0,-0.6089385474860194,-0.5189482803898926,1.5827665253012952,0.07009222566188533
1522814400,2018-04-04,43.76,45.96,43.74,45.85,1873163.0,-0.04558342420937844,0.002399127589967298,-0.0460196292257361,0.024581005586592264,-2.728462377317328,0.8783992380344756,-6.335323992669146,0.07997091966555558,-5.501272264631055,-2.7106506724827426,1,2.0708705283061803,5.596499309074159,-6.046718952439082,-1.7059863559887205,-2.755714049564162,3.1224154312208494,-8.425456870606347,1.09469144110875,0,0.03694094376611034,50.0,88.0,-38.0,-2.728462377317328,-2.6288993876528224,-0.8208303725471353,0.18410565479948454
1522900800,2018-04-05,46.13,46.78,45.94,46.62,1570043.0,-0.01051051051051044,0.00343200343200345,-0.014586014586014606,0.016793893129770865,-3.989703989703983,-0.17632692236713865,-7.803081057040842,-1.223366223366213,-6.7360217360217405,-3.9796939796939768,1,4.375891442926367,7.419354838709675,-2.402134144559963,4.01215251278947,-4.128791968084073,2.9939874330134026,-8.253417298169573,0.9143253338541312,0,0.08399389036301615,50.0,92.0,-42.0,-3.989703989703983,-3.833594514467279,-2.362496343605372,0.2995052644998253
1522987200,2018-04-06,46.25,46.84,45.21,45.55,1348432.0,0.015367727771679496,0.028320526893523823,-0.007464324917672793,-0.022951522951522918,-1.5960482985729953,2.346693098576665,-5.538789695722642,1.3552872301500116,-4.392242956458091,-1.5184778631540325,1,0.8021212430042368,2.8448859787762433,-1.1332412077142628,-4.628984597008042,-1.8995141367274613,3.1010444153239813,-8.83610440100912,-0.7856574378540719,0,-0.04010366453860624,46.0,92.0,-46.0,-1.5960482985729953,-1.4246211374468913,-0.06622302464658958,0.29161713258683103
1523246400,2018-04-09,45.9,46.33,45.4,45.82,1462350.0,0.0017459624618070269,0.011130510694020046,-0.009166302924487169,0.00592755214050511,-2.1748144914884335,1.7471034824535963,-6.096732465430449,0.7584024443474675,-4.848319511130512,-2.0449585333915365,1,1.6462463312654307,0.02182929491376994,0.21953994277790606,-5.226071085390949,-2.3400231551971302,3.0075504310876346,-9.377170996502983,0.8494930257456191,0,-0.044565349539338474,42.0,32.0,10.0,-2.1748144914884335,-1.8144897875781254,-0.6294051231416944,0.2917191567028753
1523332800,2018-04-10,46.65,47.43,46.43,47.1,1219969.0,-0.009554140127388644,0.00700636942675148,-0.01422505307855626,0.027935399388913096,-4.622080679405514,-0.26587910322277253,-8.978282255588283,-1.823071479122433,-7.266808209483372,-4.5449398443029025,1,5.459843116837611,4.4114387053868365,3.024595806681072,0.6482523989118576,-4.711218244513006,2.9609910369755235,-9.01480256957375,0.708887078275557,0,0.0006130939041612857,50.0,43.99999999999999,6.000000000000007,-4.622080679405514,-4.055867474744474,-3.1993371609738404,0.36061486103912455
1523419200,2018-04-11,46.76,47.66,46.76,47.28,1683721.0,-0.010998307952622688,0.008037225042301088,-0.010998307952622688,0.003821656050955413,-4.760998307952633,0.09198007238289563,-9.613976688288162,-1.9945008460236835,-7.428087986463623,-4.711294416243675,0,5.973832783638862,4.6944198405668836,5.4418146577680195,2.3766885855693687,-4.732274114197395,2.8749921621043524,-8.514272629520569,0.9719567450988319,0,-0.003925876115109025,50.0,48.0,2.0,-4.760998307952633,-4.000076346737586,-3.427951226656191,0.3979961403036612
1523505600,2018-04-12,47.69,48.06,47.45,47.6,1491888.0,0.0018907563025210017,0.009663865546218453,-0.0031512605042016695,0.006768189509306355,-5.122899159663859,0.23947717673597424,-10.485275496063693,-2.455532212885146,-7.7370448179271705,-5.096288515406172,0,6.9044874596776395,5.895439377085647,7.772008267736792,12.577684292421559,-4.983244382318645,2.768735267880881,-7.766500430540344,0.8563578975000635,0,0.08749502594046871,50.0,52.0,-2.0,-5.122899159663859,-4.203029795719587,-3.917285864977316,0.42169255926481247
1523592000,2018-04-13,47.99,47.99,46.81,46.96,1238482.0,0.02193356047700168,0.02193356047700168,-0.0031942078364565196,-0.013445378151260567,-3.6243611584327056,2.058346747799959,-9.30706906466537,-0.840431572969905,-6.298268029528671,-3.569349801249288,0,4.479993414319786,4.286031534532533,8.67508703865252,13.699141311158847,-3.1528878194070415,2.785491274891533,-7.8105718980121495,-0.7111027297187453,0,0.11859963779798507,46.0,52.0,-6.0,-3.6243611584327056,-2.621501731208724,-2.5055439554201513,0.37334328756202245
1523851200,2018-04-16,47.59,48.04,47.1,47.8,1244805.0,-0.004393305439330364,0.00502092050209213,-0.014644351464435101,0.017887563884156688,-5.098326359832626,0.9399133322897057,-11.136566051954972,-2.3514644351464398,-7.715481171548106,-5.03347280334728,0,7.010528805516472,4.59518599562362,10.463523681605402,13.487181619661044,-4.418166360255611,2.7024607195095385,-7.81096774930667,0.7137589161880445,0,0.0906877601364468,50.0,60.0,-10.0,-5.098326359832626,-3.9201122779972906,-4.053391116244143,0.3759709390023034
1523937600,2018-04-17,48.21,48.27,47.68,47.87,1248215.0,0.007102569458951491,0.008355964069354682,-0.003969082932943291,0.0014644351464434546,-4.931063296427823,1.496100097357811,-11.358226690213485,-2.2341758930436555,-7.485899310632945,-4.8600376018383145,0,7.2191481975883605,6.519804183355585,11.989968730904662,18.289027308615587,-4.133704873381177,2.593794340480509,-7.618436076961821,0.7176633337445004,0,0.09303346681320952,50.0,64.0,-14.0,-4.931063296427823,-3.6738845990401927,-4.029234680719043,0.3604156774903595
1524024000,2018-04-18,48.23,48.29,47.73,47.9,1186413.0,0.0068893528183715524,0.008141962421711835,-0.0035490605427975774,0.0006266973052015956,-4.634655532359076,2.0605008093591266,-11.329811874077294,-1.9679888656924192,-7.16840640222685,-4.568197633959642,0,7.312600902547743,7.664643740166321,13.27715792890526,24.073093907319304,-3.6256015392584544,2.4905221533319795,-7.422234787089071,0.6925665828867201,0,0.10035495136949274,50.0,68.0,-18.0,-4.634655532359076,-3.378574668818999,-3.9289752933542132,0.3309049841275232
1524110400,2018-04-19,47.82,47.91,46.52,46.8,1082564.0,0.02179487179487194,0.023717948717948634,-0.005982905982905851,-0.022964509394572064,-2.241452991452988,4.6815698531190435,-9.16447583602502,0.5313390313390443,-4.7806267806267755,-2.1246438746438656,0,2.856181473790784,3.1291317761128132,12.514088088098557,17.79721027039531,-0.9139888843762236,2.5791333102561405,-8.660341002919843,-0.6457920441095525,0,0.026515527296666157,46.0,68.0,-21.999999999999996,-2.241452991452988,-1.0020765222753028,-1.605370333095209,0.22132613624441033
1524196800,2018-04-20,46.84,47.13,46.44,46.88,1241045.0,-0.0008532423208190698,0.005332764505119547,-0.009385665529010323,0.0017094017094019254,-2.1309726962457347,4.698962940212439,-8.960908332703909,0.37471558589305687,-4.58048919226394,-2.1028868031854557,0,3.1351510607282407,5.871725383920509,11.994994255979604,18.15617256038192,-0.598506000374158,2.4959542691977026,-9.761502811712377,0.752064982845541,0,0.07008694809854624,42.0,68.0,-26.0,-2.1309726962457347,-1.0594897241256405,-1.703738894404566,0.14210682083306342
1524456000,2018-04-23,46.89,47.37,46.87,47.13,880640.0,-0.005092297899427112,0.005092297899427001,-0.005516656057712788,0.005332764505119547,-2.2321239125822245,4.119251886646481,-8.583499711810916,0.09972416719712385,-4.606407808190127,-2.253341820496516,0,4.029966238904741,9.122482056031501,11.900928667211863,16.29429412723408,-0.5747770783235353,2.3811560271283803,-10.65447442391523,0.5521935384176189,0,0.00832613354300872,38.0,68.0,-30.0,-2.2321239125822245,-1.4334300133098878,-2.1378883975963703,0.09659419228978516
1524542400,2018-04-24,47.42,47.64,46.04,46.5,1380622.0,0.01978494623655913,0.02451612903225797,-0.009892473118279566,-0.013367281985996238,-0.7139784946236603,5.586731245591906,-7.0146882348392126,1.754838709677415,-3.107526881720446,-0.6763440860215013,0,1.4253695882363147,4.026845637583886,10.729350229909972,7.999408382225951,1.120063630988625,2.4868056624597354,-11.001376732409936,-0.8783446849802665,0,-0.1158696183633164,34.0,68.0,-34.0,-0.7139784946236603,-0.08867749515472667,-0.7801709166169672,0.01821440739989244
1524628800,2018-04-25,46.38,47.36,45.92,47.01,1864469.0,-0.01340140395660483,0.007445224420336238,-0.023186556051903784,0.010967741935483888,-1.4401191235907191,4.349810034709776,-7.230048281891214,0.9295894490534096,-3.8544990427568564,-1.4624547968517305,0,3.3419980787131607,7.549759780370619,10.48526347594212,8.685128432239587,0.07129524186215974,2.502923425041647,-11.205891740039297,1.185985473118876,1,-0.11477594057998552,30.0,68.0,-38.0,-1.4401191235907191,-1.0609156784971816,-1.7837754309728524,-0.003946454071765637
1524715200,2018-04-26,47.04,47.07,44.99,46.03,2400307.0,0.021942211601129635,0.022593960460569162,-0.022593960460569162,-0.020846628376940957,0.9635020638713883,6.016455016807853,-4.089450889065077,3.493735969295386,-1.6442175392859752,0.9247592150046842,0,-0.6005991353106168,6.501619620546049,8.554321398279216,5.590688898614786,2.1082259989345715,2.6963961279068025,-10.559108484048807,-1.511355502418615,0,-0.06857959626359778,26.0,68.0,-42.0,0.9635020638713883,0.9459676661422805,0.29524271575158423,-0.08478799883018245
1524801600,2018-04-27,45.8,46.07,43.81,44.09,2856274.0,0.03878430483102724,0.044908142435926335,-0.00635064640508054,-0.042146426243753976,5.344749376275786,10.836750605027305,-0.14725185247573336,8.17381114387237,2.6169955394269095,5.395403341649654,0,-7.193478356864155,-1.2099484651579635,3.695937917418869,2.168806482950309,6.060254911615928,2.980099923821649,-9.117445064297241,-1.7708649851800384,-1,-0.1595151572258523,22.0,68.0,-46.0,5.344749376275786,4.874569270407974,4.523684214595008,-0.2592433199432172
1525060800,2018-04-30,44.13,44.48,43.46,43.48,2513290.0,0.014949402023919145,0.022999080036798514,-0.00045998160073590366,-0.01383533681106841,6.833026678932839,12.350311840719314,1.3157415171463924,9.618215271389147,4.174333026678937,6.896274149034042,0,-9.004382132309843,0.20742106476145725,-1.0700158199546377,-6.024334347443379,6.754365041311303,2.9736231326995246,-7.561682202998735,-1.5469788312034474,-1,-0.27708096729730536,18.0,56.0,-38.0,6.833026678932839,5.74152913601597,5.75518724590674,-0.39776034542542277
1525147200,2018-05-01,43.46,43.92,42.54,43.13,3386289.0,0.007651286807326629,0.01831671690238812,-0.01367957338279624,-0.008049678012879369,7.512172501738917,13.800453720893756,1.2238912825840913,10.368652909807551,4.859726408532339,7.614189659169952,0,-10.025745808333255,-3.62011173184357,-5.354840042091193,-15.900742361760365,6.435182558062834,3.0121737264865014,-5.599256372663117,-2.0370116651253833,-1,-0.2887789037741115,14.0,-36.0,50.0,7.512172501738917,5.971086361107055,6.354042057595663,-0.48899148320393626
1525233600,2018-05-02,43.29,44.01,42.97,43.04,2059350.0,0.005808550185873562,0.022537174721189546,-0.0016263940520445663,-0.0020867145838164847,7.410548327137548,14.549318040970078,0.27177861330503106,10.248218711276351,5.001936183395287,7.625077447335798,0,-10.293511734193764,-6.1286804798255226,-8.91039567043022,-14.83716148647865,5.904901145026059,2.975464164072817,-3.902278914049397,-1.2295098850660358,0,-0.3237662684271479,10.0,-40.0,50.0,7.410548327137548,5.60290111118826,6.318537185318249,-0.5280951525593796
1525320000,2018-05-03,42.78,42.98,41.73,42.5,2208600.0,0.0065882352941177835,0.011294117647058677,-0.01811764705882357,-0.012546468401486988,8.29058823529411,16.448887467781276,0.13228900280695655,11.221568627450964,5.812156862745098,8.516862745098067,0,-11.905154569418897,-8.837408837408832,-12.565042270376026,-15.90604774172293,6.413515857659263,3.0182045530790296,-1.7084079405675077,-1.3170917697734559,0,-0.2552769171586716,6.000000000000007,-43.99999999999999,50.0,8.29058823529411,6.283281134661408,7.368646912271643,-0.5599907686633562
1525406400,2018-05-04,42.4,43.79,42.1,43.65,942727.0,-0.02863688430698741,0.0032073310423825774,-0.03550973654066436,0.027058823529411802,5.2199312714776624,13.50157435404546,-3.0617118110901345,7.99045437189767,2.7098129056891906,5.350133638793423,0,-6.742247237550302,-4.17124039517014,-13.414882086400395,-16.984375733535174,3.1615614696223844,3.0053313951499976,-0.7202182118414591,0.5669592265692422,0,-0.25130626710691184,2.0,-44.0,46.0,5.2199312714776624,3.1514204071773264,4.361883608384744,-0.47656831164321867
1525665600,2018-05-07,43.66,43.9,43.32,43.7,1621686.0,-0.0009153318077804729,0.004576659038901587,-0.008695652173913104,0.001145475372279492,4.856979405034338,13.423317350347602,-3.7093585402789557,7.573989321128892,2.3794813119755815,4.976735316552251,0,-6.526488652696209,-4.626800523788733,-14.00303604375491,-16.34655461177593,2.517848252004029,2.8822741094767337,0.06074851012716209,0.9693412822913668,0,-0.21066444057468425,-2.0,-44.0,42.0,4.856979405034338,2.744503121600218,4.076104794630808,-0.3943530981346146
1525752000,2018-05-08,43.69,44.13,43.69,44.09,1381674.0,-0.009072352007257978,0.0009072352007257756,-0.009072352007257978,0.008924485125858084,3.588115218870499,12.134030032643423,-4.95779959490244,6.216829212973465,1.1952823769562286,3.70605579496484,0,-4.815160707148813,-6.39065817409766,-13.75085904845533,-16.125592477909166,1.1795566705597764,2.7240059644132666,0.49178924278954383,0.8348782224688212,0,-0.14723627312868495,-6.0,-44.0,38.0,3.588115218870499,1.660846258048636,3.031750206459563,-0.29460760263908037
1525838400,2018-05-09,44.3,44.52,43.69,44.36,1610887.0,-0.0013525698827773214,0.0036068530207395977,-0.01510369702434633,0.006123837604898874,2.6284941388638288,11.044822119555533,-5.787833841827862,5.219416892094969,0.24421400661256598,2.731815449353789,0,-3.631901264985423,-6.175972927241967,-13.03302344462723,-10.636398914467904,0.27736230546113916,2.6476853320603384,0.3987064606314128,0.9798808026121282,0,-0.08218227823225113,-10.0,-44.0,34.0,2.6284941388638288,0.9428351569731745,2.3103411762660784,-0.19608993904634342
1525924800,2018-05-10,44.64,45.12,44.31,44.85,967430.0,-0.00468227424749168,0.00602006688963197,-0.012040133779264162,0.011045987376014477,1.200668896321062,9.268928681988342,-6.867590889346204,3.7640282422891147,-1.2014121144556071,1.2813080639167538,0,-1.5078667900232858,-5.777310924369748,-11.506319444239468,-6.3911229504001525,-1.042940342060021,2.5607058087156473,-0.3998640743681747,0.5994195464070113,0,-0.08378334727096572,-14.0,-44.0,30.0,1.200668896321062,-0.14475852449619708,1.145801908050359,-0.08901950074559706
1526011200,2018-05-11,45.0,45.29,44.83,44.97,1070140.0,0.0006671114076051143,0.007115855014454109,-0.003113186568823645,0.0026755852842808014,0.7093617967533987,8.601438558213914,-7.182714964707117,3.159884367356014,-1.6321992439403914,0.7638425617078042,0,-0.9873172218137043,-4.2376490630323715,-10.01797682183489,-6.067011886842863,-1.452692420785496,2.4445178083351733,-1.336464032609861,0.6799833536435369,0,-0.10046410207096766,-18.0,-44.0,26.0,0.7093617967533987,-0.3720533018302348,0.8415508217796059,-0.0056108004174210135
1526270400,2018-05-14,45.19,45.6,45.09,45.29,1203927.0,-0.0022079929344226423,0.006844778096710247,-0.004415985868845174,0.007115855014454109,-0.2793111062044602,7.133711063907569,-7.692333276316489,2.1274011923161993,-2.5358798851843716,-0.20423934643409325,0,0.41920670639507307,-5.251046025104598,-8.159361217554354,-0.9596710808950561,-2.3276871801336654,2.353230855015024,-2.56331366361605,0.7720445222235974,0,-0.0886060224462961,-21.999999999999996,-44.0,22.0,-0.2793111062044602,-0.9735077675959332,0.12398637205808427,0.0713710799686802
1526356800,2018-05-15,45.13,45.5,44.83,45.09,1289282.0,0.0008871146595696988,0.009092925260589801,-0.005766245287203486,-0.004415985868845174,-0.14526502550454268,6.772885366297871,-7.063415417306956,2.2787757817697525,-2.4229319139498955,-0.07207806609004308,0,-0.4795171012911368,-5.807395028201367,-6.9476163488119695,-7.446098296257851,-2.2027785705520273,2.3009722309463543,-3.442489584461878,-0.8324395013418263,0,-0.1394741287422248,-26.0,-44.0,18.0,-0.14526502550454268,-0.48338578831118184,0.5458154700337872,0.10694138243358864
1526443200,2018-05-16,44.99,46.28,44.98,46.04,1541554.0,-0.022806255430060762,0.005212858384013863,-0.02302345786272808,0.021068973164781513,-2.4076889661164103,3.8304356114821587,-8.64581354371498,0.00905010136114015,-4.756371271358233,-2.3736605849985466,0,3.651316015024058,-3.8830897703549048,-4.0657298680335225,0.6221840640331919,-4.402780663866082,2.2942175943493623,-4.826885004451352,0.9903241110952734,0,-0.10489062165977327,-30.0,-44.0,14.0,-2.4076889661164103,-2.2952313089074465,-1.4689144317612346,0.18783762844845941
1526529600,2018-05-17,46.0,46.76,45.98,46.55,1089795.0,-0.011815252416756072,0.004511278195488799,-0.01224489795918371,0.01107732406602957,-3.5037593984962427,2.6002307148284274,-9.607749511820913,-1.2216254923021808,-5.803795202291425,-3.512710347296803,0,5.699883576261989,-0.5341880341880342,-0.7214980747349667,9.505615617207674,-5.375473731902176,2.226691905125028,-5.630689450174664,0.700322431263308,0,0.002867480329936563,-34.0,-44.0,10.0,-3.5037593984962427,-3.045139931236136,-2.4484792660121,0.26439469084954503
1526616000,2018-05-18,46.47,46.63,45.89,46.13,863809.0,0.007370474745284961,0.010838933448948707,-0.005202688055495397,-0.009022556390977376,-2.7064816822024653,3.2666148843676837,-8.679578248772629,-0.3818917551846397,-5.016619697955051,-2.699255726569845,0,3.644496750610692,-1.599829351535836,1.2053873197517366,13.957873966937399,-4.26086139335662,2.2010507670657624,-6.483892588228446,-0.561077290429975,0,0.10250227137797288,-38.0,-44.00000000000001,6.000000000000007,-2.7064816822024653,-1.956452274815291,-1.4991132399953813,0.2742657529774271
1526875200,2018-05-21,46.53,46.87,46.41,46.49,627107.0,0.0008604000860399363,0.00817380081737995,-0.0017208001720800947,0.007804032083243095,-3.528715852871585,2.200532476224609,-9.257964181967793,-1.2149566214956593,-5.8051910805191085,-3.510073851007391,0,5.138137608601809,-1.357946106513899,3.464188898379151,26.63782818211675,-4.4436605518778975,2.141701955108113,-7.025325989681942,0.4136026271671751,0,0.12223420931602944,-42.0,-44.0,2.0,-3.528715852871585,-2.457027855767606,-2.1731642032603986,0.29097453531716677
1526961600,2018-05-22,46.88,47.34,46.56,46.8,1235283.0,0.0017094017094019254,0.01153846153846172,-0.005128205128204999,0.006668100666809895,-4.135683760683747,1.6412733163909934,-9.912640837758502,-1.9383903133903004,-6.323005698005687,-4.130698005697994,0,6.411216226453192,0.6451612903225745,5.900866718701839,25.711169447334868,-4.436217750887124,2.105281456972971,-7.056860941381391,0.8155007886099518,0,0.20197579955757858,-46.0,-44.0,-2.0,-4.135683760683747,-2.807608135203594,-2.7105286520316554,0.30723909322186804
1527048000,2018-05-23,46.54,46.7,45.85,46.35,1063467.0,0.004099244875943819,0.007551240560949246,-0.010787486515641875,-0.00961538461538447,-3.2761596548004377,2.360605433065402,-8.912924742666277,-1.0999640417116296,-5.399856166846462,-3.2499101042790386,0,4.066794374560601,-1.403956604977657,6.9413573579197525,30.223892294694423,-2.6195690212141614,2.120285465283333,-7.988999411782313,-0.703621470469609,0,0.1963160556162729,-38.0,-32.0,-6.0,-3.2761596548004377,-1.6864695678050339,-1.696716925709751,0.2731709203125273
1527134400,2018-05-24,46.12,46.31,45.68,45.8,1289344.0,0.006986899563318882,0.0111353711790394,-0.0026200873362445254,-0.011866235167206085,-2.1397379912663723,3.5226890867802894,-7.80216506931302,-0.08151382823871245,-4.11644832605532,-2.098981077147016,0,1.322656094317928,-0.49967412557028895,6.596443294037391,22.948500866333305,-1.0786690439458795,2.0969713148884477,-9.056719362213768,-0.8537311140039437,0,0.09826149560701838,-42.0,-32.0,-10.0,-2.1397379912663723,-0.45767251495892936,-0.49597510310201187,0.20233669858891146
1527220800,2018-05-25,45.68,46.08,45.42,45.72,1214606.0,-0.0008748906386701893,0.007874015748031482,-0.006561679790026198,-0.0017467248908296096,-1.7902449693788327,3.8942433430152192,-7.474733281772899,0.03681831437738481,-3.655220180810744,-1.8092009332166725,0,0.9269011819755164,3.6969834429575763,6.137981097327881,14.975630349824684,-0.47621869264311556,2.0537069130180314,-10.032673072574699,-0.8013511190793964,0,0.06338250353397419,-46.0,-32.0,-14.0,-1.7902449693788327,-0.25649566983008754,-0.3092426733833946,0.14170461242570942
1527566400,2018-05-29,45.12,45.19,42.82,43.07,3328809.0,0.04759693522173203,0.04922219642442527,-0.0058045042953331905,-0.057961504811898434,4.204782911539368,10.356285160935926,-1.9467193378572034,6.335422954879661,2.1027784227227073,4.219100688801177,0,-9.864506093609087,-0.942962281508732,0.11750558087320787,1.07827309356162,5.1544426385560485,2.5052924488729262,-8.745511388048687,-2.169992932809487,-1,-0.14756126604839745,-42.0,-24.0,-18.0,4.204782911539368,5.320449922641984,5.5960929192662405,-0.07368890815700667
1527652800,2018-05-30,43.44,44.05,43.17,43.95,1404456.0,-0.011604095563140016,0.0022753128555175195,-0.01774744027303754,0.020431855119572795,2.211604095563132,8.045030587294534,-3.621822396168284,4.209328782707615,0.17519908987483745,2.1922639362912406,0,-5.736116003312901,1.9012288430326925,-2.669299343375061,0.4973102901131412,2.995379610676082,2.439035096779522,-7.5502898238459615,0.9131519099490747,0,-0.14398888328121512,-46.0,-24.000000000000004,-21.999999999999996,2.211604095563132,2.9057736445047055,3.345228481387963,-0.14934830813301436
1527739200,2018-05-31,44.3,44.35,43.33,43.49,2406448.0,0.018624971257760192,0.019774660841572755,-0.003679006668199647,-0.010466439135381145,3.344446999310179,9.103342540840245,-2.414448542219887,5.3533379320916765,1.2811374262282413,3.317237679159973,0,-7.3543366989424115,1.0455390334572556,-5.631788752088413,-2.2506848199567955,3.707150480682884,2.4562998103750946,-6.823772452905985,-1.5425133361219894,-1,-0.23400088466035107,26.0,52.0,-26.0,3.344446999310179,3.613820672342456,4.2642738678231495,-0.21863415215591459
1527825600,2018-06-01,43.95,44.56,43.72,44.53,1116331.0,-0.01302492701549518,0.000673703121491176,-0.01818998428026053,0.023913543343297317,1.1587693689647551,6.215671143267002,-3.898132405337492,3.0563664944980786,-0.8286548394340798,1.113855827531978,0,-2.763676150594705,4.776470588235297,-5.817223142428238,-2.168319727983402,1.187844435165971,2.3992143719992414,-6.418273580402786,0.7142263318921115,0,-0.15947938443734233,22.0,52.0,-30.0,1.1587693689647551,1.0802093396247585,1.7574449721359287,-0.18406828916619156
1528084800,2018-06-04,44.76,44.93,44.58,44.9,755788.0,-0.003118040089086893,0.0006681514476614137,-0.007126948775055708,0.00830900516505717,0.46436525612475066,5.277143714965689,-4.348413202716216,2.2386785449146345,-1.3158871566444077,0.4613956941351063,0,-1.228132307643662,2.86368843069874,-5.235273741212244,-3.5887095155144237,0.2942858514704625,2.273116779838754,-6.511021271216869,0.49613967923082347,0,-0.11711890415394427,18.0,52.0,-34.0,0.46436525612475066,0.22370634847422366,0.882873577820618,-0.12856049371179684
1528171200,2018-06-05,44.87,45.06,44.44,44.97,1349194.0,-0.0022237046920169368,0.002001334222815343,-0.011785634867689576,0.0015590200445434466,0.44918834778739836,5.039177704402505,-4.140801008827665,2.2155511081461725,-1.3423763990808624,0.43658735453264796,0,-0.9329443283387775,2.906178489702508,-4.646473405649047,4.2002992740821625,0.08965158518230965,2.205944064919281,-6.472134379485961,0.8901373973955725,0,-0.05214145146326991,14.0,52.0,-38.0,0.44918834778739836,0.061251295449210374,0.6973756615796844,-0.08168879483621494
1528257600,2018-06-06,45.15,45.28,44.43,45.26,1250611.0,-0.0024304021210782567,0.00044189129474148103,-0.018338488731771907,0.0064487436068489945,-0.06517896597438266,4.361625189988686,-4.4919831219374515,1.7185888937987954,-1.907129179555156,-0.09427014287817315,0,0.3155511525827208,2.653662962122918,-3.6175296862881257,3.3261839321605535,-0.6902415592508788,2.1693973862010942,-6.729939018529635,0.8273896458091594,0,-0.041390033695610486,10.0,52.0,-42.0,-0.06517896597438266,-0.5246565406532966,0.05011922034807981,-0.02846105456684754
1528344000,2018-06-07,45.3,45.47,44.56,44.76,2214276.0,0.012064343163538771,0.01586237712243066,-0.0044682752457549935,-0.011047282368537359,1.0958445040214428,5.51097698437286,-3.319287976329946,2.94645516830505,-0.7376377718200899,1.1044086982424801,0,-1.8275153133614879,0.9017132551848481,-3.6926236928128566,-6.288113551176188,0.23539800664072175,2.182162061299948,-7.2250191791898715,-1.4394358925913706,-1,-0.12575621688728048,6.000000000000007,52.00000000000001,-46.0,1.0958445040214428,0.5306894489452816,1.1219538627515817,-0.024390842703951754
1528430400,2018-06-08,44.77,44.96,44.4,44.6,1599863.0,0.003811659192825223,0.008071748878923701,-0.004484304932735439,-0.003574620196604039,1.430493273542595,5.890823805311555,-3.0298372582263653,3.275784753363226,-0.3654708520179497,1.4551569506726452,0,-2.5088685076650705,-0.5574136008918618,-4.0433598379555695,-7.9500102214020245,0.4330266619870571,2.123248655075615,-7.510752454378739,-1.035679615682314,0,-0.1286830057649396,2.0,-16.0,18.0,1.430493273542595,0.8064483610517073,1.4264987645921394,-0.029591387175912837
1528689600,2018-06-11,44.59,45.2,44.52,44.83,2031576.0,-0.005353557885344529,0.008253401739906518,-0.006915012268570053,0.005156950672645655,0.894490296676338,5.342427013307855,-3.553446419955165,2.7503903635958125,-0.9212580861030659,0.9145661387463662,0,-1.4086134152232503,-0.3113186568823673,-3.8706330184788613,-3.923529843805561,-0.18358464047582856,2.0698186326325505,-8.121410634400952,1.3116222974860883,0,-0.11024381197382717,-2.0,-16.0,14.0,0.894490296676338,0.26171286357478607,0.8705962831873251,-0.015373707333469794
1528776000,2018-06-12,44.93,45.15,43.69,43.78,2905932.0,0.02626770214709917,0.031292827775239784,-0.0020557332115122007,-0.023421815748382757,3.1418455915943326,7.918751670751803,-1.6350604875631376,5.195294655093647,1.2185929648241114,3.2069438099589007,0,-5.853817822844768,-3.3340693309781364,-5.671975535010762,-13.329760651199628,1.8065345842895653,2.2062742297721143,-7.799726726280969,-1.841391637998012,-1,-0.18915411429112097,-6.0,-16.0,10.0,3.1418455915943326,2.4124074548142147,3.160818682265628,-0.0713819448530468
1528862400,2018-06-13,43.71,43.78,42.88,43.14,2219224.0,0.013212795549374157,0.014835419564209529,-0.006026889197960128,-0.014618547281863847,4.445989800649059,9.705028825364835,-0.8130492240667451,6.565445835265038,2.476433317879767,4.5209395765724025,0,-8.301313262686243,-4.324683965402534,-8.268635305363997,-15.031281170039605,2.8795184005714987,2.228092779542521,-6.79587717945569,-1.4039295964250895,0,-0.22527161418994904,-10.0,-16.000000000000007,6.000000000000007,4.445989800649059,3.5572872034169762,4.507282015494411,-0.1421424464563889
1528948800,2018-06-14,43.46,43.72,43.14,43.53,1754288.0,-0.0016080863772111043,0.004364805881001521,-0.008959338387319105,0.009040333796940248,3.221915920055139,8.539635762417277,-2.095803922306999,5.263419863695546,1.3764453633509248,3.3199326135232354,0,-6.2991850910936975,-5.4517810599478675,-9.519756167671197,-8.174795951789157,1.63343386014634,2.145579391262243,-5.863731171689359,1.111472642963046,0,-0.16625994370419594,-14.0,-16.0,2.0,3.221915920055139,2.3790555272803005,3.4309280330774925,-0.1523838338482157
1529035200,2018-06-15,43.38,43.41,42.47,43.0,2391813.0,0.008837209302325677,0.009534883720930143,-0.012325581395348895,-0.012175511141741313,4.081395348837219,9.513477599419119,-1.3506869017447087,6.175968992248059,2.203875968992236,4.1899224806201545,0,-8.345458024322724,-7.626208378088071,-11.452037301738121,-10.015520859030055,2.461125605152148,2.1929600028594542,-4.470250477159777,-1.4997751666272632,0,-0.14338262425191306,-18.0,-68.0,50.0,4.081395348837219,3.294181013231153,4.521234184547794,-0.18252107958300878
1529294400,2018-06-18,42.55,42.94,42.33,42.78,1901678.0,-0.005376344086021612,0.003740065451145247,-0.01051893408134652,-0.005116279069767415,4.225105189340809,9.828242428402916,-1.3780320497212983,6.293828892005621,2.331697054698452,4.3127629733520365,0,-9.18060666013104,-7.262085410795581,-13.387143878267269,-7.466152031644086,2.8587113475731627,2.158659990647223,-3.072783920301724,-1.1842219287334383,0,-0.011928672883876952,-21.999999999999996,-72.0,50.0,4.225105189340809,3.461058669838877,4.860361918636258,-0.2033493414154156
1529380800,2018-06-19,42.35,42.35,41.5,42.02,2862473.0,0.007853403141361293,0.007853403141361293,-0.012375059495478458,-0.017765310892940533,5.578296049500224,11.47545520994801,-0.3188631109475608,7.711407266381087,3.584800888465793,5.64810407742344,0,-11.954394376305729,-9.614970961497093,-16.24074094698108,-15.562369718807119,4.233079919394925,2.258307552863512,-1.2143809561358125,-1.751981986186944,0,-0.0279238305208567,-26.0,-76.0,50.0,5.578296049500224,4.824480075268525,6.491954279980462,-0.2512491247595885
1529467200,2018-06-20,42.45,42.45,41.63,41.81,2021871.0,0.01530734274097112,0.01530734274097112,-0.004305190145898141,-0.004997620180866247,5.511839272901227,11.37494064162972,-0.3512620958272663,7.666826118153551,3.509925855058583,5.588375986606081,0,-12.69177772668153,-10.662393162393153,-18.88302573371032,-10.732290247295914,4.4365465628297045,2.2476220381781906,0.33459819882918396,-1.2254606901859175,0,-0.008719041276574675,-30.0,-80.0,50.0,5.511839272901227,4.8413667298696765,6.751271636579176,-0.27793346485375386
1529553600,2018-06-21,41.54,41.64,40.93,40.96,2454759.0,0.01416015625,0.0166015625,-0.000732421875,-0.020330064577852247,7.04345703125,13.36728362104131,0.7196304414586621,9.258626302083343,5.049641927083343,7.154134114583343,0,-15.537615713600147,-11.628910463861923,-22.37889858642837,-16.525043060752466,6.006213867965187,2.283848364974526,2.208893429612317,-1.4740577417300815,0,-0.1267934823749403,-34.0,-84.0,50.0,7.04345703125,6.348741299922338,8.61493886390521,-0.33013137718547303
1529640000,2018-06-22,41.27,41.45,40.05,40.2,4046136.0,0.026616915422885468,0.031094527363184188,-0.003731343283582267,-0.0185546875,8.370646766169159,15.532294674463571,1.2089988578747324,10.752902155887227,6.272802653399651,8.512852404643453,0,-17.846017734246118,-12.227074235807848,-26.321298604160532,-22.33429263911175,7.000083628081086,2.4095657025260055,4.404490157566119,-2.3573493559030316,-1,-0.23607518664071414,-38.0,-88.0,50.0,8.370646766169159,7.563189326287073,10.249988731544391,-0.38908837556737064
1529899200,2018-06-25,40.62,40.83,39.65,40.28,2185358.0,0.008440913604766509,0.013654419066534196,-0.01564051638530295,0.0019900497512437276,7.48013902681231,15.019319387441328,-0.059041333816693964,9.916418404501812,5.316120489904023,7.61626944720291,0,-17.34617675331978,-11.898512685914255,-29.253547569104132,-27.33628086138188,6.12681844597067,2.4422596044476,6.625042472261811,1.259333024727232,0,-0.25529433891708375,-42.0,-88.0,46.0,7.48013902681231,6.649600424904307,9.637648131411567,-0.39469756614401097
1529985600,2018-06-26,40.32,40.4,39.87,40.08,2626132.0,0.005988023952095967,0.007984031936127733,-0.0052395209580838875,-0.0049652432969216065,7.643463073852303,15.988654581298476,-0.701728433593857,9.78917165668662,5.624999999999986,7.707085828343324,0,-17.967215355956014,-6.942187137218486,-31.9098874433915,-32.11511622356805,5.926720262287418,2.37358286867861,8.686983907336383,-1.4896183696539171,0,-0.29701122727281865,-46.0,-96.0,50.0,7.643463073852303,6.497804625496343,9.785340529690444,-0.3835446915449213
1530072000,2018-06-27,40.22,40.78,39.75,39.78,1733228.0,0.011060834590246316,0.02513826043237799,-0.0007541478129713397,-0.007485029940119681,7.931121166415281,17.045611014502413,-1.183368681671837,10.180995475113136,5.947712418300654,8.064353946706888,0,-18.90110836251516,-9.488054607508536,-34.49456100661888,-31.726638572278432,5.991705545293044,2.4056087371548927,9.88504727234637,-0.9777573940580141,0,-0.31332963166792205,-46.0,-96.0,50.0,7.931121166415281,6.6056263956618295,10.197077047816762,-0.36797792179121536
1530158400,2018-06-28,39.73,39.81,38.39,38.99,2060190.0,0.018979225442421033,0.02103103359835856,-0.01538856116953069,-0.019859225741578612,9.540907925108996,19.798191693606682,-0.7163758433886898,11.86714542190306,7.445498845857898,9.65632213388048,0,-21.226407097220175,-10.347206254311335,-37.663216290045874,-31.84552933967852,7.338012355001993,2.539179464207455,11.684557203465609,-1.1508592405284248,0,-0.30482966647938714,-46.0,-96.0,50.0,9.540907925108996,7.930805874972975,11.94240178383869,-0.3808926030119151
1530244800,2018-06-29,39.18,39.4,38.48,38.48,1766747.0,0.018191268191268373,0.023908523908523938,0.0,-0.013080276994101192,10.206600831600852,21.397722392495936,-0.9845207292942177,12.647695772695798,8.14665627165627,10.39717602217604,0,-22.617714262587825,-13.586346283404454,-40.868539601954176,-38.21259929640178,7.852557005346796,2.559834227470361,13.355530710933479,-0.9794498406904875,0,-0.35548945064837534,-46.0,-96.0,50.0,10.206600831600852,8.469731091276529,12.899534279096684,-0.39224481983803194
1530504000,2018-07-02,37.96,39.02,37.5,39.01,2484787.0,-0.0269161753396564,0.00025634452704448307,-0.038708023583696405,0.01377338877338885,7.954370674186123,19.20546133500902,-3.296719986636816,10.460565666923017,5.720755361873017,8.090660514398024,0,-18.96959768593348,-13.118040089086861,-41.860453438237066,-37.922989690241636,5.181232565699531,2.6230114511842633,15.305237044628846,1.3587793810099766,0,-0.2062971228237212,-21.999999999999996,-68.0,46.0,7.954370674186123,6.32974426026793,10.919940022378569,-0.33475823662916326
1530590400,2018-07-03,39.15,39.4,38.56,38.7,1320536.0,0.011627906976743985,0.018087855297157507,-0.0036175710594315014,-0.007946680338374645,8.009043927648591,19.439424493367568,-3.4213366380704286,10.606804478897502,5.772179155900076,8.189491817398789,0,-19.90059049732173,-13.942628418945954,-43.03761746287348,-33.52137883227955,5.386731052139254,2.610202652711471,16.463901542251115,-0.7186635610217655,0,-0.21037015064569992,-26.0,-68.0,42.0,8.009043927648591,6.497530636480846,11.345369688086521,-0.2899822247423458
1530763200,2018-07-05,39.09,40.0,39.09,39.44,2907794.0,-0.008874239350912583,0.014198782961460488,-0.008874239350912583,0.019121447028423555,5.244675456389473,15.98620021388355,-5.496849301104618,7.844405003380658,3.085277214333999,5.464841108857314,0,-15.00031178821817,-12.859036676977464,-41.729047465817914,-31.090937502231583,2.7589010403470127,2.613722389486998,16.582258951416897,1.5566083213032926,0,-0.2419080811812217,-30.0,-68.0,38.0,5.244675456389473,4.070842119439263,8.893242920255389,-0.187850710091368
1530849600,2018-07-06,39.54,39.9,39.26,39.75,2070256.0,-0.005283018867924594,0.0037735849056603765,-0.012327044025157274,0.00786004056795142,3.7937106918238754,13.91948404233834,-6.332062658690546,6.3035639412997995,1.6494758909853147,3.976519916142564,0,-13.051187312109128,-11.193029490616619,-39.746785232877166,-24.513939739566155,1.3633470929259204,2.5231046604452354,16.692162259927976,1.1058187697205335,0,-0.2198163590803312,-34.0,-68.0,34.0,3.7937106918238754,2.948818509281807,7.728561123674325,-0.08213722590587613
1531108800,2018-07-09,40.13,41.12,40.11,41.08,2234965.0,-0.023125608568646427,0.0009737098344693162,-0.023612463485881197,0.033459119496855205,0.004868549172371672,9.063910794396435,-9.054173696051691,2.444011684518017,-2.1689386562804316,0.13753651411877854,0,-5.531040972383032,-7.892376681614357,-34.26707908325292,-17.78826255591204,-2.1767846915554685,2.5052412249357965,15.076463761113146,1.1959097853599943,0,-0.18237578267354296,-38.0,-68.0,30.0,0.004868549172371672,-0.3476431827153874,4.074452970118884,0.08556091631181628
1531195200,2018-07-10,41.1,41.38,40.91,41.25,1394513.0,-0.0036363636363635488,0.0031515151515151274,-0.008242424242424273,0.00413826679649465,-0.8412121212121093,7.168773932710934,-8.851198175135153,1.5515151515151473,-2.991515151515131,-0.7199999999999847,0,-4.65398257337722,-7.985723845639077,-29.51717957907494,-11.601013635823044,-2.865097989135748,2.398093547644525,13.260356966850168,0.7580499946080833,0,-0.19146271248397428,-42.0,-68.0,26.0,-0.8412121212121093,-0.686109618439275,3.502577717224824,0.20909532695467004
1531281600,2018-07-11,40.62,40.74,39.75,39.78,1517638.0,0.02111613876319751,0.02413273001508287,-0.0007541478129713397,-0.03563636363636358,2.3202614379085134,10.008626506324319,-5.368103630507321,4.727668845315904,0.13490866432044868,2.431288754818169,0,-10.353549030053358,-9.136592051164916,-27.98331827074817,-17.747505594053806,0.41434443958463874,2.5784271797105087,12.496954900519874,-0.834007925316878,0,-0.20405826970236096,-46.0,-68.0,22.0,2.3202614379085134,2.6996834812279786,7.039987189808983,0.19333534909649974
1531368000,2018-07-12,40.08,40.26,39.44,39.67,1540847.0,0.01033526594403833,0.014872699773128106,-0.005797832114948442,-0.002765208647561579,2.166624653390457,9.41110586614893,-5.077856559368016,4.569784051760365,-0.015544912192268612,2.2771195697840483,0,-10.74221827123231,-8.043579044969864,-26.9674549442214,-16.670254337025057,0.4176329448291938,2.54853943554952,12.004086128631478,-0.8642927350076176,0,-0.15774196673873056,-38.0,-56.0,18.0,2.166624653390457,2.7002229930038766,7.049078342462309,0.17744588361180114
1531454400,2018-07-13,39.71,40.34,39.57,40.19,1291413.0,-0.011943269470017337,0.003732271709380619,-0.01542672306543913,0.01310814217292644,0.42921124657875964,6.709153209883368,-5.850730716725877,2.8137181720162516,-1.7595587625445717,0.5270797047358258,0,-7.91689479494687,-7.672869285550203,-24.835020034917918,-8.399630631383367,-1.1294335793503762,2.472731795946475,11.439419297480022,0.7306748683689519,0,-0.027544284444898974,-42.0,-56.0,14.0,0.42921124657875964,1.2408192946798096,5.441900948157311,0.20210890297095574
1531713600,2018-07-16,40.15,40.25,39.88,40.0,2037313.0,0.00374999999999992,0.006250000000000089,-0.0029999999999998916,-0.004727544165215147,0.53125,6.073764659432214,-5.0112646594322285,2.8662499999999795,-1.5862499999999926,0.6400000000000006,0,-8.656519178628237,-6.976744186046512,-23.444866165953478,-0.5403566441629692,-0.7065268493611825,2.3730860382645615,10.915085811410812,-1.1549398530913182,0,-0.05971054791427361,-46.0,-56.0,10.0,0.53125,1.5577405019171948,5.709700958929247,0.20512536958669902
1531800000,2018-07-17,39.84,40.88,39.79,40.72,1381066.0,-0.02161100196463639,0.003929273084479545,-0.022838899803536372,0.018000000000000016,-1.4992632612966617,3.1640198566773563,-6.16254637927068,0.8337426326129815,-3.657907662082522,-1.4120825147347773,0,-4.813717349325479,-4.815334268349701,-20.53950598466084,7.318900225942251,-2.4639584502608187,2.3558180253606027,9.553752955144233,0.7790458526393218,0,-0.003523855105401938,-46.0,-52.00000000000001,6.000000000000007,-1.4992632612966617,-0.2153115569076931,3.6899600714113205,0.25202262000600184
1531886400,2018-07-18,40.88,41.63,40.73,41.01,2017308.0,-0.0031699585466957725,0.015118263838088453,-0.006827603023652817,0.007121807465618746,-2.3189465983906246,1.9240303023890561,-6.561923499170291,0.02519710639681705,-4.446882874095735,-2.210842883849466,0,-3.3323448558157835,-2.4036173250833057,-17.524122971171874,14.583649950926997,-2.9505972583340707,2.330574128095742,7.384877785249543,1.1328873055822477,0,0.02995002384960574,-42.0,-44.0,2.0,-2.3189465983906246,-0.8332256306224366,2.8407722321603046,0.29594905826879736
1531972800,2018-07-19,40.57,40.98,40.09,40.15,1526035.0,0.010460772104607718,0.020672478206724687,-0.001494396014943833,-0.02097049500121917,-0.4333748443337413,3.416009319011806,-4.282759007679303,1.9825653798256582,-2.60273972602738,-0.3100871731008681,0,-6.963068298088892,-3.970342023439377,-16.578739344212536,15.778544788855172,-0.6330896423039718,2.374130910712831,5.990886544142491,-0.8556090948734683,0,-0.008694467391399698,-46.0,-44.0,-2.0,-0.4333748443337413,1.1679522278067935,4.84580049950128,0.26164591138890025
1532059200,2018-07-20,39.62,39.97,39.01,39.54,1839005.0,0.002023267577137,0.010875063227111736,-0.013404147698533153,-0.0151930261519303,0.9231158320687882,4.685302189730706,-2.8390705255931294,3.3763277693475118,-1.34294385432473,1.0166919575113695,1,-9.325746419524137,-3.466796875000004,-16.86564860124859,15.512708816713541,1.0229521827451578,2.444500377278998,5.576230932815665,-1.0284526496039137,0,0.06793588857654861,-46.0,-40.0,-6.0,0.9231158320687882,2.4688348832796407,6.209837450630189,0.19546627574002595
1532318400,2018-07-23,39.45,39.86,39.16,39.7,3229579.0,-0.006297229219143552,0.004030226700251882,-0.013602015113350241,0.004046535154274222,0.4534005037783402,4.190675270771706,-3.28387426321504,2.746431570109138,-1.7774979009236063,0.48446683459275164,0,-8.439938514854667,-1.243781094527363,-16.712904445251972,25.64957625238219,0.8423145071142955,2.386689607644748,5.191193579440753,1.761552353560736,1,0.03944710657220883,-46.0,-36.0,-10.0,0.4534005037783402,1.860065844323671,5.555050954263834,0.161470414296771
1532404800,2018-07-24,40.08,40.74,39.41,39.61,2387224.0,0.01186569048220143,0.02852814945720783,-0.005049229992426185,-0.002267002518891781,0.5970714466044171,4.324151425041364,-3.1300085318325443,2.956744929731542,-1.6153328284103452,0.6707060506605984,0,-8.80414592109291,-1.6633565044687233,-16.744160209413,26.62491242286606,1.1860338526513914,2.4610857765092775,3.7799425359066916,-1.2836520531763003,0,0.009091539366226788,-46.0,-32.0,-14.0,0.5970714466044171,1.8923163539430305,5.567637713455923,0.1331063985639208
1532491200,2018-07-25,38.91,39.75,37.67,39.25,3615599.0,-0.008662420382165692,0.01273885350318471,-0.04025477707006364,-0.009088613986367067,1.4140127388534864,5.221050598291853,-2.3930251205848947,3.9422505307855573,-1.066666666666677,1.4377919320594401,1,-10.270119803794543,-2.0708582834331293,-17.39468082334433,14.638362323226303,1.8741482167692283,2.6847805257469006,3.752808825049325,-1.895021542851535,0,0.09960701957824365,-46.0,-28.0,-18.0,1.4140127388534864,2.557644361315141,6.279591538238776,0.09222505755165833
1532577600,2018-07-26,39.26,40.82,38.75,39.65,3604241.0,-0.00983606557377048,0.029508196721311553,-0.022698612862547263,0.010191082802547768,0.3745271122320446,4.146963527439397,-3.397909302975293,2.978982765868011,-2.241698192517859,0.36864228667508314,1,-7.861883101964921,-0.3267973856209215,-16.9308084553839,16.46529041597637,0.8325483891451881,2.840766102075943,2.6521310254278454,1.8443135055768076,0,0.04143933413325603,2.0,23.999999999999996,-21.999999999999996,0.3745271122320446,1.3779658709551086,5.003201753538434,0.09393239194426983
1532664000,2018-07-27,39.97,41.1,39.78,40.83,1850053.0,-0.021062943913788823,0.006612784717119791,-0.025716385011021248,0.029760403530895374,-2.3010041636051994,1.4016652476746003,-6.003673574884999,0.17511633602744325,-4.870193485182469,-2.347538574577527,1,-1.4749618677426213,4.7191587586560555,-13.650958840718138,16.00411268686608,-2.1380194611790984,2.8152844325164366,1.3710890411374166,0.9437046420082994,0,0.008982443608925385,-2.0,24.0,-26.0,-2.3010041636051994,-1.4040906092811838,1.8913767399317862,0.1718076685667813
1532923200,2018-07-30,40.96,41.32,40.53,40.62,2919276.0,0.008370260955194553,0.01723289020187102,-0.0022156573116690614,-0.005143277002204294,-1.532496307237821,1.9037573083291903,-4.968749922804832,0.9277039225340786,-4.1116855407845065,-1.5919908091252069,1,-2.4580438267762474,5.561330561330563,-11.436727434041028,17.711100554985364,-1.5661704115442774,2.7666259125262,-0.02498953269254045,-1.4618271592623535,0,-0.08501042824843112,-6.0,24.0,-30.0,-1.532496307237821,-0.8091854493002018,2.323312529459713,0.20424304794105086
1533009600,2018-07-31,40.78,41.22,40.66,41.03,2895129.0,-0.0060931026078479,0.0046307579819644396,-0.009017791859615043,0.010093549975381588,-2.2702900316841266,1.1118164192939162,-5.652396482662198,0.10195791697134382,-4.653099358193202,-2.2755707206109435,1,-0.3612241856381502,5.17815944629583,-8.694727571253704,23.885353830013045,-2.345461968050529,2.647791649609319,-1.321348208391786,1.4208306478213206,0,-0.008041129546574212,-10.0,24.0,-34.0,-2.2702900316841266,-1.6289046876976414,1.2498147182530346,0.24559870420007623
1533096000,2018-08-01,40.76,40.89,39.04,39.38,2623217.0,0.03504316912138128,0.03834433722701869,-0.008633824276282454,-0.04021447721179616,1.910868461147814,5.156002740871074,-1.3342658185754601,4.5365667851701375,-0.6742001015744137,1.931183341797876,1,-7.549267071213777,1.7571059431524538,-9.700677411472855,21.496736368134805,1.7192227945279228,2.9226322063141454,-1.3024013172416957,-1.2626471472335128,0,-0.03735896397933167,-14.0,24.0,-38.0,1.910868461147814,2.25538074997165,5.276747924499432,0.1583533287671337
1533182400,2018-08-02,39.1,39.84,38.68,39.8,1360710.0,-0.017587939698492372,0.0010050251256283893,-0.028140703517587906,0.010665312341289868,0.8806532663316631,4.016850032854862,-2.2555435001915214,3.4560301507538043,-1.7625628140703498,0.846733668341713,1,-5.399758364998696,0.912778904665313,-9.521545330755481,17.511369502145243,0.5847370457790788,2.893417680725887,-1.0560122714702516,0.6541679881817372,0,-0.022902578139825155,-18.0,24.0,-42.0,0.8806532663316631,1.0642749279059558,4.0024230614211405,0.12681850966673047
1533268800,2018-08-03,40.01,40.42,39.87,40.4,1234601.0,-0.009653465346534662,0.0004950495049504955,-0.01311881188118813,0.015075376884422065,-0.5371287128712794,2.5287468842722234,-3.6030043100147964,1.9818481848184746,-3.1369636963696337,-0.5775577557755582,1,-2.4536194069456627,1.63522012578616,-8.044267836782574,16.714200492782425,-0.8921833023035219,2.7564609406074516,-1.4456673531120892,0.5925654208781527,0,0.03381133064438397,-21.999999999999996,24.000000000000004,-46.0,-0.5371287128712794,-0.3950911121140024,2.3614470269770464,0.1430532297596957
1533528000,2018-08-06,40.22,40.81,40.15,40.66,1601686.0,-0.010821446138711166,0.0036891293654699453,-0.012543039842597081,0.006435643564356441,-1.2247909493359685,1.7028317034551748,-4.152413602127112,1.2584030168880247,-3.7415969831119895,-1.2415969831119895,1,-1.2113659649064914,-1.0223953261927987,-6.322161153988223,16.944207657804384,-1.5096616939063097,2.6591477865347377,-2.2052206774054923,0.7664553814749298,0,0.030465284121444593,-26.0,16.0,-42.0,-1.2247909493359685,-0.933726767454516,1.6399605213023136,0.16635386777010264
1533614400,2018-08-07,40.79,41.49,40.76,41.33,1858463.0,-0.013065569804016408,0.0038712799419309274,-0.013791434793128499,0.01647811116576503,-2.8163561577546687,0.10019630579181182,-5.732908621301135,-0.35002822808290546,-5.3318816033551,-2.84095491571901,1,1.8799183681619098,0.1939393939393898,-3.5321738091845174,16.781823450681102,-3.109335914095908,2.5726251028421623,-3.5645370812979777,0.883884386096186,0,0.08610325631907143,50.0,96.0,-46.0,-2.8163561577546687,-2.2978135067681933,-0.007420453731356247,0.21864791634527364
1533700800,2018-08-08,41.01,41.11,40.04,40.61,2059287.0,0.00984979069194769,0.01231223836493478,-0.014035951736025565,-0.017420759738688618,-0.9911351883772568,1.9799229873522108,-3.9621933641067386,1.4877288024296007,-3.602150537634415,-1.0572108676024072,1,-1.4361236575966103,2.0864756158873763,-2.745464369029209,15.67728922144019,-1.3495461931165806,2.6581168282021768,-4.244984937717284,-0.9913676572436831,0,0.1287019462835054,46.0,36.0,10.0,-0.9911351883772568,-0.5117247833161684,1.6961785321479113,0.1971682369927673
1533787200,2018-08-09,40.65,40.68,39.98,40.12,1626414.0,0.013210368893320057,0.013958125623130702,-0.0034895314057826754,-0.012065993597636049,0.2741774675972124,3.220714313624512,-2.672359378430073,2.7708541043536314,-2.3512794948487965,0.20978730475241036,1,-3.5624504650519313,1.1343584572724874,-3.0814873961420646,16.034753984458547,-0.04281815753327578,2.6230231041033605,-4.829397908105214,-0.7813072335408581,0,0.09401355651833632,42.0,35.99999999999999,6.000000000000007,0.2741774675972124,0.6363745364395612,2.82300583511028,0.1448032908778779
1533873600,2018-08-10,39.72,39.85,38.76,39.18,1357011.0,0.013782542113323082,0.017100561510974943,-0.01071975497702915,-0.023429710867397757,2.5510464522715495,5.787024156169423,-0.6849312516262955,5.179087970052748,-0.1476093244852592,2.5157393227837304,1,-7.334693841313218,-2.513062950982827,-5.139715706527183,9.714301650573859,2.402346613050966,2.7420402723258017,-4.487311788048775,-0.658529443947292,0,0.03308367787238053,38.0,-12.0,50.0,2.5510464522715495,2.7602707669573334,5.082470403630609,0.04677713019913493
1534132800,2018-08-13,39.21,39.41,38.89,39.15,1781900.0,0.0015325670498085309,0.006641123882503042,-0.006641123882503153,-0.0007656967840735662,2.5210727969348596,5.95347940110662,-0.9113338072369146,5.164750957854423,-0.20434227330778754,2.4802043422732964,1,-7.450809691443553,-2.1250000000000036,-6.807853259135434,3.1417979124312225,2.3757242033535704,2.6430045471746455,-4.169660390853515,-0.8591693017530747,0,0.0886750691520256,34.0,-16.0,50.0,2.5210727969348596,2.568631958083543,4.96052304124315,-0.016762442307865444
1534219200,2018-08-14,39.25,39.59,38.91,39.47,1820013.0,-0.005573853559665554,0.0030402837598177967,-0.014187990879148793,0.008173690932311573,1.5315429440080948,4.941184809098459,-1.8780989210822554,4.115784139853048,-1.105903217633653,1.5049404611097117,1,-5.747296241270135,-3.069744597249509,-7.458222483968903,12.564668726292176,1.8049609129379576,2.5573802241929435,-4.0859636381821325,0.8686315965750884,0,0.06977289204684949,30.0,-16.0,46.0,1.5315429440080948,1.571629908212941,3.9484042862878255,-0.03298125274716923
1534305600,2018-08-15,39.32,39.35,38.85,39.25,1542686.0,0.0017834394904459039,0.002547770700636942,-0.010191082802547768,-0.005573853559665554,1.8764331210191045,5.238226938873083,-1.4853606968348743,4.397027600849256,-0.7520169851380274,1.8225053078556357,1,-6.676942255911015,-4.291636186296021,-8.390527509334031,3.990452880823227,2.3757684127837138,2.500850531093068,-3.961306678509658,-0.7349153060423382,0,0.12780322616818265,26.0,-16.0,42.0,1.8764331210191045,1.9370487316543858,4.353356983544018,-0.05307647694951845
1534392000,2018-08-16,39.5,39.99,39.5,39.71,1610984.0,-0.00528834046839588,0.00705112062452784,-0.00528834046839588,0.011719745222930067,0.6408964996222721,3.9713801704834424,-2.6895871712389123,3.0525476370351754,-1.9361202048182804,0.5582137161084688,1,-4.172184688412472,-1.0958904109588985,-8.132296319808722,3.5086934389727986,1.0518744236673143,2.4284256996982374,-4.618662564905101,0.7648255160252098,0,0.07863121367467964,22.0,-16.0,38.0,0.6408964996222721,0.6841914494744685,3.021214500521438,-0.031030953918216753
1534478400,2018-08-17,39.52,40.46,39.5,40.37,1414429.0,-0.021055239038890172,0.002229378251176639,-0.02155065642804055,0.01662049861495829,-0.9016596482536556,2.364955969795929,-4.16827526630324,1.4424902980761516,-3.46461894145817,-1.0110643216910233,1,-0.7826715006007348,2.099140111279713,-6.466628025032817,0.5839622990693059,-0.8056481389422885,2.387958170768996,-5.750170783206784,0.676648617396597,0,0.2207114489812688,18.0,-16.0,34.0,-0.9016596482536556,-0.8702648044705512,1.2845147886800419,0.029106168915826902
1534737600,2018-08-20,40.5,41.09,40.44,40.92,1522293.0,-0.01026392961876832,0.004154447702834796,-0.011730205278592476,0.013623978201634968,-2.0845552297165426,1.2595356493711307,-5.428646108804216,0.22482893450637675,-4.604105571847526,-2.189638318670589,1,1.8595329838219286,3.0730478589420627,-3.932667165317098,-2.397522154485493,-2.295845283159835,2.3132668754386216,-6.806812706781475,0.7287905603996703,0,0.224915830645292,14.0,-16.0,30.0,-2.0845552297165426,-1.9928771737804993,-0.07382303158168213,0.10287959933200114
1534824000,2018-08-21,40.92,41.4,40.75,40.97,3133077.0,-0.0012204051745178246,0.010495484500854246,-0.005369782767878917,0.0012218963831867047,-2.0380766414449454,1.392403938546252,-5.468557221436143,0.15621186233832418,-4.500854283622175,-2.1723212106419396,1,2.0980327406571107,3.433476394849784,-1.782430655699135,9.789197998734878,-2.0200760647968536,2.25873539359519,-7.490315953897461,1.484291292298171,0,0.2471578037974502,10.0,-16.0,26.0,-2.0380766414449454,-1.9112964713679617,-0.18809606463062778,0.1491893627081272
1534910400,2018-08-22,40.27,40.55,39.29,39.52,2377417.0,0.01897773279352233,0.026062753036437014,-0.005819838056680293,-0.03539175006102013,1.5903340080971589,5.072331451906848,-1.8916634357125304,3.840671390013469,-0.7797739541160666,1.5304487179487154,1,-4.74595795037672,0.6878980891719825,-3.010719318515111,7.3455457305297855,1.5860016548187446,2.4779949717733047,-7.951506976583769,-1.1319668289144027,0,0.1257626784067794,6.000000000000007,-15.999999999999993,22.0,1.5903340080971589,1.5268814919426177,3.3377944686096157,0.07979126886174787
1534996800,2018-08-23,39.45,39.45,38.85,39.1,2007312.0,0.008951406649616356,0.008951406649616356,-0.006393861892583175,-0.010627530364372473,2.611253196930946,6.282693990697254,-1.0601875968353909,4.690537084398969,0.3964194373401426,2.5434782608695627,0,-6.488756785327787,-1.387137452711216,-4.807841859936389,0.9162146922900973,2.4646444570096264,2.4481086896204847,-8.02696857649984,-0.9576801692735978,0,0.064449577713557,2.0,-48.0,50.0,2.611253196930946,2.3681704721347785,4.273392624528952,0.007058027786695731
1535083200,2018-08-24,39.42,39.59,39.13,39.59,1856915.0,-0.004294013639808081,0.0,-0.01161909573124531,0.012531969309462987,1.1846425865117425,4.757894637208011,-2.388609464184512,3.14304959164771,-0.8806937778900448,1.1311779068788184,0,-3.9377820731066038,-3.036982610825361,-5.167572694816523,1.3084384280338668,1.0089951891391706,2.3335143198753157,-8.251737843788696,0.8850596868773823,0,0.10168044671518174,-2.0,-48.0,46.0,1.1846425865117425,0.996299984061551,2.8658420027512364,-0.0058948348745578305
1535342400,2018-08-27,39.81,41.22,39.71,40.93,2468889.0,-0.02736379183972626,0.007085267529929107,-0.0298069875397019,0.033846931043192585,-2.0901539213290903,1.441137896860468,-5.621445739518649,-0.17061649971495285,-4.23853734017429,-2.2045769199446283,0,2.2672711774352337,0.7631708517971499,-2.608927670733504,2.3962439867283294,-2.3604853532983157,2.380352893459615,-8.893267190079833,1.1758803326939349,0,0.11728363584266267,-6.0,-48.0,42.0,-2.0901539213290903,-2.0901809000140332,-0.4821835656490805,0.07355894574595448
1535428800,2018-08-28,41.32,41.4,40.87,41.18,1733862.0,0.003399708596405926,0.005342399222923788,-0.007527926177756217,0.006107989249938939,-2.666342884895556,0.8948864363870399,-6.227572206178152,-0.7584587987696381,-4.794398575360205,-2.7764286870649073,0,3.3218467303748014,0.3655861564708715,-0.12504454621925756,9.802012032349637,-2.881646742172407,2.2888398860072967,-9.343623861952523,0.8271245002642191,0,0.12482087694339201,-10.0,-48.0,38.0,-2.666342884895556,-2.4289079078076696,-1.0437452474353819,0.13703741241198186
1535515200,2018-08-29,41.23,41.37,40.28,40.3,1706797.0,0.023076923076922995,0.026550868486352464,-0.0004962779156326702,-0.021369596891695042,-0.4267990074441599,3.1287335437044703,-3.9823315585928043,1.4234904880066352,-2.5119933829611227,-0.5442514474772508,0,-0.7128783729713604,2.336211274758747,0.06646246090415586,9.580596666351667,-0.6962047318926778,2.364954882267185,-10.328480675907342,-0.8232910667716759,0,0.0990610981568054,-14.0,-48.0,34.0,-0.4267990074441599,-0.2699115269134751,1.0732788229552739,0.11474891957210831
1535601600,2018-08-30,40.27,40.33,39.61,39.68,1743625.0,0.014868951612903247,0.016381048387096753,-0.0017641129032258673,-0.01538461538461533,1.1139112903225907,4.741214025599305,-2.513391444954152,3.007392473118273,-0.8786962365591364,1.0643481182795824,0,-3.331758481607686,-0.3015075376884358,-0.9947274213550423,8.676203760029566,0.9281629721229194,2.3599507899261556,-10.919165116175297,-0.8433191494013057,0,0.056709461557374476,-18.0,-48.0,30.0,1.1139112903225907,1.1656690954329179,2.5485272828163374,0.056202814314281466
1535688000,2018-08-31,39.59,39.73,38.95,39.18,2023224.0,0.010464522715671443,0.0140377743746809,-0.005870342011230156,-0.012600806451612878,2.248596222562526,6.050405627901114,-1.553213182776048,4.230900119108384,0.23651522885825216,2.233707673983318,0,-5.345936518426569,-3.019801980198017,-2.7758082514704774,8.147795312831704,2.221823225790473,2.361549288039648,-10.937512351162765,-0.9826514917650002,0,0.025415755727570488,-21.999999999999996,-48.0,26.0,2.248596222562526,2.2227341992133773,3.705948696576627,-0.01446975432434186
1536033600,2018-09-04,39.19,39.22,38.69,39.21,2119518.0,-0.0005100739607243332,0.00025503698036200007,-0.013261922978831997,0.0007656967840734552,1.985462892119358,5.828668791383336,-1.8577430071445917,3.9432967780328028,-0.014877157187797252,1.964209810422517,0,-5.195481184777499,-3.566158386620747,-4.120449540268858,0.9921420674412005,2.067055029602386,2.287739123347022,-10.754213081155902,1.0490527661091413,0,0.0567523792830673,-26.0,-48.0,22.0,1.985462892119358,1.9402822319117092,3.4843824487859223,-0.055181841132090986
1536120000,2018-09-05,39.16,39.77,38.75,39.63,1614308.0,-0.011859702245773596,0.003532677264698414,-0.0222053999495333,0.010711553175210442,0.6901337370678817,4.175351694691784,-2.795084220556049,2.649928505341066,-1.339473462864845,0.6552275212381033,0,-3.069444191295858,-4.113234938301466,-4.340984217265775,6.654365113866845,1.0143635550847705,2.2856588863841925,-11.159035256745252,0.8035419823642349,0,0.0655875382794316,-30.0,-48.0,18.0,0.6901337370678817,0.7780191292694525,2.2940182744444684,-0.049966424028265316
1536206400,2018-09-06,39.66,39.95,39.35,39.53,1974075.0,0.003288641538072179,0.010624841892233894,-0.004553503668100145,-0.0025233409033560417,0.8082469010877844,4.224872482624534,-2.6083786804489932,2.7266211316299973,-1.1539758832954163,0.7863226241673118,0,-3.518166486482258,-2.6594434868259005,-4.708718624996097,7.20904415437527,1.237758676095197,2.2361833718988695,-11.719138547830179,-0.9890407525923381,0,0.04452640568749805,-34.0,-48.0,14.0,0.8082469010877844,0.9345826120800638,2.4526843680875174,-0.049309239616589895
1536292800,2018-09-07,39.45,39.73,38.82,39.09,2236212.0,0.009209516500383819,0.01637247377845985,-0.0069071373752879195,-0.011130786744244836,1.8112049117421378,5.350613562814772,-1.7282037393305103,3.7759017651573146,-0.20209772320286845,1.786902020977223,0,-5.489297410751796,-2.5672981056829367,-5.850480052946495,0.6750864553118561,2.2041126808646396,2.2661116708422133,-11.768989875122013,-1.11475683571036,0,-0.0289387261623117,-38.0,-88.0,50.0,1.8112049117421378,1.8734994487141563,3.4644917161775766,-0.07312913780819996
1536552000,2018-09-10,39.42,40.05,39.34,39.63,2204434.0,-0.005299015897047732,0.010598031794095242,-0.007317688619732476,0.013814274750575617,0.48069644208932516,3.904879345431823,-2.9434864612531584,2.3656320968962916,-1.4622760534948327,0.45167802170071525,0,-2.607286629680594,1.1485451761102676,-5.614949186866512,1.7475365858841414,0.6446652200154688,2.248603092483845,-12.165535927516563,1.0973373274521658,0,-0.06694961192071834,-42.0,-88.0,46.0,0.48069644208932516,0.43914155408299393,1.97410462369254,-0.04833413211306217
1536638400,2018-09-11,39.43,39.43,38.51,38.67,2069493.0,0.019653478148435433,0.019653478148435433,-0.004137574347039097,-0.024224072672218044,2.9131109387121796,6.5829957604939295,-0.7567738830695561,4.922420480993026,0.8960434445306191,2.9092319627618224,0,-6.805536887959462,-1.2260536398467354,-7.268165826114722,-7.537716018040086,2.617606303907266,2.3467025512888413,-11.818500180357882,-1.0270698818527666,0,-0.08147370313825761,-46.0,-96.0,50.0,2.9131109387121796,2.6532939475388844,4.3289648182508955,-0.08998437412167262
1536724800,2018-09-12,38.55,39.27,38.33,39.13,1300260.0,-0.014822386915410268,0.003577817531305927,-0.02044467160746244,0.011895526247737376,1.6598517761308358,5.345867703814406,-2.0261641515527202,3.6693926228809914,-0.37609677144561715,1.646647925717673,0,-4.375981245737741,-0.861413731948306,-7.574201982511049,-1.0785461647487935,1.2929836757080864,2.325053556931864,-11.351003114746561,0.6529841807945694,0,0.004806876684432189,10.0,-36.0,46.0,1.6598517761308358,1.3087688925501624,2.9808393372350253,-0.08027166041109907
1536811200,2018-09-13,39.47,39.96,39.43,39.68,1437172.0,-0.005292338709677491,0.007056451612903247,-0.006300403225806495,0.014055711730130316,0.30493951612903913,3.890657024400454,-3.280777992142376,2.304267473118273,-1.6927083333333428,0.305779569892465,0,-1.598479518397241,1.0955414012738847,-6.610758320318011,5.350133386427508,-0.007648532904397598,2.2784625105768828,-11.708398484614277,0.7208961983752372,0,0.014469201469982828,6.000000000000007,-35.99999999999999,42.0,0.30493951612903913,-0.08636903736527302,1.4925145873034893,-0.03294825252880795
1536897600,2018-09-14,39.75,40.42,39.68,40.16,1704306.0,-0.010209163346613481,0.006474103585657476,-0.01195219123505964,0.012096774193548265,-0.8378984063744781,2.72424348990495,-4.40004030265392,1.1566235059760999,-2.8548306772908347,-0.8491035856573461,0,0.7142433844872045,1.133215814656247,-4.800148175385308,5.140535250422367,-1.0945685221589656,2.2220441474387798,-12.523798461845132,0.8653403543298092,0,-0.03671595742516121,2.0,-36.0,38.0,-0.8378984063744781,-1.1585981605132076,0.2684975599493953,0.031075897845695893
1537156800,2018-09-17,40.14,40.31,39.48,39.52,2303281.0,0.01568825910931171,0.01998987854251011,-0.0010121457489880026,-0.015936254980079556,0.6604251012145568,4.237071646025001,-2.916221443595873,2.7353238866396623,-1.3081983805668074,0.7135627530364417,0,-2.287242759131736,-2.105523903889013,-4.609489732998213,-4.064931230353082,0.3034410923766586,2.246755365266842,-13.082274016769228,-1.1667017444951238,0,-0.17457817830073402,-2.0,-36.0,34.0,0.6604251012145568,0.3999701894182124,1.8180718813858334,0.030664886576664635
1537243200,2018-09-18,38.92,39.62,37.69,38.47,6073533.0,0.011697426566155578,0.02989342344684176,-0.020275539381336083,-0.026568825910931237,3.0894203275279466,6.785923199155121,-0.6070825440992138,5.416774976171894,0.9301620310198473,3.173468503595899,0,-6.711724405381467,-5.9872922776148645,-6.484549456716501,-16.24748521557413,2.2764871477710926,2.501565294774208,-12.139449587487585,-2.9613225727674695,-1,-0.19755976258006366,-6.0,-56.0,50.0,3.0894203275279466,2.841211600666398,4.416815668367022,-0.03634642344874922
1537329600,2018-09-19,38.84,41.23,38.84,40.39,5235425.0,-0.038375835602871944,0.020797227036394972,-0.038375835602871944,0.04990902001559672,-1.882891804902215,1.4220423726447677,-5.187825982449155,0.5112651646446977,-4.192869522158944,-1.8408021787571016,1,1.8776751983223434,-1.4156700024408062,-3.913484192350685,-4.1185950193535135,-2.4397702366604648,2.700558517966839,-12.801924581971424,2.460520776882438,0,-0.08308559716965704,-10.0,-56.0,46.0,-1.882891804902215,-1.8525014498224692,-0.525353276465296,0.0480326355196487
1537416000,2018-09-20,40.57,42.04,40.54,40.97,2999005.0,-0.009763241396143485,0.026116670734683822,-0.010495484500854246,0.014359990096558528,-3.0949475225774847,0.45710164643872986,-6.646996691593699,-0.7119030184688029,-5.408022130013848,-3.059962574241311,1,4.088792727617921,3.6690283400809607,-0.8602484781855858,2.958161410674883,-3.5085119530213404,2.759828203613878,-13.298313259528289,1.3901025162510083,0,-0.07658835294849616,-14.0,-56.0,42.0,-3.0949475225774847,-2.9331893692344693,-1.8577591078049522,0.1372518095455932
1537502400,2018-09-21,41.28,41.5,40.39,40.51,7947016.0,0.01900765243149838,0.024438410269069344,-0.00296223154776587,-0.011227727605565119,-1.8205381387311803,1.804108382308982,-5.445184659771314,0.6841932033242841,-4.191146219040547,-1.7534765078581245,1,2.090629040016182,3.606138107416871,0.5964295851410466,-4.9451617637073255,-1.7798072622250771,2.787516485394766,-13.884975239952412,-3.4771122858936434,-1,-0.19656029781390208,-18.0,-56.0,38.0,-1.8205381387311803,-1.6565957855123088,-0.7141819941295751,0.15814446238336258
1537761600,2018-09-24,40.12,40.28,39.39,39.85,3181447.0,0.006775407779171738,0.010790464240903352,-0.011543287327478113,-0.016292273512712785,-0.16185696361355895,3.517574375769229,-3.8412883029963467,2.4562944374738436,-2.6076955248850027,-0.07570054370556534,1,-0.6621208247361636,0.6567314978529881,0.4929788488946553,-6.122424092580744,-0.04922092172039072,2.832030483426143,-14.135649418429098,-1.3693522961190279,0,-0.23732578189446402,-21.999999999999996,-56.0,34.0,-0.16185696361355895,-0.02517202623047865,0.8937219885712295,0.12199217207718846
1537848000,2018-09-25,39.41,39.66,38.71,38.88,2485863.0,0.013631687242798174,0.020061728395061484,-0.0043724279835390956,-0.024341279799247162,2.06532921810701,5.711686669858551,-1.5810282336445454,4.74279835390945,-0.3034979423868265,2.2196502057613117,1,-4.390869676507826,-5.008551184949908,-1.3374664991288459,-10.681703509117057,2.3767329575178735,2.9047865078242827,-13.88803683076826,-1.0658448432840892,0,-0.2966633846654952,-26.0,-56.0,30.0,2.06532921810701,2.2339077507588456,3.277115226833473,0.031918858729150554
1537934400,2018-09-26,38.92,39.35,38.75,38.83,1515764.0,0.0023177955189288557,0.013391707442699019,-0.002060262683492131,-0.0012860082304527731,1.8941540046355954,5.20420641702502,-1.4158984077538292,4.606833204566925,-0.4639883251781214,2.071422439694402,1,-4.577134928558678,-5.706653715395827,-2.839260623917741,-14.842918749525126,2.456017306726295,2.8111461913003675,-13.658110856511765,-0.649152950911351,0,-0.30738861119287203,-30.0,-56.0,26.0,1.8941540046355954,2.1402601494187934,3.2763719990835085,-0.028589814136238456
1538020800,2018-09-27,38.74,38.74,38.22,38.28,1616467.0,0.012016718913270719,0.012016718913270719,-0.0015673981191223207,-0.014164305949008416,3.094305120167192,6.631846823659913,-0.44323658332552895,5.743207941483803,0.7484326018808929,3.2458202716823195,1,-6.628096918500553,-5.01240694789081,-4.971060739083585,-14.30501303017759,3.869740219223189,2.7616780226647863,-13.066839003480997,-0.6946658338585655,0,-0.3198598835559532,-34.0,-84.0,50.0,3.094305120167192,3.264193325417608,4.573552313959169,-0.09923964843121012
1538107200,2018-09-28,38.01,38.45,37.55,38.29,1617171.0,-0.007312614259597838,0.004178636719770257,-0.01932619482893716,0.0002612330198537016,2.8858709845912784,6.653402852596571,-0.8816608834139998,5.507094976930432,0.46661443370766165,2.986854705319047,1,-6.579203137897238,-3.503024193548389,-6.648843225581129,-19.054760190024894,3.6853548047585605,2.7316372256816495,-12.072669466336034,0.6944244293104649,0,-0.2895374230397833,-38.0,-84.0,46.0,2.8858709845912784,2.9289172722490378,4.367957407780395,-0.13657810621546262
1538366400,2018-10-01,39.11,39.11,38.09,38.13,2040938.0,0.025701547338053965,0.025701547338053965,-0.0010490427484919351,-0.004178636719770035,3.179910831366371,7.226581335896867,-0.8667596731641112,5.870705481248351,0.7461316548649393,3.308418568056638,1,-7.201569162840386,-2.679938744257267,-8.28094292127696,-14.248065378620083,4.066850872650747,2.7382395972941325,-11.832675269680635,-0.8748756800757561,0,-0.3025498067780355,-42.0,-92.0,50.0,3.179910831366371,3.0407460751238062,4.617436411066194,-0.1616180086134956
1538452800,2018-10-02,38.57,38.92,38.18,38.68,2036176.0,-0.0028438469493278218,0.006204756980351611,-0.01292657704239919,0.014424337791764996,1.644260599793185,5.701061224140716,-2.412540024554346,4.334712168217862,-0.7712857635298178,1.781713202344008,1,-4.3811381506765485,-1.3516959959194113,-8.507553540665999,-13.173216532606368,2.5128402461165535,2.6523821575984794,-11.60982351564348,0.8818569866287562,0,-0.3019545519624966,-46.0,-92.0,46.0,1.644260599793185,1.425529754573489,3.0071170526105675,-0.13195788025373723
1538539200,2018-10-03,38.87,39.36,38.52,39.08,2963358.0,-0.0053735926305015225,0.007164790174002178,-0.014329580348004023,0.010341261633919352,0.5335209825997964,4.539325231685055,-3.472283266485462,3.1930228590924656,-1.8146537018082398,0.6891845786421129,1,-2.4030844154198334,-1.3878374968458345,-7.877525252979227,-11.03928342081852,1.3449893087748706,2.5912484356755727,-11.863866667762554,1.2770416122714672,0,-0.2669595172623442,14.0,-28.0,42.0,0.5335209825997964,0.3505024214445882,1.8762162543168586,-0.07883955614157176
1538625600,2018-10-04,39.19,39.19,37.97,38.45,2860560.0,0.019245773732119442,0.019245773732119442,-0.012483745123537116,-0.016120777891504456,2.0403120936280743,6.208040305951727,-2.127416118695564,4.82488079757259,-0.42609449501517815,2.199393151278713,1,-5.1101272023322935,-2.732102200860102,-8.46690382931871,-15.812478543891316,2.7807894656816785,2.672223398217755,-11.652054723055784,-1.240816146933425,0,-0.28495666555742144,10.0,-28.0,38.0,2.0403120936280743,1.8047619765571028,3.4064122133233354,-0.07935514215255174
1538712000,2018-10-05,38.17,38.17,37.17,37.32,2676839.0,0.022775991425509234,0.022775991425509234,-0.004019292604501623,-0.0293888166449936,4.892818863879953,9.734939473870298,0.050698253889606804,7.788495891389786,2.354412290103596,5.071454090746698,0,-9.46305636645642,-4.528012279355342,-10.893854362528398,-15.983623422969586,5.547031206286945,2.8014677415387097,-10.866896530823995,-1.170541687123226,0,-0.2780187298019229,6.000000000000007,-43.99999999999999,50.0,4.892818863879953,4.421820116845041,6.281051494500062,-0.14518836158450854
1538971200,2018-10-08,37.07,37.88,37.0,37.81,2205437.0,-0.019571541920127,0.001851362073525431,-0.021422903993652542,0.01312968917470525,3.2927796879132103,8.270731680961063,-1.6851723051346141,6.1350612712686114,0.7264392136119113,3.4307502424402685,0,-6.942681327734384,-4.592480444107999,-11.782117243157037,-7.742628262810399,4.230996638288659,2.7338952081552885,-10.019044206746612,0.9614164765466311,0,-0.23105265679201833,2.0,-44.0,46.0,3.2927796879132103,2.776317941149941,4.711396635894843,-0.14479479305579118
1539057600,2018-10-09,37.64,37.71,36.47,36.61,3123472.0,0.02813438951106262,0.03004643540016394,-0.003824091778202643,-0.03173763554615183,6.39715924610762,12.297479936459752,0.4968385557554882,9.39269780569974,3.71938450332334,6.556041154511533,0,-11.183906478673876,-5.32712697181278,-14.456509038878426,-18.819082264283622,6.8379316129682906,2.883270596762339,-8.868530876812926,-1.3591958278758678,0,-0.3446633817807515,-2.0,-52.0,50.0,6.39715924610762,5.559864005076307,7.824261791408134,-0.2104340236015249
1539144000,2018-10-10,36.31,36.31,34.51,34.53,5014634.0,0.05154937735302645,0.05154937735302645,-0.0005792064871127378,-0.05681507784758255,12.140167969881261,20.51313014936369,3.7672057903988474,15.557486243845915,9.293368085722548,12.425427164784224,0,-17.09727214965936,-11.75568617429083,-19.681950613117678,-27.626259501669395,11.432229830381374,3.273002720444128,-6.742515569589596,-2.142621849265725,-1,-0.41560679078408863,-6.0,-56.0,50.0,12.140167969881261,10.78342614881609,13.757780949211025,-0.3697003388636655
1539230400,2018-10-11,34.52,35.47,33.87,33.89,3418263.0,0.018589554440838096,0.046621422248450894,-0.0005901445854235021,-0.018534607587604945,13.403658896429633,23.840126458716,2.967191334143223,17.118619061670117,10.420478017114164,13.769548539392133,0,-18.644416483692652,-14.59173387096774,-24.458050239226957,-24.28111810877668,10.938754756416884,3.433836764279738,-4.496860635573739,-1.450678329641787,0,-0.3880264061960784,-10.0,-60.0,50.0,13.403658896429633,11.649288866576441,15.28228734986699,-0.4865612357944481
1539316800,2018-10-12,34.47,34.73,33.45,33.88,3498482.0,0.017414403778039933,0.025088547815820483,-0.012691853600944492,-0.00029507229271164004,12.51033057851238,24.19193627466538,0.8287248823593814,16.337563951200295,9.478059818968902,12.907811885084612,0,-18.66864765941996,-15.637450199203172,-28.103020267357813,-24.13643837338998,9.40706014896982,3.4593638540199088,-2.241651866333825,-1.4582623372462902,0,-0.41856475736316984,-14.0,-64.0,50.0,12.51033057851238,10.569648611453914,14.715674234358048,-0.529403097041297
1539576000,2018-10-15,33.81,34.41,33.69,33.89,2224262.0,-0.0023605783416936754,0.015343759221009057,-0.005901445854234355,0.0002951593860684998,11.646503393331372,24.3482753910379,-1.0552686043751436,15.435231631749758,8.610209501327844,12.022720566538808,0,-18.612833890263317,-14.245951417004054,-30.937912778230668,-23.724616500598913,8.425596807888752,3.3630700498767623,-0.14752943775390648,0.9195462458055295,0,-0.4050330214366544,-18.0,-64.0,46.0,11.646503393331372,9.533496612521077,14.106066981377168,-0.521122449527349
1539662400,2018-10-16,34.4,34.43,33.81,34.27,2743541.0,0.0037934053107673282,0.004668806536328951,-0.01342281879194629,0.011212747123045208,9.795739714035577,23.10964427350777,-3.5181648454366155,13.318743312907301,6.951658398988414,10.135200855947858,0,-16.452339592865044,-10.917598128411738,-32.32951052064663,-17.623863269210545,6.42187929930374,3.217449188949529,1.7687104983002016,1.1236163466349882,0,-0.32784056059750755,-21.999999999999996,-64.0,42.0,9.795739714035577,7.526663337041214,12.337250261730532,-0.4564330100682712
1539748800,2018-10-17,34.02,34.21,33.46,33.92,2472956.0,0.002948113207547287,0.008549528301886822,-0.013561320754717054,-0.01021301429822008,9.974941037735846,23.68317006858007,-3.733287993108391,13.31908411949685,7.369791666666643,10.344437893081775,0,-17.44616649269956,-16.01881653874721,-33.86559510585762,-18.121314159079702,6.793250787369459,3.1890283612047354,3.709621346775414,-1.0077261493239724,0,-0.2742422494386381,-26.0,-64.0,38.0,9.974941037735846,7.813674049089812,12.967120304410471,-0.4053253513786026
1539835200,2018-10-18,33.65,34.07,32.97,33.04,3767711.0,0.018462469733656173,0.0311743341404358,-0.0021186440677966045,-0.025943396226415172,11.70399515738498,25.880449489486807,-2.472459174716846,15.092816787732048,9.10613397901534,12.099475383373687,0,-19.812958448334726,-19.35562606785453,-36.12629599067183,-19.508117280949406,8.618604792516834,3.2779184238949335,5.728753126473233,-1.5142531530491146,-1,-0.36537256089523623,-30.0,-80.0,50.0,11.70399515738498,9.667584242991765,15.349422752904715,-0.39830918103098334
1539921600,2018-10-19,32.66,33.13,32.06,32.83,2477250.0,-0.005178190679256844,0.009137983551629647,-0.023454157782515916,-0.006355932203389814,11.24885775205604,25.56087197580861,-3.063156471696516,14.585237079906605,8.572443902934324,11.578840491420436,0,-20.35437505639176,-18.958281905702297,-38.17795409105331,-24.876748886093395,8.345717611985123,3.296052220163074,7.96159936517531,-0.9888506031695288,0,-0.28995797747336305,-34.0,-84.0,50.0,11.24885775205604,9.381550968743028,15.456392383844658,-0.3756308386743128
1540180800,2018-10-22,33.07,33.21,32.58,32.78,2069922.0,0.008846857840146383,0.01311775472849308,-0.006101281269066616,-0.0015229972586048302,10.34014643075048,24.702651633670996,-4.022358772170065,13.65517592027659,7.712527964205833,10.68385194224119,0,-20.487038393704395,-17.741530740276033,-39.90334814739275,-25.417102662929864,7.645943407817725,3.2025671730223095,9.908754418151155,-0.8215803619938511,0,-0.32515621178346493,-38.0,-88.0,50.0,10.34014643075048,8.639022121172644,15.019461134909733,-0.33325762163510264
1540267200,2018-10-23,32.36,33.93,31.96,33.63,3873057.0,-0.03776390127862039,0.008920606601248826,-0.04965804341361879,0.02593044539353273,6.770740410347884,20.625745356991487,-7.08426453629572,10.05550599662999,3.9597581524432286,7.007632074536602,0,-15.261036178317383,-13.503086419753085,-39.12212909602864,-24.756236693353685,3.583078604295565,3.3170680411021767,10.622649446784663,1.5121670732851284,0,-0.2779814651136048,-42.0,-88.0,46.0,6.770740410347884,5.331911356794166,11.637344611845577,-0.22256585378693527
1540353600,2018-10-24,33.38,33.45,31.99,32.03,3274257.0,0.042147986262878634,0.04433343740243534,-0.0012488292226039421,-0.047576568539994146,11.04277240087417,25.866999937654683,-3.7814551359063273,14.674784056613603,8.00603600790923,11.340410032261431,0,-19.710698335610388,-17.51223280968323,-40.275616277853295,-24.690204516929526,7.4261328470994385,3.599725652043756,11.285551973372918,-1.2640222981665588,0,-0.33330857590322543,-46.0,-96.0,50.0,11.04277240087417,9.584662295245195,16.53892555724228,-0.23070199097411104
1540440000,2018-10-25,33.04,34.38,32.2,33.76,3857491.0,-0.02132701421800942,0.018364928909952782,-0.0462085308056871,0.054011863877614585,4.683056872037923,18.424730904295345,-9.058617160219498,8.308649289099563,1.48992890995261,4.8992890995260865,0,-10.84099666266274,-11.807732497387677,-36.86347578996147,-16.58352606013574,1.105066897895071,3.668520997491748,10.604423192845218,1.4630308775899783,0,-0.2440181416545303,-46.0,-92.0,46.0,4.683056872037923,3.5910882602930627,10.152604018170393,-0.09985201018622503
1540526400,2018-10-26,33.15,34.79,32.54,34.06,3610440.0,-0.026717557251908497,0.021432765707574797,-0.044627128596594345,0.008886255924170694,3.1400469759248324,16.247883084308555,-9.967789132458876,6.92160892542573,-0.2334116265413968,3.344098649442145,0,-9.460020505591814,-11.047270827892392,-33.5670809576611,-14.891567170892003,-0.3529283262918739,3.8483359101148773,9.463675821635384,1.3488738940619391,0,-0.24939087113331657,-46.0,-88.0,42.0,3.1400469759248324,2.4235489943270636,8.822288044752739,0.02022072819756926
1540785600,2018-10-29,35.5,36.91,34.88,35.41,5756906.0,0.002541654899745893,0.042360914995764,-0.014967523298503038,0.0396359365825012,-1.1762214063823677,10.8295826783432,-13.182025491107964,2.6051962722394677,-4.5622705450437735,-0.9785371364021529,0,-3.6876624243914904,-7.1334906897456225,-28.00490091677583,-4.23120378950739,-4.094050151089533,4.012115573245381,7.634730653550882,2.083207148939686,0,-0.24264732147006077,-21.999999999999996,-60.0,38.0,-1.1762214063823677,-1.3402516155124005,4.490184676650372,0.1942065483542459
1540872000,2018-10-30,35.38,35.71,34.4,34.82,3435997.0,0.016082711085583012,0.025560022975301466,-0.012062033314187315,-0.016661959898333745,-0.0560022975301564,11.145244747642622,-11.25724934270292,3.9062799157572243,-3.5463335247941927,0.17997319548153712,0,-5.667567674158754,-9.97931747673216,-24.49787911581993,-2.607488896370704,-2.611506831681382,4.057391404431045,5.509664485673799,-1.2263725260277274,0,-0.17192129891411137,-26.0,-60.0,34.0,-0.0560022975301564,0.2998989573581099,6.015178638943851,0.268614515691747
1540958400,2018-10-31,35.57,35.92,35.08,35.27,3438242.0,0.008505812305074967,0.018429259994329428,-0.005387014459881101,0.012923607122343528,-1.871278707116545,7.721930222084268,-11.464487636317358,2.0754182024383283,-5.282109441451681,-1.6033456195066549,0,-3.820296358038739,-9.749232343909917,-20.879586408410965,4.974147623534321,-3.64101618003788,3.9422795437841893,3.7112478590453293,1.2245063645702745,0,-0.14066585018708835,-30.0,-60.0,30.0,-1.871278707116545,-0.8864850038357304,4.479715300006788,0.3424665689785815
1541044800,2018-11-01,35.6,36.82,35.29,36.73,3181695.0,-0.030765042199836556,0.0024503130955622066,-0.039205009528995305,0.041394953218032216,-6.005989654233588,2.3272170621992103,-14.339196370666386,-2.2470278609673926,-9.396496959796707,-5.821762410382064,0,1.65827498244672,-4.473342002600796,-15.260611956516733,12.4199654967275,-7.047984489036196,3.8166049426714026,2.74600146226539,1.1266843988332351,0,-0.05598762067254029,-34.0,-60.0,26.0,-6.005989654233588,-4.366561906862728,0.31388477278856897,0.47577402931155044
1541131200,2018-11-02,36.97,37.26,35.92,36.14,2520334.0,0.022966242390702885,0.030990592141671103,-0.006087437742113955,-0.016063163626463317,-4.6347537354731685,3.3433105876354006,-12.612818058581738,-0.7581627006087501,-8.118428334255668,-4.438295517432195,0,-0.4857365170226018,-3.161843515541264,-11.768432799902357,17.54956675749054,-5.166457765328374,3.866690438129828,2.1647740267065316,-0.8892558692389024,0,-0.07078166885838587,-38.0,-60.0,22.0,-4.6347537354731685,-2.5381355020716967,1.8750178486288007,0.5074481935094002
1541394000,2018-11-05,36.02,36.36,35.13,35.25,2628078.0,0.021843971631205772,0.03148936170212768,-0.0034042553191488967,-0.02462645268400665,-2.590070921985813,4.435524998529843,-9.615666842501454,1.5158392434988315,-6.129550827423174,-2.306855791962178,0,-3.5470969218198363,-6.77069558317906,-10.316340532004,11.673909602646638,-2.5446196897636355,3.930392100592007,0.8443229935356307,-0.9222527185908312,0,-0.1452133353708543,-42.0,-60.0,18.0,-2.590070921985813,-0.07002515886871663,4.27278214847604,0.4534582884030467
1541480400,2018-11-06,35.2,35.87,35.2,35.78,2210918.0,-0.016210173281162588,0.002515371716042436,-0.016210173281162588,0.015035460992907757,-4.148965902738951,2.4111658983755575,-10.709097703853459,-0.25107136202721847,-7.6239053474939595,-3.937488354760575,0,-1.549221048911285,-2.267140125648725,-8.287554889677432,16.827552383798434,-3.7454189549019787,3.729342370231347,-0.38181010869448784,0.7772690181931571,0,-0.12312437302577728,-46.0,-60.0,14.0,-4.148965902738951,-1.4026183158352978,2.621227197774644,0.43819360374203453
1541566800,2018-11-07,35.96,36.15,35.06,36.0,2131927.0,-0.0011111111111110628,0.004166666666666652,-0.026111111111111085,0.006148686416992621,-4.530555555555566,2.3063202200021067,-11.367431331113195,-0.8731481481481467,-8.003703703703692,-4.438425925925927,0,-0.7223174809373276,4.257167680278016,-6.326161625721177,23.93102435739091,-3.9067692928144595,3.658068075574223,-1.284204743969358,0.7474070939593493,0,-0.018957507888420648,-46.0,-56.0,10.0,-4.530555555555566,-1.8141904543269192,1.915897574990467,0.42721912937372974
1541653200,2018-11-08,35.81,36.36,35.74,35.93,2097260.0,-0.0033398274422486995,0.011967715001391488,-0.005288060116893867,-0.0019444444444444153,-4.060673531867536,3.011977878698417,-11.133324942433475,-0.5937471008442401,-7.465442063271183,-4.029594582057712,0,-0.9856519701271722,6.019474771318971,-4.860186335389915,29.119290045753246,-3.231717353041276,3.5266507482182345,-1.9435286211794747,-0.7332461509069708,0,-0.06221753207483558,-42.0,-48.00000000000001,6.000000000000007,-4.060673531867536,-1.4683395898898794,2.03153371331139,0.40002813446204
1541739600,2018-11-09,35.44,35.49,34.41,34.72,2443413.0,0.02073732718894017,0.022177419354838745,-0.008928571428571508,-0.03367659337600892,-0.5961981566820214,6.686286272864052,-7.878682586228109,2.964669738863293,-4.088901689708109,-0.5621159754224294,0,-5.32920268604677,2.4793388429751957,-5.4937174801060005,23.853696177930857,0.4136277264251049,3.7015785425963945,-3.2976847941996503,-0.850108748906405,0,-0.0681057317672667,-46.0,-48.0,2.0,-0.5961981566820214,1.7783199091643098,5.368244166014179,0.29043445373628707
1541998800,2018-11-12,34.63,34.9,33.85,33.92,1993499.0,0.02093160377358494,0.028891509433962126,-0.0020636792452830566,-0.02304147465437778,1.752653301886781,9.202634541569736,-5.6973279377961745,5.475137578616369,-1.842079402515722,1.8165290880503022,0,-7.924189573436074,0.08852168781351766,-7.178753811873863,18.216655553391945,3.1467593312368933,3.7393541336470437,-4.085487090323561,-0.6937188019952247,0,-0.17494238542945803,22.0,24.0,-2.0,1.752653301886781,3.780775603208525,7.545369979395929,0.1604407310825352
1542085200,2018-11-13,34.15,34.8,33.82,33.88,2274952.0,0.007969303423848828,0.02715466351829976,-0.0017709563164108877,-0.001179245283018826,1.8152302243211125,9.313057160074152,-5.682596711431927,5.652302243211338,-1.7798110979929191,1.9362455726092094,0,-8.052441692342555,-1.1380215932302322,-8.581335873178203,19.554403341588284,3.716445578956055,3.6829684575244563,-4.791880766822498,-0.7908062973202836,0,-0.15272947492416297,18.0,24.0,-6.0,1.8152302243211125,3.5315599324729163,7.371465920870875,0.07261089073020693
1542171600,2018-11-14,34.2,35.39,34.2,35.07,2559108.0,-0.02480752780153972,0.009124607927003092,-0.02480752780153972,0.03512396694214859,-1.4756201881950375,5.760363144006632,-8.711603520396693,2.275924341792603,-5.0294648797642765,-1.3767702689858368,0,-2.9939428269345356,3.3903301886792407,-7.6588013714300605,18.703153709294654,0.6135272683588369,3.611402964340852,-6.058566903562365,0.8837779264715226,0,-0.16958139870270297,14.0,24.0,-10.0,-1.4756201881950375,0.01674984687964809,3.581921873092014,0.09414297190554921
1542258000,2018-11-15,34.72,35.92,34.01,35.6,2149117.0,-0.024719101123595544,0.008988764044943753,-0.04466292134831473,0.015112631879099059,-2.5828651685393282,4.375323190638625,-9.541053527717281,1.122191011235941,-6.301966292134836,-2.589887640449433,0,-0.914035476420608,7.748184019370467,-6.023619172323168,17.646496012785732,-0.5123884678575621,3.6867470414780055,-7.08075110153116,0.741292915962083,0,-0.1718091563219949,10.0,24.0,-14.0,-2.5828651685393282,-1.332047986260946,1.9598380724705606,0.14075801053085235
1542344400,2018-11-16,35.43,36.02,35.18,35.6,2531674.0,-0.004775280898876466,0.01179775280898876,-0.01179775280898876,0.0,-2.1938202247191043,4.419899528846315,-8.80753997828451,1.5009363295880291,-5.858614232209746,-2.1788389513108513,0,-0.914035476420608,8.437404812671346,-4.710067668930382,14.677083733610317,-0.619386258472403,3.591947292929417,-7.935280275891667,0.8714716507054256,0,-0.11009718694569598,6.000000000000007,24.000000000000007,-18.0,-2.1938202247191043,-1.205186273283715,1.8829816774716903,0.1665067457939413
1542603600,2018-11-19,35.52,35.88,35.13,35.27,1180728.0,0.007088176920895917,0.017295151686986143,-0.003969379075701718,-0.009269662921348232,-0.9257159058690121,5.214966778614709,-7.0663985903527475,2.83196295246195,-4.6304697098572944,-0.8992533786976793,0,-2.2081202553744177,7.596095179987803,-4.153010756129126,18.967828126154927,0.4328984478946012,3.5184762589973952,-8.784969300148422,-0.40932378575454853,0,-0.1027626428967222,2.0,23.999999999999996,-21.999999999999996,-0.9257159058690121,-0.2540780580408324,2.7250138918158484,0.15638776349246303
1542690000,2018-11-20,34.77,35.22,34.14,34.19,1548211.0,0.016964024568587366,0.030125767768353295,-0.00146241591108498,-0.03062092429827068,2.2857560690260357,8.459944419868009,-3.888432281815952,6.146534074290727,-1.291313249488141,2.427610412401293,0,-6.187283795732519,1.6651798988997775,-5.400867981632685,12.25864745254382,3.474736487842293,3.606435778032207,-9.285577143998315,-0.5386662513795788,0,-0.09374019925081087,-2.0,24.0,-26.0,2.2857560690260357,2.620836879295126,5.735796361883686,0.07609835725749753
1542776400,2018-11-21,34.37,35.51,34.37,35.31,1535494.0,-0.026621353724157637,0.005664117813650504,-0.026621353724157637,0.032758116408306615,-0.49419427924101456,4.1082099105864245,-5.096598469068454,3.0987444538846205,-4.012555461153596,-0.4569055036344736,1,-1.5059882295794935,10.240399625351236,-4.459616622318904,10.047034414135638,-0.1259921575587839,3.509634078290195,-10.072883863020204,0.5333685824593031,0,-0.15966832865385974,-6.0,24.0,-30.0,-0.49419427924101456,-0.5737996181320568,2.2885462669728156,0.09626180892439973
1542949200,2018-11-23,35.06,35.77,34.98,35.34,518374.0,-0.007923033389926504,0.012167515563101361,-0.010186757215619902,0.000849617672047609,-0.35512167515562965,3.885566121396124,-4.595809471707383,3.0857385398981307,-3.6262026032824224,-0.2702320316921458,1,-1.3852773661893352,4.680094786729875,-3.6585519364107215,7.042720379306637,-0.506881483930087,3.41585279925125,-11.090966262901214,0.18121891790225142,0,-0.1119327622823767,-10.0,24.0,-34.0,-0.35512167515562965,-0.5955162446554851,2.1153721637724914,0.10854951067846924
1543208400,2018-11-26,35.73,36.22,35.6,35.78,1306611.0,-0.0013974287311347977,0.012297372833985465,-0.005030743432084983,0.012450481041312855,-1.3401341531581892,2.625983266016931,-5.3062515723333235,1.8795416433761858,-4.294298490776981,-1.2073784237004048,1,0.4090388182500462,5.049911920140924,-2.251385744723758,14.934902434364318,-1.749309688719606,3.308534482616005,-11.652522669565712,0.4580531973302363,0,-0.05833139277386255,-14.0,24.0,-38.0,-1.3401341531581892,-1.644794029168139,0.8259107186171946,0.14117453920849596
1543294800,2018-11-27,35.44,35.77,34.57,35.0,1936135.0,0.012571428571428456,0.02200000000000002,-0.012285714285714233,-0.021799888205701556,0.7999999999999972,4.868555377180073,-3.268555377180064,3.9428571428571644,-2.1314285714285575,0.9057142857142821,1,-2.6746625240829474,-1.157865009884204,-2.399318940053485,7.136551755187732,0.3201730668947107,3.387615773967364,-11.967458161816463,-0.6804945275676315,0,-0.14157561991415227,-18.0,24.0,-42.0,0.7999999999999972,0.49501513345701653,2.9523827395485256,0.10665703706726218
1543381200,2018-11-28,35.04,35.82,34.37,35.82,1402751.0,-0.021775544388609736,0.0,-0.040480178671133515,0.023428571428571354,-1.3679508654383028,2.6133433159342303,-5.34924504681085,1.6331658291457245,-4.341150195421548,-1.3539921831379331,1,0.6650870556897175,2.871912693854107,-1.1039481772059923,5.8596152152677945,-2.087770903081122,3.3627765357644392,-12.073211752092178,0.5097626963763313,0,-0.15121715904201904,-21.999999999999996,24.000000000000004,-46.0,-1.3679508654383028,-1.6335845048670308,0.5722164188730687,0.1337305311142677
1543467600,2018-11-29,35.73,35.88,35.01,35.24,1431058.0,0.013904653802496947,0.018161180476730987,-0.006526674233825358,-0.016192071468453362,0.2511350737797784,4.2988420320333915,-3.7965718844738205,3.303537646613691,-2.7776201286417006,0.2629587589860023,1,-1.618823556343962,-0.08505812305075457,-1.0420091375041023,4.594511083549435,-0.6513929025882703,3.3503132026189175,-12.244618455046608,-0.5348379507810713,0,-0.14973819494108012,-26.0,20.0,-46.0,0.2511350737797784,-0.013222180317825405,2.14013866488483,0.10833930278536216
1543554000,2018-11-30,35.04,35.74,35.0,35.58,2629952.0,-0.015177065767284947,0.0044969083754919925,-0.01630129286115789,0.009648127128263129,-0.8684654300168546,2.732173506245971,-4.46910436627968,2.087314970957493,-3.713696833427022,-0.8131909312347716,1,-0.22184327551438088,-3.1309556221072654,-0.40789952815264796,14.728653772558118,-1.4360771115347148,3.229835148927525,-12.393260160824608,0.9856267660280528,0,-0.047275804173287105,-30.0,-32.0,2.0,-0.8684654300168546,-0.8764327779833536,1.118443849803569,0.1098605765542417
1543813200,2018-12-03,36.81,37.21,36.27,36.58,2286821.0,0.006287588846364267,0.01722252597047569,-0.008474576271186307,0.02810567734682401,-3.5183160196828993,0.1807850836259064,-7.217417122991719,-0.7244395844723641,-6.257517769272837,-3.490978676872615,1,3.6608057100710027,1.2174875484227938,1.8064621059079435,22.99386472667898,-3.5484666809744425,3.235429098228809,-12.421812502390482,0.8950024528587384,0,-0.009196074444842354,-34.0,-32.0,-2.0,-3.5183160196828993,-3.2446641237370244,-1.581321960663928,0.17003960121463826
1543899600,2018-12-04,36.52,36.77,33.64,33.84,3285602.0,0.0791962174940899,0.08658392434988182,-0.005910165484633634,-0.07490431930016384,4.085401891252928,8.501204290594956,-0.3304005080890846,7.4719267139479655,0.9293735224586044,4.200650118203299,1,-6.122844251227086,-3.9999999999999902,-1.085579514182041,20.129390273712843,4.349837325423934,3.908257247069672,-11.909023066869294,-1.2848519395965412,0,-0.04189504034818467,-38.0,-88.0,50.0,4.085401891252928,4.152445036474589,6.137073477997234,0.024763866505831914
1544072400,2018-12-06,33.16,33.72,32.59,33.51,2466984.0,-0.010444643390032815,0.006266786034019756,-0.02745449119665755,-0.009751773049645585,4.771709937332133,9.680484612550089,-0.1370647378858365,8.249278822242118,1.5050233761066494,4.877151099174398,1,-7.1141274363017075,-6.344326439351601,-3.7735622914477447,10.989145539764088,4.92874981475056,3.93127963535595,-10.807455209782066,-0.9648695334222845,0,-0.028029412224131505,-42.0,-92.0,50.0,4.771709937332133,4.6849640628265945,6.900632388503226,-0.08792720904566853
1544158800,2018-12-07,33.42,34.23,31.96,32.13,1794912.0,0.04014939309056964,0.06535947712418277,-0.005291005291005346,-0.04118173679498649,8.669467787114812,15.026708543184796,2.312227031044827,12.6211225230833,5.219939827782952,8.920531175433126,0,-10.99330750527644,-10.749999999999993,-7.876781823665954,3.7644472462232415,8.915577919909452,4.311909980770334,-9.448267515242467,-0.7004838773994924,0,-0.1427057817292755,-46.0,-96.0,50.0,8.669467787114812,8.30683350252852,11.041400057119915,-0.2410955422268231
1544418000,2018-12-10,31.86,32.14,31.08,31.35,2566423.0,0.016267942583731987,0.02519936204146722,-0.008612440191387627,-0.024276377217553713,10.64274322169058,18.64848164573101,2.6370047976501922,14.777777777777771,7.052099946836805,10.914938862307281,0,-12.985318002130093,-12.747008071249647,-12.064340778640187,-5.7454299169809815,10.339001523661622,4.3450482567053115,-7.756190518185118,-0.9942027851637918,0,-0.19114295309170234,34.0,-16.0,50.0,10.64274322169058,9.95378240797234,13.262813276997747,-0.37276479539148116
1544504400,2018-12-11,32.36,32.58,31.24,31.35,1757027.0,0.032216905901116366,0.03923444976076551,-0.0035087719298246833,0.0,10.105263157894726,19.35662096991686,0.8539053458725903,14.316852737905378,6.508240297713968,10.412546517809673,0,-12.985318002130079,-9.706221198156676,-15.282753437193175,-0.2936126462879187,9.61280223360302,4.3399963933020045,-6.6453815518589785,0.6799153364013438,0,-0.2145115472133037,30.0,-16.0,46.0,10.105263157894726,9.005803131022574,12.742702952409601,-0.43342913773513947
1544590800,2018-12-12,31.88,32.17,31.54,31.59,1751867.0,0.009180120291231386,0.018360240582462772,-0.0015827793605571738,0.00765550239234436,8.899968344412798,18.91062976229054,-1.1106930734649296,12.993035770813549,5.376701487812596,9.184868629313073,0,-11.90745180406271,-6.869103773584912,-17.396514187629794,5.6899381773821105,8.211913915685415,4.184790688939159,-5.613916083127567,0.6794386368284412,0,-0.2154582352265542,26.0,-16.0,42.0,8.899968344412798,7.3988251782414665,11.420034349629148,-0.4301047405063403
1544677200,2018-12-13,31.78,31.92,30.88,30.98,2399546.0,0.0258231116849581,0.030342156229825834,-0.0032278889606197625,-0.019309908198797077,10.57617817947063,21.85228563079356,-0.6999292718522838,14.758446309446938,6.972778136432112,10.865612222939518,0,-13.575153037819966,-8.559622195985837,-19.848521337148124,-1.345321635733896,9.361780859857788,4.202176501490927,-4.298361592325687,-0.9280167651339519,0,-0.31528556192833723,22.0,-28.0,50.0,10.57617817947063,8.607471579563324,13.080029728309512,-0.4401124299176128
1544763600,2018-12-14,30.81,31.62,30.77,31.13,2140513.0,-0.010279473176999732,0.01574044330228075,-0.01156440732412467,0.004841833440929477,9.410536460006426,21.374413245936765,-2.553340325923898,13.554449084484418,5.915515579826547,9.734982332155482,0,-12.862776508983615,-11.234673510122615,-21.53969680812303,-5.613122350037855,8.11172747849686,4.078253784155054,-3.018131330525147,0.8331392207934593,0,-0.30739714411973534,18.0,-28.0,46.0,9.410536460006426,7.314227465716058,12.043578622329122,-0.4084472635787798
1545022800,2018-12-17,30.92,31.6,30.33,30.57,2367695.0,0.011449133137062528,0.03369316323192684,-0.007850834151128638,-0.017989078059749364,10.592083742230955,23.50330835090628,-2.3191408664443998,14.81953985388725,7.250027259840792,11.034783556864028,0,-14.429130201874585,-14.129213483146069,-23.59613665633367,-11.41684756202941,9.056091899611673,4.153064451398918,-1.5934732112040209,-0.9251133085486684,0,-0.32721064799211685,14.0,-36.0,50.0,10.592083742230955,8.396258577732723,13.543274851765588,-0.3967019063133086
1545109200,2018-12-18,30.78,31.66,30.69,30.91,2594004.0,-0.004205758654157177,0.024263992235522558,-0.007117437722419906,0.011122015047432043,8.616952442575212,21.716900260077978,-4.482995374927569,12.847514288795423,5.319206297853981,9.083360293324702,0,-12.737995021245773,-13.174157303370789,-24.599668721997826,-3.990136998325319,6.884378686733612,4.065880999284661,-0.3500487373668122,1.0141939786325063,0,-0.34837682729179387,10.0,-36.0,46.0,8.616952442575212,6.5178457729883945,11.812204755555484,-0.33971754917539376
1545195600,2018-12-19,30.93,32.11,30.3,30.47,1926437.0,0.015096816540859814,0.053823432884804845,-0.0055792582868394724,-0.014234875444839923,9.397768296685257,23.133399496726298,-4.337862903355756,13.918061481238368,5.933158297779244,9.925609889508792,0,-14.024332921122067,-13.609299688120228,-25.95393263169547,-9.251973529825662,7.672384233537642,4.2542851562252215,0.2056229060427377,-0.7548379209087835,0,-0.4370704128026878,6.000000000000007,-43.99999999999999,50.0,9.397768296685257,7.288770600306876,12.900279413834753,-0.30636897027127097
1545282000,2018-12-20,30.44,31.07,29.92,30.53,2533098.0,-0.0029479200786112214,0.017687520471667106,-0.019980347199475945,0.0019691499835905457,8.583360628889622,22.788293353895412,-5.621572096116168,13.048913636859922,5.056774757069533,9.052844196964742,0,-13.708641949192575,-10.704884469143016,-26.943430297857756,-15.070189824524746,6.502838994443209,4.211700185373572,0.9695423242259267,0.997159963676596,0,-0.39675568117075855,2.0,-44.0,46.0,8.583360628889622,6.403830679636997,12.181206639074205,-0.25697591811087817
1545368400,2018-12-21,30.67,31.28,30.24,30.35,5323939.0,0.010543657331136824,0.030642504118616243,-0.003624382207578325,-0.005895840157222443,8.41021416803953,22.846732113219943,-6.02630377714091,12.97144426139485,4.964854475562873,8.968149368478876,0,-14.265068321482019,-14.047012177853302,-27.989448461395906,-11.036901814326711,5.471392298443462,4.178822514880955,1.3909250055740507,-2.0906898722602123,-1,-0.5280686313095295,-2.0,-52.0,50.0,8.41021416803953,6.364901643268283,12.342746193659465,-0.21484630557694362
1545627600,2018-12-24,30.1,30.57,29.41,29.84,835724.0,0.008713136729222581,0.024463806970509427,-0.014410187667560304,-0.016803953871499244,9.341487935656858,24.171246633649417,-5.488270762335716,14.05551831992851,5.788092046470055,9.921805183199268,0,-15.827686709108917,-15.563101301641208,-29.49848379732918,-16.745873799248557,6.040168523567786,4.2243259844079875,2.327808815469446,-0.3349799400596726,0,-0.5341118820359991,-6.0,-56.0,50.0,9.341487935656858,7.403486104606571,13.703487227238526,-0.20004793106005736
1545800400,2018-12-26,30.04,30.96,29.18,30.92,1834042.0,-0.028460543337645583,0.001293661060802087,-0.05627425614489012,0.03619302949061676,4.736416558861563,18.435509553955143,-8.962676436232016,9.367723156532975,1.0139068564036364,5.1908150064682985,0,-9.981075717969944,-13.583007266629398,-28.27749524758243,-9.302091285648409,1.0769312764506367,4.196776325705845,2.662799012586806,0.7450733155259202,0,-0.4151347558502876,-10.0,-56.0,46.0,4.736416558861563,3.3041959001228065,9.350310024718482,-0.10122996711300658
1545886800,2018-12-27,30.26,31.25,29.99,31.25,1503005.0,-0.03167999999999993,0.0,-0.04032000000000002,0.010672703751616996,3.030399999999986,16.103598084632907,-10.042798084632935,7.537066666666675,-0.7477333333333434,3.39466666666668,0,-8.315194943986981,-10.714285714285714,-26.530758914844093,-3.0476306083925166,-0.5644831904973131,4.143854198584506,2.5851702009837894,0.614189915455221,0,-0.42941031664845536,-14.0,-56.0,42.0,3.030399999999986,2.002512773187263,7.87417581945131,-0.002562877491590232
1545973200,2018-12-28,31.3,31.56,30.53,31.02,1806045.0,0.009026434558349505,0.01740812379110257,-0.015796260477111468,-0.007360000000000033,3.020631850419093,15.130746185100577,-9.089482484262376,7.573608424672244,-0.6372232967977709,3.468192563937265,0,-9.147605302277867,-13.400335008375212,-25.409110622198956,2.860931786881096,-0.14790110329992956,4.113569052627235,2.103506606192674,-0.7437229738999602,0,-0.38336027406646045,-18.0,-56.0,38.0,3.020631850419093,2.4960731311288242,8.33385906849145,0.055105304726175586
1546232400,2018-12-31,31.08,31.4,30.55,31.23,1398546.0,-0.004803073967339144,0.005443483829650875,-0.021773935318603943,0.0067698259187620735,1.685878962536023,12.732258072845966,-9.360500147773934,6.155939801472954,-1.9932756964457354,2.0813320525136163,0,-8.033801806435747,-11.379114642451762,-23.99513536738945,9.637529841655692,-0.9561793485644898,3.9884677191401554,1.6562475538866366,0.581057965516281,0,-0.3286592955973764,-21.999999999999996,-56.0,34.0,1.685878962536023,1.6347766677716749,7.307138753539917,0.11200728060379084
1546405200,2019-01-02,30.61,31.73,30.41,31.58,1501795.0,-0.030715642811906196,0.004749841671944255,-0.03704876504116528,0.011207172590457892,-0.07441418619379192,9.33161082075344,-9.480439193141024,4.406269791006977,-3.8362887903736436,0.28499050031665263,0,-6.177870790152696,-11.242270938729623,-22.000096970158893,9.25231121250615,-2.1521047219658698,3.961092032239464,0.7837511216384279,0.6359287329259469,0,-0.24358336009901232,-26.0,-56.0,30.0,-0.07441418619379192,0.4599466681077331,5.877941623750189,0.1741253032749568
1546491600,2019-01-03,31.41,31.42,30.47,30.62,1755763.0,0.025800130633572893,0.026126714565643416,-0.004898758981058182,-0.030398986700443276,2.085238406270392,8.278712174944161,-4.108235362403363,6.725996080992829,-1.7782495101241125,2.4738732854343652,1,-9.882105702866085,-16.293056314926183,-21.80668511681132,3.3192782429337484,0.7377669033262464,4.052409076503661,-0.026424136877768234,-0.7480410969265856,0,-0.23444469170350976,-30.0,-56.0,26.0,2.085238406270392,3.26580386270723,8.836749290751598,0.1522583072418895
1546578000,2019-01-04,31.14,31.91,30.98,31.78,3199924.0,-0.02013845185651353,0.00409062303335439,-0.025173064820641966,0.03788373612018292,-1.965072372561366,2.7816724211686505,-6.711817166291368,1.981854415775146,-5.5197189007761835,-1.76893224250054,1,-4.0688995188873704,-6.087470449172583,-18.944499561796864,12.501902350257666,-2.8080730339511177,3.915539775674384,-1.46201019221429,1.3503225841136126,0,-0.09020691940570214,-34.0,-56.0,22.0,-1.965072372561366,-0.45554351157389306,4.673355977281247,0.2138438524233004
1546837200,2019-01-07,31.92,32.8,31.56,32.6,1828153.0,-0.020858895705521463,0.006134969325153339,-0.031901840490797584,0.025802391441158035,-4.570552147239255,-0.7197652666680199,-8.421339027810475,-0.7126789366053288,-8.05930470347647,-4.3859918200409,1,-0.42632660727223737,-2.715607281408525,-14.84457283043175,19.286732506020115,-5.050314932145696,3.816095755745212,-2.438844168031192,0.7850025566698863,0,-0.03964084558634725,-38.0,-56.0,18.0,-4.570552147239255,-2.6775727186073084,1.9604495338276848,0.30232201855601615
1546923600,2019-01-08,33.37,33.76,33.13,33.63,2236121.0,-0.0077311923877492195,0.0038655961938742767,-0.014867677668748192,0.031595092024539806,-7.270294380017845,-2.4614153432228534,-12.07917341681285,-3.888393299633279,-10.522351075428688,-7.205372187530983,1,3.6980627049602646,4.668534080298786,-9.446356980396585,27.08961693126689,-7.369721089329744,3.681367361804555,-2.4423975298538885,0.9688200577463496,0,0.05220831267726847,-42.0,-56.0,14.0,-7.270294380017845,-5.119420786295336,-1.1167537823160103,0.41573044320042285
1547010000,2019-01-09,33.97,34.8,33.89,34.79,2531676.0,-0.023569991376832466,0.00028743891922955456,-0.02586950273066968,0.034493012191495476,-9.867778097154357,-3.3823228657804236,-16.353233328528276,-6.687745520743519,-13.057391970872843,-9.87256874580818,0,7.790737558260872,10.972886762360439,-2.990719675962593,27.250907486171755,-9.63741361075381,3.5446495234823905,-1.667012944343778,1.1096197798330791,1,0.18117490556960367,-46.0,-56.0,10.0,-9.867778097154357,-7.494157187778541,-4.240718853888069,0.5461683764048068
1547096400,2019-01-10,34.49,35.36,34.37,35.32,2486122.0,-0.02349943374858432,0.0011325028312569874,-0.026896942242355726,0.015234262719172165,-10.658267270668176,-2.613162227175721,-18.70337231416063,-7.671291053227648,-13.84626274065684,-10.758776896942251,0,9.511930001920078,12.663476874003186,2.9197129135976296,33.99205223267265,-10.090061790760785,3.4422800517419936,-0.5882618466609699,1.100499850302182,1,0.302978797057159,50.0,43.99999999999999,6.000000000000007,-10.658267270668176,-8.03633829840571,-5.454997356056424,0.6389923472476817
1547182800,2019-01-11,35.36,35.52,34.78,35.24,1889031.0,0.0034052213393869213,0.007945516458569779,-0.013053348467650383,-0.0022650056625140857,-9.937570942111236,-0.6743917577126552,-19.20075012650983,-6.961785849413545,-13.181990162693907,-10.071888006053726,0,9.128830603981207,11.554289332067116,7.364134322382554,41.80878381582484,-8.978714745306732,3.353651103773824,0.5131795471848122,-0.8658421155432812,0,0.3195883553541335,46.0,44.0,2.0,-9.937570942111236,-7.082084624201528,-5.034861690247126,0.662989461506972
1547442000,2019-01-14,35.01,35.79,34.82,35.41,2598369.0,-0.011296243998870303,0.010731431798926883,-0.016661959898333745,0.004824063564131453,-9.744422479525554,0.454113431003762,-19.94295839005487,-6.842229125482433,-13.012802409865358,-9.92751576767391,0,9.708994724609376,14.2995480955455,11.178272372278657,41.15722174166875,-7.744745422545591,3.294821163635907,1.7060872311064088,1.2001846857951155,1,0.5250784344775558,50.0,52.0,-2.0,-9.744422479525554,-6.8112055795112525,-5.275455461374634,0.6570325959372931
1547528400,2019-01-15,35.54,35.76,34.91,35.51,1149567.0,0.000844832441565746,0.007040270346381217,-0.016896648831315142,0.002824060999717659,-9.381864263587715,1.6093488006414134,-20.373077327816844,-6.510372664976998,-12.663568947714253,-9.586970806345633,0,10.060044623143384,14.070028911018307,14.420135744126208,44.05621021872338,-7.454602751844291,3.2218389714296114,2.8137872233193164,0.5424530794816612,0,0.5440080626601742,50.0,56.0,-6.0,-9.381864263587715,-6.39995574933873,-5.32486845267367,0.6266486781948614
1547614800,2019-01-16,35.48,35.96,35.28,35.62,1839743.0,-0.003930376193149954,0.009545199326221221,-0.00954519932622111,0.0030977189524077353,-8.9528354856822,2.564245325203558,-20.469916296567973,-6.209994385176856,-12.178551375631656,-9.19427288040427,0,10.458957398319072,16.519463526333,17.251361136212076,44.119874734565926,-6.7606733078959,3.118828756679738,3.9781272027990404,0.8792662125501662,0,0.4807154859398813,50.0,60.0,-10.0,-8.9528354856822,-6.051958696988507,-5.3969558074708175,0.5817570500988551
1547701200,2019-01-17,35.62,36.14,35.3,36.03,1498584.0,-0.011379406050513574,0.0030530113794060565,-0.02026089369969486,0.011510387422796198,-9.278379128504028,2.722188019428316,-21.278946276436386,-6.637986862799522,-12.502544176149513,-9.570265519474503,0,11.95000840714151,16.56421869945002,20.23289624453785,44.166420114230675,-7.071383669715914,3.0296277785736483,5.182624711591394,0.7232803924015152,0,0.46647342128081865,50.0,64.0,-14.0,-9.278379128504028,-6.442838120280584,-6.21962021150317,0.547944920689756
1547787600,2019-01-18,36.22,36.68,35.83,36.51,1887699.0,-0.007943029307039162,0.004656258559298854,-0.018625034237195304,0.013322231473771762,-9.643933168994806,2.687699201516196,-21.975565539505794,-7.2601113850086705,-12.78462521683555,-10.02236830092211,0,13.639693212827922,19.82277650147686,23.42847825812039,44.24422183095115,-7.326499470485956,2.9425350299450472,6.652168511969119,0.9176420201380846,0,0.5089970035959949,50.0,68.0,-18.0,-9.643933168994806,-6.942095045063283,-7.160301445643412,0.5260680532626887
1548133200,2019-01-22,36.16,36.45,35.69,35.97,1693746.0,0.00528217959410604,0.01334445371142623,-0.007784264664998597,-0.014790468364831555,-7.531276063386144,5.069183330545911,-20.131735457318186,-5.153368547863948,-10.652395514780835,-7.9028820313223775,0,10.460257533763226,17.818539141827703,24.720973485221485,37.98030275783165,-5.182237078004505,2.9362075564216568,7.750632365801394,-0.8275190910754101,0,0.45791887214852983,46.0,68.0,-21.999999999999996,-7.531276063386144,-5.016961107549861,-5.540405503083505,0.4465257657618208
1548219600,2019-01-23,35.93,36.12,34.87,35.21,1232254.0,0.0204487361545016,0.025844930417495027,-0.00965634762851475,-0.021128718376424716,-4.845214427719384,7.654867665567295,-17.345296521006063,-2.39799299441448,-8.075357379532349,-5.236675186973386,0,6.293694600230097,16.01317957166392,23.876365917442964,33.37090365078052,-2.533576769224851,3.038909432097884,7.354332258578502,-0.6073860227130927,0,0.40045769709555723,42.0,68.0,-26.0,-4.845214427719384,-2.684223542733804,-3.3642018540575975,0.31995203968879293
1548306000,2019-01-24,35.33,36.07,35.15,36.05,1751261.0,-0.019972260748959747,0.0005547850208045269,-0.02496532593619971,0.02385685884691835,-6.201109570041623,5.435186855346942,-17.837405995430174,-3.8987517337031647,-9.37725381414701,-6.638002773925109,0,9.537831660910733,20.810991957104548,24.478398323359674,39.13690308135685,-3.9440264322118566,2.938379263630206,6.986339301871531,0.8661623494339846,0,0.5039084821420362,38.0,68.0,-30.0,-6.201109570041623,-4.480177937855473,-5.395678016255744,0.27191414963318683
1548392400,2019-01-25,36.65,37.24,36.42,36.84,1645670.0,-0.005157437567861134,0.010857763300760048,-0.01140065146579805,0.02191400832177548,-7.409066232356139,3.914316965227087,-18.732449429939365,-5.2103691639522225,-10.31080347448426,-7.760586319218248,0,12.307538468484395,19.14618369987064,26.137673275830366,38.661888637441805,-4.613202343274523,2.9007124280678926,7.593318267954835,0.8204117334546603,0,0.447490720973208,50.0,84.0,-34.0,-7.409066232356139,-5.906749752512951,-7.13322871123404,0.2718085951364033
1548651600,2019-01-28,36.39,36.65,36.09,36.48,1267341.0,-0.002467105263157743,0.004660087719298378,-0.01069078947368407,-0.009771986970684265,-5.778508771929808,5.395008540506268,-16.95202608436591,-3.6065423976608173,-8.565423976608173,-6.085983187134488,0,10.326713435245992,16.73599999999999,26.54288302549651,33.43100670393997,-2.9509445206619063,2.8669509634443053,7.630049813306812,-0.6364120741176083,0,0.4284460797822344,46.0,84.0,-38.0,-5.778508771929808,-4.504083851254364,-5.9729850040695,0.22774181314553976
1548738000,2019-01-29,36.26,36.71,36.13,36.31,1131246.0,-0.0013770311209034825,0.011016248967226527,-0.0049573120352519595,-0.004660087719298045,-4.608923161663469,6.000020229517361,-15.21786655284427,-2.480951069494182,-7.339116864041131,-4.9100339667676565,0,9.388225517191287,17.05351386202451,26.435369970110955,28.096054739894072,-1.8976762841119665,2.788729639422093,7.712781731941668,-0.5746711513035828,0,0.3768659065292333,42.0,84.0,-42.0,-4.608923161663469,-3.6706018268369434,-5.3157884202344405,0.1700373254265155
1548824400,2019-01-30,36.35,36.61,35.82,36.39,1997938.0,-0.0010992030777685624,0.006045616927727426,-0.015663643858202847,0.0022032497934452167,-4.109645507007414,5.747461923393615,-13.966752937408458,-1.9872675643491675,-6.818265091142251,-4.402766327745724,0,9.698791972163477,16.522574447646495,26.467982971012255,19.306132587411597,-1.63858813224806,2.7389079647006844,7.27748970637591,1.0207691794737324,0,0.3191256813638762,38.0,84.0,-46.0,-4.109645507007414,-3.51262316219335,-5.307317566987734,0.12237681905646891
1548910800,2019-01-31,36.29,36.8,36.1,36.76,1960885.0,-0.012785636561479796,0.0010881392818280489,-0.01795429815016314,0.010167628469359702,-4.370239390642013,4.6918652144904485,-13.432343995774474,-2.3354189336234725,-6.949129488574528,-4.642274211099021,0,11.145343102393298,16.402786573780872,27.057070131051887,18.748253270929254,-2.2332978688492346,2.6536903288919484,7.052356650596963,1.0037690282206786,0,0.30295028412065317,34.0,60.0,-26.0,-4.370239390642013,-4.056768201165994,-6.014919790731369,0.10173832909309721
1548997200,2019-02-01,36.7,37.21,36.49,37.04,1891141.0,-0.00917926565874716,0.0045896328293737465,-0.014848812095032304,0.007616974972796564,-4.226511879049681,3.06099437004373,-11.514018128143064,-2.284467242620593,-6.801205903527702,-4.542836573074155,0,12.225404028219835,20.9666884389288,27.969491379139605,18.871578961901022,-2.5966768986033912,2.5843596389441617,7.21565734647897,0.9744575837152011,0,0.32579839615107037,50.0,80.0,-30.0,-4.226511879049681,-4.3266085344317275,-6.4616493689159284,0.09314314728219586
1549256400,2019-02-04,36.75,37.05,36.58,36.84,2027136.0,-0.002442996742671122,0.005700325732898914,-0.007057546145494142,-0.005399568034557101,-3.0198154180238816,2.8481470872519026,-8.887777923299637,-1.1016105682229664,-5.518005790807095,-3.3098081795150165,0,10.951496487950067,15.921963499056016,28.17014400868583,9.260352335843812,-1.662791363124839,2.503918204871243,7.367293706940835,-1.0355000886220314,0,0.31880037851907056,46.0,80.0,-34.0,-3.0198154180238816,-3.444617680305683,-5.720356783232035,0.06170228063095706
1549342800,2019-02-05,36.75,36.97,36.62,36.8,942627.0,-0.0013586956521738358,0.004619565217391264,-0.004891304347826031,-0.0010857763300762269,-2.343749999999986,2.179376191681996,-6.866876191681996,-0.5067934782608603,-4.686141304347828,-2.596467391304344,0,10.689923337998508,12.883435582822072,28.223534550681784,4.766738333035434,-1.3774161177511388,2.3955289337673444,7.508098898798288,-0.48450961850488766,0,0.30209014709448173,42.0,80.0,-38.0,-2.343749999999986,-3.0216027322809964,-5.397569933300872,0.027660557731857605
1549429200,2019-02-06,36.76,37.15,36.74,37.02,1137513.0,-0.007023230686115767,0.0035116153430576613,-0.0075634792004322104,0.005978260869565322,-2.466234467855216,1.1830672671314062,-6.115536202841838,-0.6600036016567685,-4.7550873401764875,-2.707545470916614,0,11.642924351847363,10.080285459411241,28.62773424666991,3.443925508756969,-1.7176415219477121,2.2903084084168737,7.820668834284064,0.5870827821957783,0,0.3305650570970113,38.0,80.0,-42.0,-2.466234467855216,-3.2552605160799573,-5.726050626438351,0.010302740475573113
1549515600,2019-02-07,36.36,36.64,34.93,35.25,1997012.0,0.03148936170212768,0.039432624113475256,-0.009078014184397132,-0.047811993517017926,2.496453900709227,6.110553680389643,-1.1176458789711745,4.599527186761236,0.07186761229314698,2.3356973995271915,0,1.1426693922156304,1.3222190284564554,23.803465862092786,-4.236220982109991,3.127843158837848,2.6570087631908916,5.732766693528241,-1.015184940370418,0,0.21886003077069444,34.0,80.0,-46.0,2.496453900709227,1.4499356409316704,-0.9533813463199152,-0.12270863550846844
1549602000,2019-02-08,34.86,35.17,33.8,34.41,2558110.0,0.013077593722755187,0.022086602731764104,-0.017727404824179005,-0.02382978723404261,4.866317930834072,9.052740946113786,0.6798949155543426,7.127288578901485,2.3786689915722405,4.752978785236863,0,-2.867983239362495,-2.576443941109863,17.73493862571957,-13.470324508616706,5.042747225591086,2.82844328005195,4.935977428130506,-1.2840814985034468,0,0.15174121081529457,30.0,76.0,-46.0,4.866317930834072,3.552530957935815,1.4070647894017156,-0.26160664024918834
1549861200,2019-02-11,34.45,35.17,34.37,34.89,2261314.0,-0.012611063341931739,0.008025222126683884,-0.014903983949555832,0.01394943330427223,3.3734594439667376,7.640737317253681,-0.8938184293202198,5.609057036400088,0.9085697907709829,3.258813413585557,0,-0.4865118491971643,-0.9931895573212298,13.91398363256794,-5.043454638687535,3.2561725183749815,2.7540587406658465,4.1961016816897505,1.1314067606321359,0,0.1953517245974366,26.0,72.0,-46.0,3.3734594439667376,1.92524698711442,0.011485886040901505,-0.3120774362350439
1549947600,2019-02-12,35.24,36.29,35.0,36.08,2970711.0,-0.02328159645232808,0.005820399113082075,-0.029933481152993324,0.03410719403840634,0.056818181818172775,4.097966451117202,-3.984330087480842,2.2325388026607698,-2.401607538802665,-0.08453436807094761,0,4.824067139532481,1.8921208698107927,13.202755363520465,3.447778059600047,-0.14183502512081247,2.750155256184289,2.1415946325929873,1.463380039024374,0,0.2825016187866814,22.0,68.0,-46.0,0.056818181818172775,-1.2996707314063798,-3.15821247683013,-0.25845617945395316
1550034000,2019-02-13,36.19,36.41,35.85,36.3,2541929.0,-0.00303030303030305,0.003030303030302939,-0.01239669421487588,0.0060975609756097615,-0.44077134986224564,3.511105460985206,-4.392648160709712,1.6822773186409705,-2.843893480257094,-0.5808080808080831,0,5.730270133956708,2.224725429456489,13.067185194073765,4.887417056024603,-0.6551923297454039,2.6484313682815395,0.3021008773270566,1.2386051598769636,0,0.26901272997291203,18.0,-20.0,38.0,-0.44077134986224564,-1.7171064932358604,-3.5982644639105104,-0.20371701547195076
1550120400,2019-02-14,33.94,37.59,33.71,36.62,3380335.0,-0.07318405243036596,0.02648825778263264,-0.07946477334789726,0.008815426997245135,-1.174221736755868,2.725952148252574,-5.07439562176431,1.278900418714727,-4.08155834698708,-1.4013289641361553,1,7.049411014812556,2.8074115665356545,13.55346550895685,-4.423533102421864,-1.6760061366358343,3.1945751008271412,0.2666143413411284,1.635177368106362,1,0.31117813901304187,14.0,-20.0,34.0,-1.174221736755868,-2.3306134409830292,-4.266517279723729,-0.14430060767424413
1550206800,2019-02-15,37.54,38.36,37.19,37.68,2712793.0,-0.0037154989384289294,0.018046709129511562,-0.013004246284501142,0.02894593118514477,-3.7354033970275964,0.41996876854699394,-7.890775562602187,-1.2716737438074972,-6.568913658881812,-3.9202937013446615,1,11.091965496523152,4.579517069109071,15.850313272486707,2.771336357936839,-4.0638707625091115,3.21278704598834,-0.5775650276175561,1.3068798925141507,0,0.2641370138524168,50.0,20.0,30.0,-3.7354033970275964,-4.594573627498704,-6.686728943627813,-0.03751333884487562
1550552400,2019-02-19,37.51,37.98,37.15,37.56,1828447.0,-0.0013312034078808432,0.01118210862619784,-0.01091586794462207,-0.0031847133757960666,-3.2880724174653864,1.1356749425327308,-7.711819777463518,-0.796059637912677,-6.104898828540996,-3.4504792332268295,0,10.414357234524026,2.875924404272814,17.34347253041686,1.444018336826126,-3.552790064144162,3.150676263895725,-1.3301321309001146,-0.8933917223726517,0,0.2715161201336933,46.0,20.0,26.0,-3.2880724174653864,-3.8812150101410765,-6.138070007307974,0.018147760045973405
1550638800,2019-02-20,37.8,37.91,37.57,37.63,1970768.0,0.004517672070156742,0.007440871644963876,-0.001594472495349497,0.0018636847710329363,-3.2474089821950685,1.3925881678518408,-7.8874061322419635,-0.8149526087341599,-6.0023031269377185,-3.4086278678359605,0,10.682136958198342,4.614956908534901,18.650310030037552,8.13680848570798,-3.4841709070211238,2.9866220077730614,-2.0289444410910598,0.9676228282055578,0,0.2001795826265661,42.0,20.0,22.0,-3.2474089821950685,-3.6733486198158545,-6.065117821226224,0.05093011302770645
1550725200,2019-02-21,37.46,37.74,36.52,36.69,1813043.0,0.02098664486236035,0.02861815208503682,-0.004633415099482008,-0.024980069093808233,-0.5669119651131069,3.9574684674775114,-5.091292397703711,1.9378577269010435,-3.3742164077405334,-0.7181793404197379,0,5.386144804045962,4.203351320647535,17.35149688411158,1.81633718161374,-0.9438239811049272,3.081854962392446,-1.8560775718036986,-0.8900233332761925,0,0.09979101752763989,38.0,20.0,18.0,-0.5669119651131069,-1.0906488892908754,-3.5150298991681126,0.003082085709464555
1550811600,2019-02-22,36.94,37.55,36.93,37.46,1221247.0,-0.013881473571810021,0.002402562733582414,-0.014148424986652475,0.02098664486236035,-2.422584089695661,2.1153347813100254,-6.960502960701362,0.01023313756896016,-5.112564513258576,-2.551165687844815,0,8.50851713226924,3.9112343966713,17.65802352754342,0.7220007014437684,-2.970229484792071,2.966883459332479,-1.6955583360368607,0.6075341765615012,0,0.09759228428597792,34.0,20.0,14.0,-2.422584089695661,-2.8262556215055668,-5.282683700796369,0.016325951177804443
1551070800,2019-02-25,37.82,38.13,37.55,37.72,1397188.0,0.002651113467656563,0.010869565217391353,-0.004506892895015935,0.0069407367859049,-2.978525980911982,1.7177709356991784,-7.674822897523143,-0.5828031106398015,-5.6066631318487055,-3.0947331212442464,0,9.515591974173091,2.3887079261671973,18.343266547517764,6.833089518854408,-3.5408047329105727,2.8628482559947934,-2.252636910926128,0.6975569908506917,0,0.0721051956682031,50.0,40.0,10.0,-2.978525980911982,-3.163105559827258,-5.702793150853438,0.034582547493692495
1551157200,2019-02-26,37.6,37.95,37.44,37.46,1182851.0,0.0037373198077950143,0.01308061932728255,-0.0005339028296851289,-0.006892895015906619,-2.174319273892152,2.6565565883599476,-7.005195136144266,0.2620573055704085,-4.783324434952846,-2.2606335646912328,0,8.032891604478493,2.686403508771941,18.245455729148752,6.304778131406287,-2.772814785137996,2.774056652447577,-2.674279655569915,-0.5939220692356943,0,0.03295420154734116,46.0,39.99999999999999,6.000000000000007,-2.174319273892152,-2.2537493867960876,-4.850328467939349,0.021759979639364935
1551243600,2019-02-27,37.37,37.64,37.07,37.19,1062398.0,0.0048400107555794936,0.012100026888948623,-0.0032266738370528847,-0.007207688200747575,-1.3457918795375008,3.541683401221988,-6.233267160296975,1.111858026351186,-3.9674643721430414,-1.4278031728959348,0,6.494400969126005,2.4235747727898524,17.493923312665018,2.440132095309437,-2.0381572452740357,2.7040873287921507,-2.7433459452214812,-0.5407018402494016,0,-0.002645330137131501,42.0,40.0,2.0,-1.3457918795375008,-1.3970519322376163,-3.99642108939328,-0.010557998051539896
1551330000,2019-02-28,37.1,37.19,36.43,36.66,1844041.0,0.01200218221494831,0.01445717403164215,-0.006273867975995606,-0.01425114278031736,0.11729405346427768,5.061531122313895,-4.826943015385325,2.6359338061465962,-2.508637934169826,0.06364793598837082,0,3.560446721452635,0.741962077493806,15.56676633153564,2.60602185694475,-0.4081032669740523,2.6953181763914364,-2.2915878198911983,-0.9413556917423511,0,0.015489077611108536,38.0,40.0,-2.0,0.11729405346427768,0.025756805343291944,-2.5061872829350023,-0.06996968792504488
1551416400,2019-03-01,37.01,37.33,36.44,36.92,1352060.0,0.0024377031419284823,0.011105092091007407,-0.01300108342361872,0.007092198581560405,-0.5660888407367395,4.349685412254118,-5.481863093727583,1.985373781148425,-3.1744312026002035,-0.5945287107259105,0,4.773322944024436,0.43525571273123964,14.484598063911589,9.52992637979375,-0.5422136564735922,2.657357097401004,-2.0665993411335712,0.6974386320443231,0,0.030199328437961526,34.0,40.0,-6.0,-0.5660888407367395,-0.6140166057965928,-3.0675570198561246,-0.09267330325770295
1551675600,2019-03-04,37.01,37.24,36.48,36.77,1271660.0,0.006527060103344917,0.012782159369050916,-0.007886864291542173,-0.004062838569880767,-0.19717160728856697,4.722384958052217,-5.116728172629351,2.3955217115401837,-2.796210678995564,-0.20034448372770441,0,3.918142663429208,-0.728941684665216,13.22854602731391,3.4302158464950665,0.32025602021646193,2.625247897098928,-1.8576814680014877,-0.6650381566204552,0,-0.0055712503955298275,30.0,40.0,-10.0,-0.19717160728856697,-0.18871539768986167,-2.5673401982014923,-0.11713286855128757
1551762000,2019-03-05,36.81,36.91,36.5,36.56,1145155.0,0.006838074398249461,0.009573304157548979,-0.001641137855579955,-0.005711177590427052,0.33780087527350133,5.2848107964518505,-4.609209045904834,2.952680525164112,-2.252461706783393,0.3501094091903809,0,2.7054560192037513,-0.760043431053206,11.667080134340127,-4.432299733692233,1.2279979225127562,2.53183562693861,-1.6636863000931257,-0.6038142226636728,0,-0.11977893473499353,26.0,40.0,-14.0,0.33780087527350133,0.34797040964875237,-1.9289558154768685,-0.14497290875985414
1551848400,2019-03-06,36.29,36.48,35.68,35.71,1698757.0,0.016241949033884095,0.02156258751050122,-0.0008401008120975106,-0.023249452954048122,2.573508821058539,7.771943310784721,-2.6249256686676574,5.348641837020438,-0.10641276953234069,2.6211145337440485,0,-1.9035058745428515,-2.9619565217391206,8.262822336644469,-13.243759934482561,3.6729993307592395,2.5829716301383825,-0.7731613949114085,-0.9036669710351659,0,-0.2544338114560675,22.0,40.0,-18.0,2.573508821058539,2.475915997064206,0.3895165268816356,-0.21398522650247292
1551934800,2019-03-07,35.47,35.47,34.64,34.86,1657609.0,0.017498565691336676,0.017498565691336676,-0.006310958118187049,-0.023802856342761136,4.7647733792312295,10.498217336353093,-0.9686705778906912,7.693631669535293,1.9850831899024683,4.839357429718859,0,-5.957609284408157,-5.834683954619134,3.4866619350267394,-10.39455602603659,6.223661533381005,2.676200557042746,0.7637935396187565,-0.9175692805052627,0,-0.3856442785455525,18.0,40.0,-21.999999999999996,4.7647733792312295,4.500839063530449,2.726070738737718,-0.3046980748143938
1552021200,2019-03-08,34.47,34.76,34.27,34.4,1234412.0,0.002034883720930303,0.010465116279069653,-0.0037790697674416895,-0.01319563970166382,6.0421511627907165,12.252565960577087,-0.1682636349956681,8.792151162790702,3.3619186046511658,6.077034883720927,0,-7.975507160397953,-2.411347517730501,-1.3514314828955423,-20.73981813559459,6.9289162858895,2.640781911213935,2.4080065991848123,-0.6803058432225735,0,-0.4199296024034511,14.0,-36.0,50.0,6.0421511627907165,5.33649743263949,3.9389594571748177,-0.378673720438153
1552276800,2019-03-11,34.42,35.1,34.26,34.87,1490592.0,-0.012905075996558546,0.00659592773157458,-0.017493547462001713,0.013662790697674287,4.678806997419002,10.572617634007116,-1.2150036391690975,7.290412006500333,2.085364687888358,4.687888347194331,0,-5.2528114920584414,1.3368206916594039,-4.108708109107523,-13.112322725599789,4.857911223082141,2.5911706147217672,3.376712949908967,0.8246127549369072,0,-0.3926719303894279,10.0,-36.0,46.0,4.678806997419002,3.543685692399208,2.438474592471678,-0.3780673847307883
1552363200,2019-03-12,35.12,35.33,34.77,35.07,1922130.0,0.0014257199885940874,0.007413743940690054,-0.008554319931565413,0.0057355893318038476,4.107499287140001,9.890975255581111,-1.6759766813010941,6.679498146564015,1.5725691474194292,4.126033646991715,0,-4.114459937588059,0.5159071367153903,-5.834474390755,-13.70511743197084,3.5373119663460812,2.506422973154759,3.9052153953563007,1.0584362911473422,0,-0.32400838989305947,6.000000000000007,-35.99999999999999,42.0,4.107499287140001,2.671932436874897,1.7815633958608856,-0.34711537032367024
1552449600,2019-03-13,35.2,35.34,34.84,34.87,1132708.0,0.009463722397476504,0.013478634929739108,-0.0008603383997703995,-0.005702879954377016,4.531115572125046,10.682117314045556,-1.619886169795464,7.067201988337629,2.1575375203135394,4.612369754325613,0,-5.0884542497584775,-3.353658536585368,-7.655083185263428,-12.303965070144322,3.73850081197034,2.4431629679441733,4.379264824093632,-0.6283946427180338,0,-0.3193914358407091,2.0,-36.0,38.0,4.531115572125046,2.950262527022602,2.2725821883799284,-0.3235017475259093
1552536000,2019-03-14,34.9,34.9,33.94,33.98,1249316.0,0.02707474985285474,0.02707474985285474,-0.0011771630370805974,-0.025523372526527144,6.92760447321956,13.991965726866653,-0.13675678042753248,9.648813027270947,4.4928389248577645,7.070825976064384,0,-9.150150479813718,-6.391184573002756,-10.989328249006117,-18.60521831928544,5.891335600784316,2.529870942989097,5.478065493421973,-0.6942349871258929,0,-0.4213692016235494,-2.0,-52.0,50.0,6.92760447321956,5.108940037596739,4.757124781896877,-0.34902241366124787
1552622400,2019-03-15,34.16,34.29,33.9,34.13,2248878.0,0.0008789920890710512,0.004687957808379606,-0.006738939349545947,0.004414361389052601,6.092880164078537,13.651655073884413,-1.4658947457273541,8.3821662271706,4.271413223947633,6.326789725559138,0,-8.216100329557442,-6.799563080283984,-13.264332946058941,-26.860488078177937,4.459795149781627,2.4204620785149293,6.525210677713577,1.2393930253427243,1,-0.3559470676770184,-6.0,-52.0,46.0,6.092880164078537,4.204419889042185,4.128222485165651,-0.33683580166969784
1552881600,2019-03-18,34.28,34.71,34.04,34.7,1365479.0,-0.012103746397694626,0.00028818443804023985,-0.019020172910662936,0.01670084969235286,3.92074927953891,11.318651491504113,-3.477152932426293,6.060038424591724,2.160902977905849,4.110470701248786,0,-4.75736842188126,-7.908704883227167,-13.5937719271185,-20.52020455652351,2.1975285141228653,2.3485689987984544,6.757318400948357,0.7557888337248957,0,-0.23600610912932135,-10.0,-52.0,42.0,3.92074927953891,2.255304193011071,2.3229448141020868,-0.2740827048673036
1552968000,2019-03-19,35.05,35.18,34.33,34.44,2281811.0,0.017711962833913963,0.021486643437863107,-0.003193960511033711,-0.007492795389049123,4.252322880371679,11.693712728246865,-3.1890669675035497,6.4406697638405035,2.5062911343399037,4.473480449090189,0,-6.0121873010557465,-8.306709265175732,-14.380746068349925,-11.7917686109759,2.4642899076929865,2.373567851663313,6.210094555263936,-1.2759440567714866,0,-0.2720132931657701,-14.0,-52.0,38.0,4.252322880371679,2.7389553321887945,2.9740287555611644,-0.23526910709306853
1553054400,2019-03-20,34.32,34.35,33.48,33.61,1901857.0,0.021124665278191124,0.022017256768818827,-0.0038678964593871212,-0.024099883855981385,6.228800952097615,14.02381095148965,-1.5662090472944357,8.569374194188242,4.380144798175138,6.474759496181704,0,-9.762324913828834,-10.682965718841357,-16.65905773276646,-11.618955693591928,4.24662527769506,2.4624767257761264,6.42676129711835,-1.0626053347625537,0,-0.29888268585417715,-18.0,-68.0,50.0,6.228800952097615,4.773611611015795,5.300623627850484,-0.24933483894723252
1553140800,2019-03-21,33.55,34.24,33.42,34.1,1270842.0,-0.016129032258064613,0.004105571847507372,-0.019941348973606998,0.01457899434692056,4.322580645161295,12.145633864803983,-3.500472574481421,6.501466275659823,2.489736070381227,4.495601173020503,0,-6.755440600840053,-7.059144180975734,-17.128698587774625,-12.16691328531104,2.221186769570906,2.4254921570870605,6.675203973283768,0.717787049584026,0,-0.26659002218089883,-21.999999999999996,-68.0,46.0,4.322580645161295,2.9568225648353206,3.6389765088095345,-0.21099936049077267
1553227200,2019-03-22,33.7,33.77,32.68,32.71,1328454.0,0.03026597370834616,0.03240599205136041,-0.0009171507184347893,-0.04076246334310851,8.029654539896029,16.57874289695731,-0.5194338171652362,10.447875267502283,6.121981045551792,8.284928156527059,0,-12.40386760045854,-12.680192205018686,-20.1042166650545,-12.021179774216257,5.881178940477355,2.6580352736967594,7.453959760314518,-0.760665895724984,0,-0.30941220142407844,-26.0,-76.0,50.0,8.029654539896029,6.6336570143931795,7.727663692562587,-0.2613257254726862
1553486400,2019-03-25,32.69,33.68,32.51,32.88,1491201.0,-0.005778588807786034,0.024330900243308973,-0.01125304136253058,0.005197187404463621,6.735097323600982,15.150552941032785,-1.680358293830821,9.240166261151643,4.7571978913219795,6.998682076236818,0,-11.371876476998906,-12.831389183457043,-21.923886010283177,-12.381139776018031,4.689530087659705,2.709585374161612,8.293309293363542,0.8636946932124566,0,-0.2928453726220014,-30.0,-76.0,46.0,6.735097323600982,5.5030580145336785,6.88947455381566,-0.2644342552990327
1553572800,2019-03-26,33.01,33.43,32.93,33.22,1407910.0,-0.006321493076460016,0.006321493076459905,-0.008729680915111393,0.010340632603406119,5.004515352197487,13.002995841264209,-2.9939651368692495,7.454846478025303,3.0207706201083653,5.237808549066841,0,-9.307079371406928,-11.318739989321948,-22.41575620158918,-5.45221569927547,3.0241870274571454,2.6085515875368523,9.07270528833763,0.820023237496077,0,-0.21499307155749303,-34.0,-76.0,42.0,5.004515352197487,4.00199306619578,5.568208522590638,-0.22633290453487942
1553659200,2019-03-27,33.35,33.73,33.06,33.51,2411148.0,-0.004774694121157719,0.00656520441659203,-0.013428827215756334,0.008729680915111393,3.546702476872568,10.999142810339379,-3.905737856594243,5.96289664776684,1.5373520342186282,3.750124340992727,0,-7.568135283909143,-9.895133100295778,-22.00969517654865,3.649843821910956,1.7156722779358518,2.544078715508515,9.231835160288021,1.4074187158762042,0,-0.13720752005891357,-38.0,-76.0,38.0,3.546702476872568,2.806522549802409,4.472073579968864,-0.16707435947021254
1553745600,2019-03-28,33.57,34.39,33.51,34.13,1997498.0,-0.016407852329329065,0.007617931438616887,-0.01816583650747161,0.01850193971948677,1.29504834456489,8.146241464496256,-5.556144775366505,3.652700459029191,-0.7276101181756047,1.4625451704268073,0,-4.004608792810529,-6.901254773595183,-20.001761027699537,10.436876993966706,-0.2110296176234101,2.5036143544367633,8.260584869172426,1.1545370583242536,0,-0.0733229016919846,-42.0,-76.0,34.0,1.29504834456489,0.8495316817123353,2.4732999532198363,-0.07622070043261675
1553832000,2019-03-29,34.47,34.88,34.47,34.67,2268959.0,-0.0057686760888376876,0.006057109893279566,-0.0057686760888376876,0.015821857603281586,-0.6071531583501439,5.385317880749213,-6.599624197449501,1.6483991923853551,-2.5252379578886774,-0.43841938275168957,0,-1.1043663600047964,-6.094257854821235,-16.980173405794332,11.72262661341231,-1.7207775458374641,2.4430933555565697,6.633499485070992,1.304964438990194,0,-0.10102610927300888,-46.0,-76.0,30.0,-0.6071531583501439,-0.6525529006276827,0.8428333490367237,0.024741774297567964
1554091200,2019-04-01,35.35,36.59,35.35,36.57,2392829.0,-0.03336067815149024,0.0005468963631392043,-0.03336067815149024,0.0548024228439572,-5.798468690183213,-0.23519987768638373,-11.361737502680029,-3.657369428493297,-7.745419742958717,-5.701394585726007,0,7.374034445167858,-0.5439216752787676,-9.891160908016461,12.589340598788176,-6.481408544884786,2.5257365644808423,5.521607483668028,1.3621948532361567,0,-0.01108676830254025,-46.0,-72.0,26.0,-5.798468690183213,-5.260434876662458,-4.224060985194072,0.21348327038927628
1554177600,2019-04-02,36.59,36.94,36.23,36.75,2493219.0,-0.004353741496598507,0.005170068027210872,-0.014149659863945674,0.004922067268252617,-6.234013605442186,-0.5872495923330376,-11.880777618551335,-4.090702947845799,-8.240362811791371,-6.165532879818585,0,8.067778234824303,0.5196936542669521,-4.145334624234554,19.158859651812293,-6.40182033334095,2.4718375512533286,4.790711608780217,1.4096267910907063,1,0.07205136300968906,-46.0,-68.0,22.0,-6.234013605442186,-5.179278218790245,-4.509121836040464,0.3370958620796734
1554264000,2019-04-03,37.37,38.03,37.21,37.58,1979167.0,-0.0055880787653007635,0.011974454497073017,-0.009845662586482118,0.022585034013605343,-8.05614688664184,-1.5890353615674684,-14.523258411716213,-5.986783750221733,-10.050115309561832,-8.018449529891768,0,11.137752756162094,5.2366283954074415,2.0149176461271514,24.81308295152658,-7.823937883310833,2.4878742304251458,4.933921239993001,1.1153900126069576,0,0.10556683171853026,50.0,32.0,18.0,-8.05614688664184,-6.580794009313834,-6.358618552969276,0.45412011375566574
1554350400,2019-04-04,37.71,38.29,37.61,38.24,2619373.0,-0.013859832635983338,0.0013075313807531241,-0.016474895397489586,0.01756253326237367,-9.201098326359826,-1.5801167056380194,-16.82207994708162,-7.229341004184107,-11.1833158995816,-9.206328451882868,0,13.381771428232177,9.695926563396451,8.013557058605477,33.471327820665266,-8.44196308493963,2.4029178058351404,5.241094739821641,1.4534635665797773,1,0.17140406040305084,50.0,36.0,14.0,-9.201098326359826,-7.412854326721302,-7.662076142325418,0.5489962824544092
1554436800,2019-04-05,38.23,38.52,37.99,38.05,2569078.0,0.0047306176084098706,0.01235216819973739,-0.0015768725361365865,-0.004968619246862094,-8.268068331143226,0.2702171644634035,-16.80635382674987,-6.273324572930363,-10.257555847568995,-8.265440210249665,0,12.291799056023038,10.610465116279066,12.2230575215976,34.3114997960691,-7.163585872145546,2.3419157117266103,5.68106995111831,-1.412733457151528,0,0.04757421822969049,46.0,36.0,10.0,-8.268068331143226,-6.288571978753026,-6.918601320472888,0.5695206084608048
1554696000,2019-04-08,37.93,38.49,37.88,38.47,2920063.0,-0.014036911879386493,0.000519885625162475,-0.01533662594229257,0.01103810775295666,-8.80166363400052,0.5592578219606708,-18.16258508996171,-6.866822632354214,-10.747768824191994,-8.807295728273104,0,13.742638640025973,10.324060797246922,16.257963462295816,34.806729023676894,-7.267209237448384,2.2641550128218046,5.927074458079762,1.5835451902972986,0,0.19866551939020644,50.0,43.99999999999999,6.000000000000007,-8.80166363400052,-6.615325624221086,-7.623656952937935,0.5799974430780129
1554782400,2019-04-09,38.24,38.38,37.7,37.75,1411407.0,0.012980132450331139,0.016688741721854417,-0.0013245033112582183,-0.018715882505848658,-6.707284768211906,3.3162930674053115,-16.730862603829138,-4.69227373068432,-8.679028697571738,-6.685651214128043,0,9.604346778344727,7.641859138865126,17.748999736213793,35.69599318091824,-4.873236050577191,2.2882243395691817,5.881889340671496,-0.7642095075876142,0,0.2066159806060798,46.0,44.0,2.0,-6.707284768211906,-4.373812625054455,-5.631903423449742,0.5095534235156257
1554868800,2019-04-10,37.71,38.9,37.71,38.61,2186880.0,-0.023310023310023298,0.007511007511007417,-0.023310023310023298,0.02278145695364242,-8.3009583009583,2.205306676526945,-18.80722327844356,-6.286799620132939,-10.363463696797012,-8.325131658464997,0,12.652877496150062,10.725552050473192,20.305461671360433,36.24431830589519,-6.2901794936969395,2.2976025726931875,6.246232133452192,1.1707081547718066,0,0.2098334408284963,50.0,52.0,-2.0,-8.3009583009583,-5.88438364761204,-7.430571861158668,0.4917531056672708
1554955200,2019-04-11,38.6,38.84,38.24,38.61,1390621.0,-0.0002590002590001639,0.00595700595700599,-0.009583009583009505,0.0,-7.701372701372705,3.253098595495004,-18.655843998240414,-5.777864111197445,-9.76128809462142,-7.76957610290944,0,12.652877496150062,13.625662154208367,22.310831978951835,40.448437644129115,-5.635399383589018,2.244488214215214,6.584550441034271,0.7493170627188848,0,0.2628732487606622,46.0,52.0,-6.0,-7.701372701372705,-5.323966157363287,-7.13917688621126,0.45187796656809326
1555041600,2019-04-12,39.14,39.98,39.13,39.92,1930397.0,-0.019539078156312617,0.0015030060120240218,-0.019789579158316584,0.0339290339290339,-10.005010020040089,1.4111800741865466,-21.42120011426671,-8.114562458249836,-12.082498329993328,-10.098530394121582,0,16.87247101499129,16.964547319074125,25.86911972882063,45.14733490934708,-7.783998407951984,2.2609074745223343,7.684423470719814,1.0405098316365802,0,0.332605300038809,50.0,60.0,-10.0,-10.005010020040089,-7.627884737785237,-9.78699426266958,0.4828282961611894
1555300800,2019-04-15,39.79,40.08,39.36,39.61,1143202.0,0.004544306993183422,0.01186569048220143,-0.006311537490532704,-0.007765531062124298,-8.680888664478687,3.4114771828715362,-20.77325451182888,-6.732727425734225,-10.744340654716808,-8.738534040225517,0,15.041953700268081,14.14985590778097,27.875234247451765,45.14131582328727,-6.350504828476346,2.245682084210536,8.766222865297955,-0.6212099912692762,0,0.3162313133011286,46.0,60.0,-14.0,-8.680888664478687,-6.247337752510006,-8.724843566599176,0.45206311125531473
1555387200,2019-04-16,39.67,39.85,39.47,39.6,1603630.0,0.0017676767676768623,0.0063131313131312705,-0.0032828282828283317,-0.0002524614996212149,-8.00631313131312,4.47443906313751,-20.48706532576378,-6.138468013468014,-10.032407407407405,-8.08543771043773,0,14.981554489019373,14.982578397212556,29.439705731327447,39.20716533730817,-5.199065650559078,2.1543453744995156,9.770750874549087,-0.8754334463627278,0,0.2789123323149288,42.0,60.0,-18.0,-8.00631313131312,-5.6309330437247525,-8.360547449978554,0.40234355519129505
1555473600,2019-04-17,39.99,40.42,39.23,39.26,3110921.0,0.018593988792664495,0.029546612328069433,-0.0007641365257259336,-0.008585858585858697,-6.490066225165549,6.0194666648473145,-18.999599115178427,-4.54321616573273,-8.552385804041435,-6.5478009848870755,0,12.891372628021323,16.81047307349003,29.8285083548927,28.919980060376048,-3.2264729011672983,2.234293353453808,11.059429285351762,-1.658999965261973,0,0.14294271022530486,38.0,60.0,-21.999999999999996,-6.490066225165549,-4.355231329717029,-7.270187823728378,0.3213732963712298
1555560000,2019-04-18,39.26,39.73,39.02,39.72,1338159.0,-0.011581067472306139,0.0002517623363544885,-0.01762336354481364,0.011716760061130982,-6.865558912386703,5.53218688722761,-19.263304712001002,-4.961396441758978,-8.896441758979506,-6.9289191003692565,0,14.51681609637069,16.48093841642228,30.78598508660631,23.690996270665067,-3.5219088422651623,2.1783531897132677,11.857547241983305,0.7120929854414296,0,0.19412558630386864,34.0,60.0,-26.0,-6.865558912386703,-4.942623672959684,-8.016878504442488,0.27538195355933404
1555905600,2019-04-22,39.52,39.73,39.31,39.45,1317348.0,0.001774397972116537,0.00709759188846637,-0.003548795944233185,-0.006797583081570857,-5.373891001267438,6.33423828001898,-17.08202028255384,-3.579214195183795,-7.371356147021544,-5.475285171102669,0,12.816792065010581,20.605319474166926,30.84734470083552,22.850294569620203,-2.2557158531376587,2.1126461217460477,12.598656773141165,-0.7061263623714025,0,0.10324148510259855,30.0,60.0,-30.0,-5.373891001267438,-3.883275072133756,-7.09763676812365,0.20651111407132838
1555992000,2019-04-23,39.53,39.72,39.1,39.38,1430398.0,0.0038090401218893177,0.008633824276282231,-0.007110208227526726,-0.001774397972116648,-4.380396140172678,6.330569295731976,-15.091361576077333,-2.6680209920433526,-6.327238869138313,-4.497629930590847,0,12.368298003583618,19.768856447688563,30.70858764196162,16.549312653529626,-1.5177047648393227,2.077687302360626,12.859614031651176,-0.7761063266286022,0,0.059178772053643094,26.0,60.0,-34.0,-4.380396140172678,-3.35885853384346,-6.6606353153394195,0.13920302468753443
1556078400,2019-04-24,39.23,39.47,39.1,39.31,1656536.0,-0.0020351055711016475,0.004070211142202851,-0.005342152124141464,-0.0017775520568816816,-3.4355125922157157,6.094515379447699,-12.965540563879117,-1.7353514796913316,-5.368014924107527,-3.5516832018994506,0,11.903066090552578,18.332329921733905,30.39977606694447,9.964044146161214,-1.0391746736824956,1.9999477369816818,13.1019314859819,-0.9047420945747076,0,0.07555395506250384,22.0,60.0,-38.0,-3.4355125922157157,-2.883266262301305,-6.239740981532037,0.0760855662092712
1556164800,2019-04-25,39.72,40.16,37.28,37.52,2806052.0,0.05863539445628985,0.07036247334754786,-0.006396588486140775,-0.04553548715339606,1.7057569296375306,10.114020521046868,-6.702506661771807,3.898365316275772,-0.49662402274341844,1.7008706467661625,0,1.5520510457656584,11.96657714115191,25.23582219634473,-0.03627840038738128,3.7424107051549527,2.4939713905531304,10.401713754044899,-1.5353290504830035,-1,-0.09549600857978194,18.0,60.0,-42.0,1.7057569296375306,1.583304474248365,-1.6973570598777172,-0.09103636069564325
1556251200,2019-04-26,37.89,38.48,37.49,38.38,2159829.0,-0.012767066180302322,0.002605523710265567,-0.023189161021365257,0.02292110874200426,-0.01954142782699364,6.640370344465651,-6.679453200119639,2.119593538301203,-2.2055758207399663,-0.04299114121938885,0,5.329618723324302,12.452387928508642,22.55935993937043,-8.812954313918269,1.4326651910807442,2.4481863423215113,7.894368717246252,1.1867106760197421,0,0.04355934547505682,14.0,60.0,-46.0,-0.01954142782699364,-0.6269310732249096,-3.7471298406257176,-0.14526116654715537
1556510400,2019-04-29,38.19,38.39,37.95,37.95,991594.0,0.006324110671936722,0.011594202898550732,0.0,-0.011203751954142804,1.5454545454545325,6.627700302240427,-3.5367912113313196,3.7316644707948967,-0.6504172156346186,1.5406236275801461,0,3.148524299342405,9.460628785693686,19.392325841415268,-17.33536789738983,2.697312643861409,2.381889880741379,5.566119754504651,-0.5595150494151944,0,-0.10499556215394283,10.0,56.0,-46.0,1.5454545454545325,0.4515080278347767,-2.5523404484112575,-0.2078753969210121
1556596800,2019-04-30,37.83,37.99,37.25,37.7,1679147.0,0.0034482758620688614,0.007692307692307665,-0.011936339522546469,-0.006587615283267456,2.368700265252002,7.019078293174189,-2.281677762670199,4.549071618037146,0.2705570291777377,2.409814323607435,0,1.8965280110195408,3.089964451736403,16.28702291822249,-17.662849049626985,3.29536020323242,2.3666263218335724,4.237292834740394,-0.9586550517457705,0,-0.04053664500174822,6.000000000000007,52.00000000000001,-46.0,2.368700265252002,1.0111909352914665,-1.8313853855740092,-0.2605046450683809
1556683200,2019-05-01,37.8,37.95,37.04,37.05,2020775.0,0.020242914979757165,0.02429149797570873,-0.00026990553306338594,-0.017241379310344973,4.205128205128219,8.777318375398593,-0.36706196514214184,6.505623031938839,2.0980656770130537,4.301844354475932,0,-1.246630001996877,0.8163265306122371,12.2766797783355,-26.168293589709222,4.8821084589360595,2.4115742439379884,3.242310396997148,-1.1511685399610532,0,-0.1668294476717896,2.0,48.0,-46.0,4.205128205128219,2.5182392737604005,-0.10484942064027791,-0.32904991039012044
1556769600,2019-05-02,37.0,37.15,36.51,36.86,1669042.0,0.0037981551817689585,0.007867607162235446,-0.009495387954422174,-0.00512820512820511,4.644601193705938,9.546134803693661,-0.2569324162818134,6.92620727075419,2.5447639717851303,4.73548562126966,0,-2.138559073049194,-1.915912719531663,8.651964348626375,-31.931823956923708,5.0998292988021205,2.374883215628114,2.884643563913123,-0.9540777083998261,0,-0.17171968291643003,-2.0,44.0,-46.0,4.644601193705938,2.7565234436137303,0.39399270121106156,-0.3738716741965692
1556856000,2019-05-03,37.04,37.34,36.77,37.27,849424.0,-0.0061711832573115855,0.0018781862087469126,-0.0134156157767642,0.011123168746608902,3.3632948752347716,8.434164102388337,-1.7075743519188222,5.611752079420441,1.3080225382345247,3.4598873088274757,0,-0.05834138630569896,-2.536610878661085,6.531044483544787,-35.95347188640967,3.5849239462294946,2.290230632191115,2.2455237593771322,0.4909667218818113,0,-0.22230423365364751,-6.0,40.0,-46.0,3.3632948752347716,1.471250499572534,-0.6825623419112787,-0.36233164846808363
1557115200,2019-05-06,36.11,36.87,35.59,36.77,1279575.0,-0.017949415284199133,0.002719608376393623,-0.03209137884144686,-0.0134156157767642,4.594778351917327,10.118663156794483,-0.9291064529598287,6.908258544102978,2.3420360801378166,4.625147312120376,0,-2.491570351666958,-3.363994743758197,3.7135977608952375,-40.90795958802042,4.533820246936941,2.481913911968058,2.747235081561218,-0.7390954717907924,0,-0.16127867398747056,-10.0,36.0,-46.0,4.594778351917327,2.579531212378498,0.6417658120331424,-0.3733183391411429
1557201600,2019-05-07,36.21,36.36,35.6,35.9,1244386.0,0.008635097493036259,0.012813370473537589,-0.00835654596100266,-0.023660592874626185,6.77158774373261,13.226316170262905,0.3168593172023151,9.195914577530175,4.477251624883948,6.836583101207069,0,-6.383759092386981,-6.680530283337667,-0.4120735704121157,-40.717815957401925,6.473427749289755,2.59327431169887,3.213109880732155,-0.7200409652601438,0,-0.15336063361169144,-14.0,-64.0,50.0,6.77158774373261,4.583018823324039,2.959904263757977,-0.4206100663630479
1557288000,2019-05-08,35.91,36.14,35.55,35.55,1217234.0,0.010126582278481067,0.016596343178621797,0.0,-0.009749303621169991,7.513361462728568,14.848888603906516,0.17783432155063394,9.949367088607602,5.209563994374136,7.579465541490876,0,-7.846222153409286,-5.827814569536431,-4.404073957683606,-39.8151156090527,6.559311456141657,2.550293593067838,3.6889462319578534,-0.7040498195150565,0,-0.0865808432687151,-18.0,-68.0,50.0,7.513361462728568,5.078128912181825,3.8177477677817393,-0.4540341360543902
1557374400,2019-05-09,34.72,34.92,34.13,34.82,1570583.0,-0.0028719126938541173,0.0028719126938541173,-0.01981619758759323,-0.02053445850914193,9.22314761631246,17.810104618083543,0.6361906145413911,11.653743059544297,6.929446678154321,9.291594868849344,0,-10.736607237831343,-9.816109816109813,-9.01705597108579,-39.83413298983453,7.839637296481655,2.7090715189060073,5.153096349747692,-0.9031182077800664,0,-0.0914855683462199,-21.999999999999996,-72.0,50.0,9.22314761631246,6.587651013010046,5.759213053173966,-0.5002299583158512
1557460800,2019-05-10,34.57,34.83,33.97,34.73,1004325.0,-0.004606968039159165,0.0028793550244745614,-0.02188309818600631,-0.00258472142446875,8.947595738554568,18.454908178841677,-0.5597167017325546,11.396967079374235,6.585564833477321,8.991265956425792,0,-11.082909725096421,-10.049210049210055,-12.852738653424577,-46.080817991875094,7.3695092092131915,2.6989599641067694,6.606938207172838,-0.5831393938450858,0,-0.036745059819317666,-26.0,-76.0,50.0,8.947595738554568,6.2101629676377,5.796680344768518,-0.5100257762159477
1557720000,2019-05-13,33.78,33.88,33.01,33.05,1772014.0,0.02208774583963713,0.0251134644478066,-0.001210287443267788,-0.0483731644111719,13.446293494705003,24.82684777215202,2.0657392172579705,16.099848714069594,11.037821482602126,13.568835098335839,0,-16.83122281230729,-17.20941883767536,-18.875028353036956,-46.093798834348945,11.438085996254273,3.0053024296402966,8.4649959527192,-1.023888020170296,-1,-0.10326228371357266,-30.0,-80.0,50.0,13.446293494705003,10.503422285793647,10.736327436336353,-0.596800897164957
1557806400,2019-05-14,33.25,33.59,32.92,32.98,1550106.0,0.008186779866586003,0.01849605821710143,-0.001819284414796729,-0.002118003025718629,12.681928441479712,25.142276254848923,0.2215806281104591,15.350212249848411,10.292601576713167,12.821406913280796,0,-17.044719048957532,-16.73819742489271,-23.64329054111522,-46.02644839055134,10.317384337712895,2.941670685469448,10.233630016279484,-0.8927944663890477,0,-0.1723608237898684,-34.0,-84.0,50.0,12.681928441479712,9.715302238534335,10.541115510752164,-0.6231695899873696
1557892800,2019-05-15,32.53,33.51,32.01,33.39,2356467.0,-0.025756214435459723,0.003593890386343057,-0.041329739442947044,0.012431776834445296,10.368373764600165,23.130966777484346,-2.394219248284003,13.102725366876314,7.771787960467208,10.437256663671747,0,-14.485627034657057,-15.681818181818183,-26.350521327869025,-45.871239366878754,7.073403713982131,3.0188933591925964,12.27800577047595,1.3385466550452036,1,0.026114118625267,-38.0,-84.0,46.0,10.368373764600165,7.5711329150592235,8.82361954541146,-0.5782416052947608
1557979200,2019-05-16,33.4,33.55,32.91,33.08,1737156.0,0.0096735187424426,0.01420798065296247,-0.005139056831922617,-0.009284216831386694,10.46856106408707,23.805246693656727,-2.868124565482617,13.103587263200339,7.888956066102381,10.496271664651374,0,-15.53271374899154,-15.741212429954151,-28.96648208312062,-37.93517175198028,6.6946046923873865,2.967721196287637,14.10217269598246,-0.986328444267301,0,-0.09454173105649076,-42.0,-84.0,42.0,10.46856106408707,7.762138585597285,9.45741291132795,-0.5356122319434722
1558065600,2019-05-17,32.78,33.23,32.62,32.73,1601840.0,0.001527650473571729,0.0152765047357164,-0.0033608310418575815,-0.010580411124546552,10.582034830430814,24.199319894289076,-3.0352502334274476,13.284957735003559,8.045116610652812,10.665037172828235,0,-16.699553717839052,-17.598187311178254,-31.572009491753906,-38.17295087639235,6.888803616590408,2.918333602312285,15.92128019603797,-0.9100746026644647,0,-0.09337430280362087,-46.0,-96.0,50.0,10.582034830430814,8.065498878005627,10.211121137428464,-0.4979902237750857
1558324800,2019-05-20,32.13,32.63,31.9,32.44,2347229.0,-0.009556103575832142,0.005856966707768363,-0.016646115906288506,-0.008860372746715472,10.490135635018504,24.300000273038293,-3.3197290030012425,13.239827373612826,7.85758323057955,10.548705302096195,0,-17.654597142451507,-17.769328263624853,-34.08363134641155,-38.36819392163633,6.357614829084767,2.916861380235719,17.893793728660633,-1.3169102870102958,0,-0.05625905270015204,-34.0,-84.0,50.0,10.490135635018504,8.171410644215513,10.757289322413428,-0.46051486264805874
1558411200,2019-05-21,32.67,33.33,32.56,33.23,2325428.0,-0.016852241950044977,0.0030093289196508888,-0.020162503761660955,0.024352651048088703,6.938007824255195,19.900825844400245,-6.024810195889856,9.61330123382487,4.3138730063195965,6.9635871200722335,0,-12.513537650505718,-15.617064499746078,-33.87340310872022,-28.38480554500424,2.6068779453890016,2.835430078829387,18.46230581296453,1.2925704772876023,0,0.10866676660834228,-38.0,-84.0,46.0,6.938007824255195,5.066464131190514,7.805583671343214,-0.3551232539532727
1558497600,2019-05-22,32.94,33.07,31.87,31.87,1714031.0,0.03357389394414789,0.037652965171007136,0.0,-0.04092687330725231,10.334170065892678,23.586912503214563,-2.9185723714291782,13.319213471394193,7.533207823449416,10.426210647421811,0,-17.05074960521266,-18.92648181124396,-35.56766610266454,-28.209584745283905,5.913625964122389,3.0500637405385866,19.342026760275594,-0.9549395253419095,0,0.02557375458125421,-42.0,-92.0,50.0,10.334170065892678,8.640479116813466,11.919500005868187,-0.34908643879671164
1558584000,2019-05-23,31.46,32.07,31.04,32.02,2177681.0,-0.017489069331667828,0.0015615240474702308,-0.030605871330418588,0.0047066206463759475,8.958463460337285,22.3557249916837,-4.438798071009131,11.467312096606278,6.286175307099711,8.876743701852988,0,-16.12159775720717,-14.658848614072491,-36.46369704259123,-33.17754634346578,4.461278405814667,3.04870149982721,20.521868162674842,1.1992890357393013,0,0.07961554157168943,-46.0,-92.0,46.0,8.958463460337285,7.357112101966095,10.948334248303098,-0.30847943226194796
1558670400,2019-05-24,32.38,32.61,32.12,32.17,1394964.0,0.00652782095119675,0.013677339135840683,-0.0015542430836184007,0.004684572142410914,7.48523469070561,20.32320880049403,-5.352739419082809,9.965806652160381,4.964252409076764,7.46502953061858,0,-15.170963212142155,-16.18030224075039,-36.749751505681694,-27.497702026847037,3.276276177660094,2.948737702202749,20.761303418799947,0.7670019271874363,0,-0.01196256081812846,-46.0,-88.0,42.0,7.48523469070561,6.203531626025651,10.02195290271814,-0.2476300988645852
1559016000,2019-05-28,32.3,32.96,32.25,32.89,2821204.0,-0.01793858315597452,0.002128306476132602,-0.019458802067497727,0.022381100404103238,4.363028276071759,16.176395021617978,-7.450338469474488,6.779162866119421,1.8050065876152672,4.29208472686733,0,-10.75742165287783,-13.33333333333334,-34.9420387910798,-17.849259075169755,0.4362746266766635,2.8497406820097546,20.457920092462537,1.5414987855824018,0,0.0875186025535186,-46.0,-84.0,38.0,4.363028276071759,3.509222134062526,7.314879079487596,-0.14034262229242955
1559102400,2019-05-29,32.64,32.72,32.02,32.58,2059728.0,0.0018416206261511192,0.0042971147943524635,-0.0171884591774093,-0.009425357251444222,4.570288520564787,15.70714401672673,-6.566566975597155,6.989973398813177,1.9807652956824313,4.485369347247811,0,-11.926024392254611,-13.580901856763935,-33.9244946364783,-18.711858822128775,0.8664875195727291,2.862105637566672,20.317426457825732,-1.11695617836532,0,0.17753331393890226,-46.0,-80.0,34.0,4.570288520564787,4.066105416406501,8.00908308555293,-0.07498512854830319
1559188800,2019-05-30,33.34,33.6,32.83,33.2,2186853.0,0.004216867469879482,0.012048192771084265,-0.011144578313253106,0.01903007980356053,2.0376506024096415,12.203360553216783,-8.128059348397528,4.347891566265048,-0.5256024096385659,1.9111445783132552,0,-8.272758094155769,-10.391363022941956,-31.388046905010057,-11.166780628970287,-1.2404844056033397,2.8274875682766534,18.933903900985847,1.1871165388403089,0,0.12697409709504695,-42.0,-72.0,30.0,2.0376506024096415,1.9205401245897065,5.757063796030252,0.020186650084090152
1559275200,2019-05-31,32.27,32.88,31.85,32.18,2689321.0,0.002796768178993325,0.021752641392169147,-0.01025481665630823,-0.030722891566265176,4.544748290863893,14.355399218136043,-5.265902636408271,7.011083488709332,1.8619225191630449,4.436503003936181,0,-12.140584004238342,-12.696690179055887,-30.838068711007725,-13.32593555219318,1.5618396104433998,3.008398371810805,18.325586114906308,-1.4475022333762935,0,0.05908319552858011,-46.0,-72.0,26.0,4.544748290863893,4.660505949556352,8.75199026516411,0.024349404866090607
1559534400,2019-06-03,32.18,33.74,32.04,33.58,2801769.0,-0.04169148302561043,0.004764740917212684,-0.04586063132817153,0.04350528278433807,-0.36331149493746295,7.627370869555023,-8.353993859429949,2.121302362517369,-3.1496922771491143,-0.5141949573158655,0,-4.80146893287715,-9.900724443251956,-26.733946981472474,-5.060418104175888,-2.661635810638188,3.038656885185341,16.717824649397997,1.4835767695931281,0,0.18751468310933306,-46.0,-68.0,22.0,-0.36331149493746295,0.2687633620887624,4.0525483714139625,0.12563449737183774
1559620800,2019-06-04,34.61,35.17,34.04,34.77,2280225.0,-0.004601668104688095,0.011504170261719793,-0.020995110727638933,0.03543776057176906,-4.060972102387126,2.566633203322425,-10.688577408096691,-1.6470137091362318,-6.694468411465834,-4.170741060301026,0,0.43609353509131665,-5.4392167527875985,-20.726098999510622,1.598072893254752,-5.638304233995271,3.051676890297072,13.828374763808988,1.19536306545395,0,0.2465912096915382,-46.0,-64.0,18.0,-4.060972102387126,-2.8616946734597946,0.4720906242658742,0.2687964018411748
1559707200,2019-06-05,34.61,35.17,34.04,34.77,2280225.0,-0.004601668104688095,0.011504170261719793,-0.020995110727638933,0.0,-4.2234685073339335,1.8120909774461893,-10.259027992114056,-1.7797910075735786,-6.933659284824088,-4.356725146198855,0,0.43609353509131665,-3.1476323119777034,-16.18272732162331,5.942243212366613,-5.275098029335837,3.065837690914129,11.145314155762051,1.185555432505658,0,0.20402628153956784,-38.0,-52.0,14.0,-4.2234685073339335,-2.5891523236064984,0.4535772664515463,0.3541454358497754
1559793600,2019-06-06,35.07,35.48,34.48,35.33,1480166.0,-0.007359184828757415,0.004245683555052393,-0.024058873478630116,0.016105838366407665,-5.772714407019521,0.03854892184513403,-11.583977735884162,-3.3706010000943394,-8.558826304368324,-5.964713652231353,0,2.7888421307981446,-0.6188466947960588,-11.43544778901714,5.668899233466796,-6.51618883232338,3.0039005593588937,8.755897957803526,0.7690036428604783,0,0.26711643065209567,-42.0,-52.0,10.0,-5.772714407019521,-3.739532974194532,-1.094013754809552,0.4337150679330155
1559880000,2019-06-07,35.56,36.21,35.37,36.07,1777750.0,-0.014139173828666474,0.0038813418353202955,-0.019406709176601145,0.020945372204925095,-7.532575547546443,-1.163971077024712,-13.901180018068189,-5.1714259310599715,-10.267073283430364,-7.719249607245189,0,5.713034916759966,3.5898908673176333,-6.208442215578064,11.872055470392318,-7.945585521541858,2.906375476074194,7.16410025083924,0.9297290808943324,0,0.3383936100878953,-46.0,-52.00000000000001,6.000000000000007,-7.532575547546443,-5.170153668907773,-3.0006598237162336,0.5159897663744974
1560139200,2019-06-10,36.57,37.0,36.24,36.58,1608894.0,-0.0002733734281027411,0.011481683980317126,-0.009294696555494752,0.014139173828666474,-8.568890103881913,-1.363968092664308,-15.773812115099517,-6.220612356478938,-11.217878622197915,-8.719245489338448,0,7.617457013283982,5.326806795277863,-1.1375560516888679,19.487461652659988,-8.532452627195482,2.842748817632489,6.287525938966613,0.8448546756319373,0,0.3030910644135758,-46.0,-48.0,2.0,-8.568890103881913,-5.8739636724629065,-4.182321954690096,0.5797928646290601
1560225600,2019-06-11,36.98,37.36,36.9,37.11,1399538.0,-0.0035030988951765263,0.006736728644570089,-0.0056588520614390125,0.014488791689447833,-9.327674481271899,-1.0502020724254066,-17.605146890118377,-7.101859337105893,-11.917272972244675,-9.50956615467527,0,9.521571359919136,12.284417549167935,3.8224447336761744,18.631146564601124,-9.265246632792383,2.752128368820406,5.728767481753728,0.7416909838782327,0,0.24859637693036454,50.0,52.0,-2.0,-9.327674481271899,-6.53080575333972,-5.3330995387457705,0.6286285459585236
1560312000,2019-06-12,37.07,37.07,36.5,36.8,1730511.0,0.0073369565217391575,0.0073369565217391575,-0.008152173913043348,-0.008353543519267093,-8.044836956521735,1.0439571128104888,-17.13363102585393,-5.840126811594203,-10.668931159420268,-8.25452898550725,0,7.919459865946045,11.582777440873258,7.135268964685871,17.990392721271007,-7.762205616738456,2.6954761043672915,4.763116934468204,-0.9235749643768113,0,0.3113739011724296,46.0,52.0,-6.0,-8.044836956521735,-5.196436113641695,-4.357765808962,0.6104832839923943
1560398400,2019-06-13,36.82,37.29,36.66,37.28,1452132.0,-0.012339055793991416,0.00026824034334760327,-0.016630901287553734,0.013043478260869712,-8.70708154506437,1.0983912805914144,-18.512554370720153,-6.618383404864105,-11.151645207439216,-8.885014306151646,0,9.687975469982355,11.650194669062595,10.601219799166378,25.28777186040844,-8.046805738925855,2.59142352914108,4.038731023164381,0.7837129631330678,0,0.299418720444566,50.0,60.0,-10.0,-8.70708154506437,-5.805932110487262,-5.370026143819047,0.600331408544656
1560484800,2019-06-14,37.14,37.21,36.43,37.14,1398784.0,0.0,0.0018847603661820145,-0.019116855142703337,-0.003755364806867001,-7.8163704900376985,2.592602029466093,-18.22534300954149,-5.743134087237493,-10.331179321486275,-8.037156704361891,0,8.927632082434052,12.273276904474011,13.090598883397291,19.642818783849563,-7.077854988021812,2.5788666419781,3.0947166875752607,-0.7596802637122145,0,0.3801154639397385,46.0,60.0,-14.0,-7.8163704900376985,-4.931735559787086,-4.816715848584138,0.5547865827135819
1560744000,2019-06-17,37.07,37.58,36.99,37.21,1609675.0,-0.0037624294544477133,0.009943563558183266,-0.0059123891427035336,0.0018847603661820145,-7.387798978769155,3.381451092469561,-18.157049050007885,-5.331900026874479,-9.905939263638814,-7.618919645256653,0,9.201169684971745,13.68774824320197,15.236432451471194,18.495297643491554,-6.294969324372332,2.503413813644308,2.5317095576430653,0.8839094106673516,0,0.2973802177964461,42.0,60.0,-18.0,-7.387798978769155,-4.623857533329939,-4.799863258455886,0.5015829148448572
1560830400,2019-06-18,37.44,38.2,37.44,37.6,1503959.0,-0.004255319148936287,0.015957446808510634,-0.004255319148936287,0.010481053480247304,-7.6622340425531945,3.2858731628386977,-18.6103412479451,-5.588652482269509,-10.12322695035462,-7.855939716312037,0,10.734791114593698,15.906288532675722,17.646125841486892,26.03857930682365,-6.319787855174965,2.4885569226332853,2.4991424739291936,0.8356332580346494,0,0.22328518459739266,50.0,72.0,-21.999999999999996,-7.6622340425531945,-5.078547413233196,-5.560358093716104,0.4656463008468652
1560916800,2019-06-19,37.85,37.87,37.38,37.58,1397155.0,0.007184672698243855,0.007716870675891441,-0.0053219797764767485,-0.0005319148936171469,-7.0343267695582625,4.239572030847,-18.308225569963525,-4.967624623026438,-9.430104665602272,-7.198864644314341,0,10.6118012198638,13.090580800481499,19.591605621691098,19.075490192696407,-5.459621540828621,2.4051673074263467,2.3882538154752346,-0.7896540681550155,0,0.22347839996238206,46.0,72.0,-26.0,-7.0343267695582625,-4.549170369261503,-5.294015252096202,0.41518965410940745
1561003200,2019-06-20,38.06,38.39,37.86,38.29,1752180.0,-0.00600679028466955,0.002611647949856355,-0.01123008618438237,0.018893028206492746,-7.919822407939407,3.1315642401786477,-18.97120905605746,-6.045529729259158,-10.250282928527895,-8.147906328893527,0,13.382713595370397,20.144336366488854,22.36671884944883,29.1152702864632,-5.791288256534941,2.3430594268739835,2.690338779467904,0.9865095947401379,0,0.3160898887391779,50.0,80.0,-30.0,-7.919822407939407,-5.717268747354268,-6.773644665076631,0.4039177463292071
1561089600,2019-06-21,38.27,38.4,37.9,38.1,2421645.0,0.004461942257217855,0.007874015748031482,-0.005249343832021025,-0.004962131104726986,-6.662729658792642,4.176959128148809,-17.502418445734108,-4.803587051618564,-8.89020122484689,-6.846894138232713,0,12.15109259332963,18.988132417239218,24.16330803401556,17.60811741095796,-3.8766287942788438,2.280286259683282,2.978580277209346,-1.3598359323521374,-1,0.20657382733320725,46.0,80.0,-34.0,-6.662729658792642,-4.747369311820648,-6.061334906625206,0.359440458140711
1561348800,2019-06-24,37.88,38.21,37.57,37.82,1174973.0,0.0015864621893177944,0.010312004230565774,-0.006610259122157625,-0.0073490813648294795,-5.224748810153358,5.170559397225944,-15.620057017532687,-3.343028380045837,-7.499559316058509,-5.421293848052173,0,10.332487861737384,17.562946844886536,24.905279896944624,10.365393396075511,-2.4820466168052064,2.2539581937393853,2.7449832042268163,-0.6613890547559412,0,0.1763568400577907,42.0,80.0,-38.0,-5.224748810153358,-3.6571990693094705,-5.155435000248104,0.2899194264944758
1561435200,2019-06-25,37.97,38.06,37.56,37.63,1322597.0,0.009035344140313484,0.011427052883337785,-0.0018602179112410244,-0.005023796932839719,-4.1163964921605185,5.871105380652921,-14.10389836497393,-2.211887678270898,-6.3335990787492165,-4.272743378510043,0,9.097310760162387,14.411675281240505,25.000842814807655,6.684070926431467,-1.2400740475014658,2.198437958949748,2.5126121465008104,-0.7496154995400051,0,0.11056951798885949,38.0,80.0,-42.0,-4.1163964921605185,-2.8687725184116175,-4.493155249388934,0.21342867370975482
1561521600,2019-06-26,37.71,38.13,37.63,37.72,2135394.0,-0.00026511134676554526,0.010869565217391353,-0.0023860021208906845,0.002391708743024079,-3.663838812301151,5.499378900824098,-12.827056525426414,-1.7576882290561997,-5.81654294803819,-3.7871155885471808,0,9.510628773640903,15.776550030693679,25.233081813067738,8.157314091992603,-0.9526878232374258,2.1312184993535586,2.3664907520349523,1.1968281510016887,0,0.0014579376376443836,34.0,80.0,-46.0,-3.663838812301151,-2.8052394681219397,-4.535896164561777,0.1539617051466946
1561608000,2019-06-27,38.16,38.45,38.04,38.21,1417580.0,-0.001308557969118107,0.006281078251766603,-0.004449097095001409,0.01299045599151638,-4.243653493849791,4.207212441751665,-12.694519429451248,-2.4073104771874654,-6.319898804850382,-4.363604641018952,0,11.727060002438535,15.090361445783126,26.274043389116088,7.678296786023985,-1.7699594146227327,2.090074220179855,2.5490463190984833,0.7961740690220317,0,-0.062446489173150495,30.0,76.0,-46.0,-4.243653493849791,-3.665780613419116,-5.534228368015874,0.13345842714263867
1561694400,2019-06-28,38.24,38.62,38.02,38.07,3881291.0,0.0044654583661676295,0.014447071184659821,-0.0013133701076962767,-0.0036639623135305,-3.1179406356711183,3.6466187367236245,-9.88250000806589,-1.3256282287015182,-5.139655021451716,-3.2326416250766243,0,10.727277821227496,18.303293971410817,26.720955394860436,11.762901563773717,-0.9580824692641272,2.0604948917219006,2.8840876237307604,-2.161198581584926,-1,-0.18128616430530833,26.0,72.0,-46.0,-3.1179406356711183,-2.9961350238734923,-4.983431156822803,0.09794234428541981
1561953600,2019-07-01,38.82,39.19,37.7,38.05,2027842.0,0.020236530880420656,0.029960578186596587,-0.009198423127463662,-0.0005253480430785773,-2.4796320630749022,3.1094431785615626,-8.068707304711381,-0.6189224704336453,-4.379763469119553,-2.499342969776592,0,10.579729089340297,13.311494937462772,27.034295954048275,12.795373365850566,-0.692705857196998,2.1940295229248834,3.711475574176294,-1.1205459318443904,0,-0.2145681811595427,22.0,56.0,-34.0,-2.4796320630749022,-2.6646572139645883,-4.7400180272973955,0.06231322718731913
1562040000,2019-07-02,37.97,38.06,37.09,37.27,1867501.0,0.01878186208746979,0.02119667292728744,-0.004829621679635077,-0.020499342969776402,-0.10330024148109374,4.824897317596097,-5.031497800558299,1.8169215633664066,-1.9796977014578232,-0.08138806904570117,0,5.085233098671509,7.19010641357492,24.816277017325195,12.382020103689939,1.5061940756191348,2.2658528565962537,3.3891629523126383,-1.0257082386643126,0,-0.26330484116207675,18.0,56.0,-38.0,-0.10330024148109374,-0.5678177684537644,-2.6386814874996105,-0.020162449341386113
1562126400,2019-07-03,37.51,37.53,36.86,36.9,864212.0,0.016531165311653107,0.017073170731707332,-0.0010840108401083404,-0.009927555674805633,1.1869918699187139,5.1499596718504534,-2.775975932013054,3.1056910569105867,-0.6043360433604335,1.2506775067750766,0,2.6986133083744974,6.125970664365819,21.823641529893322,8.089407857965497,2.574432139227099,2.254797459445318,2.7122960319226657,-0.4776313246280292,0,-0.3570233933090125,14.0,56.0,-42.0,1.1869918699187139,0.38832262695167685,-1.5972364593848738,-0.10146593403855053
1562299200,2019-07-05,36.65,37.49,36.62,36.98,1167490.0,-0.008923742563547776,0.013791238507301351,-0.009734991887506705,0.0021680216802166807,1.191184424012988,4.310270158742696,-1.9279013107167486,3.1264647557238163,-0.5403821885703906,1.293041283576727,0,3.160488947369757,4.670251910557596,19.523967810779144,8.615746411151342,2.3893506282652908,2.2572555460401755,1.6960782185518006,0.6487535001870871,0,-0.41535204664462033,10.0,56.0,-46.0,1.191184424012988,0.15484946014039735,-1.7391293874875515,-0.14882343848329915
1562558400,2019-07-08,36.72,37.02,36.3,36.51,1541611.0,0.005751848808545734,0.013968775677896561,-0.005751848808545623,-0.012709572742022668,2.5540947685565527,5.465040898335658,-0.356851361222553,4.537113119693245,0.8559298822240464,2.696521500958653,1,0.13315397957627795,1.2198502911006315,16.144752685631065,2.3611885974841798,3.5998888752895937,2.2638671033442,0.25384174529389014,-0.8688555440461698,0,-0.4260308797270148,6.000000000000007,52.00000000000001,-46.0,2.5540947685565527,1.3066222270269492,-0.45560294129202816,-0.20718221789072788
1562644800,2019-07-09,36.11,36.34,35.21,35.64,1832237.0,0.0131874298540966,0.019640852974186496,-0.012065095398428705,-0.023829087921117487,4.925645342312009,8.498763921069965,1.3525267635540388,7.0178638234193755,3.1430041152263186,5.080433969322854,0,-4.874053882621297,-2.5697102241662053,10.74371169750583,-4.201187881176743,5.707972991444052,2.41401964738708,-0.6141185209091695,-1.0364803742540667,0,-0.40293842400203816,2.0,48.0,-46.0,4.925645342312009,3.4196338686685976,1.8969272760601399,-0.29443197500863993
1562731200,2019-07-10,35.73,36.06,35.14,35.58,1391002.0,0.004215851602023646,0.013490725126475756,-0.01236649803260248,-0.0016835016835017313,4.887577290612711,9.09517272891756,0.6799818523078898,7.047967022671912,3.0372868652801372,5.042626943976018,0,-5.198892560775107,-4.122877930476963,6.240487531908138,-4.051876276914022,5.568336109320498,2.43006420747487,-1.3420470358723051,-0.7833378390680845,0,-0.395128675090362,-2.0,44.0,-46.0,4.887577290612711,3.2517455907647985,1.9876323544954886,-0.3428528830819044
1562817600,2019-07-11,35.51,35.57,34.94,35.39,1441171.0,0.0033907883582933174,0.005086182537439976,-0.01271545634359994,-0.0053400786958964774,5.251483469906759,10.073060353140662,0.42990658667282844,7.420646133559387,3.3714797023641268,5.396062917961757,0,-6.248703482651578,-3.8315217391304257,2.03857944111199,-10.55559093462837,5.633937403115155,2.3977755994942602,-1.7897226505405222,-0.8137714906033532,0,-0.4194777139391017,-6.0,40.0,-46.0,5.251483469906759,3.443594577791444,2.435759519679607,-0.37191318202458296
1562904000,2019-07-12,35.64,36.41,35.41,36.25,1208727.0,-0.016827586206896505,0.004413793103448249,-0.02317241379310353,0.024300649901102034,2.6124137931034426,7.469657865235519,-2.2448302790286476,4.777931034482762,0.7227586206896603,2.750344827586204,0,-0.599469699930161,-2.76287553648069,0.955822399335464,-3.3097384142507167,2.717812062431463,2.374669202087338,-3.414262068530295,0.688836741269433,0,-0.38521269560313826,-10.0,-56.0,46.0,2.6124137931034426,0.8952478555700907,0.005341414832500391,-0.31945902497040907
1563163200,2019-07-15,36.39,36.52,35.74,36.02,1452283.0,0.010272071071626865,0.013881177123820088,-0.007773459189339249,-0.006344827586206803,3.1121599111604468,8.20419951527822,-1.9798796929573115,5.331297427355139,1.2502313529520563,3.290764390153612,0,-1.9578009393699958,-3.0156165858912156,-0.5365901597428394,2.2609887351624636,3.090751152873608,2.3738059440859405,-4.846444856889338,-0.8296857127670422,0,-0.3871561258683604,-14.0,-56.0,42.0,3.1121599111604468,1.3928795649558339,0.6186583097060634,-0.2874960615074507
1563249600,2019-07-16,34.96,36.73,34.67,36.63,2407092.0,-0.045591045591045654,0.0027300027300025675,-0.053508053508053544,0.016935036091060507,1.3158613158613264,6.358630845461704,-3.726908213739094,3.607243607243589,-0.8071708071708059,1.4000364000363845,0,1.7463022054178907,-1.5587207739854831,-0.05157977120163583,0.15332482564394212,0.9839597022213411,2.5692413934278733,-5.143208616393672,1.3511187576657764,0,-0.2432360871868226,-18.0,-56.0,38.0,1.3158613158613264,-0.26746367579985986,-1.0154970245833965,-0.21579003328260746
1563336000,2019-07-17,36.48,36.61,35.67,35.81,1520536.0,0.018709857581680867,0.022340128455738517,-0.0039095224797542905,-0.022386022386022386,3.3859257190728727,8.736633520001405,-1.9647820818556312,5.765149399609044,1.1993856464674622,3.48226752303826,0,-2.995388176610561,-4.7606382978723385,-1.8734902157477342,-1.3100582177999271,2.9189821751380123,2.6318407849691208,-5.418774964504838,-0.8511857265450257,0,-0.23701283387478506,-21.999999999999996,-56.0,34.0,3.3859257190728727,1.8242487540771606,1.2020494086360003,-0.21370020062783404
1563422400,2019-07-18,35.63,35.91,35.51,35.69,1253546.0,-0.0016811431773604557,0.006164191650322115,-0.005043429532081811,-0.0033510192683608997,3.468758755954042,9.02234709915031,-2.0848295872422113,5.841038572896238,1.2851405622490262,3.563089567572632,0,-3.6496486609115095,-5.029270888770625,-3.607814337357688,-6.973293129170422,2.86599327711545,2.5321235252505203,-5.50019120031385,-0.7016545801608115,0,-0.23375196338787244,-26.0,-56.0,30.0,3.468758755954042,1.9602671280291446,1.481836553788085,-0.2101945724909004
1563508800,2019-07-19,35.9,36.98,35.85,36.31,2033760.0,-0.011291655191407401,0.018452217020104467,-0.012668686312310662,0.017371812832726485,1.429358303497665,6.65104578830227,-3.792329181306968,3.868539428991099,-0.7748095106949506,1.546864959148067,0,0.1258358166833915,-5.171062940715584,-3.2594685062931164,-12.263785339301307,0.2847492423023681,2.5648765629509453,-6.745387718155708,1.1280569749975438,0,-0.1235884544537287,-30.0,-56.0,26.0,1.429358303497665,0.19839312558241318,-0.2411421346519802,-0.15828117482021323
1563768000,2019-07-22,36.47,36.94,36.15,36.26,2253831.0,0.005791505791505891,0.018753447324875827,-0.0030336458907886943,-0.0013770311209034825,1.315499172642049,6.327376719625306,-3.696378374341222,3.8196359624931233,-0.9100937672366172,1.454771097628253,0,-0.1718344217476684,-4.829396325459326,-3.1139197942819337,-11.919294396469617,-0.04460101775663361,2.540577346169992,-7.901641627580286,-1.240718807253709,0,-0.14711387395972325,-34.0,-56.0,22.0,1.315499172642049,0.3045063869514735,-0.09951963193462632,-0.12114519105226347
1563854400,2019-07-23,37.24,38.15,36.99,37.8,3375712.0,-0.014814814814814725,0.0092592592592593,-0.021428571428571352,0.042471042471042386,-2.8148148148148096,1.9866201675416306,-7.616249797171264,-0.3703703703703525,-5.044973544973544,-2.7076719576719483,0,7.928280202969134,-0.05288207297726897,1.1212259852597133,0.2870864330891507,-3.8450479313381294,2.6201386043794614,-7.68073967365666,1.8110233736582932,1,-0.03192595193432812,-38.0,-56.0,18.0,-2.8148148148148096,-3.4217855502313483,-4.006027861211507,0.006528066199775161
1563940800,2019-07-24,37.69,38.55,37.67,38.53,2561291.0,-0.021801193874902758,0.0005190760446405207,-0.022320269919543168,0.01931216931216939,-4.53932001038153,0.4998337650734328,-9.57847378583648,-2.143784064365434,-6.828445367246303,-4.486114715805883,0,11.064827370648302,2.391708743024179,6.113275151334988,7.265831484611688,-5.23559471624128,2.550028011924042,-7.1232482989079,1.3625584973107556,0,0.09622007863410022,50.0,36.0,14.0,-4.53932001038153,-4.751432257086208,-5.596334307637022,0.1325483028822968
1564027200,2019-07-25,38.03,38.14,36.14,36.8,3592405.0,0.03342391304347836,0.03641304347826102,-0.01793478260869552,-0.04490007786140682,-0.1766304347825951,4.968518761814138,-5.321779631379343,2.5516304347826093,-2.7608695652173765,-0.10461956521739069,0,1.4890121909592366,-2.439024390243907,5.361245310958737,2.2186209644412216,-0.659482510265164,2.9430969155524718,-8.380936162114303,-1.8704481823782118,0,0.051237388657358246,46.0,36.0,10.0,-0.1766304347825951,-0.24764623763599047,-1.1129109563029687,0.09363271186521577
1564113600,2019-07-26,36.32,36.32,35.09,35.52,3113258.0,0.022522522522522515,0.022522522522522515,-0.012105855855855885,-0.03478260869565197,3.0419481981981846,8.212310608031132,-2.1284142116347766,5.9980292792792795,0.2632319819819742,3.1306306306306197,0,-4.114960298536317,-7.040041873855006,1.7884222932049363,-0.43455589206187994,2.640451416658834,3.1752283711396023,-8.619677792429165,-1.6082974036337483,0,0.03850852456895637,42.0,35.99999999999999,6.000000000000007,3.0419481981981846,3.0282681127264226,2.354486267661656,-0.018116900202258063
1564372800,2019-07-29,35.42,35.72,35.21,35.24,2309479.0,0.005107832009080493,0.01362088535754813,-0.0008513053348467858,-0.007882882882882969,3.4591373439273383,8.55986705112683,-1.641592363272153,6.423571698827061,0.6687476352629744,3.546159667045032,0,-5.2367904519527215,-7.43367480956133,-1.389866705703986,-1.1746050934112873,3.348542939140799,3.0752259053377307,-8.841366449150112,-1.1860548102712059,0,-0.015591806399617422,38.0,-12.0,50.0,3.4591373439273383,3.4805113019793765,3.043520208285912,-0.10580041041469562
1564459200,2019-07-30,34.73,34.89,34.2,34.54,3112616.0,0.005500868558193428,0.010133178922987929,-0.009843659525188064,-0.01986379114642456,5.0477707006369315,10.337386762490809,-0.24184536121693156,7.918838062150172,2.2790001930129193,5.098919127581553,0,-7.942703008695446,-9.22470433639947,-5.169353076656176,-3.64292153382123,5.013691727339193,3.128510405644224,-8.260392232808226,-1.5740875709680962,0,-0.01425752159297947,34.0,-16.0,50.0,5.0477707006369315,5.0464763384803035,4.930588550279751,-0.20036551799366378
1564545600,2019-07-31,34.7,34.83,33.75,34.28,2427621.0,0.01225204200700114,0.016044340723453843,-0.015460910151691931,-0.007527504342790925,5.408401400233373,11.13733312895826,-0.32053032849152885,8.28860365616491,2.5739012057565134,5.431252430960697,0,-8.913751092031582,-8.022538234504967,-8.503511009147246,-4.9144407477754655,5.5044830919585195,3.152116482627041,-7.410269645556298,-1.2266798931623404,0,-0.034137762085806475,30.0,-20.0,50.0,5.408401400233373,5.286715232943109,5.501878359191011,-0.26575017265750783
1564632000,2019-08-01,34.42,34.54,32.68,32.88,2247977.0,0.04683698296836969,0.05048661800486598,-0.006082725060827299,-0.040840140023337135,9.285279805352815,16.54360729462843,2.026952316077214,12.513179237631775,6.193227899432259,9.353203568532038,0,-13.668366418987084,-10.89430894308942,-13.539969112411304,-9.680245423627063,9.443691170911976,3.4556595179829563,-5.967246004622066,-1.136795352239492,0,-0.10992181284678126,26.0,-24.0,50.0,9.285279805352815,8.839276105782218,9.602127234805309,-0.3815639514658779
1564718400,2019-08-02,32.65,32.73,31.89,32.51,2089751.0,0.004306367271608824,0.006767148569670756,-0.019071055059981412,-0.01125304136253058,9.841587203937266,18.332563685293877,1.3506107225806687,13.073413308725534,6.690761816876872,9.882087562801175,0,-14.801530389625782,-12.087614926987559,-17.928384198615415,-14.45486056412841,9.998922250505245,3.4628622058413576,-4.216156593754111,-1.0527803539264746,0,-0.06692304265234732,22.0,-28.0,50.0,9.841587203937266,9.118179854995944,10.424050054305795,-0.4563127234951931
1564977600,2019-08-05,31.75,31.97,31.13,31.25,2794982.0,0.016000000000000014,0.02303999999999995,-0.0038400000000000656,-0.03875730544447853,13.428799999999995,24.134457749062193,2.723142250937798,16.82613333333333,10.147733333333349,13.486933333333354,0,-18.34108835253707,-14.407011777595175,-23.16697576579924,-14.490261763343383,13.26721092289813,3.6605930378393894,-2.2374187765133797,-1.399359901122345,0,-0.18638793604451334,18.0,-32.0,50.0,13.428799999999995,12.23041297467799,14.292961566123026,-0.5571619824888088
1565064000,2019-08-06,31.66,31.86,30.91,31.16,2545652.0,0.016046213093709794,0.0224646983311938,-0.008023106546854897,-0.0028799999999999937,13.037548138639295,25.32484714941809,0.750249127860485,16.42543859649122,9.785515618314093,13.105477107402663,0,-18.57866200836213,-12.570145903479238,-27.258943839138965,-19.570020299970423,12.572998643963686,3.62670988818598,-0.30234254183019615,-1.2600100097870526,0,-0.18490819095547167,14.0,-36.0,50.0,13.037548138639295,11.358896790321936,14.049622063307595,-0.5931472847322037
1565150400,2019-08-07,30.71,31.26,30.56,31.21,2390202.0,-0.016020506247997446,0.001602050624799789,-0.020826658122396702,0.0016046213093710016,12.156360140980468,25.622209287214616,-1.309489005253667,15.469400833066317,8.91060557513616,12.190003204101245,0,-18.279026340820607,-12.282181000562106,-30.3291538146239,-20.266992512377854,11.479038291280958,3.5224690838705017,1.6503332361322194,1.1881369491372826,0,-0.12020341919947905,10.0,-36.0,46.0,12.156360140980468,10.115685228699874,13.32310845012006,-0.576304330924
1565236800,2019-08-08,31.35,31.89,31.14,31.73,1813049.0,-0.0119760479041916,0.005042546485975352,-0.018594390167034347,0.016661326497917406,9.741569492593769,23.70944174731393,-4.226302762126394,13.010820464334486,6.521693455194892,9.76625695976469,0,-15.162218024869688,-10.341904492794574,-31.50123403224757,-21.19549252442677,8.874176802164584,3.386095586418394,2.6189874781103377,0.9034576857818828,0,-0.08222937705889968,6.000000000000007,-35.99999999999999,42.0,9.741569492593769,7.519547647211965,11.016293432753116,-0.49592476900748206
1565323200,2019-08-09,31.48,31.52,30.62,30.66,1866633.0,0.026744944553163785,0.028049575994781417,-0.001304631441617743,-0.033722029624960626,12.659817351598178,28.091107501884096,-2.771472798687782,16.108393128941074,9.425418569254191,12.766905849097625,0,-18.29682017622443,-15.420689655172412,-33.76748448910541,-27.24909282726685,11.680647233344459,3.512558401923686,3.7945825117332213,-0.9331370297550673,0,-0.08516440501276477,2.0,-48.0,50.0,12.659817351598178,10.198350091750811,14.30669233749127,-0.4802750941001547
1565582400,2019-08-12,30.36,30.66,29.88,29.98,1295899.0,0.012675116744496284,0.022681787858572333,-0.0033355570380253496,-0.02217873450750163,14.207805203469007,31.131942704738037,-2.7163322978000224,17.75461418723596,10.920057816321986,14.33733600177898,0,-20.09673545325768,-16.768461965574687,-36.351693759221284,-36.53553961342108,12.576564081694116,3.521479862381452,5.246340016760239,-0.6569776141055003,0,-0.1577442792225605,-2.0,-52.0,50.0,14.207805203469007,11.488527053668335,16.236651994340406,-0.48003370718438165
1565668800,2019-08-13,29.9,31.04,29.65,30.15,1541565.0,-0.008291873963515717,0.029519071310116107,-0.016583747927031545,0.005670446964643139,12.489220563847454,29.890628420022722,-4.912187292327843,16.029297954671094,9.455500276395838,12.742399115533459,0,-19.06487054183502,-17.6904176904177,-37.95988535685656,-40.564466647898286,10.25300173237504,3.5808139340548384,6.088558588962446,0.7916373386343701,0,-0.24942050797736653,-6.0,-52.0,46.0,12.489220563847454,9.825625492080192,14.970225026973608,-0.43412348241005727
1565755200,2019-08-14,29.48,29.6,28.46,28.57,2383836.0,0.031851592579628996,0.03605180259012952,-0.003850192509625483,-0.05240464344941953,17.44312215610779,37.24275892882744,-2.3565146166118325,21.229144790572846,14.22179442305449,17.725469606813675,0,-22.959172241518317,-20.217816252443455,-40.97264693098406,-39.9807903614893,13.719272043038828,3.9314466259632814,7.442174819223503,-1.222866074497489,0,-0.2808562251581559,-10.0,-60.0,50.0,17.44312215610779,14.385068525323149,20.491988678374696,-0.47268706111446956
1565841600,2019-08-15,28.6,28.75,27.97,28.19,1672465.0,0.014544164597374953,0.01986520042568274,-0.007804185881518322,-0.013300665033251668,17.695991486342663,39.06183061864067,-3.6698476459553433,21.618186118008737,14.381577391510007,17.99988175475937,0,-23.79434362051761,-21.014289717007557,-43.695944747084084,-39.326139486838215,13.295418026175227,3.8974778070973057,8.904963285715148,-0.8633284252235807,0,-0.28732258189411425,-14.0,-64.0,50.0,17.695991486342663,14.41011967702353,21.248912985773757,-0.4845170707826121
1565928000,2019-08-16,28.46,29.13,28.35,29.02,1529482.0,-0.019297036526533362,0.003790489317711865,-0.023087525844245338,0.029443064916637063,13.073742246726397,34.102995324867976,-7.955510831415182,16.77923271307145,9.870204456696527,13.324718584883996,0,-18.901564665693613,-20.077113742770592,-43.709759489030105,-34.18660822816648,8.57972194707142,3.7469446981563195,9.761218165477203,0.7891186587778156,0,-0.18932241571896186,-18.0,-64.0,46.0,13.073742246726397,10.077129402071776,17.08377994647317,-0.4006471630077384
1566187200,2019-08-19,29.53,29.68,29.31,29.49,1665903.0,0.0013563919972872096,0.006442861987114412,-0.006103763987792443,0.016195727084769018,10.123770769752454,30.64390704593498,-10.3963655064301,13.667344862665317,7.0108511359782995,10.339097999321822,0,-16.282028069534732,-18.670711527854387,-42.538175996734275,-27.537670390359025,5.313424091651498,3.5837144717978333,9.859645252988294,0.8604966251330451,0,-0.1990096283113272,-21.999999999999996,-64.0,42.0,10.123770769752454,7.530119345886959,14.62097049068538,-0.2832522031963536
1566273600,2019-08-20,29.36,29.36,28.61,28.8,1311315.0,0.019444444444444375,0.019444444444444375,-0.006597222222222254,-0.02339776195320442,11.199652777777771,31.097970140163596,-8.69866458460804,14.804976851851848,8.131365740740733,11.468171296296276,0,-18.153098754586097,-23.809523809523803,-42.311703803765695,-26.315220611576507,6.4759458267241,3.6257158161040053,10.33392895063615,-0.6794283329596598,0,-0.22936521674781926,-26.0,-64.0,38.0,11.199652777777771,9.143851142020381,16.686035245605453,-0.22438132899734065
1566360000,2019-08-21,29.29,29.47,29.07,29.08,1148622.0,0.007221458046767548,0.013411279229711193,-0.0003438789546078569,0.009722222222222188,8.504126547455286,25.774097406227938,-8.765844311317352,12.062127464465846,5.617835855112332,8.839981659789103,0,-16.575031650897984,-24.526343109265515,-41.438276801750334,-20.833043949868326,4.427875940620368,3.498889766037875,10.632773729764246,0.5966840751426445,0,-0.21319604971874997,-30.0,-64.0,34.0,8.504126547455286,7.322190582487664,14.952216292174697,-0.1428637820256411
1566446400,2019-08-22,29.21,29.39,28.74,28.84,1113183.0,0.01282940360610274,0.01907073509015267,-0.0034674063800277377,-0.008253094910591452,8.027045769764229,23.74699063106371,-7.692899091535267,11.367313915857608,5.33749422098937,8.352404068423482,0,-17.259039184233174,-21.630434782608692,-40.98740062658746,-19.46715494142734,4.504209991752745,3.4369929838343527,11.097299043179099,-0.5820071468139317,0,-0.2919262299259696,-34.0,-64.0,30.0,8.027045769764229,7.432892049131624,15.284947403555506,-0.08428459354017126
1566532800,2019-08-23,28.64,28.87,27.85,28.01,2657418.0,0.022491967154587567,0.03070332024277045,-0.005712245626561918,-0.028779472954230223,9.887540164227062,25.10049130801025,-5.325410979556125,13.308937284303227,7.175413542782351,10.242175413542782,0,-19.529007161785316,-21.14301801801802,-41.49044231367688,-18.93905865536496,6.355009009116827,3.546175879785728,11.990287376340454,-1.3720891063967502,-1,-0.28661090012993273,-38.0,-88.0,50.0,9.887540164227062,9.605289823774115,17.967726003184083,-0.08061386163666873
1566792000,2019-08-26,28.41,28.54,27.91,28.17,1323652.0,0.008519701810436597,0.013134540291089625,-0.009229676961306388,0.005712245626561918,8.008519701810428,21.775547512273064,-5.758508108652222,11.411667258312619,5.270382203289543,8.341024730801067,0,-18.564411403775637,-20.06242905788876,-41.4903875023689,-17.060263530565408,4.85795266246005,3.433919121421921,12.819490828561712,0.6839641550721659,0,-0.26027610918517863,-42.0,-88.0,46.0,8.008519701810428,8.127253226692275,16.61935187768249,-0.04818788992047973
1566878400,2019-08-27,28.64,29.12,28.13,28.24,2229198.0,0.014164305949008638,0.031161473087818692,-0.0038951841359773365,0.002484913028043989,6.625354107648732,19.000915401192813,-5.750207185895377,10.11803588290843,3.885741265344663,7.0018885741265535,0,-18.129133484238096,-18.239722061378114,-41.3105625116219,-7.345960369449749,3.7200461060089935,3.4311400279641893,12.763187632575146,1.1445544977812863,0,-0.4226587097544026,-46.0,-88.0,42.0,6.625354107648732,7.1107340896440405,15.689878060129914,-0.005072273785071024
1566964800,2019-08-28,28.12,28.91,27.97,28.86,1521937.0,-0.02564102564102555,0.0017325017325018344,-0.03083853083853083,0.02195467422096331,3.395703395703393,13.649514570200253,-6.858107778793496,6.739431739431751,0.6895356895356883,3.7144837144837055,0,-14.322005257369852,-15.810968494749128,-39.55007654809369,-8.514041778163026,0.7106157462988989,3.3502626647515426,12.812573594937916,0.7812757393399778,0,-0.4141678691835258,-46.0,-84.0,38.0,3.395703395703393,4.351607898787918,12.68668600579224,0.07759448837417748
1567051200,2019-08-29,29.2,29.81,29.2,29.7,1736484.0,-0.01683501683501687,0.0037037037037037646,-0.01683501683501687,0.029106029106028997,-0.06397306397305158,8.723606429623885,-8.851552557570002,2.8709315375981816,-2.5869809203142466,0.14197530864198882,0,-9.574261232805064,-9.671532846715337,-35.95281001848584,-0.45061600571153093,-2.517764913288744,3.251446720927089,11.66735822886124,0.8883171867003026,0,-0.29497619993074997,-46.0,-80.0,34.0,-0.06397306397305158,1.2668922161638108,9.127054960210629,0.19458064686052956
1567137600,2019-08-30,30.07,30.3,29.65,29.75,1327594.0,0.010756302521008454,0.018487394957983128,-0.003361344537815225,0.0016835016835017313,-0.6957983193277357,6.9217559914108335,-8.31335263006629,2.2498599439775973,-3.135014005602244,-0.44257703081233046,0,-9.30000936403249,-8.489695478314358,-32.91273600816917,5.427619672859123,-2.728644256928632,3.170188664945857,10.030209970356445,0.6821081804623481,0,-0.29265077827037067,-46.0,-76.0,30.0,-0.6957983193277357,0.9922485435474044,8.592916845341577,0.2760854872794396
1567483200,2019-09-03,29.35,29.49,28.95,29.47,1557480.0,-0.004071937563623895,0.000678656260604038,-0.0176450627757041,-0.009411764705882342,-0.0542925008483337,7.161818382522725,-7.270403384219364,2.806243637597561,-2.5279945707498968,0.13912453342382491,0,-10.37528909283349,-5.696000000000004,-30.784068983464152,-1.4611031157608991,-2.0240153446749076,3.1656174951956233,9.077573869958677,-0.8073916072309085,0,-0.2115718264204112,-46.0,-72.0,26.0,-0.0542925008483337,1.7659096243801855,9.247240152030116,0.30938962277421767
1567569600,2019-09-04,29.97,30.33,29.88,30.28,1782337.0,-0.010237780713342248,0.0016512549537648358,-0.013210039630118908,0.02748557855446232,-2.8731836195508436,3.7885609120220494,-9.53492815112375,-0.21576398062528312,-5.242184059885517,-2.7289740202553787,0,-5.879719271601189,-2.8241335044929365,-26.996580496689877,7.875746454457953,-4.309728343192859,3.063737777374021,7.2682198239434825,0.9181747651866884,0,-0.07059696374889116,-46.0,-68.0,22.0,-2.8731836195508436,-0.8652799648059499,6.076807442132278,0.3795927244381392
1567656000,2019-09-05,30.82,32.24,30.79,31.99,2320573.0,-0.036573929352922696,0.007814942169428019,-0.03751172241325407,0.056472919418758094,-7.9431072210065565,-1.132927166219062,-14.753287275794065,-5.328748567260604,-10.320933625091172,-7.824841096175888,0,2.053820716192753,2.4991989746875927,-19.858054823110265,16.453537245823057,-8.430795446409718,3.130464293943441,5.943942754692177,1.1832814811784822,0,0.028224800971390265,-46.0,-64.0,18.0,-7.9431072210065565,-5.577357313077229,0.39061271478250603,0.5258139494839489
1567742400,2019-09-06,32.13,32.46,31.9,32.29,1669858.0,-0.004955094456488007,0.005264787860018716,-0.012078042737689754,0.009377930603313489,-8.711675441313105,-1.5707579854174867,-15.852592897208723,-6.140187880664783,-11.027149788376164,-8.58366883452048,0,3.2787988539946653,1.764891270091392,-13.635826905233117,16.92497412630331,-8.54127429596862,3.0037300046946407,4.868286373503711,0.855537696807951,0,0.009135329228941315,-46.0,-60.0,14.0,-8.711675441313105,-5.839893743399074,-0.5208379109973009,0.6208353609787212
1568001600,2019-09-09,32.63,33.57,32.51,33.42,1574783.0,-0.023638539796528968,0.004488330341112956,-0.027229204069419644,0.034995354598947204,-11.385397965290252,-2.885122252997533,-19.885673677582986,-8.955715140634354,-13.72531418312387,-11.340514661879126,0,7.576304117150691,9.001956947162432,-6.407128892133719,17.07277092486811,-10.889535535519741,2.968444353404012,4.587897882868113,0.8055292476361544,0,0.0596176101178328,50.0,40.0,10.0,-11.385397965290252,-8.164248967702221,-3.7321053209649193,0.7303381934378401
1568088000,2019-09-10,33.31,35.06,33.27,35.02,2271063.0,-0.04882924043403769,0.0011422044545974508,-0.04997144488863503,0.04787552363853975,-14.714448886350667,-4.171368115805748,-25.2575296568956,-12.360555872834595,-17.20064724919095,-14.780601561012759,0,12.691146498794502,16.811207471647773,2.1549910114240713,24.053675692756656,-13.578858175565031,2.9955746385328936,5.107156407995916,1.18114598792429,1,0.17347581649666824,50.0,43.99999999999999,6.000000000000007,-14.714448886350667,-11.18290882694454,-7.81157043678445,0.8715070941025336
1568174400,2019-09-11,35.05,35.68,34.15,35.66,2720928.0,-0.017106001121705017,0.000560852495793629,-0.04234436343241721,0.01827527127355788,-15.472518227706104,-2.923829030503171,-28.021207424909036,-13.229108244531673,-18.02159282108805,-15.625350532809861,0,14.493610711056633,18.27529021558872,9.684142721052934,26.079937292988163,-13.549443977927936,3.0381486057577227,5.868741611778738,1.404985141049886,1,0.307869402339049,50.0,48.0,2.0,-15.472518227706104,-11.560083160099808,-9.094882296918243,0.9618720675812344
1568260800,2019-09-12,34.78,35.85,34.67,35.77,1859704.0,-0.02767682415431927,0.002236511042773115,-0.030752026838132496,0.003084688726864959,-14.726027397260268,-0.6516601731989908,-28.80039462132156,-12.57431739819215,-17.363246668530437,-14.968782033361279,0,14.801270572467374,25.20126006300316,15.619736437489747,30.94164300728842,-12.698832941120969,3.0480948333742655,6.6519335246288165,0.9603587066577549,0,0.38877830895318527,50.0,52.0,-2.0,-14.726027397260268,-10.705191560224776,-9.00680909771971,0.9796413796724907
1568347200,2019-09-13,36.08,36.88,36.06,36.47,2144405.0,-0.010693720866465584,0.011242116808335645,-0.011242116808335534,0.019569471624266033,-15.227584315876058,-0.03189716439536028,-30.423271467356756,-13.127227858513848,-17.835207019468058,-15.481217438990967,0,16.73221580020372,29.37211777225966,21.25944589476268,40.03109208640444,-12.355660804590414,2.9934478014559276,7.815103640014193,1.0929288240783992,0,0.46647288931737185,50.0,56.0,-6.0,-15.227584315876058,-11.236331675187117,-10.331620676594923,0.9863972617026213
1568606400,2019-09-16,36.0,36.74,35.7,36.0,1530375.0,0.0,0.02055555555555566,-0.008333333333333304,-0.012887304633945718,-13.151388888888889,3.2054863881069195,-29.50826416588467,-10.941203703703707,-15.782870370370375,-13.362037037037027,0,14.24144104720699,24.05237767057202,24.675170228591835,38.12716321180977,-10.007616874082586,3.0222689229132333,8.493734768637417,-0.7771045300764932,0,0.44693585004086744,46.0,56.0,-10.0,-13.151388888888889,-9.117713369956874,-8.801697220967014,0.9089811190827168
1568692800,2019-09-17,35.6,35.71,34.74,35.14,2331084.0,0.013090495162208393,0.016220830961866772,-0.011383039271485429,-0.02388888888888885,-10.221969265793959,7.024082813252662,-27.46802134484058,-7.864731549990509,-12.995636501612594,-10.430184025801566,0,9.932798603570404,19.159036961681934,25.50011451100387,28.937090704270773,-6.161269873750797,3.1311933001125967,8.12389943189585,-1.1742791535855037,0,0.4955055434194747,42.0,56.0,-14.0,-10.221969265793959,-6.236978541684294,-6.312115067899711,0.7559052234882521
1568779200,2019-09-18,35.14,35.25,34.05,34.25,2537824.0,0.025985401459853952,0.029197080291970767,-0.00583941605839422,-0.02532726237905525,-7.093430656934302,10.516940018021018,-24.703801331889608,-4.588321167883208,-9.983941605839433,-7.286131386861328,0,5.85211647444558,18.923611111111107,24.23655373975113,20.35951586241731,-2.591688941959333,3.233350830776719,7.131971077933109,-1.269400173224617,0,0.36558209681702836,38.0,56.0,-18.0,-7.093430656934302,-3.4385555691914362,-3.7255351085237294,0.5597943610725479
1568865600,2019-09-19,34.18,34.38,33.71,33.76,1640072.0,0.012440758293838838,0.018364928909952782,-0.001481042654028375,-0.014306569343065734,-5.051836492890985,12.574651645486995,-22.678324631268936,-2.460999210110586,-8.014909162717203,-5.237954186413901,0,3.731887462726185,16.09353507565337,22.218872803906855,14.429324663656388,-0.3578328637734245,3.1877315872616254,5.902680350545303,-0.81831252743659,0,0.27499083717655254,34.0,56.0,-21.999999999999996,-5.051836492890985,-1.8430377407065635,-2.236885103545177,0.37124165158824085
1568952000,2019-09-20,33.84,34.3,33.27,33.52,3658891.0,0.009546539379474916,0.023269689737470012,-0.007458233890214827,-0.007109004739336289,-3.673926014319818,13.607243474891106,-20.955095503530742,-1.0038782816229457,-6.710918854415297,-3.857398568019107,0,2.7004357523918756,16.227461858529832,20.127114220900943,5.081862908162897,0.8771198889524783,3.2007152212269463,4.36707067427459,-1.7860736833430648,-1,0.2207764496350854,30.0,56.0,-26.0,-3.673926014319818,-1.0316486651875607,-1.4766395325521984,0.21241877167130252
1569211200,2019-09-23,33.1,34.01,33.04,33.56,1176366.0,-0.013706793802145456,0.013408820023837809,-0.015494636471990564,0.0011933174224343368,-2.9618593563766638,13.334058242648524,-19.25777695540185,-0.3406833531982585,-6.026023043305528,-3.1833531982518934,0,2.859194967441759,19.814352017136738,18.50139418453445,5.4245283693980895,1.440065791623141,3.175003543337847,2.7354907128702273,0.5744200562889329,0,0.17720514892045008,26.0,56.0,-30.0,-2.9618593563766638,-1.0401220300310143,-1.531556532885972,0.09794053129269864
1569297600,2019-09-24,33.68,33.85,32.89,33.03,1237546.0,0.019679079624583595,0.024825915834090218,-0.004238570996064173,-0.01579261025029799,-0.6690887072358294,14.724116483665782,-16.062293898137455,2.07286305378949,-3.80361287718236,-0.8653749116964491,0,0.49531634317427375,17.252396166134183,16.08772456740535,0.6616629926967903,3.6951639807178793,3.203128207879062,1.082364634485888,-0.6055642212584336,0,0.10165387197153564,22.0,56.0,-34.0,-0.6690887072358294,0.49561955043904504,0.046569176601792606,-0.019341504252953334
1569384000,2019-09-25,32.95,33.65,32.6,33.59,1245429.0,-0.01905328966954456,0.0017862459065196568,-0.029473057457576668,0.016954283984256913,-1.528728788329886,12.279095530290789,-15.336553106950547,1.0920909000694508,-4.704277066587295,-1.806093083258915,0,2.8409399372856257,18.944759206798885,14.962425389284114,-1.0029312911055897,2.48114159457522,3.1480270939080297,-0.7246907168680217,0.616429556838748,0,0.09049418845290867,18.0,56.0,-38.0,-1.528728788329886,-1.0674435967776361,-1.5577869141406921,-0.06262744942626197
1569470400,2019-09-26,33.63,33.63,33.05,33.34,1227934.0,0.00869826034793042,0.00869826034793042,-0.008698260347930642,-0.007442691277165792,-0.11847630473906179,12.524946576306121,-12.761899185784245,2.5099980003999036,-3.2218556288742377,-0.35592881423715994,0,1.6900148281538847,15.523215523215535,13.534013304897263,-1.7026891148097434,3.509659280548888,3.069348254128074,-2.402670685982372,-0.6095358571790653,0,0.06780988573303243,14.0,56.0,-42.0,-0.11847630473906179,-0.2945884793033571,-0.787476069405713,-0.10881452499089872
1569556800,2019-09-27,33.51,33.81,32.96,33.18,1558703.0,0.00994575045207946,0.018987341772152,-0.006630500301386344,-0.0047990401919617565,0.8875828812537634,12.582764267426839,-10.807598504919298,3.6050833835644056,-2.2267430178822565,0.6891701828410532,0,0.9425112949121583,11.71717171717172,12.03066770771196,-7.262219835582108,4.037164128010673,3.046837424231874,-3.7797950070066904,-0.7713897778277993,0,-0.0014539996804659452,10.0,56.0,-46.0,0.8875828812537634,0.16847495895476072,-0.2969354061301317,-0.14840717000199766
1569816000,2019-09-30,33.31,33.6,32.97,33.44,1454241.0,-0.0038875598086123286,0.004784688995215447,-0.014055023923444931,0.007836045810729386,0.6549043062201036,11.077606555590052,-9.76779794314983,3.3104066985645915,-2.4700956937799106,0.42015550239236177,0,2.1267234263759676,12.403361344537807,11.216020916240275,-9.140753750541684,3.0507851464257385,2.9417781411657917,-5.058553305100702,0.7238443226879685,0,-0.056734324153202904,6.000000000000007,52.00000000000001,-46.0,0.6549043062201036,-0.5522186380378997,-1.0300940062356432,-0.15464937305872772
1569902400,2019-10-01,33.63,33.76,32.61,32.76,1501397.0,0.026556776556776684,0.030525030525030417,-0.0045787545787545625,-0.020334928229665095,3.246336996337007,12.245544143010534,-5.75287015033652,6.118742368742389,0.0320512820512846,3.0753968253968367,0,-1.1215570056506081,11.163895486935864,9.107526979949657,-18.066490686664935,4.698513077873656,3.039093392481233,-6.307175648035894,-0.7529560580305507,0,-0.20924844679583807,2.0,48.0,-46.0,3.246336996337007,1.3680190216527564,0.9840606461386017,-0.19929706538995595
1569988800,2019-10-02,32.25,32.31,31.33,31.64,1743885.0,0.01927939317319849,0.021175726927939342,-0.009797724399494334,-0.03418803418803407,7.115992414664959,15.546619091971081,-1.3146342626411638,10.21123050990309,3.741571849978925,6.976401179941007,0,-5.887415040006054,4.491413474240421,5.07540132312121,-25.41886881235324,7.578597116507794,3.244737886016587,-6.237761727587497,-0.8891171582610646,0,-0.30018700471515486,-2.0,44.0,-46.0,7.115992414664959,4.484242008063234,4.379944418586248,-0.29330160230574603
1570075200,2019-10-03,31.48,31.75,31.01,31.74,1544885.0,-0.008191556395715116,0.000315059861373701,-0.022999369880277176,0.003160556257901348,6.739130434782609,15.261669151686135,-1.783408282120945,9.724847721067007,3.4992648603234784,6.612056290695236,0,-5.379916951940956,-0.7814942169427948,2.021220934935063,-34.06009638101986,6.0594189488933665,3.1700098732476873,-5.91316898336359,0.7959062869232053,0,-0.24593372645483536,-6.0,32.0,-38.0,6.739130434782609,3.7593346619367196,3.8922190276384043,-0.3347881365078876
1570161600,2019-10-04,31.82,32.05,31.63,32.05,1430365.0,-0.007176287051481989,0.0,-0.013104524180967192,0.009766855702583399,5.669266770670859,14.203138371432274,-2.8646048300905846,8.593863754550185,2.4721788871554935,5.533021320852853,0,-3.786135323076607,-0.7432641684732176,0.13576290845970462,-28.244290739973152,4.2231989951904865,3.008712890348698,-5.99724082364153,0.7536971716305194,0,-0.16139885600516116,-10.0,32.0,-42.0,5.669266770670859,2.4932833537293817,2.7741045333118564,-0.32701785209029477
1570420800,2019-10-07,31.9,32.43,31.52,31.87,1050066.0,0.0009413241292750563,0.017571383746469937,-0.010982114841543766,-0.0056162246489858125,6.022905553812379,15.01594218218176,-2.970131074557031,8.991214308126771,2.882020709130842,5.9366175086287996,0,-4.584981602450554,-4.637941352483545,-1.7662263350846437,-22.46412063996607,4.032203141822578,3.0135376434707624,-6.549798837506099,-0.5656055306237346,0,-0.1631607634142757,-14.0,32.0,-46.0,6.022905553812379,2.7795731143686453,3.2230153530209122,-0.31930699461078826
1570507200,2019-10-08,31.35,31.46,30.9,31.11,1133870.0,0.0077145612343298975,0.011250401800064314,-0.0067502410800386325,-0.02384687794163798,7.984570877531354,17.73149828783373,-1.762356532771065,10.926818814957699,5.063752276867035,7.995285545912381,0,-7.82511102857864,-11.165048543689329,-4.823124408784012,-20.43851799994016,5.722361898177269,3.0893575356255956,-6.4919858168432505,-0.6185795915160865,0,-0.10857068441243434,-18.0,28.0,-46.0,7.984570877531354,4.786571318277154,5.519414012100057,-0.34832408045980734
1570593600,2019-10-09,31.57,31.79,31.25,31.64,1137589.0,-0.0022123893805310324,0.004740834386852022,-0.012326169405815435,0.01703632272581168,5.540455120101129,14.992053031923433,-3.9111427917211614,8.342815002107045,2.8908554572271328,5.616835229667089,0,-4.947390542626465,-11.273135165451475,-6.160408289532831,-14.394687242082298,3.464420416628627,2.9741486096556335,-6.856530573553265,0.6342767707948139,0,-0.021071954023547525,-21.999999999999996,-68.0,46.0,5.540455120101129,2.7426019512980133,3.6047318645455135,-0.31572171869711085
1570680000,2019-10-10,31.84,32.42,31.84,32.27,1108440.0,-0.01332506972420211,0.004648280136349436,-0.01332506972420211,0.019911504424778848,2.9377130461729166,11.671150687093018,-5.7957245947471705,5.630616671831419,0.47102572048342495,3.0508211961573863,0,-1.7264278439382252,-9.784735812133071,-5.865122293337358,-3.3085168924387887,0.7538327411877503,2.880443592287297,-7.937709970243926,0.6272515787449835,0,0.10636767147092271,-26.0,-68.0,42.0,2.9377130461729166,0.666611461393174,1.5200374861109367,-0.23910519057229623
1570766400,2019-10-11,32.94,34.09,32.9,33.91,2070762.0,-0.028605131229725744,0.005308168681805059,-0.029784724270126794,0.050821196157421644,-2.4181657328221746,4.719249490933123,-9.555580956577472,0.1582620662538261,-4.860906320652688,-2.351322127199424,0,5.432338150445744,-7.019468055936392,-2.1442445686465352,5.46213836150703,-3.949783030315089,2.9287081168649034,-7.844968930914028,1.1741719126505759,0,0.17138585084428523,-30.0,-68.0,38.0,-2.4181657328221746,-3.8017729208633284,-3.2568743824985233,-0.07391699112375831
1571025600,2019-10-14,33.73,33.81,33.27,33.8,1045725.0,-0.002071005917159807,0.0002958579881657819,-0.01568047337278089,-0.0032438808611029435,-2.426035502958584,3.649248178586845,-8.501319184504013,0.03747534516764972,-4.850098619329373,-2.4063116370808757,0,4.8959352725702345,-6.11111111111112,0.516306306742893,5.991911751928463,-3.5979592481231606,2.863614537526532,-7.758852251536268,-0.6000557682182234,0,0.27092545335029616,-34.0,-68.0,34.0,-2.426035502958584,-3.1564444564427134,-2.8266561696343615,0.026614337710146756
1571112000,2019-10-15,33.82,34.66,33.51,34.4,1197958.0,-0.016860465116279033,0.007558139534883601,-0.025872093023255882,0.01775147928994092,-4.235465116279073,1.3420862489758463,-9.813016481533992,-1.827519379844972,-6.682170542635674,-4.254844961240295,0,7.270016565868268,-2.1058622652248205,3.7863957488347033,5.957533189086746,-5.119388920254536,2.8514788782997464,-7.04272788790902,0.7002438792944385,0,0.24833019256639777,-38.0,-68.0,30.0,-4.235465116279073,-4.384092787828777,-4.344224776646385,0.1265998561282944
1571198400,2019-10-16,34.49,35.06,34.42,34.94,1995918.0,-0.012879221522610118,0.0034344590726962387,-0.014882655981682813,0.01569767441860459,-5.616771608471666,0.2013704190488852,-11.434913635992217,-3.383419194810159,-8.002766647586341,-5.693092921198229,0,9.299558052940817,2.014598540145979,7.3796620444922105,7.874892248075135,-6.089166226252075,2.741805042063225,-6.105576888322737,1.1742228481549934,1,0.30123624568437396,-42.0,-68.0,26.0,-5.616771608471666,-5.303572172874425,-5.59425417439148,0.2168842585485438
1571284800,2019-10-17,35.09,35.09,34.47,34.66,2317941.0,0.01240623196768631,0.01240623196768631,-0.005481823427582189,-0.00801373783629078,-4.724466243508374,1.4420510798259158,-10.890983566842678,-2.496153106366606,-7.138391998461245,-4.817272552413925,0,7.80110878239072,2.6658767772511807,9.621310218792797,5.45538686431788,-4.818126001098406,2.694301142127521,-5.214621112483993,-1.364833334416749,0,0.28319101565487254,-46.0,-68.0,22.0,-4.724466243508374,-4.106324599077325,-4.642125070323871,0.24353052441349307
1571371200,2019-10-18,34.7,35.52,34.51,35.32,2066697.0,-0.017553793884484636,0.005662514156285381,-0.022933182332955937,0.019042123485285778,-6.250000000000014,0.4151393737521687,-12.915139373752183,-4.119950924877301,-8.669781049452624,-6.394865987164948,0,10.29079210897951,5.369928400954644,12.583156041345903,6.971240472571132,-6.080620192908029,2.6593557042141622,-4.087922386335425,1.2132735738335014,0,0.3000180860360856,-46.0,-64.0,18.0,-6.250000000000014,-5.336486816421811,-6.172088630523092,0.28832634653596134
1571630400,2019-10-21,35.56,36.06,35.37,35.54,1419452.0,0.0005627462014632378,0.014631401238041741,-0.0047833427124367445,0.006228765571913986,-6.551772650534602,0.6993661063722953,-13.80291140744147,-4.454605139748637,-8.897486400300153,-6.676045770024388,0,11.096153405823266,5.899880810488668,15.325574811500529,14.02856807117513,-6.169736769689862,2.6028413963079324,-2.6905420239724904,0.8377007078081504,0,0.3195021917917684,50.0,36.0,14.0,-6.551772650534602,-5.358428561733746,-6.48808321530764,0.3134127617421093
1571716800,2019-10-22,35.38,36.24,35.15,36.23,1444875.0,-0.023461219983438975,0.0002760143527464898,-0.02980955009660502,0.019414743950478375,-7.889870273254203,0.08808622196907834,-15.867826768477485,-5.895206550740625,-10.289355046462404,-8.092280798601507,0,13.537601886143861,9.688162276718122,18.684889406652214,21.697660331346597,-7.111772040088752,2.5857907454796565,-1.7179563488279186,0.8512075379328242,0,0.4222713625199003,50.0,40.0,10.0,-7.889870273254203,-6.478888149253208,-7.94474159976275,0.35411060210273204
1571803200,2019-10-23,36.23,36.47,35.71,36.45,1205980.0,-0.006035665294924719,0.0005486968449930352,-0.020301783264746298,0.0060723157604196665,-8.05349794238684,0.690679228074913,-16.797675112848594,-6.10105166895292,-10.389117512574302,-8.245084590763625,0,14.289740713196949,8.5144388210777,21.733039921382144,28.442536690399706,-6.81980361191286,2.535531223228421,-0.6538217171265934,0.7132896102026474,0,0.41172555022476187,50.0,43.99999999999999,6.000000000000007,-8.05349794238684,-6.37255501378462,-8.167009021119895,0.3716585415792192
1571889600,2019-10-24,36.54,36.92,35.78,35.83,1088423.0,0.019815796818308806,0.030421434552051485,-0.0013954786491765514,-0.017009602194787532,-6.114987440692161,3.209815997333081,-15.439790878717417,-4.00223276583867,-8.520792631872723,-6.261512698855697,0,10.582543531155281,7.468506298740237,22.645291044382567,22.576392368863495,-4.471782786151778,2.6224262791092605,0.6390479858178821,-0.6537775814697833,0,0.2991954649705427,46.0,44.0,2.0,-6.114987440692161,-4.299819218793161,-6.31997858195902,0.319322757083805
1571976000,2019-10-25,35.66,36.37,35.55,36.21,1498150.0,-0.01518917426125388,0.004418668876001064,-0.01822700911350461,0.010605637733742679,-6.681855840927938,3.023692053282545,-16.387403735138435,-4.6373009297615795,-9.100156494522693,-6.868728712142129,0,11.99637403986381,9.13200723327306,23.977611412236076,15.806279875996054,-4.791949703402281,2.5713100890565004,1.4672072291713683,0.9017746472409747,0,0.34848039467325265,42.0,44.0,-2.0,-6.681855840927938,-4.798974144971552,-7.016692819656555,0.2890185992414571
1572235200,2019-10-28,36.54,37.02,36.48,36.84,1463900.0,-0.008143322475570147,0.004885993485342022,-0.009771986970684265,0.017398508699254522,-7.816232356134634,2.365844314143331,-17.998309026412613,-5.812975027144404,-10.175081433224747,-7.994028230184597,0,14.23509116874314,10.167464114832555,26.027639273865983,21.48770606949182,-5.500298175933821,2.5038638091778473,2.6855275794130833,0.8818549326648126,0,0.3796470029568079,50.0,56.0,-6.0,-7.816232356134634,-5.814909030038493,-8.269276736171491,0.2894077162953509
1572321600,2019-10-29,36.44,36.77,36.03,36.18,1226904.0,0.007186290768380177,0.016307352128247743,-0.004145936981757803,-0.01791530944625419,-5.661967938087329,4.917389876778117,-16.24132575295279,-3.697715128063379,-8.026073337018602,-5.86189423254099,0,10.316837654281919,10.439560439560445,25.947587254503517,15.813382716933944,-3.050169408381848,2.5273443407791496,3.104080141700738,-0.7430181622745649,0,0.3196495432629762,46.0,56.0,-10.0,-5.661967938087329,-3.70660418103364,-6.33725034580219,0.22602998021633314
1572408000,2019-10-30,36.01,36.17,35.12,35.77,1768638.0,0.006709533128319567,0.011182555213866241,-0.01817165222253303,-0.01133222775013809,-4.003354766564172,6.37274593346406,-14.379455466592404,-2.035225048923678,-6.432764886776653,-4.233994967850151,0,8.003235281665802,13.053097345132752,24.819455951344555,8.829336680754636,-1.388606359309648,2.5853890675387703,2.2383740642706123,-1.065194270493353,0,0.30474734457626274,42.0,56.0,-14.0,-4.003354766564172,-2.354984685392324,-5.057258058316492,0.14144602952317875
1572494400,2019-10-31,37.57,39.75,37.2,38.0,4583143.0,-0.011315789473684168,0.046052631578947345,-0.021052631578947323,0.06234274531730488,-8.813157894736861,1.281860212317227,-18.908176001790935,-6.649122807017534,-11.264912280701779,-8.95701754385965,0,15.5653495697415,19.722747321991186,27.299635713574183,13.81335033258754,-5.299073525294858,3.007954455443991,3.581640523280697,2.6506244214771955,0,0.14369457640892155,50.0,68.0,-18.0,-8.813157894736861,-7.315185766582928,-10.212078388314254,0.2161607131719776
1572580800,2019-11-01,38.45,39.83,38.4,39.79,2615472.0,-0.033676803216888596,0.0010052777079667674,-0.03493340035184722,0.04710526315789476,-11.942699170645895,-1.2666617444081112,-22.618736596883664,-9.788053949903642,-14.450029320599825,-12.119041635251733,0,20.112520277646652,24.149765990639636,31.58523941917212,20.141000589481237,-8.468463756638869,2.9959600419870958,4.861860127374758,1.4868017320507543,1,0.19145156768186125,50.0,72.0,-21.999999999999996,-11.942699170645895,-10.390938287285493,-13.692419496001605,0.3582315814519892
1572843600,2019-11-04,40.32,41.42,40.11,41.3,3419105.0,-0.023728813559321993,0.0029055690072641305,-0.028813559322033888,0.037949233475747635,-14.020581113801455,-2.410544428847601,-25.63061779875531,-11.947941888619837,-16.536319612590788,-14.242130750605327,0,23.24928073677836,29.588955130216494,36.50862704191821,22.97857001784959,-10.253066460630507,2.9621588566562873,6.64096182346783,1.926951104319855,1,0.25231636700388305,50.0,76.0,-26.0,-14.020581113801455,-12.365563535766995,-16.187270196813984,0.516386983570607
1572930000,2019-11-05,41.33,41.65,40.78,41.08,2236013.0,0.006085686465433282,0.013875365141188034,-0.007302823758519872,-0.0053268765133172025,-12.346640701071067,-0.338863813594088,-24.35441758854806,-10.219896137617638,-14.908308990587486,-12.56410256410254,0,22.088947129315812,32.04757312761169,39.55430184891666,23.551791619066393,-8.597466387720104,2.9165793054297553,8.368911993693828,-1.247352431757444,0,0.18171205056493245,46.0,76.0,-30.0,-12.346640701071067,-10.763269933829875,-15.121226252597737,0.5647515835771415
1573016400,2019-11-06,41.03,41.16,40.45,40.86,1334136.0,0.004160548213411719,0.007342143906020393,-0.010034263338227989,-0.005355404089581239,-10.746451297112102,1.3364949988967396,-22.829397593120945,-8.582150432370696,-13.337412302170023,-10.959781367270352,0,20.906606530192278,29.14032869785082,41.31530029792429,25.39740349083297,-7.132611135242158,2.8469512836020305,9.583404525479402,-0.7517504307755764,0,0.2285769471125926,42.0,76.0,-34.0,-10.746451297112102,-9.30348396237197,-14.089151261782959,0.5404789004735788
1573102800,2019-11-07,41.3,42.2,41.22,41.91,1501967.0,-0.014554998806967312,0.0069195895967550936,-0.01646385110952031,0.02569750367107182,-11.832498210450964,0.2966388813591152,-23.961635302261016,-9.679471884196275,-14.411039529149775,-12.045255706673018,0,23.121354500708634,29.87294700960642,43.684409946880606,25.162364609424998,-8.426682645360088,2.8057462978895713,11.087916322434474,0.8465092786105851,0,0.2096980341341294,50.0,88.0,-38.0,-11.832498210450964,-10.473312130697138,-15.604611799919596,0.5517675619982285
1573189200,2019-11-08,41.95,42.24,41.28,42.22,1151119.0,-0.006395073424916964,0.000473709142586598,-0.022264329701563224,0.007396802672393177,-11.49573661771673,1.2268005760347762,-24.218273811468222,-9.38930996368228,-14.031659561029514,-11.710484762355918,0,23.742554147160675,24.506045414332064,45.787660507338174,25.10511834258753,-8.39107059851186,2.7486207543465775,12.498848992879857,0.6530803682947111,0,0.2805190790006401,50.0,92.0,-42.0,-11.49573661771673,-10.070598132856034,-15.588037797436812,0.5362709539974071
1573448400,2019-11-11,41.93,42.48,41.84,42.17,1108776.0,-0.005691249703580814,0.0073511975337916535,-0.00782546834242348,-0.001184272856466051,-10.398387479250644,2.638173160109986,-23.434948118611274,-8.257845229626128,-12.929412694648661,-10.593628962137387,0,23.454332932081172,24.76331360946747,47.315135742572835,24.98122531210666,-7.565969404167944,2.6637216491592905,13.895872108892995,-0.6306230994802059,0,0.2313073553081995,46.0,92.0,-46.0,-10.398387479250644,-9.01502129725992,-14.880581788271243,0.48060158681826537
1573534800,2019-11-12,42.2,42.27,41.55,41.68,1368797.0,0.0124760076775432,0.01415547024952013,-0.0031190019193858554,-0.01161963481147743,-8.471689059500974,4.764437526097225,-21.70781564509919,-6.313979526551506,-10.93730006397952,-8.6256397952655,0,20.607505715029177,21.16279069767442,47.329075118336874,19.77690739206662,-5.819864253454483,2.625923439274773,14.804962840240009,-0.7801861333945203,0,0.15337399865814422,42.0,88.0,-46.0,-8.471689059500974,-7.1886773535366615,-13.335587937299351,0.3734958323668012
1573621200,2019-11-13,41.35,41.45,40.62,40.75,1773492.0,0.014723926380368235,0.01717791411042957,-0.0031901840490797806,-0.02231285988483689,-5.6699386503067615,7.634029187876095,-18.973906488489618,-3.3999999999999773,-8.175460122699391,-5.787730061349691,0,15.533290010990072,16.628506010303383,45.06277772415839,17.60608085844561,-3.095359761163209,2.6798078112824593,14.493136975677594,-1.0109558927217448,0,0.14117179912945094,38.0,84.0,-46.0,-5.6699386503067615,-4.587621816900665,-10.912324290198583,0.2108343628614886
1573707600,2019-11-14,40.83,40.98,40.32,40.42,1188572.0,0.01014349332013853,0.01385452746165261,-0.002474022761009387,-0.008098159509202452,-4.187283523008404,8.665019458862162,-17.03958650487894,-1.8847930067623366,-6.709137390730675,-4.296965198746477,0,13.820186864699238,16.618580496249294,42.46461073158579,17.973517690737083,-1.7073651141963495,2.6253413939826156,13.857691780673555,-0.6863881892343476,0,0.07766398605050155,34.0,76.0,-42.0,-4.187283523008404,-3.445920444541059,-9.785576702687479,0.059688694600525505
1573794000,2019-11-15,40.78,40.96,40.51,40.65,1221683.0,0.00319803198031976,0.007626076260762726,-0.003444034440344468,0.005690252350321501,-4.073800738007378,8.255781695736488,-16.403383171751244,-1.8212382123821271,-6.480524805248066,-4.15088150881509,0,14.50100003827498,15.09060022650056,40.60059584221146,17.849087763594582,-1.7518152796136661,2.5189103652822085,13.267635528169798,0.7091804051069919,0,0.04254109959361435,30.0,76.0,-46.0,-4.073800738007378,-3.6120166145359747,-9.89224971941671,-0.040713937722903326
1574053200,2019-11-18,40.25,40.38,39.79,39.9,1845605.0,0.00877192982456143,0.012030075187970057,-0.002756892230576402,-0.01845018450184499,-1.724310776942346,10.21876015290269,-13.667381706787381,0.5588972431077792,-4.162907268170429,-1.8020050125313247,0,10.587591892036428,12.267867191896453,37.30735128424493,16.02129965713624,0.519034295456791,2.5369104592434355,11.875406091049108,-1.0680057286523992,0,0.02579031177277653,26.0,72.0,-46.0,-1.724310776942346,-1.6287636140790909,-7.8769854064672415,-0.166497061524431
1574139600,2019-11-19,40.07,40.13,39.47,39.67,1729159.0,0.010083186286866663,0.011595664229896663,-0.005041593143433443,-0.005764411027568861,-0.7209478195109682,10.790317681819545,-12.232213320841495,1.5771783883707258,-3.0636081001596693,-0.7432148558944647,0,9.423755957141957,9.494893734474207,34.106620917942394,15.681359029869029,1.7732616030154276,2.4881980899736584,10.230341248344565,-1.0069365551222147,0,-0.014881415977095155,22.0,64.0,-42.0,-0.7209478195109682,-0.9576214433761265,-7.054915883580776,-0.26802976081887064
1574226000,2019-11-20,39.41,39.66,38.26,38.31,2248112.0,0.028713129731140485,0.035238841033672585,-0.0013051422605064866,-0.034282833375346544,3.04620203602191,14.521816748865305,-8.429412676821471,5.597320107891761,0.6247280953623857,3.1110241016270948,0,3.0776512340204576,5.102880658436212,28.416173934959083,3.988579792828091,5.9940753292704585,2.6553839672228734,7.901095030785726,-1.3163859814453867,-1,-0.031647868711505975,18.0,64.0,-46.0,3.04620203602191,2.3147157766641726,-3.608107821119148,-0.42054331804143397
1574312400,2019-11-21,38.66,38.97,38.37,38.66,1745884.0,0.0,0.008018623900672539,-0.007501293326435565,0.00913599582354463,2.4793067770305157,13.05641186527886,-8.097798311217801,4.893516123469581,0.10562165890672759,2.4995688911881473,0,4.3969600393609625,7.898409154339935,24.341765886644414,-4.655698170653224,5.026421842785965,2.5653330818047584,5.738223543052516,1.023669983456605,0,-0.13866963811328153,14.0,60.0,-46.0,2.4793067770305157,1.2561999195379627,-4.305054583815988,-0.48692896824649856
1574398800,2019-11-22,38.91,39.15,38.56,39.01,1480928.0,-0.0025634452704434985,0.0035888233786209867,-0.011535503716995521,0.009053285049146487,1.9187387849269442,11.643928181420321,-7.806450611566447,4.28992566008715,-0.3960522942835354,1.9469366829018213,0,5.707860662732877,7.732670533001926,21.543194977096263,-9.731746686759024,3.6545801523287764,2.4687536167529114,3.5513912532426026,0.8751262583166447,0,-0.2427696827464393,10.0,56.0,-46.0,1.9187387849269442,0.31460686380464153,-4.961139728026481,-0.49474145981276085
1574658000,2019-11-25,38.9,39.7,38.74,39.63,1493240.0,-0.018420388594499237,0.001766338632349207,-0.022457734039868837,0.015893360676749735,0.6762553620994112,9.638494449916351,-8.285983725717543,3.0364202203717667,-1.6822272689040432,0.6770964757338618,0,7.96119865924733,7.573289902280127,20.14787992186007,-12.060993425689766,1.6455647508233398,2.4295790015931367,2.033675486629736,0.8827892432138991,0,-0.15834476381744392,6.000000000000007,28.000000000000004,-21.999999999999996,0.6762553620994112,-1.1352829609803052,-6.1951329101667625,-0.4470735014838363
1574744400,2019-11-26,39.54,39.63,39.04,39.06,2369577.0,0.01228878648233489,0.014592933947772613,-0.0005120327700973704,-0.014383043149129415,2.514080901177678,10.572549525039136,-5.544387722683808,4.894179894179885,0.14507595152754504,2.5196279228537435,0,5.241476610010146,7.960199004975131,17.82738606849171,-13.699309575748515,2.76218011162608,2.396852472077332,0.6243679890606479,-1.4002340238282718,-1,-0.259648457256134,2.0,28.0,-26.0,2.514080901177678,0.27816300791295134,-4.6369801834611195,-0.44205435413817984
1574830800,2019-11-27,39.16,39.31,38.46,38.75,1305289.0,0.010580645161290203,0.014451612903225941,-0.007483870967741946,-0.00793650793650802,3.718709677419369,10.299443895667878,-2.862024540829168,6.114408602150533,1.3789247311827921,3.7466666666666697,0,3.796358719467655,8.331003634330434,15.312937488127613,-20.331748170840328,3.097520088558241,2.4001359415141525,-1.090186502100888,-0.7827250144100452,0,-0.30861462598176465,-2.0,28.0,-30.0,3.718709677419369,0.9774941870261245,-3.722151474931607,-0.446429643385597
1575003600,2019-11-29,38.47,38.83,38.47,38.49,1001753.0,-0.0005196154845414913,0.008833463237204464,-0.0005196154845414913,-0.006709677419354798,4.482982592881271,10.90967200224749,-1.9437068164849194,6.583095176236256,2.384602061141422,4.483848618688825,0,2.581955852368779,1.2894736842105314,12.73306144608117,-25.547431377009758,3.364625974186339,2.3105602207210674,-2.682272815322314,-0.6053418431139442,0,-0.4018330232083833,-6.0,28.0,-34.0,4.482982592881271,1.5015404065347582,-2.9513319543280403,-0.4522554369453058
1575262800,2019-12-02,38.73,39.44,38.46,38.88,1676612.0,-0.0038580246913582084,0.014403292181069727,-0.010802469135802517,0.010132501948558081,3.3179012345678984,9.840425444682424,-3.204622975546627,5.4029492455418335,1.3623113854595204,3.382630315500677,0,4.213921473123861,-2.2870067856245204,11.251392787777508,-23.974085489482604,1.8607717864979065,2.3040399354096857,-3.723642822678066,1.038015218162479,0,-0.4038816936119002,-10.0,28.0,-38.0,3.3179012345678984,0.4373548827931302,-3.770899690945612,-0.4161727176778115
1575349200,2019-12-03,38.26,38.33,37.66,38.05,1752656.0,0.005519053876478441,0.007358738501971107,-0.010249671484888312,-0.02134773662551459,5.14454664914588,12.082464751862105,-1.7933714535703444,7.233026719229102,3.2724485326325095,5.25273762593082,0,0.33320566277922836,-7.8692493946731235,8.346355659956483,-24.245319815897176,3.410587100856489,2.4151566453040587,-4.91033793413639,-1.077407026881559,0,-0.3461881106486777,-14.0,28.0,-42.0,5.14454664914588,2.3779272874250097,-1.6062541131196184,-0.43262307829177304
1575435600,2019-12-04,38.32,38.82,38.1,38.39,1611358.0,-0.0018233915082053187,0.011200833550403688,-0.007554050533993162,0.008935611038107805,3.8629851523834304,10.847567042139246,-3.1215967373724,5.907788486585048,2.021359729096119,3.9645741078405905,0,1.8203126507489458,-6.548198636806227,6.583298721202718,-16.958974584494868,2.0015891179096883,2.3660500029763196,-6.150807815820947,0.9860155799907172,0,-0.3087608589481985,-18.0,28.0,-46.0,3.8629851523834304,1.3311037502870278,-2.380511919058719,-0.4054850983814934
1575522000,2019-12-05,38.55,39.06,38.41,39.05,1564970.0,-0.012804097311139517,0.00025608194622295244,-0.01638924455825863,0.017191977077363862,1.875800256081959,8.698197707292138,-4.946597195128248,3.856167306871555,0.050789586000860254,1.9534784464361792,0,4.598054974069662,-4.429760156632409,6.321077730941579,-10.668408728951924,0.03538611723483598,2.28246675504919,-7.053322090179613,0.9538996628994161,0,-0.20195948363620986,-21.999999999999996,24.000000000000004,-46.0,1.875800256081959,-0.3451979921994024,-3.872363122221671,-0.3311035738453225
1575608400,2019-12-06,39.57,40.01,39.37,39.68,1339598.0,-0.002772177419354871,0.008316532258064502,-0.007812500000000111,0.01613316261203601,-0.02268145161291102,6.2244705237094,-6.269833426935207,1.901041666666643,-1.7582325268817272,0.07140456989247923,0,7.084155309598692,-5.320925793366731,7.2271630826923925,-10.437911705150803,-1.6804559697752524,2.258594196789893,-7.002548321377052,0.8154181708747972,0,-0.18281503026624285,-26.0,-64.0,38.0,-0.02268145161291102,-1.743855187106817,-5.186874019714111,-0.23216979111739744
1575867600,2019-12-09,39.51,39.77,39.32,39.68,1175510.0,-0.004284274193548376,0.00226814516129048,-0.009072580645161255,0.0,-0.3427419354838577,5.167610175910482,-5.853094046878198,1.5440188172042895,-1.9867271505376323,-0.2213541666666714,0,7.0841553095986995,-6.016106110847938,7.959098399695405,-9.20424765310048,-1.8133590403005115,2.1782712242081272,-7.018664225103212,0.7188908487373932,0,-0.10545369426751319,-30.0,-64.0,34.0,-0.3427419354838577,-1.5777737407156849,-4.983467195411606,-0.16270936727013158
1575954000,2019-12-10,39.59,39.87,39.42,39.79,1100284.0,-0.005026388539834059,0.002010555415933535,-0.009298818798693098,0.00277217741935476,-0.9173159085197398,3.6874568167179547,-5.52208863375742,0.9290441484460104,-2.54419033257939,-0.8075730920666899,0,7.534028571780503,-5.643822622717577,8.758550639884099,-2.8727303425697244,-2.1503575930846637,2.0978699391367535,-6.940697440806449,0.6758116829472721,0,-0.044905243100917105,-34.0,-64.0,30.0,-0.9173159085197398,-1.6736858729764208,-5.040410654653925,-0.10797271339072229
1576040400,2019-12-11,39.91,40.4,39.82,40.21,1061937.0,-0.0074608306391446,0.004725192738124884,-0.009699079830887802,0.010555415933651613,-2.1350410345685162,1.7510666912357067,-6.021148760372725,-0.35273149299510465,-3.754870264445003,-2.053800878720054,0,9.250846001422751,-3.5268714011516287,10.184996067135641,5.00806626629948,-2.966368161898785,2.0360343614191008,-6.389506879052021,0.6557986600905056,0,0.07117305296962156,-38.0,-64.0,26.0,-2.1350410345685162,-2.4435087893664473,-5.79571907168021,-0.045304451686814406
1576126800,2019-12-12,40.29,41.14,40.09,40.73,2547416.0,-0.010802848023569789,0.010066290203781136,-0.015713233488828693,0.012932106441183588,-3.3869383746624067,0.4408157586881458,-7.214692508012973,-1.6331123659873867,-5.045830264342413,-3.3394713151649,0,11.290386500651195,-0.04907975460123466,12.306628979585975,14.941305929832694,-3.658878303302032,2.0506054535873983,-5.290519317987595,1.5576962632682645,1,0.09720306700632772,-42.0,-64.0,22.0,-3.3869383746624067,-3.3376781826757735,-6.723977282121282,0.02553503869911783
1576213200,2019-12-13,40.98,41.19,40.07,40.09,1325703.0,0.02220004988775237,0.027438263906210958,-0.0004988775255675426,-0.015713233488828693,-1.8857570466450682,1.9054955236101279,-5.67700961690025,-0.02078656356532349,-3.602727197139785,-1.8117568803525472,0,7.5581142260593595,-0.8164275111330981,12.553174172749637,8.382320217231843,-1.875522714021443,2.1340823889462834,-4.2323411457585465,-0.8128208579623873,0,0.001479906769030892,-46.0,-64.0,18.0,-1.8857570466450682,-1.6236432493880528,-5.029620677172062,0.02369588423030078
1576472400,2019-12-16,40.4,40.89,40.28,40.4,2247060.0,0.0,0.01212871287128725,-0.002970297029702862,0.007732601646295745,-2.6695544554455495,0.9938210797353406,-6.332929990626397,-0.7908415841584286,-4.384900990098998,-2.5878712871287206,0,8.836184392190269,-0.6150061500615006,13.319096380474837,9.924784673767569,-2.332998169104428,2.1078849339588657,-3.249747128688714,1.364066581960414,0,-0.11806698411932458,-46.0,-60.0,14.0,-2.6695544554455495,-2.1519864444735504,-5.532535990314287,0.03697234761560336
1576558800,2019-12-17,40.64,40.96,40.5,40.85,1191178.0,-0.005140758873929063,0.0026927784577723823,-0.008567931456548328,0.01113861386138626,-3.6254589963280353,0.30788719485634886,-7.558805187512405,-1.8082415340677471,-5.330885352917193,-3.5695634434924557,0,10.646963551815205,2.380952380952388,14.765902938087617,19.018617772584676,-3.166347393605207,2.033679257414227,-2.27740987876302,0.7218619592640779,0,0.010694326396612216,-46.0,-56.0,10.0,-3.6254589963280353,-2.9222647255090095,-6.315409435009087,0.06787721876024821
1576645200,2019-12-18,40.87,41.51,40.68,41.37,1784533.0,-0.012086052695189697,0.0033840947546530664,-0.01667875271936181,0.012729498164014696,-4.631375392796713,-0.21674152048467477,-9.046009265108736,-2.8490854886793926,-6.368544033518646,-4.608814761099026,0,12.645709428066745,4.285354171918315,16.883428813534287,25.817420304301166,-3.948874316719113,2.007986065903217,-0.9229026450980484,1.072977486264128,1,0.08515529897109984,50.0,43.99999999999999,6.000000000000007,-4.631375392796713,-3.747960641716233,-7.199135157894048,0.11252368051167128
1576731600,2019-12-19,41.25,41.46,40.94,41.1,1211619.0,0.0036496350364962904,0.008759124087591275,-0.00389294403892948,-0.00652646845540239,-3.6654501216545157,0.9109399729506578,-8.241840216259689,-2.0231143552311437,-5.351581508515807,-3.6873479318734894,0,10.95364904094074,7.282693813625682,17.915593013439608,24.82971588082367,-2.993925318549813,1.9671793293420388,0.33485407187657046,-0.7278563073184612,0,0.10398625908264414,46.0,44.0,2.0,-3.6654501216545157,-2.81891959588485,-6.331082893288382,0.1127702450917637
1576818000,2019-12-20,41.19,41.26,40.35,40.48,2604943.0,0.017539525691699698,0.019268774703557368,-0.0032114624505927836,-0.015085158150851652,-1.9651679841897192,2.6482099345889623,-6.578545902968386,-0.2334486166007821,-3.68947628458497,-1.961462450592876,0,7.218036723462276,4.707708225556131,17.154802861562853,14.208397031039638,-1.0983691720121413,2.0152172424962083,0.40476849482051946,-1.537229104503912,0,0.02770804225729626,42.0,44.0,-2.0,-1.9651679841897192,-1.20376236639666,-4.704413624154014,0.06258168043525858
1577077200,2019-12-23,40.53,40.69,40.07,40.55,988891.0,-0.0004932182490751114,0.0034525277435264456,-0.011837237977805115,0.0017292490118576698,-1.9445129469790317,2.6840263004560256,-6.573052194414103,-0.2133168927250324,-3.670776818742283,-1.9420468557336505,0,7.527389337665767,3.947705716482951,16.66661203623001,16.163235736485007,-0.8223826000854189,1.9772554548021921,-0.004313846806240917,0.5911121295220774,0,0.04038135896028214,38.0,44.0,-6.0,-1.9445129469790317,-1.2434240047478227,-4.677980953933385,0.02730387308154747
1577163600,2019-12-24,40.55,40.55,39.99,40.17,371471.0,0.009459795867562848,0.009459795867562848,-0.004480955937266606,-0.009371146732429003,-0.9497137167040108,3.7404823273159167,-5.639909760723938,0.7903908389345133,-2.6001991535972024,-0.9049041573313445,0,5.244705853094196,1.3626040878122612,15.269394899813726,12.437506203806784,0.4647431757703231,1.9529681229755236,-0.5201625891511981,-0.2238521565189927,0,0.051627688378140454,34.0,44.0,-10.0,-0.9497137167040108,-0.27975867380058617,-3.628165715521746,-0.02555901927655313
1577336400,2019-12-26,40.29,40.34,39.72,40.1,671720.0,0.004738154613466383,0.0059850374064838174,-0.009476309226932766,-0.0017425939756037234,-0.6471321695760679,3.986240668309435,-5.280505007461571,1.0710723192019884,-2.3329177057356674,-0.6309226932668537,0,4.822889135370929,2.662570404505886,13.935755183206386,7.446549627512979,0.9158806224509988,1.9270742491967376,-1.458975549783876,-0.40736888664516197,0,-0.015594365644041838,30.0,44.0,-14.0,-0.6471321695760679,-0.09561835008292974,-3.3242518325915285,-0.06683101210802256
1577422800,2019-12-27,40.21,40.4,39.9,40.06,750358.0,0.0037443834248627184,0.008487269096355332,-0.003994008986520359,-0.0009975062344139696,-0.3844233649525819,4.085711835926858,-4.854558565832008,1.288067898152761,-2.031952071892178,-0.37194208686970853,0,4.572253191335122,3.3806451612903285,12.718368393633897,6.173792286825616,1.1196186597725983,1.8803648208156682,-2.2489586605559886,-0.46203969505200326,0,-0.028070589573454638,26.0,44.0,-18.0,-0.3844233649525819,0.0037424566386334845,-3.1011435914065686,-0.09660765629664991
1577682000,2019-12-30,40.07,40.18,39.64,39.73,666365.0,0.008557764913163846,0.011326453561540495,-0.0022652907123079657,-0.008237643534698136,0.5990435439214821,4.808172808204063,-3.6100857203610843,2.309757529994144,-1.0831445591073248,0.6133064854434025,0,2.4883631106070467,3.2216160041569104,10.797412040066774,7.668554224084609,2.046613000457981,1.857639767330164,-3.439113445834412,-0.4188392106336743,0,-0.09090119480113941,22.0,44.0,-21.999999999999996,0.5990435439214821,0.7549153613629471,-2.206244503987989,-0.1359052318826076
1577768400,2019-12-31,39.67,40.05,39.61,39.71,824982.0,-0.0010073029463610883,0.008562075044069362,-0.0025182573659028318,-0.0005033979360683505,0.7542180810878705,4.7883209736495616,-3.279884811473792,2.401997817510278,-0.8566272139679398,0.7726853017711761,0,2.3608068723992517,2.134773662551436,9.131236237384769,2.613089178051247,2.1412991381905044,1.8049652182400189,-4.597394676034618,-0.5267592649207147,0,-0.15578917997074943,18.0,44.0,-26.0,0.7542180810878705,0.7289311302563135,-2.0724026708483336,-0.15901706767119572
1577941200,2020-01-02,40.28,40.32,39.68,40.23,1396941.0,0.0012428535918469485,0.0022371364653244186,-0.013671389510315657,0.01309493830269437,-0.27715635098185487,3.0209668302934745,-3.57527953225717,1.3310961968680033,-1.8779517772806287,-0.2734277902063127,0,5.331705205140629,5.729303547963206,8.951747212079262,3.4529681640492598,0.7899116331973488,1.7680075185754147,-5.242667463055945,0.8922172973125293,0,-0.11865580614651122,14.0,44.0,-30.0,-0.27715635098185487,-0.5184815306427311,-3.207274053072254,-0.13594846417754136
1578027600,2020-01-03,39.26,39.68,38.65,38.77,1276409.0,0.012638638122259405,0.02347175651276756,-0.0030951766830024097,-0.036291324881928766,3.5272117616713956,6.712633103412813,0.3417904199299642,5.263949789356005,1.854096810248464,3.5590232998022486,0,-3.2793801777907916,0.9898411044542915,4.74930400534501,-7.241451210715333,4.257392807157444,1.9946391763509264,-5.817217786952064,-0.8169924160928653,0,-0.21614854032876815,10.0,44.0,-34.0,3.5272117616713956,2.920383055654966,0.42057831120698097,-0.21119327062932286
1578286800,2020-01-06,38.45,38.71,38.08,38.61,1007450.0,-0.004144004144004065,0.002590002590002527,-0.013727013727013793,-0.004126902244003139,3.8992488992488887,7.328806479119706,0.4696913193780574,5.649227315893995,2.23042389709056,3.9398256064922634,0,-4.103344490841117,-1.126760563380276,1.0172123803977555,-6.313017468442034,4.383482399002062,1.9874904563448235,-5.657423404469991,-0.6464825669297315,0,-0.10450913364360928,6.000000000000007,44.00000000000001,-38.0,3.8992488992488887,3.028134544821981,0.8039089919553959,-0.2606702455505681
1578373200,2020-01-07,38.54,39.09,38.37,38.85,1545278.0,-0.007979407979407993,0.00617760617760621,-0.01235521235521242,0.006216006216006376,3.150579150579148,6.81693478251124,-0.515776481352944,4.8888888888888715,1.4706134706134861,3.179751179751179,0,-2.6375826979343984,-2.0917338709677376,-1.345634937711272,-8.996056993454637,3.28609593587214,1.9665031894707812,-6.143526210734528,0.9858276124363466,0,0.006263366412070126,2.0,44.0,-42.0,3.150579150579148,2.1638894658772614,0.17407695903828824,-0.2652815923472791
1578459600,2020-01-08,38.88,39.36,38.53,39.09,1249101.0,-0.005372217958557246,0.006907137375287586,-0.014325914556152508,0.00617760617760621,2.4418009721156153,6.225842590094729,-1.342240645863484,4.217191097467392,0.7226912253773321,2.469941161422355,0,-1.1780971022206614,-1.4868951612903132,-2.613008956285208,-8.9832196427108,2.31055223852006,1.96649204371271,-7.0210312459978965,0.7994184288385754,0,-0.005076902432654745,-2.0,44.0,-46.0,2.4418009721156153,1.3902898186569388,-0.42366705136302585,-0.24092566779830837
1578546000,2020-01-09,39.29,39.29,38.37,38.38,1311899.0,0.02371026576341828,0.02371026576341828,-0.00026055237102673434,-0.01816321309797908,4.153204794163628,8.441849332720295,-0.13543974439303952,6.074344276532912,2.3927392739273756,4.233541775230137,0,-5.058484549773752,-3.543603920583053,-5.418248459479376,-19.149914029405153,3.5710017302904618,2.031028552545016,-7.617478106576893,-0.841245561991836,0,-0.1605366529763641,-6.0,-56.0,50.0,4.153204794163628,2.9548898871122304,1.362793066828516,-0.25976805886589915
1578632400,2020-01-10,38.3,38.4,37.8,37.91,934923.0,0.010287523080981353,0.012925349512002082,-0.002901609074122957,-0.012245961438249298,5.141123714059617,10.074096115577575,0.2081513125416592,7.114217884463201,3.3816934845687143,5.247955684515972,0,-7.41686529630995,-5.719970156677453,-8.786736740273785,-18.433854508274138,4.294009435035278,2.0223864528899473,-7.451311290945487,-0.6017658616178536,0,-0.17146757935665075,-10.0,-60.0,50.0,5.141123714059617,3.8283212162640865,2.5167429036464313,-0.2887902647280932
1578891600,2020-01-13,37.8,37.98,37.58,37.88,1878031.0,-0.0021119324181627652,0.00263991552270304,-0.007919746568109898,-0.0007913479293061298,4.848204857444571,10.15933896339925,-0.46292924851012174,6.738384371700093,3.1744984160506675,4.956441393875394,0,-7.566480268395779,-6.997299287994093,-11.5454017291408,-16.535079542650465,3.2660085081967765,1.9548437086622275,-7.042900961605291,-1.2071001564730777,0,0.008381807702808759,-14.0,-64.0,50.0,4.848204857444571,3.5381172233906995,2.4960538182415775,-0.29393360579019323
1578978000,2020-01-14,37.82,38.56,37.82,38.2,1779292.0,-0.009947643979057674,0.009424083769633551,-0.009947643979057674,0.008447729672650395,3.7225130890052185,9.24098671525826,-1.795960537247808,5.499127399650945,2.064572425828956,3.7818499127399576,0,-5.3816948517080405,-4.714392616612622,-12.828294875930855,-6.925713161683362,1.9081820693739786,1.938375534580455,-7.647521096020846,1.1863976672168453,0,-0.023591126840580744,-18.0,-64.0,46.0,3.7225130890052185,2.4164219995247436,1.5732344795783746,-0.2608343980882005
1579064400,2020-01-15,37.83,38.18,37.54,37.8,1220595.0,0.0007936507936507908,0.010052910052910091,-0.006878306878306817,-0.010471204188481797,4.476190476190496,10.343712574206322,-1.39133162182533,6.264550264550266,2.7857142857142776,4.525132275132293,0,-7.5038405716910574,-6.43564356435644,-14.791101806121453,-9.024930099925996,2.6958174112626097,1.943683466501615,-7.854007329165594,-0.8292954329862544,0,-0.028203248784319977,-21.999999999999996,-72.0,50.0,4.476190476190496,3.1668418836672743,2.544237109075027,-0.25085484045784545
1579150800,2020-01-16,37.99,38.34,37.77,38.34,1608692.0,-0.009128847157016229,0.0,-0.014866979655712043,0.014285714285714457,2.677360459050604,8.363550052382678,-3.00882913428147,4.440532081377157,0.9820031298904581,2.7112676056338074,0,-3.863304884194278,-6.144430844553239,-14.706057350758051,-2.0302864994021377,0.964609609685624,1.885621237497007,-8.312955206668846,1.1205418883097749,0,0.0568060395714051,-26.0,-72.0,46.0,2.677360459050604,1.5505698895221087,1.056816703708165,-0.19532902357904441
1579237200,2020-01-17,38.3,38.61,37.73,38.02,1659370.0,0.007364544976327991,0.015518148342977378,-0.0076275644397687525,-0.008346374543557689,3.1009994739610534,8.491522899681911,-2.2895239517598043,4.922847624057496,1.4220585656672,3.172453094862334,0,-5.6160819888911035,-8.09765530577712,-15.371352332637219,-8.5224536233927,1.522583115887599,1.9309974772549383,-9.182518486985382,-1.1652022658896115,0,0.037894518963205774,-30.0,-72.0,42.0,3.1009994739610534,2.1762081883235425,1.8325748412024438,-0.1686044453812846
1579582800,2020-01-21,37.76,37.83,37.04,37.07,1582797.0,0.01861343404370097,0.02050175343943894,-0.0008092797410305108,-0.024986849026828017,5.199622336120854,10.742328676789398,-0.34308400454767707,7.128405718910159,3.4650660911788407,5.2967359050444855,0,-10.326221743816028,-9.80535279805353,-18.032157818597643,-10.34153316677471,3.722886257600848,2.027852350973113,-9.078254149605348,-1.107565234897272,0,-0.016737256182853058,-34.0,-84.0,50.0,5.199622336120854,4.3380596183297655,4.268051581091086,-0.201153716734422
1579669200,2020-01-22,37.05,37.26,36.68,36.88,1361462.0,0.004609544468546556,0.010303687635574654,-0.005422993492407935,-0.00512543835985968,5.253524945770067,11.036909783760379,-0.5298598922202444,7.126265365148214,3.5335321764280394,5.329898770788134,0,-11.193227676417088,-8.893280632411054,-20.52396293559263,-11.254623846841866,3.8245927039985474,2.005040142658531,-8.568648726606732,-0.9545626704886697,0,-0.014897651203305301,-38.0,-88.0,50.0,5.253524945770067,4.411250814712048,4.616784129471995,-0.2201885075602414
1579755600,2020-01-23,36.58,37.2,35.98,37.13,1580769.0,-0.014812819822246248,0.00188526797737687,-0.030972259628333054,0.006778741865509863,4.084298410988424,9.734694681802608,-1.56609785982576,5.992010054762531,2.261872699524176,4.126941377143382,0,-9.395456012091799,-8.434032059186178,-21.694901619771997,-18.72266571690392,2.4657287895715143,2.083983775145641,-7.394049673772638,1.101688052248692,0,0.005009089480110086,-42.0,-88.0,46.0,4.084298410988424,3.3550737702602476,3.7589618542436654,-0.2011732223938879
1579842000,2020-01-24,37.07,37.2,35.82,35.92,946080.0,0.03201559020044531,0.03563474387527843,-0.0027839643652561863,-0.032588203608941546,6.998886414253903,13.373797657222,0.6239751712858066,9.130475129918338,5.046399406087616,7.088437268002963,0,-14.681758372529828,-10.580034851879512,-25.0784922883112,-18.073563050498834,5.506901051935614,2.274733790218441,-6.1573206903008035,-0.6608518114973017,0,0.013739043725752144,-46.0,-96.0,50.0,6.998886414253903,6.185576270953305,6.969705242999311,-0.252020974124597
1580101200,2020-01-27,34.92,35.35,34.52,35.11,1767291.0,-0.005411563657077734,0.00683565935630881,-0.016804329250925565,-0.022550111358574654,8.75676445457134,16.101111369013495,1.412417540129212,10.95746700844964,6.719358207538221,8.838412607993916,0,-17.64955204358381,-12.443890274314219,-29.186031431868493,-19.032961784645664,7.145274606053519,2.445802357245398,-4.030766338916909,-1.2276462423580663,0,0.016048848434987065,-46.0,-96.0,50.0,8.75676445457134,7.812903789993669,9.067434452001393,-0.31789052843709487
1580187600,2020-01-28,32.5,33.47,31.93,32.43,15853199.0,0.002158495220474954,0.0320690718470551,-0.015417823003391895,-0.07633152947878097,16.56799259944495,27.24370295597791,5.892282242911989,19.129406927741783,14.220372083461811,16.67488950560181,0,-24.973704411152042,-19.046430354468303,-36.61874565687589,-35.471798556959484,8.792452691242246,3.159194682871938,-0.9144472294246739,-9.210705921184235,-1,-0.16543680880642847,-42.0,-92.0,50.0,16.56799259944495,15.129891472133195,17.37166842422515,-0.508336961227921
1580274000,2020-01-29,33.04,33.3,32.25,32.3,6504509.0,0.022910216718266208,0.030959752321981338,-0.001547987616098978,-0.004008633980882026,15.88699690402477,28.55716008049663,3.216833727552924,18.568111455108365,13.48142414860682,16.024767801857593,0,-25.25970498132,-18.70123332494337,-42.01545728319468,-25.41325461999844,7.529433544119385,3.1775428711896945,1.9792776579609743,-3.5592590281387317,-1,-0.3017752846423982,-46.0,-96.0,50.0,15.88699690402477,14.108189928327164,17.144294993555206,-0.6029886057933842
1580360400,2020-01-30,32.04,32.48,31.72,32.09,4647555.0,-0.0015581177937052937,0.012153318790900425,-0.011530071673418685,-0.00650154798761593,15.458086631349317,29.68247124103513,1.233702021663504,18.195180222291455,12.975485613379021,15.58533291783526,0,-25.73129996837592,-19.18912112817929,-46.23559614895193,-27.040336181752338,6.979614099252473,3.1390514437353696,4.840144824466172,-2.451232935269419,-1,-0.25174145472527043,-26.0,-76.0,50.0,15.458086631349317,13.44016999660829,17.208510186607384,-0.6363672174408512
1580446800,2020-01-31,31.94,32.04,31.2,31.39,5197643.0,0.01752150366358718,0.02070723160242105,-0.00605288308378471,-0.02181364911187289,16.624721248805358,32.37413376188246,0.8753087357282539,19.50355739619836,14.103748539874687,16.803652968036516,0,-27.252719308041918,-21.97365150385284,-50.19161194070607,-28.864784930265188,8.163707422346775,3.1823558248374932,7.656131282438388,-2.647741381585484,-1,-0.27656125849506497,-30.0,-80.0,50.0,16.624721248805358,14.448954093102202,19.044927198323023,-0.6594115627913781
1580706000,2020-02-03,31.69,32.19,31.46,31.47,3641704.0,0.00699078487448368,0.022878932316491962,-0.0003177629488401168,0.0025485823510671413,15.168414362885272,32.05896962612985,-1.7221409003592782,17.988030928927017,12.697277830738258,15.342654379832638,0,-26.674461513978926,-18.828991488264133,-52.94882354548576,-22.475573368533574,6.895258041200904,3.1291114926720134,10.021880124704055,1.8196703606578997,0,-0.35747525338078806,-34.0,-80.0,46.0,15.168414362885272,12.80963080585758,18.00731040020227,-0.6234898574581178
1580792400,2020-02-04,32.04,32.11,31.43,31.52,4373045.0,0.016497461928933976,0.01871827411167515,-0.0028553299492385387,0.001588814744200917,13.861040609137063,31.551925075294093,-3.8298438570199664,16.733291032148912,11.435067681895077,14.084179357021995,0,-26.298726712786788,-18.363118363118364,-54.944829861319,-27.524884333917328,5.70916408521596,3.0550915581196687,12.22944672603844,2.139666583390311,0,-0.4024530900424779,-38.0,-80.0,42.0,13.861040609137063,11.427759469039174,17.121287981750726,-0.5529859194802211
1580878800,2020-02-05,31.94,32.18,31.66,32.07,4007743.0,-0.004053632678515662,0.003429996881820996,-0.012784533832241984,0.017449238578680193,10.851262862488298,28.43441950730744,-6.7318937823308715,13.63995426670823,8.494958943976712,11.067456605342471,0,-22.201892868340636,-17.451737451737454,-54.729648435473955,-21.472555492665464,3.2737653827151973,2.9352183100697475,14.149199405041259,1.9184665674610326,0,-0.33553196992151413,-42.0,-80.0,38.0,10.851262862488298,8.610415595079488,14.520006396580001,-0.4313332423039977
1580965200,2020-02-06,32.27,32.27,30.9,30.9,4006374.0,0.04433656957928811,0.04433656957928811,0.0,-0.03648269410664173,13.72330097087378,32.2985687621408,-4.851966820393258,16.794498381877034,11.279935275080916,14.037216828478961,0,-25.18546638941703,-20.951650038372996,-55.6623650434337,-25.718865057476165,6.325579091075895,3.1454504522680975,16.22352132400873,-1.8725368285337503,0,-0.41973651543492285,-46.0,-96.0,50.0,13.72330097087378,11.51114892055756,18.116741958105038,-0.39278204673054073
1581051600,2020-02-07,30.69,30.88,30.44,30.73,2602771.0,-0.0013016596160103644,0.004881223560039061,-0.009437032216075503,-0.005501618122977336,13.107712333224853,32.12464971985355,-5.909225053403844,16.061394945221835,10.672524134938712,13.366959540080245,0,-25.586236847697407,-19.932256383533094,-56.54406831554623,-25.931808732166644,6.1075070225427055,3.043855345349111,18.306545325278073,-1.2040199467268435,0,-0.38891616237496357,-34.0,-84.0,50.0,13.107712333224853,10.972983638230588,18.034084977167893,-0.34362527370344287
1581310800,2020-02-10,30.73,30.91,30.34,30.46,2214365.0,0.008864084044648779,0.014773473407747817,-0.003939592908732803,-0.008786202408070265,12.887393302692061,32.39394274522235,-6.619156139838253,15.859597286058232,10.432808054278837,13.146202670168506,0,-26.228103269072022,-19.65180691110524,-57.48506803836655,-26.041048949647603,6.379216384005318,2.98515564185704,20.27442756503281,-1.0258196740980905,0,-0.38165588913555815,-38.0,-88.0,50.0,12.887393302692061,10.817928206943805,18.332100045105832,-0.2959965843371304
1581397200,2020-02-11,30.44,31.53,30.36,31.22,3062780.0,-0.024983984625240208,0.009929532351057091,-0.02754644458680333,0.024950755088640753,9.072709801409374,27.865223155422882,-9.719803552604148,12.077194106342091,6.535874439461864,9.306534272901999,0,-20.719101796225317,-17.581837381203812,-55.750136657843704,-21.709559769434378,3.2401375313012863,2.972137666016635,20.930079607639527,1.3961201300203478,0,-0.34007696897381734,-42.0,-88.0,46.0,9.072709801409374,7.346889616678354,14.84555689623437,-0.18541561298290343
1581483600,2020-02-12,31.64,32.04,31.1,31.75,5280263.0,-0.003464566929133883,0.00913385826771651,-0.020472440944881876,0.016976297245355543,6.236220472440962,23.948627340474076,-11.476186395592151,9.204199475065607,3.692388451443577,6.448293963254599,0,-17.15636586862867,-16.884816753926707,-52.676967106082785,-15.084157266384125,1.008212839394389,2.925245878806549,20.67416249995604,2.316565350497526,0,-0.31073507111162385,-46.0,-88.0,42.0,6.236220472440962,5.025913735015024,12.421451924484401,-0.05542967110216268
1581570000,2020-02-13,31.41,32.37,30.72,32.11,5886536.0,-0.021800062285892263,0.008097165991902688,-0.04328869511055744,0.011338582677165254,4.159140454687019,20.78901265724234,-12.470731747868271,7.186234817813769,1.4216754905014284,4.303955154157606,0,-14.821463347083537,-15.052910052910049,-49.106938286707766,-9.0355340677986,-0.3947240226577833,3.052887922047878,20.68020195849939,2.490550246320746,0,-0.21839741704664015,-46.0,-84.0,38.0,4.159140454687019,3.4819036654473905,10.723355274770327,0.06918218508658769
1581656400,2020-02-14,31.81,32.0,30.6,31.26,5330793.0,0.0175943698016634,0.023672424824056293,-0.021113243761996192,-0.02647150420429767,5.85892514395394,21.588266373410974,-9.87041608550308,9.13574322883342,2.948923011303023,6.04233312006825,0,-17.619526915822775,-18.466353677621285,-47.182694428049174,-10.893866609515314,1.9157000966427233,3.256939505759175,20.762238215541778,-2.189137471476045,0,-0.2221379899209019,-30.0,-64.0,34.0,5.85892514395394,5.696119500430768,13.195476243379929,0.10651625565089251
1582002000,2020-02-18,31.27,31.86,31.08,31.43,3899608.0,-0.005090677696468315,0.01368119630925868,-0.011135857461024523,0.005438259756877839,4.237989182309889,18.265029189349335,-9.789050824729543,7.469508961713856,1.3479690317106616,4.408738996712259,0,-16.50588322012537,-17.332982640715418,-45.14504762857785,3.534162406751854,0.6575479305953138,3.1852076640843907,20.838414739938273,1.5718672804992777,0,-0.18086226616947343,-34.0,-64.0,30.0,4.237989182309889,4.636385037173852,12.089759865393248,0.1520404323682394
1582088400,2020-02-19,31.37,31.96,31.32,31.85,3202075.0,-0.015070643642072223,0.0034536891679748383,-0.01664050235478809,0.013363028953229383,2.043956043956044,14.452282967543752,-10.364370879631693,5.149136577707992,-0.8445839874411405,2.152276295133433,0,-13.77440758073255,-14.0814674939304,-42.251584164031556,0.6917883576054393,-1.005907372125364,3.062220227558289,20.712940256116482,1.2738907502031076,0,-0.05202724235058338,-38.0,-64.0,26.0,2.043956043956044,2.9464155679885096,10.195509881427128,0.21591944143935748
1582174800,2020-02-20,31.67,32.4,31.63,32.18,2796227.0,-0.015848353014294547,0.006836544437538894,-0.017091361093847124,0.010361067503924515,0.26724673710378966,10.843456053789396,-10.30896257958183,3.343691733996266,-2.6476072094468748,0.3480422622746886,0,-11.679246724784903,-12.744034707158358,-38.94766865938147,7.544060038286744,-2.0840257952740444,2.9852443514616662,19.758381594801413,1.099685820568811,0,-0.029967331017759072,-42.0,-64.0,22.0,0.26724673710378966,1.7106504793989785,8.709966302568432,0.2817185468004284
1582261200,2020-02-21,32.08,32.11,31.03,31.1,2662709.0,0.031511254019292556,0.032475884244372866,-0.0022508038585209444,-0.033561218147917904,2.779742765273312,11.139808928781548,-5.5803233982349525,6.048767416934609,-0.10557341907824025,2.9715969989281774,0,-15.575319552595971,-16.24023700511716,-37.70054596334041,10.313668392308408,1.2900300924528807,3.1324003720497777,19.388136119861578,-1.0350687669811327,0,-0.02141823168113817,-46.0,-64.0,18.0,2.779742765273312,4.7434174186405045,11.99549149815013,0.25464683394982446
1582520400,2020-02-24,30.01,30.07,29.12,29.44,6230891.0,0.01936141304347827,0.021399456521739024,-0.010869565217391353,-0.05337620578778135,7.474524456521749,14.668412976914212,0.28063593612925786,10.805593297101439,4.450294384057997,7.627943840579718,0,-20.438113826383557,-18.04008908685969,-38.843842138083225,1.2844235634523358,6.209738321359197,3.553060632811833,20.201156326264773,-2.3292119479097306,0,0.006736133484241749,-46.0,-96.0,50.0,7.474524456521749,9.63523122521137,17.59239762763147,0.13318999871382053
1582606800,2020-02-25,29.52,29.69,28.16,28.17,7294098.0,0.047923322683705916,0.053958111466098746,-0.00035498757543495074,-0.04313858695652173,11.088036918707857,18.19237604710635,3.9836977903093356,14.803573541592698,7.913264702402074,11.3584191219974,0,-23.457569731736825,-19.76644830532611,-41.21458042075,-0.7178787961718314,9.737975812886248,3.835963703508659,21.356370104016143,-2.6052674829047424,0,-0.06171704814872192,-38.0,-88.0,50.0,11.088036918707857,13.189585236124586,21.996066683174334,-0.016473312748442437
1582693200,2020-02-26,28.58,29.04,27.62,27.65,3742860.0,0.033634719710669,0.05027124773960212,-0.0010849909584086381,-0.018459353922612776,12.312839059674502,21.298837409282314,3.326840710066705,16.125979505726363,9.149487643158551,12.63773357444245,0,-24.576758866668186,-14.739438791242678,-43.56092417435093,-7.2633396839964135,10.885226807414867,3.9957847271038642,22.62572462424272,-1.3255354040588088,0,-0.16329718030035667,-42.0,-92.0,50.0,12.312839059674502,13.859401887420958,23.337822731472585,-0.1280695050901164
1582779600,2020-02-27,27.15,28.72,26.53,28.0,7090019.0,-0.03035714285714286,0.02571428571428558,-0.05249999999999999,0.012658227848101333,10.141071428571408,19.950622038222093,0.3315208189207368,14.008928571428541,6.712500000000006,10.36071428571428,0,-22.41342772907747,-13.312693498452004,-44.39691890378491,-8.901088264471234,8.134452261599833,4.222665357544602,24.148166218053234,2.4124364966923815,0,-0.05010849265155622,-46.0,-92.0,46.0,10.141071428571408,11.251763233939798,20.941350929786864,-0.1541426440138698
1582866000,2020-02-28,27.13,29.11,27.07,29.08,7579766.0,-0.06705639614855574,0.0010316368638239037,-0.06911966987620355,0.03857142857142848,5.533012379642386,15.112393800045453,-4.0463690407606805,9.362677670793246,1.897065566254014,5.629871618523623,0,-16.17801324836512,-9.379869118105344,-42.16967474153822,-0.8815590959702106,3.3330515112914583,4.276503709339347,24.96872977516926,2.488759963202778,0,0.052166461506627376,-46.0,-88.0,42.0,5.533012379642386,6.441897623069323,15.804631898257384,-0.07830657603349467
1583125200,2020-03-02,28.99,29.75,28.43,29.75,4624036.0,-0.025546218487395023,0.0,-0.044369747899159706,0.023039889958734516,2.88067226890756,12.275136560443016,-6.5137920226278965,6.605042016806735,-0.853781512605039,2.875630252100848,0,-12.654883861671486,-5.224593819687801,-38.7584795071556,4.081791803283906,0.78215909837391,4.198534123117999,24.813645332043485,1.484796073099461,0,0.1363264619470375,-46.0,-84.0,38.0,2.88067226890756,3.6595074424941885,12.679081288162735,0.03144199088960686
1583211600,2020-03-03,29.5,30.04,28.33,28.75,5498195.0,0.026086956521739202,0.04486956521739138,-0.01460869565217393,-0.03361344537815125,5.986086956521746,15.993543382657862,-4.021369469614356,10.01971014492753,1.9605797101449127,5.9901449275362495,0,-15.537355605830726,-8.643152208452491,-37.24480037236546,-2.0390344816647996,3.8762485109566427,4.459088377927668,24.273362570013823,-1.7243667901545072,0,0.07207968498005579,-46.0,-80.0,34.0,5.986086956521746,6.573145477217139,15.947437850175078,0.05004589269391535
1583298000,2020-03-04,29.06,29.11,28.0,29.03,4363974.0,0.0010334137099552443,0.0027557698932139107,-0.03548053737512924,0.009739130434782695,4.534963830520141,14.525325144762874,-5.455397483722592,8.52049603858076,0.3909748535997153,4.45573544609023,0,-14.079597563602377,-7.899746192893396,-35.41264969533762,-9.099388749339631,2.170400059997462,4.373761825821726,23.953078223105386,1.342110014212919,0,0.09741736110209927,-46.0,-76.0,30.0,4.534963830520141,5.017109914095187,14.247568824295428,0.09211938186719748
1583384400,2020-03-05,28.15,28.32,27.21,27.52,4165725.0,0.022892441860465018,0.029069767441860517,-0.011264534883720922,-0.052015156734412704,9.44404069767441,20.47037870647992,-1.5822973111310716,13.803294573643399,5.013323643410843,9.408309108527149,0,-18.10668867168731,-14.187714374805116,-35.676243103723245,-16.93563819856118,6.691883565467435,4.756576971155683,24.05725623605325,-1.2689577160616239,0,0.01414354732527361,10.0,-40.0,50.0,9.44404069767441,9.752711993558776,19.71168150471354,0.03225401495755165
1583470800,2020-03-06,26.69,27.31,26.24,26.57,5811802.0,0.004516371847948841,0.02785095972901752,-0.012420022581859258,-0.034520348837209225,12.542340986074535,25.2595989327465,-0.174916960597443,16.940785346882464,7.949441726257689,12.445113536570048,0,-20.31098087071176,-14.012944983818764,-36.89476012449623,-16.74429727014069,9.104448962917047,4.918847726223606,24.57433405551827,-1.719849253450799,0,-0.013830395114499924,6.000000000000007,-43.99999999999999,50.0,12.542340986074535,12.374317700220459,23.05106619988348,-0.05270203229133297
1583726400,2020-03-09,25.0,25.68,23.96,23.97,4480379.0,0.04297037964121819,0.07133917396745937,-0.0004171881518564291,-0.09785472337222434,23.339591155611174,40.97163221251736,5.707550098705028,28.6100681407315,18.10944235850367,23.359755249617578,0,-25.24081241150506,-21.998047510575987,-40.39700494412588,-22.706493982533303,19.164915215378954,5.840691319848907,25.775602962461164,-1.2943726495292704,0,-0.07164072236834967,2.0,-48.0,50.0,23.339591155611174,22.22406342174206,34.970898768570436,-0.25410992221662565
1583812800,2020-03-10,24.93,25.58,24.13,25.57,5812090.0,-0.025029331247555797,0.00039108330074300035,-0.05631599530700049,0.06675010429703798,14.665623777864695,32.43912713161089,-3.107879575881526,19.663668361360948,9.475948377004315,14.569808369182653,0,-17.93371914930657,-16.053841103086018,-39.51381012922114,-21.12015551913268,10.069020760228668,5.533878490916023,26.89106694747956,1.6306690635372507,0,-0.018731529419661018,-2.0,-48.0,46.0,14.665623777864695,13.18789728320759,25.485111788975317,-0.24933608073568303
1583899200,2020-03-11,24.85,25.21,24.12,24.65,5915902.0,0.008113590263691739,0.022718052738336825,-0.02150101419878292,-0.03597966366836147,17.61257606490871,37.42963245554978,-2.204480325732348,22.82014874915484,12.284651791751202,17.552400270453035,0,-19.71395668108609,-21.044202434336963,-39.68236176886296,-26.195022312614128,12.474481405564603,5.7505550540869175,27.92967240048897,-1.6130404274599588,0,-0.03603892111493607,-6.0,-48.0,42.0,17.61257606490871,15.754034844201186,28.98545210496826,-0.2758340025290682
1583985600,2020-03-12,22.48,25.58,21.4,22.66,5034485.0,-0.007943512797881747,0.12886142983230364,-0.055604589585172226,-0.08073022312373224,25.935569285083844,49.91751938124261,1.9536191889250887,32.46395998823181,19.573403942335972,26.01868196528389,0,-23.1126988232011,-28.62992125984252,-41.4591043953623,-26.56804509685263,20.502805896500334,7.126356597787645,29.50752809405018,-1.340773934891419,0,-0.030839843536820014,-10.0,-60.0,50.0,25.935569285083844,23.4510196681411,38.732047769227904,-0.3881996136595758
1584072000,2020-03-13,23.65,24.28,21.83,23.61,5361452.0,0.0016941973739941218,0.028377806014400653,-0.0753917831427362,0.041924095322153576,19.068191444303267,42.6926120347097,-4.556229146103192,25.504729634335746,12.794013835945222,19.149371735140463,0,-19.209775311321096,-26.471504204297723,-40.964855548157566,-19.84508889797432,13.682399311173967,7.092279683476386,30.972679809499873,1.3941641210602849,0,0.026932911890283164,-14.0,-60.0,46.0,19.068191444303267,16.72334565241013,31.84986580967231,-0.3599863208540106
1584331200,2020-03-16,21.41,22.63,20.94,21.21,4559405.0,0.009429514380009385,0.06694955209806697,-0.012729844413012725,-0.1016518424396442,30.172088637435138,59.10031848278098,1.2438587920893411,37.48939179632248,23.203677510608188,30.34653465346534,0,-23.03735120535009,-32.149712092130514,-42.39444476805661,-18.133297471010934,24.171273518782115,8.230057935102737,32.49107938502658,-1.166419862481925,0,0.08325172324122287,-18.0,-68.0,50.0,30.172088637435138,27.080500272141748,44.93514089409527,-0.4581085741025883
1584417600,2020-03-17,21.51,21.82,19.05,20.51,6351285.0,0.04875670404680643,0.06387128230131633,-0.07118478790833749,-0.03300330033003296,31.952705997074588,64.15259126724965,-0.24717927310049959,39.98618560052006,24.242645863806274,32.114415732163195,0,-24.028571055726005,-34.74387527839643,-43.92376949831041,-18.53286208161221,25.614339462791264,8.867708694176631,34.17477532909316,-1.5837092044803889,0,0.13167389437450636,-21.999999999999996,-72.0,50.0,31.952705997074588,28.425555024657882,47.92558635177892,-0.52073761884078
1584504000,2020-03-18,19.18,20.14,15.64,18.16,4293343.0,0.05616740088105732,0.1090308370044053,-0.13876651982378851,-0.11457825450999515,45.258810572687224,85.35266303148109,5.164958113893363,55.38362701908957,35.47723935389132,45.43043318649046,0,-27.014671230642236,-42.982731554160125,-46.57542769952321,-16.5050196944608,38.32764491172915,11.215375901228427,36.07156367289491,-1.0532958175068223,0,0.11075852734611828,-26.0,-76.0,50.0,45.258810572687224,40.75454829441719,64.43782394799419,-0.6619493690190268
1584590400,2020-03-19,17.47,20.32,16.8,19.34,5180715.0,-0.09669079627714583,0.050672182006204824,-0.13133402275077555,0.06497797356828183,33.07652533609101,71.26369896513768,-5.110648292955659,43.18855567045847,23.07480179248536,33.13167873147191,0,-22.60251642930737,-39.9005593536358,-46.568492517715526,-21.019012180516228,25.715923966835348,11.078911001484737,37.649578336115724,1.2487223874178204,0,0.04364963221228116,-30.0,-76.0,46.0,33.07652533609101,29.103140157348946,52.27138031701358,-0.6182276134944713
1584676800,2020-03-20,19.7,20.72,17.97,18.87,4850417.0,0.04398516163222044,0.09803921568627438,-0.04769475357710662,-0.024301964839710366,33.15050344462108,73.06436010272418,-6.76335321348202,43.95778131072245,22.45804628157569,33.207913796149086,0,-23.245162473928445,-39.32475884244373,-46.83909869091072,-22.79856173933858,25.30052962368667,11.584752078103158,38.696143066928016,-1.1491595042632734,0,-0.04437477062907768,-34.0,-76.0,42.0,33.15050344462108,29.240769884723647,53.86545327807505,-0.5647751655375566
1584936000,2020-03-23,18.81,19.96,18.02,19.46,4065208.0,-0.033401849948612616,0.025693730729702047,-0.07399794450154173,0.03126656067832534,26.549331963001023,65.82891086627882,-12.730246940276785,37.17625899280574,15.819630010277507,26.49794450154164,0,-21.043178785294074,-33.89945652173913,-46.106569088466806,-21.4185199561082,17.993847202996534,11.143207797237872,39.66795317411086,0.9507245923445408,0,0.022582302853224635,-38.0,-76.0,38.0,26.549331963001023,22.910716064136366,47.271037688679144,-0.4390918132355055
1585022400,2020-03-24,21.04,21.69,19.53,20.97,5188586.0,0.0033381020505485193,0.03433476394849788,-0.06866952789699565,0.07759506680369976,15.720076299475451,52.06010797368867,-20.61995537473777,25.554760769353038,5.435542838976318,15.495151804164692,0,-15.720419704898532,-25.559105431309913,-43.187817114003366,-14.35798131926633,7.036279879442219,10.361770926307095,38.81845728959147,1.1897757196320051,0,-0.005896704627069791,-42.0,-76.0,34.0,15.720076299475451,12.72113939994503,35.22850129284893,-0.21501102867089106
1585108800,2020-03-25,21.61,22.71,19.5,21.83,5665897.0,-0.010077874484654137,0.04031149793861677,-0.10673385249656431,0.0410109680495947,9.828218048557048,44.300783575177206,-24.64434747806311,19.47091158955567,-0.6756756756756772,9.397617956939982,0,-12.895339460447204,-21.048824593128394,-39.635548480244886,-6.928008739658239,1.0492669378206756,10.292920529482945,37.14854364839919,1.2770418585733418,0,0.05483186956651572,-46.0,-76.0,30.0,9.828218048557048,7.491838603756506,28.728536852003515,0.01800524730315889
1585195200,2020-03-26,22.01,23.05,21.29,22.95,4467737.0,-0.040958605664487946,0.004357298474945592,-0.0723311546840959,0.051305542830966555,3.3681917211329164,35.19349053706799,-28.45710709480217,12.387799564270168,-6.588235294117638,2.899782135076265,0,-9.395257642277926,-18.03571428571429,-35.2399417038939,1.0871588760889281,-5.433124309799538,9.63905358562703,35.31534648033165,0.9949298702842391,0,0.142729690343943,-46.0,-72.0,26.0,3.3681917211329164,2.0321400512088132,21.566110482705454,0.26095857294761293
1585281600,2020-03-27,21.71,22.25,20.72,21.81,3440390.0,-0.004585052728106276,0.02017423200366819,-0.049977074736359484,-0.04967320261437913,7.10453920220084,38.80809475424206,-24.59901634984041,16.580314840287343,-3.153752101482496,6.713281369402409,0,-11.680055713525022,-25.0,-32.5870240352144,2.292929154597985,-1.3441686273755522,10.148724822400682,33.8326493446326,-0.7586473223356437,0,0.22876171968396863,-26.0,-48.0,22.0,7.10453920220084,6.663860329096764,26.82540797379005,0.35258153641905654
1585540800,2020-03-30,21.53,22.77,20.81,22.62,4160080.0,-0.048187444739168916,0.006631299734747964,-0.08001768346595939,0.037138927097661645,1.693191865605641,29.38781011236526,-26.00142638115399,10.946065428824042,-8.36427939876215,1.2908930150309317,0,-9.189081525283122,-23.966386554621845,-29.40008116631516,0.5222671109834991,-6.07025886659892,9.705279616316995,32.00342293587965,0.9071402580428595,0,0.20205016866110853,-30.0,-48.0,18.0,1.693191865605641,2.573443395592605,21.41003558148236,0.4681913732948497
1585627200,2020-03-31,23.54,24.6,22.32,22.43,8303333.0,0.04948729380294248,0.09674543022737403,-0.00490414623272406,-0.00839964633068091,1.1457868925545966,26.485682382428436,-24.194108597319214,10.69252489225741,-9.03551790756427,0.8285034923465844,0,-9.592018024226668,-21.982608695652175,-27.011915281917897,11.750708251047143,-5.5679308472269895,9.814452977435117,28.908216365378642,-1.7596253388907148,-1,0.091764850676075,-34.0,-48.0,14.0,1.1457868925545966,3.114482097865931,21.558535258104456,0.5278904923695249
1585713600,2020-04-01,21.18,21.74,20.66,20.85,4811247.0,0.015827338129496216,0.042685851318944756,-0.009112709832134303,-0.07044137316094512,6.8489208633093455,30.47407432194035,-16.776232595321673,17.24380495603515,-3.9648281374900165,6.639488409272573,0,-12.806473933536992,-28.177747158112293,-26.312536546835652,12.391565859346855,0.862083859504196,10.410401999624206,26.807338172063396,-1.0058265622235085,0,0.07622611572361566,-38.0,-48.0,10.0,6.8489208633093455,9.88763009169243,29.563492120303636,0.45950660830711376
1585800000,2020-04-02,20.57,21.62,20.06,20.5,4351627.0,0.0034146341463414664,0.05463414634146346,-0.02146341463414636,-0.016786570743405393,6.960975609756105,28.17217891712633,-14.250227697614136,17.658536585365866,-4.131707317073179,6.763414634146329,0,-13.483823659104516,-25.50872093023256,-26.026065686653183,5.290519941541277,1.662323020995899,10.375398822293176,25.107513473983133,-0.898506209864616,0,0.015256126769294434,-42.0,-48.00000000000001,6.000000000000007,6.960975609756105,10.643402231879122,30.52945167356117,0.39187599344682367
1585886400,2020-04-03,20.61,20.89,19.46,19.59,4371106.0,0.05206738131699851,0.06636038795303723,-0.0066360387953037225,-0.044390243902439064,10.148034711587542,30.05045925884866,-9.754389835673578,21.499064148375012,-1.4871533095116547,10.005955419431672,0,-15.217454829164993,-26.270229582235604,-26.506942839198004,5.717037578277456,5.856408237976879,10.603237023777188,23.77452318042735,-0.8922470166481784,0,0.008480206431345817,-46.0,-48.0,2.0,10.148034711587542,14.279892970944658,35.15782782941699,0.29163176531912116
1586145600,2020-04-06,20.76,22.95,20.18,22.76,4341523.0,-0.08787346221441128,0.00834797891036887,-0.11335676625659064,0.16181725370086797,-5.459138840070295,11.168319266964161,-22.086596947104738,4.242091388400709,-16.003954305799653,-5.8809314586994645,0,-5.547390991291522,-5.047976637463485,-22.72036715802309,13.865978331060099,-8.426044609971072,9.529018242673036,21.12842788290724,0.8740919171305417,0,0.05913933454292064,-42.0,-40.0,-2.0,-5.459138840070295,-1.4810466090984562,15.692607008973127,0.4359123049021467
1586232000,2020-04-07,24.17,24.45,22.51,22.7,3427536.0,0.06475770925110136,0.0770925110132159,-0.008370044052863346,-0.002636203866432485,-5.841409691629934,8.924184887901546,-20.60700427116143,4.212922173274606,-16.302496328928058,-6.044787077826726,1,-5.678324272023239,-11.224090731325777,-19.83063567593607,19.405770341900123,-6.832605435054845,9.482208677287911,17.835654959892494,-0.6854934681948451,0,0.010807005092217,-46.0,-40.0,-6.0,-5.841409691629934,-1.1043922711108252,15.371014114785538,0.5187682209071345
1586318400,2020-04-08,23.1,23.8,22.54,23.5,3136323.0,-0.017021276595744594,0.01276595744680864,-0.040851063829787315,0.03524229074889873,-9.29148936170212,4.150747270188077,-22.73372599359233,0.4078014184397034,-19.481560283687955,-9.536879432624119,1,-3.4679712999178136,-4.665314401622712,-16.5566938449427,18.864683061851025,-8.768842155333061,8.888145229992894,14.778080102807372,0.6608680707217165,0,0.0010352613352755497,-46.0,-36.0,-10.0,-9.29148936170212,-4.045236852138004,10.994725907280724,0.6124817419879496
1586404800,2020-04-09,24.15,24.94,23.52,23.69,4356527.0,0.01941747572815533,0.05276487969607424,-0.007176023638666207,0.008085106382978768,-9.801604052342753,4.028128854573836,-23.631336959259357,-0.8034332348389057,-19.368228507105684,-10.085830870972288,1,-2.9425348273921728,4.54545454545455,-13.708937414615804,19.125826213991104,-8.031731044059498,8.621263847804467,12.545075876922148,0.926368168090392,0,-0.024512851861066706,-46.0,-32.0,-14.0,-9.801604052342753,-4.356264959053675,9.708263503450425,0.6677632372431337
1586750400,2020-04-13,23.98,24.37,22.55,24.07,2330779.0,-0.0037390943082675765,0.012463647694225255,-0.06314914831740759,0.016040523427606646,-11.130037390943087,2.765446118766903,-25.025520900653092,-2.41240825370447,-20.422379171859845,-11.417393712782172,1,-1.8694246098435627,1.9483269800931846,-10.942420816247182,20.267244378633947,-8.477062789588757,8.419166203360264,9.912152640649467,0.5005466074896758,0,-0.031727703922898476,-42.0,-24.0,-18.0,-11.130037390943087,-5.307532436583088,7.663472842640573,0.7066617245663291
1586836800,2020-04-14,24.21,25.11,24.16,25.02,3390558.0,-0.03237410071942437,0.003597122302158251,-0.03437250199840125,0.039468217698379604,-13.743005595523584,1.033736700194268,-28.51974789124145,-5.632160937916325,-22.66253663735678,-14.147348787636545,0,0.7572042075977308,17.963224893917957,-7.560535430809981,19.747520664607535,-10.895316390143364,7.81786369959307,7.864386310985715,0.7338352664820098,0,-0.015848488848829112,-46.0,-24.000000000000004,-21.999999999999996,-13.743005595523584,-8.055067963196194,3.435314317013521,0.7680179802899871
1586923200,2020-04-15,23.57,24.52,23.42,24.36,2648700.0,-0.03243021346469621,0.006568144499178974,-0.038587848932676416,-0.026378896882494063,-10.615763546798021,5.19550538407276,-26.427032477668817,-2.6710454296661226,-19.477285166940334,-11.074165298303228,0,-1.0553428475511737,18.771331058020465,-5.4771306613877995,13.47381416372351,-7.756911437128949,7.925282509176757,5.531432528636678,-0.575746059795642,0,-0.02851867657153567,46.0,72.0,-26.0,-10.615763546798021,-5.03404919920284,5.993131335822355,0.7357370267787535
1587009600,2020-04-16,24.15,24.47,23.45,23.97,3425958.0,0.007509386733416834,0.02085940759282434,-0.02169378389653731,-0.016009852216748777,-7.94952023362535,7.005228455474381,-22.904268922725066,-0.5652899457655423,-16.19315811430954,-8.379224030037534,0,-2.118880715538154,31.99339207048457,-4.18386351686821,6.514657753588267,-5.865062160616674,7.7828787919604725,3.3651183021697086,-0.7477769471274357,0,-0.09795006741270824,42.0,72.0,-30.0,-7.94952023362535,-3.156642889641901,7.415021462850618,0.6620121812205411
1587096000,2020-04-17,25.08,25.81,24.52,24.83,4256667.0,0.01006846556584784,0.03946838501812322,-0.012484897301651143,0.03587818105965779,-10.032219089810695,4.259814252831902,-24.324252432453292,-3.20311451201502,-17.3915961874077,-10.297355349711367,0,0.38366811317115435,28.386763185108578,-2.1148018461699163,13.274410418481189,-8.146200909198114,7.505963006624484,2.1138833670866823,0.9280856285775789,0,-0.16063290016479173,38.0,72.0,-34.0,-10.032219089810695,-5.890780874191364,3.549758087356338,0.644439105357365
1587355200,2020-04-20,24.01,24.49,23.43,23.49,3065903.0,0.022137079608344212,0.042571306939123144,-0.0025542784163473664,-0.05396697543294404,-3.916560238399313,9.704980783040867,-17.538101259839493,2.9416773094934143,-11.33673903788845,-4.197530864197532,0,-3.294552382950215,24.483306836247998,-1.9286438277137745,7.073219114529124,-2.441785791300717,7.793133244871122,0.27542370135166294,-0.6712147656542822,0,-0.2747945182223924,34.0,72.0,-38.0,-3.916560238399313,-0.47252872147673486,9.085955786061533,0.5211144130967691
1587441600,2020-04-21,22.59,23.64,22.34,23.48,2384901.0,-0.0379045996592845,0.006814310051107331,-0.048551959114139676,-0.0004257130693910982,-3.019591141396944,9.255979299657554,-15.295161582451456,3.702441794434975,-10.30948324815445,-3.303520726859759,0,-3.3213217513182585,20.657759506680367,-1.7887311128519707,-2.818454082034748,-2.493178409263109,7.63503619793835,-1.0179879207148979,-0.5226223093360817,0,-0.12223530592560952,30.0,72.0,-42.0,-3.019591141396944,-0.38917476612778046,8.774280964454249,0.42166130829965665
1587528000,2020-04-22,24.29,24.29,23.26,23.61,2536027.0,0.028801355357899183,0.028801355357899183,-0.014824227022448011,0.005536626916524678,-2.9944938585345255,8.781430189455605,-14.770417906524656,3.525342369052666,-9.930820273895236,-3.202738952421285,0,-2.9063693408153384,12.58941344778255,-1.5163004071329556,4.353682351803371,-2.076879285243365,7.362251010645313,-2.612020215849249,0.5549573901206023,0,-0.08001122181184299,26.0,72.0,-46.0,-2.9944938585345255,-0.8483464364674518,7.854752252887124,0.3503573696666325
1587614400,2020-04-23,23.72,24.95,23.62,24.53,3027106.0,-0.033020790868324545,0.017121891561353353,-0.03709743171626578,0.03896653960186369,-6.082348145128407,5.4166005448383885,-17.581296835095202,-0.12501698600354416,-12.310096480500079,-6.217556733251811,0,-0.007343795478831794,12.368300503893739,-0.16130452389323818,11.9133861402617,-4.510935157099439,6.970169770826875,-3.9441153623233234,0.6625233769873895,0,-0.01778081265462859,22.0,64.0,-42.0,-6.082348145128407,-4.1320826353249345,3.660251419904071,0.35005207243308145
1587700800,2020-04-24,25.14,25.14,24.19,24.92,2962593.0,0.008828250401283988,0.008828250401283988,-0.029293739967897303,0.01589889930697108,-7.156902086677391,4.6276931411930065,-18.94149731454776,-1.3850989834135845,-13.05444087747459,-7.219769930444102,0,1.1862040646076224,8.583877995642712,1.4395933281970514,19.50685567245708,-4.32354397952426,6.643308410396073,-5.069585803691307,0.6550493517151885,0,0.09574611644185667,18.0,64.0,-46.0,-7.156902086677391,-5.096001975552028,1.9580401592406105,0.35964215103723085
1587960000,2020-04-27,25.03,26.05,24.77,25.82,3227757.0,-0.03059643687064284,0.008907823392718894,-0.04066615027110765,0.036115569823435,-9.616576297443856,2.3532368933596928,-21.586389488247406,-4.105344694035637,-15.271107668474059,-9.688226181254862,0,3.8612204760757507,18.386061439706562,3.8745275468983773,19.138298377247352,-6.461029399748583,6.30786265528359,-5.592662325857756,0.7221698030466941,0,0.06017325062796717,50.0,96.0,-46.0,-9.616576297443856,-7.603657215492547,-1.53329712667977,0.4066590430805541
1588046400,2020-04-28,26.74,26.97,25.98,26.27,2719591.0,0.01789113056718694,0.02664636467453363,-0.011039208222306751,0.01742835011618893,-10.470118005329269,2.1758376986319377,-23.11607370929049,-5.10658545869812,-15.711838599162533,-10.409212028930341,0,5.154664232016458,16.136162687886817,6.429903306560078,18.911843131305133,-7.2466482334233575,6.069653539813175,-5.594550474771747,0.6156678394095711,0,0.09864784294135653,50.0,64.0,-14.0,-10.470118005329269,-8.311494474552433,-3.093737625661646,0.44502482660124265
1588132800,2020-04-29,27.05,27.75,26.84,27.31,2379239.0,-0.009520322226290623,0.016111314536799703,-0.017209813255217865,0.0395888846593071,-12.986085682900026,0.4349589936068554,-26.40713035940692,-8.20517514951787,-17.904918833150248,-13.055046991334066,0,8.017811833533145,21.756576014266603,9.786201825026497,18.673449539385544,-9.888356349994893,5.808566669408374,-5.215721731315504,0.5423514834175491,0,0.06376996247599374,50.0,68.0,-18.0,-12.986085682900026,-10.679005138678221,-6.518011705746247,0.5125951851844903
1588219200,2020-04-30,26.86,26.94,26.16,26.29,3630071.0,0.021681247622670208,0.024724229745150428,-0.004944845949029997,-0.037348956426217494,-8.57550399391404,4.989113072793728,-22.14012106062181,-3.677570685938875,-13.639533409407889,-8.658552047673382,0,4.430167707040468,26.09112709832133,11.030895486078489,9.196195759279526,-5.5617127122343675,5.915381798185227,-5.384382528926359,-0.8258692405193373,0,0.08615116090202435,46.0,68.0,-21.999999999999996,-8.57550399391404,-6.52652461810348,-2.7777191689321654,0.4622955601998876
1588305600,2020-05-01,25.61,25.73,24.56,25.0,2598165.0,0.024399999999999977,0.029200000000000115,-0.01760000000000006,-0.04906808672499041,-2.9579999999999984,9.817563549214498,-15.733563549214495,2.0886666666666684,-8.231333333333325,-3.071333333333328,0,0.29019687899405255,21.951219512195124,10.143626164561661,8.630860561552417,-0.365629047993707,6.270571534759329,-6.622568122347555,-0.5916358308029528,0,0.033387970211141454,42.0,68.0,-26.0,-2.9579999999999984,-1.541074879978808,2.1511485406979602,0.3224696681686482
1588564800,2020-05-04,24.53,25.11,24.28,24.87,2784496.0,-0.013671089666264624,0.00965018094089265,-0.02372336147969445,-0.005199999999999982,-1.3892239646160078,8.154603430159455,-10.93305135939147,3.461332261091002,-6.671357726846267,-1.6050127328776256,0,-0.11231710968914399,26.95252679938745,9.244089169711332,1.3874214483802874,0.16098915970724192,6.091492184493026,-7.924834614352513,-0.6337143241309248,0,-0.003918672586937745,38.0,68.0,-30.0,-1.3892239646160078,-0.9286586784420479,2.5798126432783732,0.20715386710201988
1588651200,2020-05-05,25.45,25.87,24.75,24.81,2739057.0,0.025796049979846858,0.04272470777912152,-0.002418379685610539,-0.0024125452352232735,-0.7376058041112401,8.261926289876897,-9.737137898099377,4.019884455192795,-5.472255810828955,-0.72618567781808,0,-0.305553888552609,9.007029876977139,8.423440900217525,7.7455525809136745,0.6721237490586702,5.992515512663213,-8.69097115217226,-0.6334408573921607,0,-0.1075041390715991,34.0,68.0,-34.0,-0.7376058041112401,-0.6234411725767757,2.716991947805951,0.11724065195607059
1588737600,2020-05-06,26.27,26.37,24.99,25.83,10192818.0,0.01703445605884646,0.020905923344947785,-0.03252032520325199,0.04111245465538094,-4.051490514905154,4.100803863642952,-12.20378489345326,0.2897148019099376,-8.610788488837258,-4.1605368434636745,0,2.9553079804059053,13.788546255506603,9.031304123066931,20.686864619172056,-2.4133855709558816,5.776135247771878,-9.108512314608218,2.3260296387244748,1,-0.04820806809404175,30.0,68.0,-38.0,-4.051490514905154,-4.114602684845906,-1.2866784017458173,0.11661854660975474
1588824000,2020-05-07,26.54,27.25,25.52,25.62,5158531.0,0.03590944574551114,0.06362217017954719,-0.0039032006245121043,-0.008130081300812941,-2.8512880562061014,5.1475681343570585,-10.850144246769261,1.759692948217534,-7.397215716887857,-2.8187613843351613,0,2.2217017601713707,9.021276595744684,9.208065261777774,21.346554400798667,-1.1856375980141394,5.889841794494587,-9.004633168503812,-1.1696339926259516,0,-0.09492006573577502,26.0,68.0,-42.0,-2.8512880562061014,-3.0116418713836453,-0.4588252535072286,0.09323346706687019
1588910400,2020-05-08,26.27,27.15,26.13,27.05,4135778.0,-0.02883548983364148,0.003696857670979492,-0.03401109057301299,0.05581576893052298,-7.365988909427003,0.6763165727079894,-15.40829439156198,-3.189772027110294,-11.714725816389404,-7.452248921749856,0,6.537501938611015,14.183199662304766,11.167421723276805,27.849962866118403,-5.62738032390088,5.584026163386234,-8.908173961406867,0.9504704497537575,0,0.02682487358689932,22.0,68.0,-46.0,-7.365988909427003,-7.363800774847519,-5.496719978795923,0.16125535153164489
1589169600,2020-05-11,26.64,27.16,26.09,26.93,5594999.0,-0.01076865948756034,0.008540660972892633,-0.03119197920534722,-0.0044362292051756125,-6.422205718529526,2.0103909410215834,-14.854802378080635,-2.3288773363040036,-10.613318480009909,-6.471097908156935,0,6.089956272091683,11.882010801827999,12.557956906852628,22.540251344039106,-4.351219064359952,5.4920768138421545,-8.852431886274651,-1.2976617744894068,0,0.0511460720867715,18.0,60.0,-42.0,-6.422205718529526,-6.289012799025471,-4.8765699714547,0.18371861812265528
1589256000,2020-05-12,27.15,27.37,25.96,25.97,3239002.0,0.045437042741624856,0.0539083557951483,-0.0003850596842509546,-0.03564797623468252,-2.7801309202926348,6.050979355547284,-11.611241196132553,1.691695546142995,-7.076113464253638,-2.692208959055307,0,2.5846489401935315,3.7969624300559524,12.13748979018534,16.957338848446426,-0.29473163948745196,5.676113019852578,-8.668209676089653,-0.7560872632008634,0,0.006716305127496697,14.0,60.0,-46.0,-2.7801309202926348,-2.5558779890301224,-1.3069193241315133,0.12242349459400337
1589342400,2020-05-13,25.83,25.92,23.88,24.24,4054334.0,0.06559405940594054,0.06930693069306937,-0.014851485148514865,-0.06661532537543324,4.13366336633662,13.635755724020868,-5.3684289913476135,9.262926292629288,-0.5184268426842777,4.372249724972505,0,-2.9884509380731785,-0.4926108374384277,9.050716641928531,10.588386518442313,6.799012525447523,6.26270779299985,-9.542282589657487,-0.9528349189826136,0,-0.0608726982831737,10.0,24.0,-14.0,4.13366336633662,3.9797523256971346,5.511798641415041,-0.03757520257872726
1589428800,2020-05-14,23.45,25.61,23.16,25.59,6335350.0,-0.0836264165689723,0.0007815552950372062,-0.09495896834701056,0.055693069306930854,-1.0433763188745502,7.676837173728018,-9.763589811477146,3.9390386869871037,-5.885111371629549,-0.9730363423212083,0,1.255115025815357,6.758448060075098,8.378104811943333,12.761209249247564,0.9251265325337101,6.192442582845175,-9.895877040640277,1.475241299817206,0,0.021570690293162435,6.000000000000007,24.000000000000007,-18.0,-1.0433763188745502,-1.3622979007367633,-0.05233818792028444,-0.05440794536872162
1589515200,2020-05-15,25.24,25.7,25.05,25.56,3852027.0,-0.012519561815336422,0.005477308294209671,-0.019953051643192388,-0.0011723329425556983,-0.7844287949921664,7.908502991580633,-9.47736058156498,4.01082420448617,-5.574465310380788,-0.7818205529473232,0,1.1592769660704718,2.939991945227549,7.8078075276180865,13.138106067711668,1.0041679287279521,5.938519656927968,-10.294628907350372,-0.8982903136597908,0,0.023446435841475256,2.0,23.999999999999996,-21.999999999999996,-0.7844287949921664,-1.1278091927811715,0.062423381190640725,-0.06856901070049609
1589774400,2020-05-18,26.83,27.46,26.5,27.19,2528469.0,-0.01324016182420018,0.009930121368149969,-0.025376976829716846,0.06377151799687031,-6.051857300478119,1.9815877431315982,-14.08530234408785,-1.645825671202644,-10.619713129827133,-6.1327694005148885,0,5.877747235361504,15.751383567475536,9.440547853161254,13.055726488297921,-4.956866204269943,5.682896315883007,-10.787882776666688,0.5988071955449392,0,0.06121903535253072,-2.0,24.0,-26.0,-6.051857300478119,-6.3831402588175905,-5.7033788809767,0.025780430667081022
1589860800,2020-05-19,27.12,27.51,26.58,26.59,3449095.0,0.019932305377961645,0.034599473486273125,-0.00037608123354648804,-0.022066936373666857,-3.3471229785633767,4.2125775639783285,-10.906823521105068,1.2072207596840911,-7.830011282437013,-3.311395261376447,1,3.8615275744842066,13.24531516183986,9.806364314536713,7.762226627384116,-2.8024383806551327,5.645874820757446,-11.214191542894834,-0.8208449462796887,0,0.0028557083596417597,-6.0,24.0,-30.0,-3.3471229785633767,-3.8639554596388734,-3.435368387728005,0.0408240526846933
1589947200,2020-05-20,27.21,27.61,26.98,27.38,3609914.0,-0.006208911614316914,0.008400292184076008,-0.014609203798392922,0.029710417450169224,-5.447406866325778,1.4720707873514272,-12.366884520002984,-1.1279522766009364,-9.7583394205016,-5.443145848551268,1,6.058988889389106,15.96781024989411,11.066381560512067,13.986532657038694,-5.419527567956067,5.357428647843125,-11.542772123702523,0.8682185566834365,0,0.05917052622873343,50.0,84.0,-34.0,-5.447406866325778,-6.005615739267725,-5.977581908975111,0.09398521845083851
1590033600,2020-05-21,27.34,27.77,26.96,27.52,2921978.0,-0.006540697674418561,0.009084302325581328,-0.02034883720930225,0.0051132213294375894,-5.385174418604649,1.569566198397439,-12.339915035606737,-1.1712693798449436,-9.568798449612402,-5.37003391472868,1,6.4459469886996885,12.189156135344469,12.234300294843782,18.465335202449154,-5.509689974403614,5.159684263167777,-11.735142327295586,0.7130320422467589,0,0.08793680913178176,50.0,88.0,-38.0,-5.385174418604649,-5.866281526650496,-6.202721329741806,0.1265552332193144
1590120000,2020-05-22,27.77,27.81,26.83,27.46,3927940.0,0.0112891478514201,0.012745812090313002,-0.02294246176256387,-0.0021802325581394832,-4.715950473415887,2.339009192684898,-11.770910139516673,-0.4734158776402069,-8.900218499635855,-4.686817188638017,1,6.222587537526891,10.19261637239165,13.082547530995893,16.82953961742811,-4.7820860375168905,5.056520242406887,-12.032287801762722,-0.9637151767929131,0,0.08546727472906683,46.0,88.0,-42.0,-4.715950473415887,-5.121494961771262,-5.762567769682974,0.1314597617262483
1590465600,2020-05-26,28.75,29.29,28.59,29.01,4589417.0,-0.008962426749396846,0.009651844191657988,-0.014477766287487093,0.05644573925710117,-9.257152705963463,-1.361638012894133,-17.152667399032808,-5.302194645524551,-13.07882339423189,-9.190509019878206,0,10.4755738582434,12.354763749031763,15.642750800920332,18.095526319849753,-9.019864755645159,4.8950524354518405,-11.300822563870346,1.1302896733986225,0,0.13587366444598517,50.0,96.0,-46.0,-9.257152705963463,-9.220283287133398,-10.37422216600038,0.22121381128318984
1590552000,2020-05-27,29.78,30.09,29.07,29.95,5204541.0,-0.005676126878130128,0.004674457429048484,-0.029382303839732837,0.03240261978628056,-11.490818030050093,-2.2022151729178177,-20.779420887182354,-7.718976071229818,-15.261547022815805,-11.490261547022826,0,12.783650466919212,14.008374571754853,18.771092803802496,15.908489299546545,-10.508567453562094,4.6603174933984075,-10.167215903605593,1.2777232646878551,0,0.1740602931018807,50.0,96.0,-46.0,-11.490818030050093,-10.919990372899363,-12.670040306882626,0.32001187528493424
1590638400,2020-05-28,30.19,30.29,29.18,29.54,4379624.0,0.022004062288422555,0.025389302640487443,-0.012186865267433955,-0.013689482470784609,-9.884901828029797,0.49347438510835673,-20.263278041167965,-6.003159557661917,-13.718122320018054,-9.860640938839992,0,11.144295540504736,8.165507140241672,20.57174659235765,7.504196519914601,-8.328116628178691,4.6559014799658325,-9.004827801544453,-1.0857155266385572,0,0.22869232652858196,46.0,36.0,10.0,-9.884901828029797,-8.761357516359396,-11.008614210286865,0.3324161766086098
1590724800,2020-05-29,29.22,29.83,28.72,29.74,5684991.0,-0.01748486886348355,0.0030262273032952702,-0.03429724277067925,0.00677048070413,-9.91089441829186,1.3446276685196779,-21.166416505103385,-6.081035642232678,-13.855077336919976,-9.968056489576313,0,11.658362413124145,13.12286040319513,22.243509194954754,-1.3266348625964994,-8.116926387677026,4.560859079490054,-8.405573962837813,1.3996605887866609,0,0.24694962170360532,42.0,35.99999999999999,6.000000000000007,-9.91089441829186,-8.48208204379523,-11.151897309243381,0.32819141845986544
1590984000,2020-06-01,29.99,31.34,29.73,30.77,3191625.0,-0.025349366265843387,0.018524536886577847,-0.033799155021124405,0.03463349024882323,-11.988950276243088,-0.09513740894185219,-23.882763143544338,-8.256960242660611,-15.913768822446102,-12.085364532553356,0,14.224247662153658,23.08,24.728153169433988,6.500711921143889,-10.402792813923128,4.46705821373426,-7.020436580858245,0.7935593777321902,0,0.21773261491975116,50.0,48.0,2.0,-11.988950276243088,-10.445989878309021,-13.57205189219701,0.36598600313516205
1591070400,2020-06-02,31.22,31.46,30.51,31.4,4027063.0,-0.00573248407643312,0.0019108280254778176,-0.028343949044585925,0.02047448813779651,-12.714968152866248,-0.08797721126096292,-25.34195909447152,-9.064225053078545,-16.6056263269639,-12.834925690021223,0,15.702043819115119,26.25653397667872,27.396771288702897,12.890571016728309,-11.208361764201683,4.280864322283534,-5.6749754655827545,1.0053974844554547,0,0.33096434522641294,50.0,52.0,-2.0,-12.714968152866248,-11.076795666599637,-14.705875983153618,0.4017750216017839
1591156800,2020-06-03,32.04,32.69,31.66,31.76,4478990.0,0.00881612090680095,0.029282115869017522,-0.0031486146095718315,0.01146496815286624,-12.610201511335035,0.6277141705569562,-25.848117193227026,-9.023929471032758,-16.451511335012597,-12.737720403022678,0,16.533565446413775,28.012898024989934,29.92386164002847,19.915854930819634,-10.505172633838512,4.220152969494734,-3.8607491085778065,1.1159200838189154,0,0.31160345170493337,50.0,56.0,-6.0,-12.610201511335035,-10.933813564071826,-15.058070817701491,0.4162843747607794
1591243200,2020-06-04,31.44,32.35,31.14,32.35,3982269.0,-0.028129829984544052,0.0,-0.03740340030911904,0.018576826196473606,-13.196290571870179,0.8790612974166123,-27.27164244115697,-9.748583204533745,-16.98815043791859,-13.368366821226175,0,17.877091445999298,25.24196670538135,32.57374327313874,11.529320691349973,-10.084765118980101,4.114411035648015,-2.733420435773013,0.9981642287730313,0,0.28444109409228724,50.0,60.0,-10.0,-13.196290571870179,-11.362185113863973,-15.955979106791375,0.4304247080747312
1591329600,2020-06-05,34.32,34.92,33.66,34.5,5324850.0,-0.00521739130434784,0.012173913043478368,-0.024347826086956625,0.06646058732612059,-17.318840579710155,-2.2647547939574793,-32.37292636546283,-14.248309178743952,-20.90048309178745,-17.5743961352657,0,22.163675660617812,34.66042154566744,36.76814998692095,13.442390510455283,-13.556620460256354,4.114524971100979,-0.6820242882584964,1.3369708199518242,0,0.26983965442162094,50.0,64.0,-14.0,-17.318840579710155,-15.277801352983431,-20.36238720155177,0.542167017840685
1591588800,2020-06-08,34.98,35.25,34.49,34.71,3103222.0,0.007778738115816752,0.015557476231633505,-0.006338231057332111,0.006086956521739184,-16.71564390665516,-0.014938094035727545,-33.41634971927458,-13.646403534043984,-20.18342456544704,-16.914914049745505,0,22.540420755699145,28.317929759704253,40.237644712093065,14.271353065386378,-12.959181200585093,3.953912930688539,1.327558083141053,0.7845370561614575,0,0.22547001122461596,50.0,68.0,-18.0,-16.71564390665516,-14.286535768312476,-20.02678527644929,0.5841846629498679
1591675200,2020-06-09,33.75,34.42,33.34,33.91,3223613.0,-0.004718372161604201,0.015039811265113778,-0.01680920082571491,-0.023048112935753484,-13.721616042465342,4.297937935850598,-31.741170020781297,-10.55145974638748,-17.245650250663516,-13.898554998525512,0,18.80611525555895,25.919049387300397,41.35629280934026,13.670865136474816,-9.713713250870299,4.046686884851897,2.094624082279392,-0.8158678107127496,0,0.2879998922403126,46.0,68.0,-21.999999999999996,-13.721616042465342,-11.096357969758031,-17.428693097838092,0.5145102891848168
1591761600,2020-06-10,33.85,33.86,32.73,32.91,3201926.0,0.028562746885445245,0.028866605894864783,-0.005469462169553352,-0.029489826010026587,-10.045578851412955,8.528071475145865,-28.61922917797176,-6.853033525777377,-13.665552516965448,-10.259293021371391,0,14.44116249381193,26.723142087023483,40.20454897717142,7.834747352676622,-5.9057889483770225,4.127926768783396,2.2732450974225102,-0.8143285213289522,0,0.23491921621012007,42.0,68.0,-26.0,-10.045578851412955,-7.595422546823798,-14.334603681124875,0.36454576184026766
1591848000,2020-06-11,31.12,31.71,29.98,30.22,3525223.0,0.02978160158835208,0.04930509596293842,-0.00794176042356054,-0.08173807353388018,-1.0489741892786242,17.472202534898187,-19.57015091345542,2.3726009265387233,-4.94374586366645,-1.2855724685638705,0,4.62823953459263,24.669966996699674,34.068791193027884,2.489416398063959,2.9967576576244994,4.866812209247896,0.5020558773487558,-0.9188832699827943,0,0.1691035222971011,38.0,68.0,-30.0,-1.0489741892786242,0.5698815601407716,-6.4460872232031505,0.06343558465577148
1591934400,2020-06-12,31.86,31.92,30.23,31.04,3322198.0,0.026417525773195782,0.028350515463917647,-0.026095360824742175,0.027134348113831974,-2.7851159793814446,14.130433436418528,-19.70066539518143,0.5568084192439926,-6.3214132302405375,-2.8823024054982795,0,6.741924156649574,21.297381789761623,30.20900037194569,8.360423228755892,1.0952159942173125,4.79099743309354,-1.0247719150335186,0.8727376511475367,0,0.14888251672485564,34.0,68.0,-34.0,-2.7851159793814446,-1.8881710324594678,-8.567842277121713,-0.09276964715071156
1592193600,2020-06-15,29.83,31.39,29.49,31.33,2751842.0,-0.047877433769550004,0.0019150973507819913,-0.058729652090647955,0.009342783505154717,-2.7641238429620216,12.623582404899864,-18.151830090823907,0.6713480157463607,-6.542185338865849,-2.935418661559737,0,7.479344389777978,22.574334898278558,27.53485036276242,2.369458774515067,0.6964313540457283,4.840780822128279,-2.5833443407745698,0.7290334730989111,0,0.18378634052345802,30.0,68.0,-38.0,-2.7641238429620216,-2.530007368722025,-9.044983126997892,-0.18357465113348992
1592280000,2020-06-16,32.55,32.6,30.77,31.09,6367401.0,0.04696043743969103,0.04856867159858491,-0.010292698616918616,-0.007660389403127965,-1.3862978449662222,13.361900723654855,-16.1344964135873,2.301919159429616,-5.247131982416633,-1.4726064114935156,0,6.638245076027317,14.343508642883407,25.035914006893815,3.588178582478591,1.9974652065978944,4.950148465387645,-3.637765858966077,-1.6692315952538757,0,0.04005549884210538,26.0,68.0,-42.0,-1.3862978449662222,-1.6082915749654205,-8.015682961593697,-0.26203286903248957
1592366400,2020-06-17,31.09,31.91,30.63,30.84,3076289.0,0.008106355382619945,0.03469520103761359,-0.006809338521400754,-0.008041170794467645,0.10214007782100509,13.68168479150296,-13.47740463586095,3.8742974492001565,-3.849437959360145,0.012429744920012809,0,5.743833389106953,15.983452425723957,22.626416938278407,4.62942647340779,3.2433152485164243,4.930288830034566,-4.707794574832057,-0.8118430953106146,0,0.03144391373750929,22.0,68.0,-46.0,0.10214007782100509,-0.7334845226481121,-6.984926362835026,-0.32868040190869685
1592452800,2020-06-18,30.41,31.23,30.16,30.76,2781051.0,-0.011378413524057218,0.015279583875162484,-0.01950585175552666,-0.0025940337224383825,0.9118985695708801,13.498211794598973,-11.674414655457241,4.767555266579976,-3.119310793237972,0.8241222366709877,0,5.448884433249873,12.344777209642084,20.54368143957854,7.295834763295758,4.168602788973004,4.838499437436044,-6.012910522415702,-0.736441666405214,0,-0.05133122823289187,18.0,60.0,-42.0,0.9118985695708801,-0.43004611878583887,-6.4785826528352,-0.3728333204502563
1592539200,2020-06-19,31.55,32.0,30.88,31.68,6510379.0,-0.004103535353535359,0.010101010101010166,-0.025252525252525304,0.02990897269180759,-1.362058080808083,9.761802455636499,-12.485918617252636,2.4216119528619657,-5.3340698653198615,-1.456228956228955,0,8.130648118000309,15.116279069767444,19.866405597659202,9.867450792994724,1.2092978350197114,4.641998455632048,-6.752741675042969,1.6937276679007665,0,-0.014892008139963645,14.0,60.0,-46.0,-1.362058080808083,-3.0052551612301386,-8.833914461811318,-0.33590505519937186
1592798400,2020-06-22,31.58,32.01,31.11,31.71,2641462.0,-0.004099653106275691,0.009460737937559083,-0.018921475875118277,0.0009469696969697239,-0.7852412488173997,8.88873325897373,-10.459215756608543,2.981183643435287,-4.741932092925467,-0.880374224745097,0,8.216980071924333,15.477057538237435,19.348393886388052,8.904283143480768,1.2638555658613484,4.509079253880033,-7.433576613060815,0.6933852728855358,0,-0.06386038893826611,10.0,52.0,-42.0,-0.7852412488173997,-2.8020651238870897,-8.570353941268579,-0.30612464066677436
1592884800,2020-06-23,32.35,32.99,31.81,32.77,4395166.0,-0.012816600549282908,0.006713457430576719,-0.029295086969789552,0.03342794071270894,-3.4208117180347983,5.428806835311619,-12.270430271381215,0.26650391618348124,-7.3532702675211254,-3.543383175668822,0,11.193067291358375,12.96104791451224,20.147795361092573,8.891397223338679,-1.8909284030357725,4.330567463330935,-7.4758873574914695,1.14136340777851,0,0.05347193903114305,6.000000000000007,52.00000000000001,-46.0,-3.4208117180347983,-5.379798910866114,-11.075726992289532,-0.2159555853161983
1592971200,2020-06-24,32.38,32.38,30.6,30.7,2438483.0,0.05472312703583082,0.05472312703583082,-0.0032573289902279035,-0.06316753127860864,3.21335504885991,12.430670065481891,-6.003959967762057,7.399022801302934,-0.9820846905537479,3.208469055374593,0,3.3777444670221826,2.5041736227045077,17.260335027972346,10.669406286281301,4.635097465407185,4.797266275136371,-8.412352019294854,-0.6363868931707243,0,-0.06167918840804402,2.0,48.0,-46.0,3.21335504885991,0.9048794852294577,-4.880645783565839,-0.2919199919891071
1593057600,2020-06-25,30.44,31.08,29.9,30.99,2596027.0,-0.017747660535656573,0.0029041626331074433,-0.035172636334301344,0.009446254071661109,2.4814456276218095,11.116983573303173,-6.154092318059554,6.564483166612888,-1.760783048295167,2.4018500591588747,0,4.239607955679482,4.908598510494243,15.338298664731658,3.0988848995915035,2.640184605442016,4.684895981208053,-9.444793106438011,0.6776884993667334,0,-0.0565372041214425,-2.0,40.0,-42.0,2.4814456276218095,-0.03562408190913402,-5.544454854012415,-0.3167564230745308
1593144000,2020-06-26,30.96,30.97,30.29,30.74,4008873.0,0.0071567989590111125,0.007482108002602406,-0.014638906961613518,-0.008067118425298503,3.4775536759921835,11.799488034755385,-4.844380682771032,7.562350900021684,-0.6907395358924191,3.435805682064654,0,3.3447475910788,3.362474781439139,13.397003792339083,3.534627443214575,2.584730622351799,4.5482945532793195,-10.403488401642372,-1.0433343183338988,0,-0.004318191786141376,-6.0,40.0,-46.0,3.4775536759921835,0.7033246341529207,-4.588968923652118,-0.3419844493175652
1593403200,2020-06-29,31.12,32.51,30.95,32.45,2653075.0,-0.04098613251155625,0.001848998459167861,-0.046224961479198856,0.055627846454131546,-1.7164869029275849,6.068753014067838,-9.501726819923022,2.0955315870570246,-5.707241910631751,-1.8058551617873775,0,8.298383851228422,5.459863503412425,13.95592250486151,9.735410289018603,-3.2157762716709613,4.390467685189262,-10.592320830440075,0.6962912649368167,0,0.04078756299917018,-10.0,36.0,-46.0,-1.7164869029275849,-4.1649661958715285,-9.23966302966268,-0.24027335217697954
1593489600,2020-06-30,32.19,32.95,31.84,32.66,3246932.0,-0.014390691977954617,0.008879363135333884,-0.0251071647274953,0.0064714946070876245,-2.155541947336175,5.61179477277291,-9.92287866744529,1.6717697489283694,-6.1298224127372976,-2.229026331904464,0,8.863003168613595,4.012738853503178,14.651469700525116,16.446496094373344,-3.9682865079646064,4.293410010053999,-10.511639417539003,0.8513382336692629,0,0.11492825676140944,-14.0,28.0,-42.0,-2.155541947336175,-4.32582437824712,-9.438016282023412,-0.15950999965533752
1593576000,2020-07-01,32.65,33.01,31.49,31.68,2794641.0,0.03061868686868685,0.04198232323232309,-0.005997474747474807,-0.030006123698713916,0.8585858585858688,8.870857360346847,-7.153685643175109,4.897937710437716,-3.299663299663308,0.7991372053872254,0,5.1921791591691075,-0.25188916876574885,13.612825866494315,17.230606333136137,-0.7105568591984905,4.452777827535909,-10.714822343432392,-0.7311775050337376,0,0.12572028975846403,-18.0,28.0,-46.0,0.8585858585858688,-1.2360916601693646,-6.3762842745923365,-0.1716895004181478
1593662400,2020-07-02,32.57,33.27,32.18,32.56,2806752.0,0.0003071253071251778,0.02180589680589673,-0.011670761670761753,0.0277777777777779,-1.835073710073715,5.9859040458625685,-9.656051466010013,2.155507780507776,-5.783681408681417,-1.8140868140868207,0,7.6863957232226525,0.64914992272025,13.866799586466266,16.987146936937336,-3.0991661895495355,4.371779616734795,-10.737817856278753,0.7333073513542577,0,0.1125276218314022,-21.999999999999996,24.000000000000004,-46.0,-1.835073710073715,-3.533444910625292,-8.55737438281976,-0.12239314166017823
1594008000,2020-07-06,33.31,33.44,32.2,32.7,2381202.0,0.018654434250764407,0.022629969418960005,-0.015290519877675823,0.004299754299754266,-2.530581039755347,4.491957068756733,-9.553119148267413,1.4734964322120163,-6.425586136595314,-2.476044852191663,0,8.077193819416657,-5.217391304347818,14.239962339073928,22.333959828517905,-3.189532670593934,4.312990118330064,-10.64763661239291,0.6242326502332762,0,0.05098036209905315,-26.0,-12.0,-14.0,-2.530581039755347,-3.5705990381669324,-8.597935711054731,-0.08409521422200528
1594094400,2020-07-07,32.39,32.72,32.26,32.42,2379971.0,-0.0009253547193091016,0.009253547193090572,-0.004935225169648505,-0.008562691131498545,-2.041949413942021,3.867570584981067,-7.951469412865109,1.941188566728357,-5.933580094591832,-1.9961957639317234,1,6.96949628486739,-6.597522327859403,14.080836188150014,14.482939097831775,-2.1456442975310637,4.140856832867962,-10.563896885927486,-0.6258216342748573,0,0.13193467820587632,-30.0,-12.0,-18.0,-2.041949413942021,-2.477032376271424,-7.502311808144924,-0.08131027990018136
1594180800,2020-07-08,32.2,32.66,31.98,32.32,2240000.0,-0.003712871287128605,0.010519801980197974,-0.010519801980197974,-0.0030845157310303017,-1.98483910891089,3.17603992300117,-7.145718140822936,1.9518358085808671,-5.8235354785478535,-1.935849834983486,1,6.563919188487645,-4.68888233559421,13.78334823419102,15.562600904089265,-1.6191174938124249,4.007261140338867,-10.76262664763949,-0.592091501482301,0,0.18155897727222392,-34.0,-12.000000000000004,-21.999999999999996,-1.98483910891089,-1.968119995190463,-6.93313342808608,-0.08925769045926724
1594267200,2020-07-09,32.51,32.51,31.22,31.83,1778810.0,0.02136349355953504,0.02136349355953504,-0.01916431039899469,-0.015160891089109008,-0.645617342130052,4.293754191134624,-5.5849888753947425,3.340140328830259,-4.6051942611791645,-0.632526966174467,1,4.560455371996049,-3.2816773017319916,12.703795111381583,16.942851170593215,0.12287710559452591,4.0677950736609185,-11.658597868296042,-0.47253688095353474,0,0.17567064082209144,-38.0,-12.0,-26.0,-0.645617342130052,-0.41527628419812856,-5.284732461909385,-0.1282007630330162
1594353600,2020-07-10,31.96,32.85,31.82,32.85,2652393.0,-0.02709284627092845,0.0,-0.031354642313546455,0.03204524033930256,-3.330289193302889,1.2948966670374205,-7.955475053643212,0.30948756976154357,-7.176052765093871,-3.4332825976661496,1,7.833067288846912,8.702845797485118,13.1709305634825,13.78934755798965,-2.6766690190103475,3.8839159024356418,-12.201224547126671,0.7035811670316019,0,0.18951101587543423,-42.0,-12.0,-30.0,-3.330289193302889,-3.1733661497347327,-7.903088118223778,-0.08787298802112842
1594612800,2020-07-13,33.31,33.49,32.48,32.61,3047367.0,0.02146580803434528,0.02698558724317701,-0.003986507206378498,-0.007305936073059405,-2.378104875804965,2.2999369000674506,-7.056146651677366,1.21895124195035,-6.113155473781063,-2.4471021159153565,1,6.819516455225113,5.057989690721651,13.13285581228233,14.266064104511855,-1.6754612769332056,3.8542653133025393,-12.186067977964715,-0.8108597590114878,0,0.1078181632432785,-46.0,-12.0,-34.0,-2.378104875804965,-2.226393426434967,-6.9419375684704505,-0.08018380617437482
1594699200,2020-07-14,32.72,33.59,32.39,33.56,2250587.0,-0.025029797377830842,0.0008939213349226094,-0.03486293206197855,0.02913216804661145,-4.809296781883205,0.19632214064134246,-9.814915704407738,-1.3865713150576084,-8.302542709574894,-4.844557012316244,1,9.758090554300487,7.117778487073107,14.385392491303786,12.225705488037931,-4.419452431339948,3.7330552832205552,-12.092423321693678,0.5999580096277796,0,0.09743567765127528,-46.0,-8.0,-38.0,-4.809296781883205,-4.5184901286747845,-9.200643051533845,-0.0172291667702692
1594785600,2020-07-15,34.23,34.99,33.31,34.75,3017204.0,-0.014964028776978555,0.0069064748201439485,-0.04143884892086325,0.03545887961859351,-7.542446043165469,-1.705614979690509,-13.37927710664043,-4.373141486810553,-11.009112709832138,-7.691127098321331,0,13.071748252422957,11.772274043100676,16.971329701647374,19.300138882351575,-7.013569044290719,3.693026431579576,-11.01280861268967,0.8033249023025143,0,0.21005977241396445,50.0,92.0,-42.0,-7.542446043165469,-7.046481734358608,-11.827284784688558,0.09242011260819094
1594872000,2020-07-16,34.48,35.21,34.17,34.94,2436233.0,-0.013165426445334916,0.007727532913566204,-0.022037779049799533,0.005467625899280515,-7.4585002862049095,-0.9358304453913178,-13.981170127018515,-4.405647777141766,-10.936844113718749,-7.671245945430243,0,13.575830904972598,13.294422827496751,19.282299439972892,25.907727574606213,-6.737627530783328,3.623200364841919,-9.873259839145547,0.6496901063905541,0,0.18365796659272013,50.0,96.0,-46.0,-7.4585002862049095,-6.832719444367584,-11.824140637242792,0.161560383336242
1594958400,2020-07-17,35.14,35.18,34.34,34.68,4827770.0,0.013264129181084217,0.014417531718569743,-0.009803921568627305,-0.0074413279908414065,-6.199538638985018,0.6517598121045438,-13.05083709007458,-3.1430219146482017,-9.656862745098039,-6.399942329873127,0,12.349875323484063,12.743823146944077,20.658009191170144,13.582553339995599,-4.686159149715323,3.562634020675763,-8.815107406568863,-1.3253864631370529,-1,0.12219912434722877,46.0,60.0,-14.0,-6.199538638985018,-5.550020775440586,-10.72530826344952,0.17259976747981043
1595217600,2020-07-20,34.56,35.17,34.55,34.94,3748579.0,-0.010875787063537312,0.006582713222667458,-0.01116199198626222,0.007497116493656142,-6.431024613623364,0.8973663046439242,-13.75941553189061,-3.4535394008776876,-9.775806143865665,-6.6146727723716765,0,13.098903840110808,10.290404040404034,22.115095330933286,14.851414820213336,-4.691267542805093,3.410290951593469,-7.832537290604801,1.0371410864019395,0,0.08141269926665601,42.0,60.0,-18.0,-6.431024613623364,-5.657344140095006,-10.942978348454517,0.1794357341566759
1595304000,2020-07-21,35.33,35.53,34.81,34.88,3278342.0,0.012901376146788879,0.018635321100917368,-0.002006880733944949,-0.0017172295363478973,-5.815653669724767,1.8874969805071231,-13.518804319956644,-2.816800458715619,-9.098337155963307,-5.957568807339456,0,12.795434861487507,9.996846420687486,23.19630739839769,15.103054842058214,-3.9150671730835853,3.3195903424655664,-6.6616043301329775,-0.9113619697722819,0,-0.024384385714716458,38.0,60.0,-21.999999999999996,-5.815653669724767,-4.971718655585775,-10.366655148888654,0.16244810477413063
1595390400,2020-07-22,34.74,35.66,34.64,35.44,1771368.0,-0.01975169300225721,0.006207674943566666,-0.022573363431151128,0.016055045871559592,-6.927200902934544,1.2928534367124627,-15.147255242581537,-3.9907825432656097,-10.127915726109862,-7.059349134687736,0,14.474050828147625,8.147696063472672,24.82119655665869,21.259583276355244,-4.912136475054581,3.239348284600907,-5.818550984665329,0.5031270333215062,0,0.055329496159145494,50.0,76.0,-26.0,-6.927200902934544,-5.856789997084007,-11.32090561682189,0.1706155260005533
1595476800,2020-07-23,35.66,36.09,35.16,35.83,3363030.0,-0.004744627407200719,0.007256488975718733,-0.018699413898967343,0.01100451467268626,-7.22439296678759,1.0540074595727873,-15.502793393147968,-4.531119173876647,-10.36421992743513,-7.44766955065586,0,15.611472938258814,16.710097719869704,26.671924052886304,21.87216133973358,-5.263520167953402,3.1606246594659915,-4.710411718535887,0.9545390946206779,0,0.11408441954467546,50.0,80.0,-30.0,-7.22439296678759,-6.226131483907466,-11.804343965210549,0.18288362575291917
1595563200,2020-07-24,35.53,35.79,35.18,35.49,1535404.0,0.0011270780501548838,0.008453085376162184,-0.008734854888701071,-0.009489254814401216,-5.70160608622146,2.558062868201887,-13.961275040644821,-3.0163426317272553,-8.744716821639912,-5.880529726683562,0,13.738763853505581,14.520813165537284,27.43981898428569,17.19295309051921,-3.97802148562387,3.093803808180703,-3.681425257129977,-0.4421203435194132,0,0.12928362261710316,46.0,80.0,-34.0,-5.70160608622146,-4.820356546176242,-10.529634179968525,0.1500751139373655
1595822400,2020-07-27,35.58,36.12,35.16,36.06,1487234.0,-0.013311148086522562,0.0016638935108150843,-0.024958402662229817,0.016060862214708482,-6.454520244037724,1.4712324374751518,-14.3802729255506,-3.801534479571103,-9.517008689221669,-6.659271584396393,0,15.47761975982101,17.306441119063123,28.821069510607884,22.604358523362833,-5.024214899536744,3.0175664824109245,-2.470119953605579,0.44055007972435234,0,0.18647939821042311,50.0,88.0,-38.0,-6.454520244037724,-5.722492436748411,-11.475503319797653,0.14846535420533358
1595908800,2020-07-28,35.92,36.25,35.6,35.62,2348435.0,0.008422234699607012,0.01768669286917479,-0.0005614823133069935,-0.012201885745979024,-4.854014598540147,3.3074915219923895,-13.015520719072668,-2.2000748643084336,-7.730675650383674,-4.965375257346054,0,13.021965892207326,9.76887519260399,28.912612147341598,28.448482730638943,-3.2514182145587966,2.966982464956672,-1.2450919526289574,-0.7019085207208473,0,0.12723662933586555,46.0,88.0,-42.0,-4.854014598540147,-4.123831539415789,-9.974857612424842,0.10170053109461485
1595995200,2020-07-29,35.71,36.03,35.43,36.01,2003260.0,-0.008331019161344044,0.0005554012774229289,-0.01610663704526516,0.010948905109489093,-5.419327964454297,2.881148772009311,-13.71980470091792,-2.8663334259002085,-8.19540868277329,-5.530871054336757,0,14.27213748890469,10.257195345988983,29.508061445481772,32.041448630010024,-3.7575104980233647,2.844231563103179,-0.41712920623739436,0.6006270860274968,0,0.17854240094953186,42.0,88.0,-46.0,-5.419327964454297,-4.670563347807914,-10.520452913174495,0.08182174324614966
1596081600,2020-07-30,35.3,35.42,34.33,34.33,2357965.0,0.02825517040489367,0.031750655403437245,0.0,-0.046653707303526804,-0.4048936789979649,7.702821213481116,-8.512608571477045,2.2079813574133738,-3.256626856976382,-0.5243227497815326,0,5.728816932804143,8.364898989898986,25.92485817921457,25.34092366141587,1.4023032557686435,3.1198662594887665,-1.3669341545021005,-0.7116326337743893,0,0.04623862251140189,38.0,80.0,-42.0,-0.4048936789979649,-0.004927991534117382,-5.900763615409417,-0.05245237206810538
1596168000,2020-07-31,34.25,34.41,33.37,33.86,3648507.0,0.01151801535735375,0.016243354991139825,-0.014471352628470213,-0.013690649577628888,1.1695215593620674,9.105252565029403,-6.766209446305254,3.797991730655653,-1.727702303603067,1.0351447135263072,0,3.6295248000210947,3.9926289926289833,22.008572928178836,15.961566235097678,3.007512779995025,3.15662204233238,-2.7231400349046915,-1.100861108592678,0,0.0994143848043888,34.0,80.0,-46.0,1.1695215593620674,1.2513509675161458,-4.4144212796250315,-0.17404946864457038
1596427200,2020-08-03,34.1,34.36,33.93,34.17,2301953.0,-0.0020485806262803274,0.005560433128475095,-0.0070237050043898686,0.009155345540460713,0.4667837284167291,8.05089179399448,-7.117324337161023,2.9387376841283555,-2.2997756316457014,0.31948102624134833,0,4.81137494463087,4.495412844036693,19.357132323419517,16.068124462398586,2.238291499743994,3.0090762377061475,-3.9824740667070913,0.6971749886618921,0,0.05022143411577327,30.0,68.0,-38.0,0.4667837284167291,0.30107742999545906,-5.074479345990397,-0.23115206301523727
1596513600,2020-08-04,34.43,34.47,33.81,34.38,5149246.0,0.0014543339150667745,0.002617801047120283,-0.016579406631762605,0.006145741878841093,0.1381617219313256,7.232375130565487,-6.956051686702807,2.5940469265076445,-2.6706418460345276,-0.038297459763441566,0,5.617981800318219,6.04565083281925,17.550375641479032,17.915729564279573,1.4753450650562456,2.914197946379638,-5.0133735383824956,1.5480607819777654,1,0.08705165628943339,26.0,68.0,-42.0,0.1381617219313256,-0.28190739372841733,-5.432566245407216,-0.2506922645878661
1596600000,2020-08-05,34.55,36.16,34.32,35.82,5544755.0,-0.03545505304299279,0.00949190396426558,-0.041876046901172526,0.041884816753926524,-3.398939140145174,3.043669467625463,-9.841547747915811,-0.9338358458961409,-6.3107202680066905,-3.622278056951444,0,10.683534542815323,10.82920792079208,18.341523857015886,20.39799276717781,-2.3912691543637834,2.9641693191252196,-5.116977746103146,1.657445214471618,1,0.13441008818143177,22.0,68.0,-46.0,-3.398939140145174,-3.8820392275282245,-8.872143806361805,-0.16659765152752826
1596686400,2020-08-06,35.61,36.12,35.23,35.79,3842748.0,-0.005029337803855838,0.009220452640402277,-0.015646828723107076,-0.0008375209380234727,-2.764738753841854,2.7626897612310017,-8.29216726891471,-0.3674210673372329,-5.637049455155079,-3.002235261246142,0,10.532024941950311,12.441093308199815,18.89806200744898,31.61939046471481,-2.0462303651948446,2.932373538386321,-5.213181653272322,-1.1581077105376267,0,0.18266402829673528,18.0,48.0,-30.0,-2.764738753841854,-3.439426093310388,-8.450826644560635,-0.11538737903652252
1596772800,2020-08-07,35.4,36.08,35.2,36.0,2372262.0,-0.01666666666666672,0.0022222222222221255,-0.022222222222222143,0.005867560771165126,-2.8944444444444457,2.1830294098239165,-7.971918298712794,-0.5175925925925924,-5.714814814814815,-3.116203703703718,0,11.24499536425072,9.589041095890407,19.668134747986414,31.002119943587815,-2.461336381458821,2.8816377702480223,-5.343399171351223,0.7236964420666762,0,0.2125380603938029,14.0,48.0,-34.0,-2.8944444444444457,-3.6214869546454906,-8.632515901324865,-0.07189367075023034
1597032000,2020-08-10,36.27,37.55,36.27,37.46,3192665.0,-0.03176721836625729,0.002402562733582414,-0.03176721836625729,0.04055555555555568,-6.031767218366269,-1.2152808268433404,-10.848253609889184,-3.7938245239366353,-8.86056237764727,-6.3271934507919525,0,15.770225422452071,14.872738423796386,22.486837182189152,31.049828389820235,-5.841929910376294,2.867070544725944,-4.274380599222457,0.9890128932860148,0,0.3445748868331911,50.0,88.0,-38.0,-6.031767218366269,-6.675179972259301,-11.7153764276337,0.044419372519233
1597118400,2020-08-11,38.32,39.23,38.21,38.62,3307713.0,-0.007767995857068777,0.015794924909373398,-0.010616261004660732,0.030966364121729706,-8.19911962713617,-2.5263837892660206,-13.871855465006348,-5.993871914379426,-10.86181598480924,-8.427843949594333,0,18.815542969511114,15.077473182359938,26.32347600761148,31.913963854748943,-7.978448594274084,2.909680428110231,-2.3479640835234257,1.0239156433277223,0,0.2931040013962849,50.0,92.0,-42.0,-8.19911962713617,-8.575611690779311,-13.803699215066231,0.18103030240443174
1597204800,2020-08-12,39.0,39.25,38.18,38.4,3730822.0,0.015625,0.02213541666666674,-0.005729166666666674,-0.005696530295183799,-7.197916666666657,-0.6595309116591039,-13.73630242167421,-4.980034722222214,-9.7170138888889,-7.348524305555571,0,17.6146333340607,10.503597122302153,28.775678765486152,22.352015848943807,-6.786049914713004,2.9163581765941644,-0.5995602187267295,-1.1570127288450722,0,0.20466829201048162,46.0,92.0,-46.0,-7.197916666666657,-7.284985548685569,-12.78791070292435,0.23472120295530896
1597291200,2020-08-13,38.17,38.59,37.89,37.89,1711057.0,0.007389812615465896,0.01847453153866474,0.0,-0.013281249999999911,-5.559514383742425,1.4907134231473265,-12.609742190632161,-3.3038620568311927,-8.014867599190652,-5.659364828010922,0,14.852928437708016,8.4430452203778,29.493104763362982,21.823810036978685,-5.257792628238619,2.87645817169213,0.6209464297455085,-0.5399067879931961,0,0.16345352571230634,42.0,84.0,-42.0,-5.559514383742425,-5.462083796856803,-11.15858226270187,0.2145827702125891
1597377600,2020-08-14,37.87,38.76,37.75,38.66,3284824.0,-0.020434557682359022,0.002586652871184647,-0.023538541127780532,0.02032198469253088,-6.925763062596985,0.5661209874238153,-14.4176471126178,-4.7348680807035635,-9.396016554578381,-7.065442317640972,0,16.995367220757146,11.476355247981537,31.04341460424483,23.15339873610023,-6.661973910588202,2.8044065509393103,1.85306384585353,1.0410753255914886,0,0.1866521753815013,50.0,96.0,-46.0,-6.925763062596985,-6.645491520945939,-12.42107433064264,0.23042276374253134
1597636800,2020-08-17,38.94,39.15,38.3,38.48,2093403.0,0.01195426195426208,0.017411642411642392,-0.004677754677754664,-0.004655975168132431,-6.030405405405418,1.8920567364261558,-13.952867547236991,-3.77122314622315,-8.51394663894665,-6.1425848925848925,0,16.00531891656243,10.131654264453346,31.835695022268744,23.09709661951915,-5.877042363205277,2.774054507668323,3.222324545567563,-0.6773466484726195,0,0.21010761463670993,46.0,92.0,-46.0,-6.030405405405418,-5.617487552959645,-11.54036624450164,0.2068310184919595
1597723200,2020-08-18,38.42,38.8,38.05,38.13,1556260.0,0.007605559926566974,0.0175714660372408,-0.0020980854969840923,-0.009095634095633964,-4.7416732231838665,3.3999326117316997,-12.883279058099433,-2.457382638342523,-7.251507998950956,-4.854445318646725,0,14.067464776911848,9.317660550458715,31.620561953864883,20.373985442853822,-4.770855367494391,2.740049130635798,4.1110784960911,-0.5086392054965796,0,0.14207031138586487,42.0,40.0,2.0,-4.7416732231838665,-4.298649357111458,-10.30766334024095,0.14844052898528037
1597809600,2020-08-19,38.13,38.51,37.81,37.94,2414923.0,0.005007907221929564,0.015023721665788026,-0.003426462836056854,-0.004982953055337136,-3.935160780179217,4.375895802325019,-12.246217362683467,-1.6367949393779497,-6.370585134422754,-4.003690036900338,0,13.010364720485484,7.054176072234764,30.98108440567006,19.929768576598278,-3.8102520872236596,2.6888601430169032,4.569141470289246,-0.7934741840150734,0,0.16091289159759256,38.0,40.0,-2.0,-3.935160780179217,-3.4556348366424885,-9.471884893074716,0.08117228690705702
1597896000,2020-08-20,37.43,37.89,37.29,37.62,3094515.0,-0.005050505050504972,0.0071770334928229484,-0.00877192982456132,-0.008434370057986307,-2.88011695906431,5.571734737775458,-11.331968655904092,-0.5905546695020121,-5.276891724260139,-2.933723196881104,0,11.219586831184422,4.995813564052468,29.667400885873015,20.24617908680227,-2.2018705186962535,2.6414513551659398,4.233845283728549,-1.0174867392478906,0,0.1748836855367974,34.0,40.0,-6.0,-2.88011695906431,-2.383520579658878,-8.360593723259129,0.00338464955526252
1597982400,2020-08-21,37.31,37.74,37.16,37.55,1574836.0,-0.006391478029294184,0.0050599201065246735,-0.01038615179760316,-0.0018607123870282294,-2.424766977363518,6.019342629426475,-10.868876584153497,-0.14336440301818243,-4.830448291167329,-2.48690634709277,0,10.82156055313856,5.804451958298098,28.412188960164013,16.15265729324625,-1.5746130844228219,2.5676777625213143,3.7377116877407595,-0.5245389415429835,0,0.18427343528107148,30.0,40.0,-10.0,-2.424766977363518,-1.9918747573756548,-7.8685941659911975,-0.06097188281805965
1598241600,2020-08-24,37.88,38.46,37.52,38.28,2030268.0,-0.010449320794148398,0.004702194357366851,-0.019853709508881878,0.01944074567243681,-3.995559038662492,4.459492513480484,-12.450610590805454,-1.7489550679206047,-6.341431556948805,-4.045193312434705,0,13.431495967648424,6.156405990016635,28.40758777554114,13.899699419354903,-2.3743214988527654,2.51420342546421,3.8874798633032945,0.6821023913006025,0,0.1360371549874848,26.0,40.0,-14.0,-3.995559038662492,-3.493186850835528,-9.24806884038945,-0.062343284715070224
1598328000,2020-08-25,38.46,38.57,37.58,37.93,2705988.0,0.013973108357500763,0.016873187450566762,-0.009227524387028785,-0.00914315569487989,-2.805167413656733,5.715381111639076,-11.325715938952541,-0.5070744353633927,-5.231566921522102,-2.8693206784427616,0,11.368264064119785,6.4851207186973685,27.506999014163018,4.08063619178877,-0.5793579513929785,2.5425938620918416,4.114355088097806,-0.9094019879091344,0,0.03032460200088864,22.0,40.0,-18.0,-2.805167413656733,-2.3547947476550632,-8.080823645877757,-0.09294591986716294
1598414400,2020-08-26,37.89,38.49,37.62,38.42,3358402.0,-0.013794898490369634,0.0018219677251432032,-0.02082248828735045,0.012918534141840299,-3.7311296199896162,4.792101306818751,-12.254360546797997,-1.4345826826305768,-6.169095956966856,-3.8018393197987166,0,13.135349866883878,6.692585392946413,27.491504768481157,3.780978495562813,-1.1871350873431652,2.4926147234678115,4.325024939692707,1.1519568873119905,0,0.0808239573601849,18.0,40.0,-21.999999999999996,-3.7311296199896162,-3.2572691936151585,-8.890271816924923,-0.08644720485807578
1598500800,2020-08-27,38.74,38.74,37.62,37.71,4197291.0,0.02731370989127546,0.02731370989127546,-0.0023866348448687846,-0.018479958355023474,-1.4704322460885635,6.617485903153991,-9.558350395331104,0.8667020242199044,-3.964907628392126,-1.5491028020860966,0,9.017833447387787,9.845616079231,25.63235849239619,-4.796883061278862,1.0530336039352903,2.570294635343474,4.7377990029898776,-1.4287148979947522,0,-0.06586202591114465,14.0,40.0,-26.0,-1.4704322460885635,-1.2990634869558448,-6.893499886703225,-0.13341892163480273
1598587200,2020-08-28,37.83,38.42,37.63,38.33,2478257.0,-0.013044612575006553,0.0023480302635012773,-0.018262457605008997,0.016441262264651257,-2.481085311766222,4.522419336015403,-9.484589959547847,-0.24349943473345093,-4.931733194190784,-2.5876163144621245,0,11.335670831263748,13.201417601890133,25.08777962815391,-5.711797544269807,-0.35321715689048006,2.495314261645915,5.121089204622965,0.8453158182048351,0,-0.08922887903091682,10.0,40.0,-30.0,-2.481085311766222,-2.6198129002136596,-8.070134055468415,-0.12626095256217962
1598846400,2020-08-31,38.57,38.57,37.71,37.71,3802896.0,0.022805621850967794,0.022805621850967794,0.0,-0.016175319593007997,-0.40837974012198686,5.546879845223103,-6.363639325467091,1.9632281446123585,-2.9161142048970135,-0.47644303014232037,0,7.889294486715073,10.359964881474976,23.061419589243492,-15.039950890530463,1.1191378455360592,2.518070506943105,5.61698744939266,-1.3215498598708775,0,-0.17100206347130747,6.000000000000007,40.00000000000001,-34.0,-0.40837974012198686,-0.9217349709418983,-6.301487450127198,-0.1643969065152895
1598932800,2020-09-01,37.56,38.73,37.2,38.63,2968692.0,-0.02769867978255247,0.0025886616619206215,-0.037017861765467286,0.024396711747547206,-2.230132021744751,2.3099783431060246,-6.770242386595527,0.16092846664939486,-4.827422555871948,-2.3332470446112836,0,11.286951138777049,12.361838278068642,22.90953479982623,-6.298808624944527,-1.4016704784375378,2.565426028288003,5.1026913373382,1.0293134361370366,0,-0.046323954854791856,2.0,40.0,-38.0,-2.230132021744751,-2.9688422387364426,-8.198355182384162,-0.130269168125696
1599019200,2020-09-02,38.89,39.99,38.79,39.88,3194682.0,-0.02482447342026084,0.002758274824473439,-0.027331995987963986,0.03235827077400977,-4.785606820461396,-0.41108223900833707,-9.160131401914441,-2.5422099632230157,-7.213724506853907,-4.87796723503844,0,15.292060539734962,11.334450027917372,24.72117329438183,0.43062926434638626,-4.193217168528989,2.5511020510566556,5.770751040302141,1.1169677670522504,0,0.06691944183818785,50.0,92.0,-42.0,-4.785606820461396,-5.437790917950721,-10.641444221920423,-0.03128024095111881
1599105600,2020-09-03,39.81,40.06,38.73,39.21,3097814.0,0.015302218821729108,0.021678143330783106,-0.012241775057383442,-0.016800401203610926,-2.7225197653659876,1.1297334108091803,-6.574772941541141,-0.35917708067671583,-5.222732296182954,-2.790954688429835,1,11.69108163630144,9.555741827326074,24.459161092180807,-7.964772927890557,-2.365136064140785,2.6516437995952438,6.444608517900324,-1.0781287764397636,0,-0.0234048314778053,46.0,92.0,-46.0,-2.7225197653659876,-3.4579649680592013,-8.757099270863833,-0.01928536088354893
1599192000,2020-09-04,39.73,40.03,38.65,39.08,2459936.0,0.016632548618219056,0.024309109518935612,-0.011003070624360234,-0.0033154807447079992,-2.0048618219037735,1.070419319430286,-5.080142963237847,0.48319686113953253,-4.524479699761173,-2.02064141931082,1,11.003913765864944,8.555555555555552,23.939886639427623,-13.827472458893006,-1.933044490608296,2.722661196753334,6.920093011005925,-0.8569405581720947,0,-0.015996759715645174,42.0,88.0,-46.0,-2.0048618219037735,-2.8380724783769864,-8.122065977340583,-0.027939961921605194
1599537600,2020-09-08,38.56,39.74,38.03,38.66,2845976.0,-0.002586652871184536,0.02793585100879481,-0.016295913088463454,-0.010747185261003156,-0.7850491464045461,2.1827909616084895,-3.752889254417596,1.8524745645801062,-3.320831177789273,-0.7341783066045906,1,8.777361570104773,3.203416978109973,22.5144697037127,-15.018546357045295,-0.7790208832090428,2.8715926287757076,6.263937051168586,-0.9995192363243386,0,-0.0036672494197628326,38.0,84.0,-46.0,-0.7850491464045461,-1.612747981972845,-6.844540428536874,-0.06752701086450785
1599624000,2020-09-09,39.02,39.49,38.94,39.29,2073018.0,-0.006871977602443291,0.005090353779587664,-0.008908119114278468,0.016295913088463676,-2.2906592008144457,0.7976798742372608,-5.3789982758661665,0.2299143123780425,-4.740816153389332,-2.2554509205056377,1,11.023544770744792,1.7348524080787204,22.342537259834966,-9.467261505851944,-2.211474317430458,2.7746155389777396,5.654649374176767,0.7310314948907796,0,0.04853766722268977,34.0,76.0,-42.0,-2.2906592008144457,-2.88650680856432,-8.011262016176616,-0.057264245647370426
1599710400,2020-09-10,39.89,40.1,38.68,38.7,2392553.0,0.030749354005167984,0.036175710594315236,-0.0005167958656331351,-0.015016543649783554,-0.7622739018087827,2.3925733286277904,-3.9171211322453843,1.8742463393626139,-3.2627045650301483,-0.6942291128337672,1,7.9127494944080325,0.7812500000000111,20.8032916479324,-8.858832295115633,-0.4364759912418208,2.8777969340045404,5.710694775621473,-0.8488275430598988,0,-0.017835396118057702,30.0,76.0,-46.0,-0.7622739018087827,-1.2720637352791329,-6.349679153956231,-0.09402160683554506
1599796800,2020-09-11,38.81,39.56,38.69,39.36,3057091.0,-0.013973577235772305,0.005081300813008172,-0.017022357723577297,0.01705426356589146,-2.2395833333333144,0.9725172780618436,-5.451683944728501,0.32477981029811076,-4.769224254742554,-2.2222222222222143,1,10.296035649388465,3.8796516231195537,20.60566046453167,-2.8207844984752057,-1.8744845492954738,2.7853143827992253,5.762736934105845,1.0825756550366892,0,0.010075122630977817,26.0,72.0,-46.0,-2.2395833333333144,-2.6487471744951705,-7.609445530272183,-0.07833701667853887
1600056000,2020-09-14,39.66,39.85,39.33,39.78,3588618.0,-0.00301659125188547,0.0017596782302664593,-0.011312217194570207,0.010670731707317138,-3.130970336852684,0.350528081719915,-6.612468755425283,-0.6372549019607732,-5.554298642533951,-3.0957767722473477,1,11.747051963294169,2.8970512157268615,21.095948668324436,-0.7222940481726638,-2.6254487713843986,2.652427033309466,6.097485884400474,1.2638014750615636,0,0.04214507909507059,22.0,68.0,-46.0,-3.130970336852684,-3.3264371746683707,-8.248248221839802,-0.045742732930671104
1600142400,2020-09-15,39.95,40.15,39.26,39.27,2414989.0,0.017316017316017396,0.022408963585434094,-0.00025464731347102365,-0.012820512820512775,-1.7723453017570847,1.846349821805731,-5.391040425319886,0.7749766573296029,-4.216110686698926,-1.7205670146846614,1,8.991399752148233,2.0530145530145694,20.286439483577023,-0.49944617707411965,-1.1234288034034705,2.6568374913704704,6.690376361466775,-0.8502828993873371,0,0.005040755711970811,18.0,32.0,-14.0,-1.7723453017570847,-1.873704324587834,-6.779934989526794,-0.06350459745808168
1600228800,2020-09-16,39.08,39.1,36.68,36.75,5109639.0,0.06340136054421763,0.06394557823129254,-0.0019047619047619646,-0.06417112299465244,4.775510204081641,9.185302462097539,0.36571794606572894,7.801360544217701,2.0136054421768534,4.907482993197277,1,-2.122083087641151,-3.6191974822974102,13.999379926528196,-9.9357957255692,5.3733339840305945,3.139634806063244,5.213636812713585,-1.765102433609151,-1,-0.16988101890647397,14.0,-36.0,50.0,4.775510204081641,4.392579193126394,-0.37249796179654027,-0.24002637832536244
1600315200,2020-09-17,36.4,37.34,36.14,36.77,5151250.0,-0.010062550992657182,0.015501767745444761,-0.017133532771281046,0.0005442176870749105,4.559423443024201,9.386901443655745,-0.26805455760735697,7.628954763847332,1.7083673284380154,4.668661046142674,0,-2.0401788990038057,-3.083816552451225,9.317665090317231,-10.62740668070451,4.8756011844802885,3.146898730713538,4.321453462820358,1.7443908416170661,0,-0.0815576829364078,10.0,-36.0,46.0,4.559423443024201,3.9228646821302107,-0.4099546757027639,-0.3441583008568856
1600401600,2020-09-18,36.78,36.95,36.02,36.23,4361798.0,0.015180789401048944,0.019873033397736828,-0.005796301407673066,-0.014685885232526674,5.9260281534639745,11.43075643449616,0.42129987243177425,9.113073879841778,3.0131566841475887,6.063115281994683,0,-4.090523449071021,-3.6948431685273806,4.652040114654363,-17.33667402427885,5.943147431220822,3.1490261864050684,3.5971279380678105,-1.4516601604296548,0,-0.17081006657482384,6.000000000000007,-43.99999999999999,50.0,5.9260281534639745,4.95068668805996,1.0322787215373097,-0.43241238051340025
1600660800,2020-09-21,35.68,35.9,34.48,34.76,2964706.0,0.026467203682393636,0.0327963176064443,-0.008055235903337232,-0.04057410985371235,10.004315304948207,17.270559333510533,2.738071276385895,13.497794399693163,6.898254698887612,10.19802454929038,0,-9.10082444409882,-7.430093209054592,-1.624383367430482,-16.57679919073199,9.893090386783527,3.407364465590422,4.060101368903286,-0.9846438056664129,0,-0.1300007967714093,2.0,-48.0,50.0,10.004315304948207,8.494854780343886,5.096896052473838,-0.5644529832394445
1600747200,2020-09-22,34.79,35.05,34.38,34.76,2520825.0,0.0008630609896433938,0.008342922899884808,-0.010932105868814546,0.0,9.497986191024182,17.970713065991234,1.0252593160571308,12.976121979286546,6.45425776754891,9.715189873417728,0,-9.10082444409882,-9.195402298850583,-6.424465434477901,-22.669153809270853,9.339237698137623,3.3016600663961024,4.552928933116139,0.8401596796823668,0,-0.1808538865314185,-2.0,-48.0,46.0,9.497986191024182,7.6858209917397176,4.897017775906207,-0.6219178754200383
1600833600,2020-09-23,34.95,35.48,34.73,34.75,2281645.0,0.0057553956834532904,0.021007194244604177,-0.0005755395683454401,-0.0002876869965476869,9.071942446043153,18.5125261609886,-0.368641268902266,12.53669064748199,6.082014388489185,9.309352517985616,0,-9.134441089543166,-8.383865014500396,-10.220808198657632,-24.69086887435722,8.602448364920562,3.2208718413218302,4.43640604536963,-0.7602865565347643,0,-0.29218262446789023,-6.0,-56.0,50.0,9.071942446043153,6.981875458423531,4.733980283049505,-0.6288484523970395
1600920000,2020-09-24,34.66,35.02,34.13,34.4,2398046.0,0.007558139534883601,0.018023255813953698,-0.007848837209302184,-0.010071942446043258,9.597383720930225,20.078915984449083,-0.8841485425886333,13.15261627906979,6.626453488372093,9.889534883720927,0,-10.335558876985473,-10.463300364393554,-13.818441874646311,-24.08546191546553,8.86331358884857,3.206039979894388,4.748277006160038,-0.8023844132048152,0,-0.2987326790141381,-10.0,-60.0,50.0,9.597383720930225,7.301748714595973,5.5721528311460276,-0.624006520191474
1601006400,2020-09-25,34.2,34.43,33.76,34.2,1710225.0,0.0,0.006725146198830245,-0.01286549707602358,-0.005813953488371992,9.725146198830387,21.173392526069335,-1.723100128408575,13.17933723196883,6.746588693957108,9.962962962962948,0,-11.024618615577495,-9.307875894988062,-17.0381494393683,-23.46509489012317,8.810060897936125,3.13437986426226,5.280910808501883,-0.5750337808074417,0,-0.269831373944674,-14.0,-64.0,50.0,9.725146198830387,7.174078195293703,5.946807024526834,-0.6010447427330934
1601265600,2020-09-28,35.11,35.58,34.86,35.31,4043317.0,-0.005664117813650615,0.007646559048428037,-0.012744265080713801,0.03245614035087718,5.848201642594162,17.208683925344985,-5.512280640156646,9.204191447182069,2.9934862645142744,6.098838855848186,0,-5.401862124178571,-7.878945995303929,-17.283320690144976,-15.230180774422678,4.587348043017371,3.0981617664987673,4.3368922002100945,1.3667055051462653,0,-0.22256660804024495,-18.0,-64.0,46.0,5.848201642594162,3.442591484001369,2.513679517384986,-0.4829584494782173
1601352000,2020-09-29,35.37,35.74,35.25,35.33,1772593.0,0.0011321822813472604,0.011604868383809919,-0.002264364562694521,0.0005664117813648506,5.451457684687242,17.069620214931717,-6.166704845557248,8.728181903953214,2.6257194074912746,5.676950655722251,0,-5.30521394198837,-6.311323256430662,-17.437285012044246,-15.981233082350144,4.0476464040149125,2.9743018795760974,3.280351774754216,0.6072768318033592,0,-0.2642877205998404,-21.999999999999996,-64.0,42.0,5.451457684687242,3.0617446399278805,2.3593475323334445,-0.37990072477342024
1601438400,2020-09-30,35.61,36.29,35.39,35.99,4480355.0,-0.01055848846901919,0.008335648791330863,-0.016671297582661837,0.018681007642230574,3.150875243123096,14.513008370887093,-8.211257884640915,6.327683615819211,0.512179309067335,3.4199314624432873,0,-2.1453028968261947,-6.834066787470879,-16.13376787486763,-7.749061055323722,1.5554423914831546,2.901732842993105,1.6955459179729573,1.5223969491135985,0,-0.16897903028880393,-26.0,-64.0,38.0,3.150875243123096,1.0601586742936036,0.4633267778902024,-0.24995589646682048
1601524800,2020-10-01,36.48,37.11,36.31,36.73,8695441.0,-0.006806425265450611,0.010345766403484946,-0.011434794445956853,0.02056126701861616,0.6438878301116517,11.235536224662397,-9.947760564439108,3.7448951810509215,-1.844541246937112,0.9501769670569047,0,1.1488784102388365,-7.898696088264807,-13.498567856264138,-1.6083984851932414,-0.842785630731953,2.8579863584675507,0.15622061951549426,2.82187346695179,1,-0.17410583708640331,-30.0,-64.0,34.0,0.6438878301116517,-0.8829591704345319,-1.4995054499035376,-0.10429556198150014
1601611200,2020-10-02,35.85,36.69,34.76,36.42,4784130.0,-0.01565074135090605,0.007413509060955503,-0.045579352004393336,-0.008439967329158637,1.1175178473366287,11.431347008266954,-9.196311313593725,4.2467508694856235,-1.5550064067362541,1.345872231374699,0,-0.2373729092080552,-7.115531752104053,-11.886593745860283,-9.832644729892124,-0.7189905468619031,3.062798906222387,-0.6759607805024004,-1.5383724621113404,0,-0.15453325202819557,-34.0,-64.0,30.0,1.1175178473366287,-0.03555178508820234,-0.6351632498696489,-0.023191644435290537
1601870400,2020-10-05,36.85,38.41,36.55,37.98,5495636.0,-0.029752501316482216,0.01132174828857302,-0.0376513954713007,0.04283360790774293,-3.1806213796735108,6.439016742268208,-12.80025950161523,-0.18342987537299393,-5.873266631560469,-3.0283482534667314,0,6.069464741452919,-2.8147389969293792,-7.392157108181463,-1.7907588872518971,-4.798538978522245,3.101468385879882,-1.960062295716373,1.7232727342511098,0,-0.05068770945285033,-38.0,-64.0,26.0,-3.1806213796735108,-3.7470863414896627,-4.531538597431222,0.13258985005135399
1601956800,2020-10-06,38.45,38.8,37.08,37.11,15937488.0,0.03610886553489645,0.0455402856372944,-0.0008084074373484462,-0.02290679304897303,-1.1196443007275718,8.458556410734275,-10.697845012189404,2.003503098895166,-3.8224198329291426,-0.9094583670169669,0,2.2208889759178305,-4.009311950336258,-5.3903682624261675,14.838655339674773,-1.8752221205007373,3.2785136868082008,-2.878444787294608,-4.5822736137768745,-1,-0.2011236413151255,-42.0,-64.0,22.0,-1.1196443007275718,-1.348593558078008,-2.203456581435944,0.17163235749611727
1602043200,2020-10-07,37.71,38.96,37.58,38.59,3785072.0,-0.022803835190463917,0.009587976159626699,-0.026172583570873376,0.03988143357585572,-5.002591344908012,3.9743222569075414,-13.97950494672358,-1.912844432927372,-7.73041375140366,-4.821629092165509,0,7.450688327627894,-1.7816238228556776,-1.1026916336879458,22.138831180371028,-5.41213207747569,3.270005845198387,-3.6171944001367606,1.079349955219378,0,-0.18237400812765436,-46.0,-64.0,18.0,-5.002591344908012,-4.643294996070097,-5.720644591008181,0.28503878182923076
1602129600,2020-10-08,39.02,39.24,37.03,37.24,4574819.0,0.04779806659505903,0.05370569280343718,-0.005639097744360888,-0.034983156258098,-1.7548335123523202,7.237451055236249,-10.747118079940876,1.571339061940563,-4.669262441818844,-1.5489616899391336,0,1.9869516310883242,-3.772609819121449,-0.19670212374990886,21.707375241550324,-1.7144018552089477,3.5704001694811165,-4.796107241842197,-1.2856977928009428,0,-0.2018500081467008,-21.999999999999996,-36.0,14.0,-1.7548335123523202,-1.073487704041412,-2.2125819083334903,0.25785646679550067
1602216000,2020-10-09,37.39,38.02,36.76,36.81,3533278.0,0.015756587883727136,0.03287150230915503,-0.0013583265417007606,-0.011546723952739035,-0.9535452322738536,7.472668343346015,-9.379758807893722,2.538259530924563,-3.8811917051526024,-0.6714660871140268,0,0.38049846965085266,-6.4786585365853595,-0.23857837876371693,20.89280571547657,-0.2900266931984561,3.598599235551672,-6.127593312876662,-0.9864684763133549,0,-0.22218796162857518,-26.0,-36.0,10.0,-0.9535452322738536,0.07431086289757616,-1.0282963192283745,0.20210533911926973
1602475200,2020-10-12,37.16,37.76,36.48,36.62,2103245.0,0.014746040415073658,0.031130529765155623,-0.0038230475150191623,-0.005161640858462491,-0.8711086837793403,6.5170647527947665,-8.259282120353433,2.8053886764973583,-3.8549062443109534,-0.524758783906762,0,-0.33334042413387976,-7.943690296631482,-0.5859703565128606,21.18149175467245,0.4562854136415382,3.6085622458230127,-7.339921624365804,-0.5923233550405586,0,-0.25381461788467125,-30.0,-36.00000000000001,6.000000000000007,-0.8711086837793403,0.5370110977633402,-0.49460157206979716,0.14622599975242476
1602561600,2020-10-13,36.47,37.0,36.1,36.19,2298219.0,0.007736943907156624,0.022381873445703304,-0.002486874827300256,-0.01174221736755865,-0.11881735285987816,6.340561609763796,-6.578196315483552,3.5958367873261636,-3.146357188910372,0.22473979920786746,0,-1.955063223522039,-7.843137254901975,-1.5659492710483027,17.763926863040552,1.7883207096539593,3.568255127198719,-8.133044678507574,-0.6472462406645527,0,-0.24885227159096668,-34.0,-36.0,2.0,-0.11881735285987816,1.566654273874363,0.6607267911238779,0.07754606913947029
1602648000,2020-10-14,36.59,36.78,35.8,35.82,3208641.0,0.02149637074260191,0.02680067001675046,-0.0005583472920157595,-0.01022381873445699,0.7830820770519153,7.273265342961224,-5.7071011888573935,4.272752652149634,-2.1370742601898485,1.0678391959799,0,-3.335164856660114,-2.5306122448979584,-2.9453042706319854,16.846633637756867,2.9786991575982142,3.5430266205894188,-8.610601949348474,-0.9136345251873628,0,-0.277952456761488,-38.0,-36.0,-2.0,0.7830820770519153,2.366657553985192,1.6338081617060425,0.008095608024579315
1602734400,2020-10-15,35.31,36.46,35.05,36.43,2500601.0,-0.030743892396376538,0.0008234971177600858,-0.03788086741696406,0.017029592406476723,-0.9511391710128976,5.3894505532382055,-7.2917288952639865,2.4499039253362866,-3.9102388141641597,-0.7301674444139366,0,-0.8026371454419774,-0.924666847973901,-2.9959908397680537,15.995425847624006,1.3543173215402788,3.511324607159855,-8.447372002769075,0.724587291401179,0,-0.24703814216469977,-42.0,-36.0,-6.0,-0.9511391710128976,0.5904340981284832,-0.06532678342927056,0.004325760264876716
1602820800,2020-10-16,36.72,36.9,35.88,35.94,2355333.0,0.0217028380634392,0.026711185308848195,-0.0016694490818028873,-0.013450452923414846,0.35893155258766285,6.785356475822596,-6.067493370647284,3.8369504730105746,-2.6349471341123945,0.6010016694490758,0,-2.7016554239162147,-0.8004416229643919,-3.8318429197947688,15.19361701145445,2.955124737706825,3.5076878541713077,-8.773685180413661,-0.6884279372483095,0,-0.30054548522395835,-46.0,-36.0,-10.0,0.35893155258766285,1.7750228816567244,1.2462967247721934,-0.02828841932187043
1603080000,2020-10-19,36.0,36.3,35.59,35.92,3632621.0,0.00222717149220486,0.010579064587973086,-0.00918708240534516,-0.0005564830272675181,0.5762806236080138,6.790700231781983,-5.6381389845659555,3.919821826280611,-2.3580178173719446,0.7809020044543331,0,-2.7799666315383362,3.337169159953981,-4.538848520508262,10.901474620954552,2.966950075484448,3.4001390375952867,-8.83480170494638,-1.0539942652551717,0,-0.2783299409924778,-46.0,-32.0,-14.0,0.5762806236080138,1.6572437758088228,1.2515848454775806,-0.047213201079838285
1603166400,2020-10-20,36.64,37.08,36.27,36.5,4489454.0,0.003835616438356171,0.015890410958903978,-0.006301369863013662,0.01614699331848546,-0.783561643835597,5.0967201855486906,-6.663843473219899,2.54611872146117,-3.670319634703219,-0.5621004566210104,0,-0.2407013966673901,5.005753739930961,-4.070858490744105,10.957695823409352,1.462979384547097,3.334107485314079,-9.717863374814373,1.292872719239867,0,-0.3292366655279818,14.0,32.0,-18.0,-0.783561643835597,0.037880929046309575,-0.3433309401943774,-0.018167458428845845
1603252800,2020-10-21,36.52,37.12,36.52,36.81,4449717.0,-0.007878293941863568,0.008421624558543783,-0.007878293941863568,0.008493150684931505,-1.3393099701168154,4.232520999704775,-6.911140939938406,1.9107126686588742,-4.212623381327532,-1.150955356334336,0,1.0833527128649507,5.928057553956841,-3.1257947069475893,8.36462429808163,0.685598357181874,3.1901928858259208,-10.57868178157668,1.2730557550056947,0,-0.3606064000342124,10.0,31.999999999999996,-21.999999999999996,-1.3393099701168154,-0.7279719223637358,-1.1362254430742098,0.022233291834495517
1603339200,2020-10-22,36.41,37.39,36.37,37.34,4314920.0,-0.024906266738082716,0.0013390465988216693,-0.02597750401713994,0.014398261342026597,-2.3460096411355096,2.7314008058803694,-7.4234200881513885,0.8186038207462758,-5.252633458311024,-2.217014818782374,0,3.2983482291669475,8.546511627906991,-1.3853270080821734,15.534599055680872,-0.5228567067050989,3.1153933002798184,-11.555714276255083,1.2303784292772466,0,-0.3561850918700793,6.000000000000007,32.00000000000001,-26.0,-2.3460096411355096,-1.9335020312469595,-2.4398996342137025,0.08162247866878786
1603425600,2020-10-23,37.78,38.21,36.84,36.93,2597336.0,0.02301651773625779,0.03466016788518833,-0.002437043054427157,-0.010980182110337577,-0.8922285404819945,3.4218220895690052,-5.2062791705330085,2.4654752233956145,-3.862713241267258,-0.6986190089358075,1,1.4029999895855028,7.982456140350867,-0.6944966299204756,13.826404924083256,0.47800913980641724,3.189962121043343,-11.670201602906074,-0.7368931887999779,0,-0.46061762348431007,2.0,32.0,-30.0,-0.8922285404819945,-0.7643061533254212,-1.303572081115533,0.08962533224074912
1603684800,2020-10-26,36.37,36.52,35.21,35.75,3471714.0,0.017342657342657164,0.02153846153846173,-0.0151048951048951,-0.031952342269157885,2.4405594405594258,6.726650954809827,-1.8455320736909755,6.010722610722624,-0.6913752913752802,2.6596736596736577,1,-3.5962295857470536,1.2461059190031087,-2.2534986269738035,-3.19186902323856,3.0071788998542246,3.4035342950883085,-11.925242227852324,-0.9839205744719415,0,-0.2697681661352416,-2.0,32.0,-34.0,2.4405594405594258,2.2720070614667236,1.877468843645019,0.01565682943315115
1603771200,2020-10-27,35.62,35.7,34.69,34.88,3612174.0,0.021215596330275144,0.023509174311926673,-0.005447247706422131,-0.024335664335664253,4.931192660550465,9.570907325439165,0.2914779956617366,8.679281345565755,1.660932721712527,5.170107033639141,1,-6.852942235219906,-1.273705066515697,-5.016195707268531,-11.115643496305566,4.8381337936043565,3.456324876397222,-11.76097852860666,-1.0149906618332436,0,-0.35578849048918887,-6.0,32.0,-38.0,4.931192660550465,4.363615110994516,4.245286948447969,-0.08606438965761942
1603857600,2020-10-28,33.91,34.39,33.52,34.05,3281622.0,-0.004111600587371478,0.009985315712188081,-0.01556534508076346,-0.02379587155963314,7.204111600587382,12.934705669645695,1.473517531529069,11.044542339696534,3.8639255996084216,7.454233969652478,1,-9.693700835022575,-5.390386218394012,-8.591405450309901,-9.675537084963864,6.479241575556884,3.5729724186145506,-10.816468363096224,-0.9132531891499814,0,-0.26937485776546943,-10.0,-60.0,50.0,7.204111600587382,6.249709819394852,6.520229667634922,-0.1970992145583615
1603944000,2020-10-29,34.26,34.29,32.47,32.92,5341995.0,0.04070473876063163,0.041616038882138495,-0.013669501822600294,-0.033186490455212825,10.30528554070473,17.880934285241068,2.7296367961683927,14.481065208586472,6.7441271769947235,10.612596192790576,0,-13.168862564539047,-10.37299210454668,-13.184053775045196,-10.762984733753939,8.89086704900896,3.826541054286866,-9.349044029242089,-1.462809415903268,0,-0.24755812655410298,-14.0,-64.0,50.0,10.30528554070473,8.954246611782509,9.77752197184229,-0.3268470683148774
1604030400,2020-10-30,32.92,33.18,31.87,32.5,3392701.0,0.012923076923077037,0.020923076923076822,-0.019384615384615334,-0.012758201701093652,11.1276923076923,20.34337793267511,1.912006682709503,15.335897435897422,7.6897435897435855,11.512820512820525,0,-14.370729182497627,-10.763316858868757,-17.378240699773347,-11.497645850386043,9.441538818931477,3.8870472738299062,-7.684821389668375,-0.9275155669446049,0,-0.2101118833546399,-18.0,-68.0,50.0,11.1276923076923,9.375387795952705,10.75711924123037,-0.4154667972408911
1604293200,2020-11-02,32.81,33.7,32.81,33.07,3268036.0,-0.007862110674327072,0.019050498941639127,-0.007862110674327072,0.017538461538461503,8.46991230722709,17.980143771188324,-1.0403191567341423,12.527970970668292,5.3069247051708714,8.917447837919596,0,-11.5036228490765,-12.927856766719318,-19.490788009414437,-5.893913198129006,6.965027806264246,3.8063792673401347,-6.7046116721136535,0.8852384767450008,0,-0.19641463757379649,-21.999999999999996,-68.0,46.0,8.46991230722709,6.776825440984908,8.50110721266202,-0.409536201629182
1604379600,2020-11-03,33.64,34.43,33.45,33.76,3798399.0,-0.0035545023696681444,0.019845971563981157,-0.00918246445497617,0.020864832174176007,5.75681279620855,15.292358905662056,-3.778733313244956,9.558155608214875,2.703890205371266,6.1310229067930635,0,-8.20044248936069,-9.027216383724069,-19.71716067398429,1.0258199572742797,4.3031545860476825,3.750001080784947,-6.53629928743872,1.0191397631746522,0,-0.1608117242657195,-26.0,-68.0,42.0,5.75681279620855,4.156909740089773,6.037106890980112,-0.33606265046093564
1604466000,2020-11-04,33.31,33.78,32.7,33.3,2814759.0,0.00030030030030037125,0.01441441441441449,-0.018018018018017834,-0.013625592417061627,6.423423423423429,15.714501182638216,-2.867654335791343,10.25825825825828,3.399399399399414,6.828828828828819,0,-9.718614986106267,-13.708214563358398,-20.53475733222198,0.9213915109862256,5.30581993304753,3.7619057793541346,-5.923037264736113,-0.75478100855582,0,-0.20077413958430068,-30.0,-68.0,38.0,6.423423423423429,5.062788765455721,7.207692223597093,-0.29673044686729544
1604552400,2020-11-05,33.72,34.62,33.72,34.39,2799281.0,-0.019482407676650215,0.006687990694969281,-0.019482407676650215,0.032732732732732917,2.6359406804303376,11.38965918439736,-6.11777782353667,6.050693030919831,-0.20984782397984247,2.9204226034700014,0,-4.757931371807466,-7.653061224489798,-18.919796619519598,1.2088462454198208,1.6806358906458172,3.656646475060035,-6.157887824009553,0.7528881591504861,0,-0.13180068113691504,-34.0,-68.0,34.0,2.6359406804303376,1.5677681107517856,3.660315870005192,-0.18126554998317634
1604638800,2020-11-06,34.62,34.86,33.66,33.84,3060311.0,0.023049645390070816,0.030141843971631,-0.005319148936170359,-0.01599302122710078,3.8652482269503565,12.701125499250779,-4.970629045350066,7.310874704491724,0.9663120567375643,4.138593380614637,0,-6.669703178362731,-8.068459657701709,-18.421090072170536,1.9662247084648712,2.9768372745687373,3.703936464887475,-6.595521334519855,-0.8281591993637959,0,-0.1705013430157604,-38.0,-68.0,30.0,3.8652482269503565,2.9120164376425777,5.135490471714917,-0.12838284437762815
1604898000,2020-11-09,35.77,36.6,35.06,35.29,3065525.0,0.013601586851799574,0.03712099744970243,-0.006517427033153833,0.04284869976359329,-0.5908189288750378,7.6674768681456555,-8.849114725895717,2.753849060168136,-3.40370265419854,-0.3249267970151948,0,-0.7217255582117517,-3.631895139268155,-15.153630389538678,0.41964993035641385,-1.569624414049045,3.8566889236799136,-7.436118918481604,0.8269417859095037,0,-0.1796906438710045,-42.0,-68.0,26.0,-0.5908189288750378,-1.191069790785619,0.7836830300084046,0.010430295447506954
1604984400,2020-11-10,35.78,36.42,35.27,36.05,3967220.0,-0.00748959778085978,0.010263522884882192,-0.021636615811372883,0.02153584584868229,-2.705963938973639,5.350413841592911,-10.762341719540174,0.5506241331484176,-5.546463245492362,-2.497919556171965,0,2.054702292734504,-0.38684719535783524,-11.206599830917705,-0.20661928852002376,-3.905563453599626,3.7335707896109254,-8.216673817874657,1.069230919164825,0,-0.14943556886787496,-46.0,-68.0,22.0,-2.705963938973639,-2.96231980109593,-1.2884324427832752,0.15176819173751221
1605070800,2020-11-11,36.41,36.55,35.45,35.82,1906283.0,0.016471245114461075,0.020379676158570614,-0.010329424902289164,-0.006380027739250949,-2.0812395309882703,6.026868201826474,-10.189347263803015,1.1860227061231967,-4.983714870649521,-1.8988460822631907,0,1.1625576784040916,0.0,-8.48278733583367,-3.073251513263486,-3.7607169385172625,3.7084987448176587,-8.843721810223293,-0.5167337600689235,0,-0.2545665966933046,-6.0,-24.0,18.0,-2.0812395309882703,-2.1164565522861096,-0.6289352473448417,0.22375399280570785
1605157200,2020-11-12,34.77,35.17,33.25,33.7,5204852.0,0.031750741839762675,0.043620178041543056,-0.01335311572700304,-0.05918481295365707,3.6735905044510417,12.258926916218144,-4.91174590731606,7.3392680514342175,0.6300692383778568,3.984668644906037,0,-6.132123607533686,-7.493823771616791,-9.500214417571412,-11.089761866821242,1.7080035703883567,4.2049587230008285,-8.943084990982282,-1.3956629777230785,-1,-0.25140666143562246,-10.0,-24.0,14.0,3.6735905044510417,3.656326126388464,5.401818486393935,0.12737226429357218
1605243600,2020-11-13,34.04,35.21,33.98,34.99,3626596.0,-0.027150614461274758,0.006287510717347677,-0.02886539011146061,0.03827893175074171,-0.2843669619891358,7.880427950107261,-8.449161874085533,3.1956749547489522,-3.326188434790893,-0.06525674002094206,0,-1.4348902530319165,-2.6432943795214126,-8.068122618097144,-3.6319016133385915,-2.2597767081765454,4.068902169082316,-9.069051021537916,0.9697091937158904,0,-0.19080902301955238,-14.0,-24.0,10.0,-0.2843669619891358,-0.14950445878885432,1.4564513483305177,0.14784144599657556
1605502800,2020-11-16,35.7,36.0,35.22,35.99,2359968.0,-0.008057793831619864,0.00027785495971088814,-0.02139483189774949,0.028579594169762856,-3.045290358432908,4.907099163047434,-10.99767987991325,0.31027137167731667,-6.04982865610819,-2.869778642215408,0,1.852782208544241,0.19487750556792952,-5.36888353297117,2.717030342174141,-4.951702974910049,3.8737378034582477,-9.842453017921992,0.6313652681609719,0,-0.10073003141729857,-18.0,-24.000000000000007,6.000000000000007,-3.045290358432908,-2.6454333336606908,-1.3091324925626395,0.22163340304772366
1605589200,2020-11-17,35.41,35.86,34.9,35.3,2057107.0,0.003116147308781958,0.015864022662889665,-0.011331444759206777,-0.019171992220061274,-1.320113314447596,6.537763638529469,-9.177990267424661,2.1133144475920886,-4.413597733711029,-1.1501416430594844,0,-0.44770582285269,-3.28767123287672,-4.300000056241269,3.9961485391933422,-2.9066977437671397,3.887911181918274,-10.330914574774727,-0.5526732783478623,0,-0.12607927671931551,-21.999999999999996,-23.999999999999996,2.0,-1.320113314447596,-0.6717574098077819,0.5956405921462249,0.21662174711999416
1605675600,2020-11-18,35.44,36.3,35.3,35.64,2577056.0,-0.0056116722783390305,0.01851851851851838,-0.00953984287317633,0.009631728045325971,-2.4256453423120092,5.013503630031835,-9.864794314655839,1.0451739618406322,-5.531705948372618,-2.243265993265993,0,0.6870824351059568,-3.1784841075794663,-2.9619686800172715,13.12595024568897,-3.2327833592759276,3.7761793357830205,-11.154173076656111,0.6904954310934295,0,-0.09129212419314672,-26.0,-24.0,-2.0,-2.4256453423120092,-1.4651110239405796,-0.3497504829144731,0.22771870149431372
1605762000,2020-11-19,35.37,35.81,34.66,35.03,2474218.0,0.009705966314587311,0.022266628604053595,-0.01056237510705127,-0.017115600448933788,-1.056237510705131,5.7435260589704455,-7.856001080380679,2.5568560281663366,-4.1716623846227066,-0.8074031782281708,0,-1.3784386198491205,-6.186395286555977,-2.7808862441413296,14.113058161095253,-0.9919682813639241,3.8020052401104967,-11.436875016093946,-0.6626510622252461,0,-0.11075415152217383,-30.0,-24.0,-6.0,-1.056237510705131,0.22686053998396005,1.3311893708236084,0.18718470243492447
1605848400,2020-11-20,34.84,35.08,34.6,34.89,2181775.0,-0.001433075379764892,0.005445686443106945,-0.00831183720263684,-0.003996574364830141,-0.9515620521639221,5.2037287610048395,-7.106852865332684,2.4868634756854817,-4.013566446928451,-0.7633514856214845,0,-1.8524417343724124,-5.523964256701866,-2.8365073140240944,8.099762483114517,-0.23573533318040063,3.6428677195551713,-11.654448316255673,-0.5870808475775082,0,-0.07034558427195634,-34.0,-24.0,-10.0,-0.9515620521639221,0.5691241447230482,1.6696433155955646,0.14598195142490183
1606107600,2020-11-23,35.18,36.39,35.18,36.29,3803012.0,-0.030586938550564824,0.0027555800496004146,-0.030586938550564824,0.0401261106334192,-4.698263984568754,1.4170008158019982,-10.813528784939493,-1.4632130063378241,-7.685312758335641,-4.5742628823367255,0,2.9733918822861796,1.510489510489508,-0.792429872114319,8.329550818878637,-3.566153233344977,3.5474068250967195,-12.245824924899617,1.0221505040185923,0,0.03873059502308097,-38.0,-24.0,-14.0,-4.698263984568754,-2.9953442680282336,-2.1642439667518403,0.20446643582316246
1606194000,2020-11-24,36.98,37.67,36.65,37.6,2594978.0,-0.01648936170212778,0.0018617021276596812,-0.025265957446808596,0.036098098649765875,-7.656914893617014,-0.7976686730485625,-14.516161114185465,-4.600177304964532,-10.608156028368796,-7.604166666666686,0,6.9222855536162555,7.798165137614675,2.685183142279068,14.791077941976596,-6.231512711635332,3.4414135977885243,-11.918837710940073,0.6967882894667509,0,0.08514734606861361,50.0,68.0,-18.0,-7.656914893617014,-5.767882252087318,-5.354338894512821,0.3161574846893288
1606280400,2020-11-25,37.23,37.41,36.29,36.33,1564643.0,0.024772914946325386,0.029727497935590375,-0.0011010184420588986,-0.03377659574468095,-4.115056427195157,3.181724731112496,-11.411837585502823,-0.8606294155427179,-7.1474447196990525,-4.004037067620885,0,2.4294939892980523,6.696035242290753,3.5200667447865035,9.834243526752743,-2.609322964059885,3.564867615506726,-11.930828306712202,-0.42828225117052565,0,0.01798473503638997,46.0,68.0,-21.999999999999996,-4.115056427195157,-2.2381805419778686,-1.9655521441526957,0.28997218852999934
1606453200,2020-11-27,36.34,36.7,36.14,36.7,993815.0,-0.009809264305177146,0.0,-0.015258855585831177,0.010184420589044896,-4.566757493188007,2.5629950756844693,-11.696510062060511,-1.5840145322434154,-7.464123524069038,-4.524069028156248,0,3.553734269327329,11.482381530984206,4.663205800921015,12.82543273011541,-3.237144864819399,3.3858531065155155,-12.075989057026566,0.2783678541329196,0,0.10066952316844555,42.0,68.0,-26.0,-4.566757493188007,-2.916762531090029,-2.8380707167047774,0.282741410299154
1606712400,2020-11-30,36.66,36.86,35.89,36.25,5336161.0,0.011310344827586194,0.016827586206896505,-0.00993103448275856,-0.012261580381471515,-2.8648275862069,3.7400794643345705,-9.469734636748356,0.11724137931032885,-5.742068965517234,-2.8124137931034454,0,1.9810076103774534,11.538461538461538,4.902566343747947,1.6033464494121006,-1.7672127525503498,3.3741685066375413,-12.440492629428368,-1.486546016705064,-1,0.11410117725937682,38.0,68.0,-30.0,-2.8648275862069,-1.5485826114010877,-1.5679256632049743,0.23479509684174335
1606798800,2020-12-01,36.98,37.03,36.1,36.12,2794927.0,0.023809523809523725,0.025193798449612448,-0.0005537098560353115,-0.003586206896551758,-2.0930232558139465,4.027547339284226,-8.213593850912147,0.9293097083794777,-4.962163159837573,-2.0164267257290476,0,1.5209055163277867,9.222860598729959,4.901434453386196,0.203333091833251,-1.3399889873639665,3.328343831579143,-12.642210646664621,-0.7793470808172243,0,0.013903176724268457,34.0,68.0,-34.0,-2.0930232558139465,-1.0805071370596693,-1.16606299224145,0.18372900657606672
1606885200,2020-12-02,35.85,36.24,35.75,36.03,1705368.0,-0.004995836802664466,0.005828476269775118,-0.007771301693033639,-0.002491694352159346,-1.5334443519289636,4.295055046677845,-7.361943750535744,1.4085484318623287,-4.361643075215099,-1.4765473216763922,0,1.1907061855201206,6.723933649289108,4.765522464391216,-4.436707946977208,-1.0898263074489876,3.1954663366962106,-13.174578430894773,-0.4777031418206959,0,0.03606239771846313,30.0,68.0,-38.0,-1.5334443519289636,-0.7540415236262419,-0.8831374555562661,0.13551842046368945
1606971600,2020-12-03,36.16,36.36,35.82,36.1,1870078.0,0.0016620498614956514,0.00720221606648197,-0.007756232686980669,0.0019428254232582987,-1.33656509695291,3.816709029434435,-6.489839223340255,1.529547553093252,-4.079870729455209,-1.2751615881809926,0,1.4454797095805674,8.408408408408421,4.751203344448429,4.669705410776352,-0.5750917994461133,3.0683111939951284,-13.560277346236292,0.5250519020233819,0,0.11827230918176175,26.0,68.0,-42.0,-1.33656509695291,-0.8563437618108907,-1.0331609818374687,0.10152683994055528
1607058000,2020-12-04,36.27,37.25,36.27,37.2,2203652.0,-0.025000000000000022,0.0013440860215052641,-0.025000000000000022,0.030470914127423754,-3.876344086021504,1.210899168999262,-8.963587341042256,-1.1039426523297635,-6.568996415770627,-3.8364695340501953,0,5.3045780979910475,8.170979936027921,6.293955494848312,3.0459144993719107,-3.0117574769755464,2.9857112967394652,-13.16128292183261,0.6193838151160567,0,0.11299392579609398,22.0,68.0,-46.0,-3.876344086021504,-3.4272480622453685,-3.8043213476556303,0.14373014499948422
1607317200,2020-12-07,37.13,37.37,36.26,36.6,2375806.0,0.014480874316940007,0.02103825136612003,-0.009289617486338941,-0.016129032258064502,-1.923497267759572,2.738361506364555,-6.585356041883671,0.8633879781421001,-4.666666666666657,-1.901639344262307,1,2.890938530079083,8.15602836879432,6.588946184425273,-3.8358970259600227,-1.2329876407507356,3.03452377654802,-12.694879904007587,-0.6652822364412586,0,0.019702275290698016,18.0,64.0,-46.0,-1.923497267759572,-1.6684607473263213,-2.1399962244223047,0.12266094264807925
1607403600,2020-12-08,36.65,37.45,36.48,36.72,3877677.0,-0.0019063180827886272,0.019880174291939,-0.0065359477124183885,0.003278688524590123,-2.0492919389978113,2.6306498210879994,-6.729233699083622,0.624092229484404,-4.732661583151781,-2.054284676833703,0,3.319832685026036,4.052139416265231,7.001986229374797,4.549485233405605,-1.2197891940393504,2.9972502584841827,-12.194826489651964,1.0868500991935628,0,-0.025736538220964313,14.0,56.0,-42.0,-2.0492919389978113,-1.8003003471453525,-2.363337407022385,0.1087073896951643
1607490000,2020-12-09,36.82,37.27,36.73,37.19,2977780.0,-0.009948910997579885,0.002151115891368738,-0.012368916375369743,0.012799564270152386,-3.1339069642376813,1.704384834129911,-7.972198762605288,-0.5749753517970646,-5.700008962982878,-3.1374921573899712,0,5.008593908218138,3.1622746185853,8.025477806004396,5.169792235264566,-2.196718624915192,2.853623061863807,-11.730491176321745,0.8290227507832241,0,0.0539950489214254,10.0,56.0,-46.0,-3.1339069642376813,-2.751678697801978,-3.4561819431257703,0.1220336724409622
1607576400,2020-12-10,36.91,36.91,35.65,35.72,2671761.0,0.033314669652855455,0.033314669652855455,-0.0019596864501679745,-0.039526754503898864,0.8384658454647393,5.883705313240142,-4.2067736223106635,3.560563643150431,-1.820175438596479,0.8701941022769546,0,-0.8459253688233161,-0.2791736460078208,6.361885886023294,4.783650967727041,1.9977418033129197,3.066791596783104,-12.598117752071676,-0.7513929531968953,0,0.013307790425444038,6.000000000000007,32.00000000000001,-26.0,0.8384658454647393,1.1313340736763848,0.49665430649193354,0.02767543471166406
1607662800,2020-12-11,35.38,35.47,34.06,34.08,3953997.0,0.038145539906103476,0.04078638497652576,-0.0005868544600937664,-0.045912653975363926,5.7467723004694875,10.763134575382367,0.7304100255566084,8.542155712050103,3.0521322378716604,5.797143974960875,0,-6.30697046351154,1.1275964391691258,2.3495545384528547,2.4272978596429056,6.598442966477421,3.332694806091134,-12.158468057527688,-1.1424715256092641,0,-0.0982505758919181,2.0,32.0,-30.0,5.7467723004694875,5.426746323947441,5.123633031601926,-0.14014304027709582
1607922000,2020-12-14,34.66,34.83,33.83,33.91,3873852.0,0.022117369507519857,0.027130639929224376,-0.0023591860808021003,-0.004988262910798125,6.117664405780005,11.710803882827776,0.524524928732248,8.973262557750928,3.5235427110980027,6.248402634424451,0,-6.83030177401708,-3.0865961703343965,-1.0553521596400948,-7.161663742649893,6.611574556339079,3.320801084573906,-11.579046894297294,-1.1252334563753705,0,-0.26377639558387267,-2.0,32.0,-34.0,6.117664405780005,5.388109673621287,5.429052261830748,-0.25107626690423235
1608008400,2020-12-15,34.4,35.2,34.23,35.18,2544140.0,-0.022171688459351913,0.0005685048322912056,-0.02700397953382616,0.03745207903273373,2.1716884593519126,7.654221258897536,-3.310844340193725,4.943149516770887,-0.36384309266628634,2.289653212052272,0,-1.9383321225699106,-2.2506251736593557,-1.7510179409189106,-7.493541016809061,2.3037626763478443,3.2342011331777707,-11.460067063619817,0.7518855966406701,0,-0.2589494739308402,-6.0,32.0,-38.0,2.1716884593519126,1.432774549415882,1.5594081684866268,-0.22806992936320758
1608094800,2020-12-16,35.5,35.91,35.13,35.84,2387460.0,-0.009486607142857206,0.001953124999999778,-0.019810267857142905,0.018760659465605567,0.3655133928571246,5.686198840097134,-4.955172054382885,3.023623511904745,-2.1354166666666856,0.444103422619051,0,0.397409291998045,1.5297450424929355,-1.2680309578102789,-2.3394383577699145,0.28285813306571583,3.1033353520558054,-12.098500961169261,0.7670112861939414,0,-0.16733422528707134,-10.0,32.0,-42.0,0.3655133928571246,-0.3936873348206973,-0.29863719526839816,-0.16072785549816845
1608181200,2020-12-17,36.0,36.4,35.7,36.39,2492733.0,-0.010717230008243983,0.0002748007694421961,-0.018961253091508645,0.015345982142856984,-1.0483649354218016,4.197358625809628,-6.294088496653245,1.4825501511404013,-3.516075845012381,-1.0167628469359613,0,2.2799017288378423,2.1043771043771047,-0.04147037946997148,2.0290901893505193,-1.233834360861735,2.9755152656338884,-12.87491817461428,0.8075375470994162,0,-0.1264599694309062,-14.0,32.0,-46.0,-1.0483649354218016,-1.718270754026463,-1.7347227997578187,-0.07578079554605395
1608267600,2020-12-18,36.39,36.4,35.63,36.04,7482760.0,0.009711431742508436,0.009988901220865598,-0.011376248612652518,-0.00961802693047542,0.05271920088792115,5.200863107384961,-5.095424705609133,2.534221235664063,-2.407510173880894,0.06335553089158452,0,0.9837891105916583,2.8832429346274564,0.3956433362560773,-0.5084243719663988,-0.3695449075041637,2.9424191507718076,-13.666294633886237,-2.3792626646318626,0,-0.07710673372329853,-18.0,-52.0,34.0,0.05271920088792115,-0.691070215688157,-0.7498213158996236,-0.041515514304832433
1608526800,2020-12-21,35.4,35.96,34.95,35.96,2371699.0,-0.015572858731924377,0.0,-0.028086763070077847,-0.00221975582685896,0.42408231368185056,5.367206528704742,-4.519041901341026,2.9426214312198624,-2.157489803485362,0.3925658138672645,0,0.6814769784662644,3.0667813126970485,0.6229485046818348,-6.584298650070885,-0.28420443018355,2.9548351750349733,-13.887961823792438,-0.7597314765650945,0,0.040068431104936526,-21.999999999999996,-52.0,30.0,0.42408231368185056,-0.42536315601280705,-0.508274145033738,-0.02348744126814386
1608613200,2020-12-22,35.99,36.61,35.66,36.49,2621903.0,-0.01370238421485337,0.0032885722115647553,-0.02274595779665678,0.01473859844271419,-1.0071252397917192,3.8809782722168222,-5.895228751800261,1.4529094729149392,-3.50187265917603,-1.024481593130531,0,2.6398647058498383,0.551116009920096,1.6332596207515,-1.453797070275769,-1.683421221058353,2.8898844059533912,-14.602072546968307,0.8370983078903501,0,0.07848893073773644,-26.0,-52.0,26.0,-1.0071252397917192,-1.6933864760262765,-1.8767426877711557,0.02240071041282564
1608699600,2020-12-23,36.86,37.62,36.65,36.97,1760526.0,-0.0029753854476602948,0.0175818230998106,-0.008655666756829827,0.013154288846259243,-2.3776034622667197,2.2163864451479043,-6.9715933696813295,0.09827788296816209,-4.778649355333158,-2.340185736182491,0,4.367318229881718,-1.6755319148936236,3.205157714907806,-1.5266541320382458,-2.853618364202532,2.8669470722441166,-14.373490454659176,0.564021888711068,0,0.06335889112654312,-30.0,-52.0,22.0,-2.3776034622667197,-2.6869170340092694,-3.027168129517676,0.08010354796980507
1608786000,2020-12-24,36.95,36.95,36.05,36.35,624834.0,0.016506189821182904,0.016506189821182904,-0.008253094910591563,-0.016770354341357763,-0.7097661623108706,3.9641904411157753,-5.383722765737517,1.7441540577716665,-3.1554332874827935,-0.7056396148555848,0,1.7984769331639114,0.055050922102953835,3.4520661672066932,-5.039570586180972,-1.317842588740362,2.888354160721645,-14.767599298987758,-0.20354870063769562,0,0.013687592138435515,-34.0,-52.0,18.0,-0.7097661623108706,-0.9292868699798902,-1.3193116388408868,0.07180472126268511
1609131600,2020-12-28,36.69,37.08,36.58,36.61,1059994.0,0.002185195301830145,0.012838022398251825,-0.0008194482381863599,0.007152682255845866,-1.427205681507786,3.197170313863154,-6.051581676878726,1.046617499772367,-3.8017845761631577,-1.3775835381953954,0,2.7832885267674925,-0.24523160762943705,4.06404797762905,-0.8792754719800939,-2.0947583967442114,2.805423496017897,-15.017397511267731,0.3485801189202934,0,0.013824513623982198,-38.0,-52.0,14.0,-1.427205681507786,-1.4773636877142735,-1.9409097083307358,0.07856825494387021
1609218000,2020-12-29,36.85,36.9,35.79,35.97,1210679.0,0.024464831804281495,0.025854879065888126,-0.005004170141784781,-0.017481562414640828,0.28773978315264515,4.991681897987974,-4.416202331682712,2.848206839032528,-2.1253822629969363,0.361412288017803,0,0.12948564899608073,-0.7724137931034514,3.4579362330491215,-7.815315826747913,-0.6142553681095677,2.8718082617653558,-15.44267839511078,-0.4011530824661054,0,0.04478803234178113,-42.0,-52.0,10.0,0.28773978315264515,0.2493620245215311,-0.1884896000901648,0.03680305831662381
1609304400,2020-12-30,36.05,36.64,35.97,36.57,1797566.0,-0.014219305441618868,0.001914137270987215,-0.016406890894175574,0.016680567139282676,-1.2961443806398734,3.3683205616608802,-5.960609322940641,1.122049038373902,-3.6988424026980056,-1.2883966821620731,0,2.48688619937235,1.2458471760797423,3.938908277952552,-9.791853858049677,-2.449318866805669,2.753791674057772,-15.83758207296504,0.6029477646033451,0,0.027946935724644104,-46.0,-52.00000000000001,6.000000000000007,-1.2961443806398734,-1.2625213375278292,-1.7544749391963421,0.045860415830215384
1609390800,2020-12-31,36.68,36.68,36.01,36.05,1443555.0,0.01747572815533993,0.01747572815533993,-0.0011095700416088317,-0.014219305441618868,0.13037447988905626,4.86175404909153,-4.601005089313432,2.638927415626455,-2.3014331946370845,0.16874711049467805,0,0.31702010200966413,0.055509297807371696,3.4096632846314465,-8.396064310013664,-1.0650476464138166,2.7267289474218463,-16.248022971581122,-0.49430409090613675,0,0.05989109684465041,-21.999999999999996,-23.999999999999996,2.0,0.13037447988905626,0.14630777233411152,-0.32411208713065776,0.0147172553952796
1609736400,2021-01-04,36.38,36.52,35.23,35.51,2103828.0,0.024500140805407078,0.02844269219938056,-0.007885102787947074,-0.014979195561719783,1.569980287243041,6.427023969913705,-3.287063395427623,4.257486154134995,-0.9692105510184916,1.6441378015582586,0,-1.8585261384655638,-1.6343490304709236,2.0203245379754575,-6.285779262420675,0.827092410169115,2.82995035846894,-15.8700933959883,-0.7321582800591275,0,0.14166915567289326,-26.0,-24.0,-2.0,1.569980287243041,1.5102566797552015,1.14492587213104,-0.04130013182309794
1609822800,2021-01-05,35.34,36.61,35.34,36.35,1892652.0,-0.027785419532324607,0.007152682255845866,-0.027785419532324607,0.023655308363841332,-0.8940852819807503,3.6488167989932236,-5.436987362954724,1.7771664374140386,-3.408528198074265,-0.8156808803301203,0,1.5701646362618291,-2.2849462365591435,2.3259380848195184,2.1283047147300707,-0.9134705232353753,2.8166437099233956,-15.629026975667282,0.6699616860125444,0,0.2879977190225051,-30.0,-24.0,-6.0,-0.8940852819807503,-0.7559375394458385,-1.1456376900778196,-0.021809171070184222
1609909200,2021-01-06,36.41,37.71,36.39,37.48,3023236.0,-0.028548559231590165,0.006136606189968141,-0.029082177161152467,0.031086657496561143,-3.764674493062941,0.9151243261899822,-8.444473312315893,-1.2033084311632791,-6.288687299893255,-3.745997865528267,0,5.716161416806635,2.4043715846994407,4.469966970667719,3.1001598809059487,-3.365656078940731,2.7957862957849917,-15.980043411014895,1.066949176612459,1,0.2691735159856094,50.0,60.0,-10.0,-3.764674493062941,-3.39112702853366,-3.964233249462225,0.06254404100091387
1609995600,2021-01-07,38.14,38.61,37.69,38.35,2691393.0,-0.005475880052151272,0.006779661016949046,-0.01720990873533257,0.023212379935966032,-5.735332464146026,-0.5164687464318263,-10.954196181860226,-3.2772707518470128,-8.234245980008708,-5.755758365927861,0,8.58923299688881,4.438997821350769,7.569315576110185,3.803594021791575,-5.014330981505424,2.7476604856738303,-15.505723853334834,0.9550968260404034,0,0.24245000503882236,50.0,64.0,-14.0,-5.735332464146026,-5.051082609498238,-5.9019831005968655,0.1663945777303938
1610082000,2021-01-08,38.24,38.39,37.19,37.59,2250181.0,0.01729183293429104,0.021282255919127246,-0.010641127959563845,-0.019817470664928227,-3.776270284650181,1.6772811917451662,-9.229821761045542,-1.1461381573113556,-6.378912831426803,-3.7625254943690862,0,5.290677229415685,1.0755579456843392,8.597531605734975,-3.5869830781410172,-2.7998339389567235,2.8310077435729264,-15.606888752437154,-0.8063179424994634,0,0.14618328685118237,46.0,64.0,-18.0,-3.776270284650181,-2.833164017039607,-3.842652949776266,0.17261960416595917
1610341200,2021-01-11,37.03,37.71,36.86,37.49,1420198.0,-0.012269938650306789,0.0058682315284075415,-0.016804481194985343,-0.002660281989890989,-3.283542277940782,2.361448815876983,-8.928533371758562,-0.7690939806170576,-5.906463945941141,-3.3377789632791064,0,4.862870758298875,4.955207166853312,9.222549828263586,6.826878332223785,-2.032284142220263,2.7977528370456546,-16.04453106353249,-0.5157869601754523,0,0.18749640862938077,42.0,64.0,-21.999999999999996,-3.283542277940782,-2.328842069135689,-3.445531040812128,0.15905474902202177
1610427600,2021-01-12,38.01,39.04,37.74,38.42,3519826.0,-0.01067152524726711,0.016137428422696498,-0.017699115044247815,0.024806615097359375,-5.059864653826139,0.3215854846747419,-10.44131479232702,-2.682630574353638,-7.667013708138128,-5.1748221412458975,0,8.041056859285334,12.73474178403757,11.152392310408384,17.29998171741866,-3.596390895601971,2.8231962523070955,-15.331939390138151,1.2954752986764733,1,0.09907619062948174,50.0,76.0,-26.0,-5.059864653826139,-4.246123663600372,-5.555968081004721,0.19916674740497003
1610514000,2021-01-13,38.32,38.63,37.28,37.46,2437482.0,0.02295782167645477,0.031233315536572492,-0.004805125467164939,-0.024986985944820406,-2.1529631607047435,2.490404052757583,-6.796330374167084,0.3385833778252163,-4.866969211603504,-2.2641929168891153,0,3.9160194591240156,10.468888233559435,10.86438730852738,8.10897336069943,-0.744512532307084,2.946139882879456,-15.153520770204521,-0.9034702096669796,0,-0.03782898709007995,46.0,76.0,-30.0,-2.1529631607047435,-1.621520545032169,-3.012653701170308,0.14975029452794225
1610600400,2021-01-14,37.73,37.88,36.66,36.95,3021134.0,0.021109607577807665,0.02516914749661714,-0.007848443843031294,-0.013614522156967346,-0.562922868741552,3.7820653287853503,-4.907911066268468,2.06765899864682,-3.277401894451984,-0.6048714479025818,0,1.855107427104869,5.031267765776018,9.687725938339113,-0.628627984245739,0.6372605370043658,3.0093005995836806,-15.598953373205273,-1.1218583751565072,0,-0.07075323785463367,42.0,76.0,-34.0,-0.562922868741552,-0.23854762899824777,-1.6083453393012093,0.07518627247745946
1610686800,2021-01-15,36.5,36.72,35.47,36.02,4983585.0,0.013325930038867284,0.019433647973348123,-0.015269294836202207,-0.025169147496617028,2.02942809550251,6.435477276797499,-2.376621085792493,4.829724227281119,-0.7838238015917085,2.022950212844705,1,-1.689531858229806,0.502232142857142,7.062570326836598,-6.998999128496912,2.80471250398098,3.159985609205246,-15.52044195775684,-1.8344418667686462,-1,-0.0732294420427558,38.0,76.0,-38.0,2.02942809550251,2.114602518523796,0.8954776463665013,-0.038205773021485534
1611032400,2021-01-19,36.35,36.89,35.81,36.67,2594366.0,-0.008726479410962606,0.005999454595036813,-0.023452413416962026,0.018045530260966114,0.2590673575129472,4.5650214077164435,-4.046886692690549,3.0633578765566654,-2.5543132442505225,0.2545223161530856,1,0.7854978006860733,0.7694421544380355,6.015046671235626,-4.507143781417092,0.8874243520359215,3.092630919331583,-15.60951769079395,0.9565299023594485,0,0.0018674452915611326,34.0,76.0,-42.0,0.2590673575129472,0.27554854964786557,-0.8579433226476993,-0.06907128548074087
1611118800,2021-01-20,37.33,38.18,36.9,38.15,2488584.0,-0.02149410222804715,0.0007863695937091464,-0.032765399737876844,0.04035996727570201,-3.3538663171690644,0.974913187081782,-7.682645821419911,-0.6426387068588753,-6.176059414591535,-3.409349060725191,1,5.852056098539379,5.854605993340732,7.475075293370609,0.873189315474562,-2.8206499343960587,3.0430407892802083,-15.757988467636398,0.9196355325626389,0,0.0912363069430347,30.0,76.0,-46.0,-3.3538663171690644,-3.270320238412083,-4.51960953945111,0.006533343730579233
1611205200,2021-01-21,38.26,40.96,38.16,40.68,4946921.0,-0.05948869223205511,0.0068829891838742,-0.06194690265486735,0.06631716906946261,-8.784414945919366,-3.1567283214551196,-14.412101570383626,-6.072189446083243,-11.701491314323192,-8.88684038020321,0,12.752168187608156,13.12569521690767,12.219882478161514,5.336004999454936,-7.891225899425876,3.143341900975417,-14.24077512113917,1.8029538329588315,0,0.14915550481381917,50.0,96.0,-46.0,-8.784414945919366,-8.401802248458367,-10.047685470806556,0.21190173167423576
1611291600,2021-01-22,40.43,40.54,39.57,39.94,2516770.0,0.012268402603905937,0.015022533800701066,-0.009263895843765635,-0.018190757128810242,-6.662493740610898,-0.20503856384161168,-13.1199489173802,-3.8582874311467066,-9.596895343014523,-6.727591387080608,0,9.871119258081322,9.454645108248823,14.441585710425322,10.255737548318251,-5.671509161796607,3.171408775505829,-12.831934156534603,-0.9209452532577307,0,0.16204977381278246,46.0,48.0,-2.0,-6.662493740610898,-6.06614802427265,-8.052398402833745,0.2786710518048243
1611550800,2021-01-25,39.72,40.67,39.39,40.6,2363981.0,-0.021674876847290747,0.0017241379310344307,-0.029802955665024666,0.016524787180771217,-7.732758620689651,-0.46497934210290737,-15.000537899276395,-4.996305418719217,-10.71798029556652,-7.857142857142847,0,11.529331956156987,9.818771977278882,16.932369520156943,15.713903039221606,-6.587835511312306,3.122200676316215,-11.695463542596341,0.8753063633921484,0,0.24309027511750914,42.0,48.0,-6.0,-7.732758620689651,-6.869994240792337,-9.172716516106334,0.3437785848963214
1611637200,2021-01-26,41.1,41.71,40.53,41.02,3323096.0,0.0019502681618721596,0.016821062896148264,-0.011945392491467643,0.010344827586207028,-8.10823988298391,-0.10559661753525518,-16.110883148432578,-5.369738339021609,-11.10108889972372,-8.23541361937265,0,12.565515745025152,12.847317744154063,19.334289405924952,17.183904841543097,-6.725806689643036,3.0749765218355125,-10.111750943638347,1.2176601928613962,0,0.19430156006741317,50.0,60.0,-10.0,-8.10823988298391,-7.078444379451625,-9.70650483128361,0.3883317173456542
1611723600,2021-01-27,40.92,43.37,40.62,41.9,8315366.0,-0.023389021479713556,0.03508353221957039,-0.0305489260143198,0.021452949780594643,-9.406921241050114,-0.5412068954100135,-18.272635586690228,-6.46738265712014,-12.615354017502,-9.541368337311056,0,14.664586235131196,14.44960393335154,22.20124044366357,21.43081100274675,-6.952907182871627,3.2641697579850066,-7.948706615275871,2.9790367799015045,0,0.11808543800704768,50.0,64.0,-14.0,-9.406921241050114,-8.170017025181266,-11.14786867929405,0.44613723967468977
1611810000,2021-01-28,41.79,42.04,39.23,39.57,3363299.0,0.056103108415466174,0.06242102602982058,-0.008592367955521985,-0.05560859188544154,-3.6176396259792796,5.632693142811547,-12.867972394770092,-0.23207817370061434,-7.1716788813074,-3.701878527503993,0,5.924653076093172,10.008340283569646,20.414944363657114,14.648418036911295,-1.1326544387488298,3.716728523005223,-7.177429649405347,-1.2072023436839225,0,0.03818356350412451,46.0,64.0,-18.0,-3.6176396259792796,-2.499669727844335,-5.683989745379776,0.3033473043710775
1611896400,2021-01-29,39.34,40.63,38.84,39.18,3060645.0,0.0040837161817255385,0.03700867789688633,-0.00867789688616627,-0.009855951478392688,-2.3251659009698784,6.896809084988291,-11.547140886928048,1.3067891781521297,-5.987748851454839,-2.3404798366513546,0,4.6238574878049405,7.136997538966364,18.43275042489575,13.415449844933121,0.08674876154745448,3.8119345138173935,-6.779028796265376,-1.093071455272567,0,0.013805075777322966,42.0,64.0,-21.999999999999996,-2.3251659009698784,-1.38351283634168,-4.559077879374826,0.16542818469969034
1612155600,2021-02-01,39.39,39.68,38.7,39.26,3329312.0,0.0033112582781458233,0.01069791136016307,-0.014263881813550539,0.002041858090862547,-2.115384615384613,6.768039458478796,-10.998808689248023,1.5176600441501193,-5.8409746985905855,-2.16165732722024,0,4.850613798195589,8.904299583911238,16.99079732872836,10.92522687510531,0.016599059377981007,3.7107392570914626,-6.526087809443798,1.1783151438910386,0,0.009114354300804315,38.0,64.0,-26.0,-2.115384615384613,-1.433562120211377,-4.56714357495099,0.0674092037555949
1612242000,2021-02-02,39.62,39.69,38.54,38.57,2177333.0,0.02722323049001818,0.029038112522685955,-0.0007778065854291416,-0.017575140091696362,0.03240860772619669,8.381186012029815,-8.316368796577422,3.7278541180537417,-3.726125658975036,0.0008642295393599397,0,2.470055451596089,8.61729090397072,14.767343629920893,5.493940846915997,1.9290435051533024,3.720299088918738,-6.431021684043262,-0.772791537195966,0,-0.03614046501039509,34.0,64.0,-30.0,0.03240860772619669,0.2983427436195285,-2.747739928358513,-0.04975606662902721
1612328400,2021-02-03,38.65,39.93,38.28,39.84,2642803.0,-0.029869477911646736,0.0022590361445782303,-0.03915662650602414,0.03292714544983166,-2.7183734939759177,5.045259845968928,-10.482006833920764,0.8768406961177959,-6.434906291834011,-2.7790327978581217,0,6.156702599266502,9.60110041265475,14.478149324978062,10.527048083311001,-1.1255447953603976,3.640266720766537,-6.576889763850552,0.9368776593019545,0,0.04832200866835312,30.0,64.0,-34.0,-2.7183734939759177,-2.622831190468176,-5.618570420309979,-0.04758383800662869
1612414800,2021-02-04,40.16,40.41,39.48,39.85,2317129.0,0.007779171894604753,0.014052697616060206,-0.009284818067754164,0.0002510040160641491,-2.445420326223342,5.257880302324253,-10.148720954770937,1.1438728565453857,-6.06817231283982,-2.4621497281472244,0,6.184870925015488,6.323372465314847,14.261680131935153,15.980891375028108,-0.7388442350052031,3.546095967053961,-6.40472697949653,0.8206381970010782,0,0.07197770276458827,26.0,64.0,-38.0,-2.445420326223342,-2.3951464395492508,-5.420989707339928,-0.051028851990228774
1612501200,2021-02-05,40.32,40.42,39.55,40.22,2037237.0,0.0024863252113376255,0.004972650422675251,-0.016658378915962224,0.009284818067754053,-3.1103928393833797,4.6311455408918505,-10.851931219658638,0.43676446212496955,-6.696502569202721,-3.1298690535388545,0,7.254483530609413,4.876140808344191,14.51941493616494,24.03538855620951,-0.6457394390802875,3.417018924011339,-6.2383236255511,0.7306497131850275,0,0.11399200690052243,22.0,64.0,-42.0,-3.1103928393833797,-2.9794287688010144,-6.044351923263875,-0.03472338743943393
1612760400,2021-02-08,40.37,40.75,39.9,40.53,2659177.0,-0.003947693066864155,0.005428077966938005,-0.015544041450777257,0.007707608155146817,-3.4887737478411083,4.201701927123281,-11.179249422805498,-0.045233983057812566,-7.037585327740771,-3.541409655399292,0,8.155387158054609,7.821229050279323,15.093975316564705,24.217430210516696,-0.8508277697174833,3.2984782253155847,-5.8608870358036675,0.9532678888045261,0,0.10823621751416716,18.0,64.0,-46.0,-3.4887737478411083,-3.3670765647343757,-6.497771141846016,-0.010643383174157584
1612846800,2021-02-09,40.29,40.42,39.76,40.04,1658274.0,0.006243756243756282,0.009490509490509558,-0.006993006993006978,-0.012089810017271163,-1.989260739260743,5.6239572801932525,-9.602478758714739,1.4939227439227238,-5.536546786546793,-2.0213120213120277,0,6.185143044683386,6.801813817017864,14.77192505738837,20.138026447114314,0.6916118782748697,3.2377179822615396,-5.6673479279116385,-0.5940630834169428,0,0.051576867165432486,14.0,28.0,-14.0,-1.989260739260743,-1.9764576497371564,-5.143571406324995,-0.03398263427855175
1612933200,2021-02-10,40.43,41.39,40.1,40.77,3095170.0,-0.008339465293107806,0.015207260240372777,-0.01643365219524162,0.01823176823176831,-3.4559725288202117,4.1308318666057176,-11.04277692424614,-0.03597416400947395,-6.9381080860109705,-3.4870411250102222,0,8.395553908657199,6.116605934409165,15.393694996215288,18.90629031853331,-0.9254062438261172,3.1891393603959086,-4.836001451521248,1.092372695596076,0,-0.03573291065961462,10.0,28.0,-18.0,-3.4559725288202117,-3.376210240506026,-6.573692380668888,-0.00788487072080124
1613019600,2021-02-11,42.46,42.69,38.9,39.97,4147650.0,0.062296722541906435,0.06805103827870895,-0.026770077558168626,-0.019622271277900505,-1.2096572429321952,6.235655819596801,-8.654970305461191,2.611541989825696,-5.039196063714456,-1.213827036944366,0,5.184048284801371,6.700480512546711,14.571850125905478,10.72637245626683,1.1404823308289025,3.6979087036767497,-3.3531034994408664,-1.4762067041740705,0,-0.06159618221301492,6.000000000000007,28.000000000000004,-21.999999999999996,-1.2096572429321952,-1.3049236196232528,-4.519302457055346,-0.04979208644285815
1613106000,2021-02-12,39.73,39.98,38.39,39.18,2892282.0,0.0140377743746809,0.020418580908626804,-0.020163348647268986,-0.019764823617713256,1.0668708524757449,8.074483496629071,-5.940741791677567,4.985536838523046,-2.9139016505019555,1.0358175940105525,0,2.1999541104868428,6.035182679296337,12.599191219326825,4.8830790093262095,3.0036581925115797,3.7928796425243854,-2.5541126825279363,-1.0286907743330114,0,-0.1080450204853478,2.0,28.0,-26.0,1.0668708524757449,0.6198520328028394,-2.4923627707296703,-0.1313749973304893
1613451600,2021-02-16,41.06,41.41,39.81,40.85,4177126.0,0.005140758873928952,0.01370869033047728,-0.025458996328029393,0.04262378764675856,-2.473684210526315,3.0318335416816353,-7.97920196273428,1.3019175846593356,-6.360261117911051,-2.529171766625865,1,7.333862038027178,13.40921710161021,13.135186943469233,5.698301491833099,-1.2624214905250426,3.767905782695174,-1.103270861912307,1.4599976758181237,0,-0.06643761971207053,-2.0,28.0,-30.0,-2.473684210526315,-3.1608903068612477,-6.224536393069926,-0.07625827111905892
1613538000,2021-02-17,40.88,41.94,40.39,41.59,5154043.0,-0.017071411396970437,0.00841548449146412,-0.02885308968502054,0.01811505507955946,-3.6174561192594297,0.8288819493961057,-8.06379418791498,0.13905586278750093,-7.49979963132165,-3.6803718842670747,1,9.36933499130766,13.416962094355062,14.473904405941104,2.1823903719457647,-3.4996729673143534,3.702721062584192,0.47165644371653315,1.7610249853466107,0,0.008270540682324506,-6.0,28.0,-34.0,-3.6174561192594297,-4.418787725609803,-7.583526993757175,0.0024732101248388094
1613624400,2021-02-18,41.25,41.52,40.1,40.18,2850210.0,0.026630164260826206,0.03334992533598813,-0.0019910403185664505,-0.03390238037989912,0.017421602787464963,4.054347911771188,-4.019504706196287,4.026049444167938,-3.915712626514008,0.05516840882695817,1,4.184653400911024,5.321100917431195,13.2349217831428,2.79077213844549,-0.06388625310626139,3.823775504706313,1.6028414679705527,-0.9695712384065938,0,0.00885322939324062,-10.0,28.0,-38.0,0.017421602787464963,-0.963249008810493,-4.170226869209955,-0.045334886169275834
1613710800,2021-02-19,41.25,41.52,40.1,40.18,2850210.0,0.026630164260826206,0.03334992533598813,-0.0019910403185664505,0.0,-0.044798407167746745,3.9527325949502767,-4.042329409285756,3.937282229965163,-3.6610253857640487,0.1381284221005501,1,4.184653400911024,-1.2291052114060963,12.266629772343148,6.852196952204359,0.12104273979076652,3.8030841519026803,2.6532275619207155,0.9664519074880026,0,-0.006133322384346208,-14.0,28.0,-42.0,-0.044798407167746745,-0.8715110079714066,-4.006688560613483,-0.07986312541956164
1613970000,2021-02-22,40.36,41.71,40.31,41.65,2110124.0,-0.030972388955582186,0.0014405762304923186,-0.03217286914765893,0.03658536585365857,-3.367346938775512,0.7798803812165289,-7.514574258767524,0.46538615446178255,-6.967987194877949,-3.2513005202080763,1,8.383029841032226,4.2814221331998015,13.312797652228642,14.157256893340843,-3.0899596786370154,3.6691870620902867,3.72741911597344,0.724183539963817,0,0.029338991999064052,-18.0,28.0,-46.0,-3.367346938775512,-3.9539575072377886,-7.10470003149824,-0.010263790162199804
1614056400,2021-02-23,41.24,41.92,40.14,41.88,3152651.0,-0.015281757402101248,0.0009551098376312517,-0.04154727793696278,0.005522208883553592,-3.745224450811847,0.7061734091684571,-8.196622310792137,0.10386819484240561,-7.408070678127999,-3.6521012416427965,1,9.001789788211568,3.1527093596059137,14.41277139103172,20.57318004442658,-3.2727472507940405,3.691979353883179,4.836613393404793,1.080676231724909,0,0.15022023468856693,-21.999999999999996,24.000000000000004,-46.0,-3.745224450811847,-4.054628045382074,-7.3162476633908256,0.04184166946858947
1614142800,2021-02-24,42.22,43.1,41.95,42.92,2979891.0,-0.016309412861137074,0.00419384902143527,-0.022600186393289867,0.024832855778414542,-5.856244175209696,-0.8052294424161062,-10.907258908003271,-2.1423578751165024,-9.46528424976701,-5.80382106244177,1,11.711378436209287,4.631886884446607,16.523968914469652,20.998777959066118,-5.09263486266957,3.548231326434826,6.431011446467156,1.0193037677588623,0,0.14171098777138752,50.0,96.0,-46.0,-5.856244175209696,-5.771921879323017,-9.187095990258939,0.13184779453919804
1614229200,2021-02-25,43.14,43.22,41.67,42.09,2160330.0,0.024946543121881604,0.02684723212164397,-0.009978617248752708,-0.019338303821062386,-3.9771917320028507,1.2389660559394429,-9.193349519945144,-0.3120297774610066,-7.494258335313219,-3.903144056387106,1,8.465308590247908,0.45346062052507125,16.837428065178315,15.255467950070113,-2.918345182775596,3.6228000388581862,7.531582473233215,-0.7481444902906926,0,0.1299288579549997,46.0,60.0,-14.0,-3.9771917320028507,-3.5410366155860373,-7.1062465748903065,0.121251513512448
1614315600,2021-02-26,42.29,42.64,41.1,42.15,3702612.0,0.0033214709371294227,0.011625148279952535,-0.02491103202846967,0.0014255167498216093,-3.807829181494654,1.608380367463809,-9.224038730453117,-0.4049031237643277,-7.275603005140383,-3.840253064452355,0,8.630892570017139,6.520090978013643,17.15661551724367,7.491414260680386,-2.746007372366847,3.620212671177824,7.806930748136757,1.2837752169512755,0,0.1306044246071307,42.0,60.0,-18.0,-3.807829181494654,-3.3280262010397195,-6.9546177277786825,0.10467643196907395
1614574800,2021-03-01,42.51,42.83,41.82,42.36,2045808.0,0.003541076487252104,0.01109537299339003,-0.012747875354107596,0.004982206405693912,-3.9093484419263405,1.5748664498137543,-9.393563333666421,-0.6617878501731127,-7.314290210890775,-3.988039030531951,0,9.22971154240522,8.116385911179172,17.662415613328964,6.955649171077624,-2.9895684286353656,3.5152696836164314,8.175827213672939,0.7117853150878747,0,0.10592192589988368,38.0,60.0,-21.999999999999996,-3.9093484419263405,-3.4446802723848435,-7.125071619576232,0.0945569180643464
1614661200,2021-03-02,42.48,43.9,42.19,43.29,2230754.0,-0.018711018711018768,0.014091014091013987,-0.02541002541002546,0.02195467422096309,-5.5082005082005026,0.22270014007139594,-11.239101156472387,-2.2595672595672625,-8.937783937783934,-5.598675598675612,0,11.806889892313016,10.264900662251659,19.172114111070478,11.673215081399555,-4.743333563194071,3.476204846671776,9.100003375272358,0.7769796779749194,0,0.1249772430678166,50.0,76.0,-26.0,-5.5082005082005026,-4.99336311083195,-8.762646654100806,0.13474731413654495
1614747600,2021-03-03,43.57,45.32,43.38,44.32,3425693.0,-0.016922382671480163,0.022563176895306958,-0.021209386281588416,0.023793023793023726,-7.055505415162457,-1.0581450865311979,-13.052865743793717,-3.8319795427196084,-10.533243080625752,-7.182611311672673,0,14.428305690891449,14.907959554057557,21.58199231931349,12.251915015678016,-6.333519692001232,3.48005383181001,10.566219887297535,1.185476756420444,0,0.11888725441143255,50.0,80.0,-30.0,-7.055505415162457,-6.515483810695372,-10.456224653653095,0.2104387901400271
1614834000,2021-03-04,44.24,44.45,42.52,43.56,2348782.0,0.015610651974288237,0.02043158861340677,-0.023875114784205675,-0.017148014440433124,-5.006887052341611,1.3555781727477125,-11.369352277430934,-1.6444750535659693,-8.526936026936028,-5.0857055402509985,0,11.167503847571524,9.337349397590359,22.165012640927163,14.752169877275662,-4.218725057104223,3.6043352612745236,10.895995357364129,-0.8427520543315161,0,0.1712182535494068,46.0,80.0,-34.0,-5.006887052341611,-4.419255987702073,-8.545154736241813,0.18970053222415895
1614920400,2021-03-05,43.94,45.88,43.74,45.74,3912055.0,-0.039352864013992184,0.003060778312199419,-0.04372540445999129,0.05004591368227729,-8.89046786182773,-1.7489128558723337,-16.03202286778314,-5.630738959335375,-12.449715784871003,-9.040227372103189,0,16.315077257998425,14.780426599749061,25.028145339388313,22.713822781991183,-7.736993634672217,3.5496642072498865,11.81449118523701,1.388314415236562,1,0.24647955950496414,50.0,88.0,-38.0,-8.89046786182773,-8.1199669203383,-12.397918360050383,0.2968006847288569
1615179600,2021-03-08,46.19,47.33,45.99,46.56,3434527.0,-0.007946735395189086,0.016537800687285165,-0.01224226804123707,0.01792741582859647,-9.81421821305841,-1.601597053380715,-18.02683937273612,-6.537442726231376,-13.337270904925546,-9.937356815578468,0,17.99488796935475,15.763301839880665,28.080156950519015,22.555476386579215,-8.27113561441297,3.4819914870442545,13.162661938749643,1.2118591116974942,0,0.20911401157870957,50.0,92.0,-42.0,-9.81421821305841,-8.810688156387258,-13.39404289790383,0.390944617685556
1615266000,2021-03-09,46.47,47.18,45.81,45.81,3250528.0,0.014407334643090852,0.0299061340318707,0.0,-0.016108247422680466,-7.761405806592464,1.1949224593890762,-16.717734072574018,-4.309466637560945,-11.334133740813499,-7.821800189187229,0,14.879883612329579,13.02738712065137,29.104464425412,12.281845503444991,-5.755331841136098,3.499828183612664,14.216946447406166,-1.135001459060527,0,0.06873574358364755,46.0,92.0,-46.0,-7.761405806592464,-6.620811811380776,-11.506480402426774,0.3709478886447872
1615352400,2021-03-10,45.88,47.15,45.71,46.74,2523956.0,-0.01839965768078733,0.00877192982456143,-0.02203679931536162,0.02030124426981006,-8.879974326059042,0.5503168958550333,-18.31026554797313,-5.43895307374126,-12.490728854656979,-8.964840964199112,0,16.861473035539802,16.733266733266742,30.800287880818907,19.409974351369954,-6.787336073505884,3.4052397429348513,15.081031440358302,0.8697657830160921,0,0.1594004995905616,50.0,68.0,-18.0,-8.879974326059042,-7.67130060161351,-12.746978065780397,0.3868264754558437
1615438800,2021-03-11,46.71,46.83,45.13,46.04,2778857.0,0.014552562988705553,0.017158992180712485,-0.019765421372719305,-0.014976465554129237,-6.922241529105122,3.000207481738599,-16.844690539948843,-3.3869099333912516,-10.63495511149722,-7.01093252244425,0,14.000381339301015,12.926171204316889,30.87401561793036,14.36988784678087,-4.544958222912015,3.4738298569599015,15.217079126571093,-0.9463942285113198,0,0.22771858148606458,46.0,68.0,-21.999999999999996,-6.922241529105122,-5.670612730409246,-10.97251068335045,0.3194541856563964
1615525200,2021-03-12,46.18,47.24,45.85,47.14,1842406.0,-0.02036487059821812,0.002121340687314399,-0.027365294866355527,0.02389226759339702,-8.33368689011455,1.6992837651024928,-18.36665754533159,-5.23582237307312,-11.805614481685765,-8.520718427379435,0,16.38008811538083,17.93845384038029,31.955735248109058,14.352348447176922,-6.191277060415388,3.36104710283599,15.529171794965315,0.6247790949866904,0,0.22040547105783284,50.0,76.0,-26.0,-8.33368689011455,-7.122073248937099,-12.538182136319548,0.31757732015745344
1615780800,2021-03-15,47.23,47.39,46.55,47.35,1968698.0,-0.0025343189017952295,0.0008447729672649285,-0.01689545934530101,0.004454815443360127,-7.877507919746563,2.000359207120738,-17.75537504661385,-4.899683210137269,-11.281942977824727,-8.090813093980998,0,16.82083975954876,20.852475752935177,32.99701497376334,13.575478653812276,-5.796100976067422,3.233846561411905,15.887667648259544,0.6668320690981122,0,0.19531004989485368,50.0,80.0,-30.0,-7.877507919746563,-6.81646917699301,-12.419175265295578,0.2993285623940145
1615867200,2021-03-16,47.13,47.26,45.55,45.68,1681455.0,0.03174255691768835,0.034588441330998254,-0.002845884413310018,-0.035269271383315814,-3.980954465849379,6.040623017781101,-14.002531949479874,-0.8118067717454807,-7.451474022183305,-4.131640396964386,0,10.212976634402565,11.823745410036715,30.850449158506727,7.856603134446814,-1.8576476219372324,3.394099091313952,15.06866378607674,-0.5686214959652055,0,0.1090179426908212,46.0,80.0,-34.0,-3.980954465849379,-3.085060144151612,-8.855872691432097,0.15111541145320562
1615953600,2021-03-17,45.68,46.51,45.34,46.51,3044099.0,-0.0178456245968609,0.0,-0.02515588045581585,0.01816987740805609,-5.1655557944528,4.707405050352563,-15.038516639258148,-2.1052820182039653,-8.544757399842311,-5.325019709023138,0,12.17011763838579,11.829766770858367,29.943601752175947,6.211293582367169,-3.08358301229282,3.2751048996926566,14.082181204109709,1.0229246835305348,0,0.21211558933853977,42.0,80.0,-38.0,-5.1655557944528,-4.356037514013437,-10.071322196232856,0.08841241193440563
1616040000,2021-03-18,46.19,46.67,44.9,45.11,2386719.0,0.02394147639104416,0.03458213256484144,-0.004655287076036352,-0.030101053536873756,-1.6759033473730938,7.718368454815234,-11.070175149561422,1.5214660459617022,-5.195448163747869,-1.8369910588930622,0,7.176401796530897,12.269785963165754,26.870407304919485,7.776484627565004,0.6865317810666767,3.415819545082135,12.694728119572233,-0.7993675230241603,0,0.13380470763400965,38.0,80.0,-42.0,-1.6759033473730938,-1.255541259733917,-6.994859003478538,-0.05992238651759374
1616126400,2021-03-19,45.08,46.09,44.63,45.91,6936515.0,-0.01807884992376385,0.0039207144412982675,-0.027880636027009187,0.017734426956328875,-2.7651927684600395,5.566152871912706,-11.096538408832785,0.2951426704421749,-6.313439337834893,-3.009148333696359,0,9.150059834322803,14.260826281732196,25.252903241801032,-3.7298137462557506,-0.6942993300285423,3.3437144970322623,11.12098182070617,2.2638572847610643,1,0.23987314957866962,34.0,80.0,-46.0,-2.7651927684600395,-2.6927548291225634,-8.277647397379752,-0.11361814669203518
1616385600,2021-03-22,45.5,45.79,44.44,45.08,2540461.0,0.009316770186335477,0.015749778172138518,-0.014196983141082531,-0.01807884992376385,-0.5944986690328307,7.3301861141342926,-8.519183452199968,2.566548358473824,-4.15261756876663,-0.793034605146417,0,6.315527542863663,8.235294117647058,22.665971873898425,-9.176300926883599,1.3585986140582236,3.3949631183669746,9.45574403803333,-0.8299431028271481,0,0.21978414400435925,30.0,68.0,-38.0,-0.5944986690328307,-0.8153368719053162,-6.330494288442139,-0.2089450039444687
1616472000,2021-03-23,44.24,44.24,41.33,41.49,3795293.0,0.06628103157387333,0.06628103157387333,-0.003856350927934571,-0.07963620230700963,7.9597493371896775,16.732641449372238,-0.8131427749928548,11.70281995661604,4.129910821884806,7.91636538925043,0,-3.7708435108931084,-0.9312320916905457,15.302741886295712,-17.228057443979196,9.672295228287382,4.070833222958685,8.522596541032343,-1.2274920325422571,0,0.14078130699496258,26.0,68.0,-42.0,7.9597493371896775,7.027106546013002,1.7048495297115664,-0.501028759147196
1616558400,2021-03-24,41.8,42.27,40.72,40.74,3524530.0,0.026018654884634174,0.03755522827687785,-0.0004909180166913218,-0.018076644974692746,9.67967599410899,19.431676518632884,-0.07232453041491738,13.634838815251186,5.824333169694015,9.729585992472607,0,-5.522660736300345,-5.079217148182664,8.835790162104704,-17.944534602593123,11.109883303215781,4.1214063319083145,7.994024703460489,-1.1246124794515473,0,0.054086282504814856,22.0,68.0,-46.0,9.67967599410899,8.140517522602693,3.4368959265350725,-0.7187403019454277
1616644800,2021-03-25,40.02,41.21,39.83,40.93,3066887.0,-0.0222330808697776,0.00684094795993162,-0.026875152699731286,0.004663721158566503,9.02882970925971,19.174271266256,-1.1166118477365643,12.882563726687835,5.149849336265163,9.016206531476499,0,-4.967210376780642,-2.7559990496555087,4.138549163816745,-26.260997146215473,9.819304592185787,4.0500841532673935,7.959102172499996,0.9814238390624229,0,0.018267821539698765,18.0,64.0,-46.0,9.02882970925971,6.911043237054955,2.8407840561383466,-0.8167972254899927
1616731200,2021-03-26,42.06,42.92,41.41,42.84,3689387.0,-0.018207282913165312,0.0018674136321195078,-0.033380018674136425,0.046665037869533466,4.248366013071902,13.773411245151962,-5.276679219008187,7.896047307812012,0.5150949268596321,4.205571117335822,0,0.2945947759681644,1.6370106761565952,2.6622778318716427,-26.409924208449496,4.098330250440398,3.9249187626918225,6.491349014975238,1.1712434794946684,0,0.10672790281944715,14.0,-28.0,42.0,4.248366013071902,1.940232753279659,-1.6759161863251535,-0.7230886179535961
1616990400,2021-03-29,43.17,43.82,42.33,42.43,2901462.0,0.01744049021918448,0.0327598397360358,-0.002356823002592545,-0.009570494864612589,5.263964176290358,14.862703034380885,-4.33477468180017,9.056877995129241,1.4914761568072947,5.274177075968268,0,-0.7702482600388052,0.16525023607176648,1.0529622031818953,-19.51587299200574,4.526211439317507,3.9306180891524365,4.49289438151218,-0.9218069426763407,0,0.12490423578245938,10.0,-28.0,38.0,5.263964176290358,2.6466806413471176,-0.6973498318736233,-0.6605063655354255
1617076800,2021-03-30,42.58,43.68,42.24,43.58,2050178.0,-0.022946305644791165,0.0022946305644790943,-0.030748049564020108,0.027103464529813825,2.5195043597980913,11.824479998309755,-6.785471278713587,6.152669420223347,-1.1511396665136857,2.500764876854845,0,2.2167200648626206,0.669900669900668,1.0892654183802937,-20.595507188551963,1.3364725725932658,3.7895653835238843,2.695437554175978,0.6637215441792783,0,0.1423872500549275,6.000000000000007,-27.999999999999993,34.0,2.5195043597980913,-0.05608237435825458,-3.187664387762638,-0.5196531914023693
1617163200,2021-03-31,43.66,43.83,42.96,43.42,1912139.0,0.005527406725011508,0.009442653155227854,-0.010594196222938779,-0.0036714089031665287,2.7936434822662335,12.212867091671356,-6.625580127138903,6.312759097190224,-0.7715338553661866,2.7706126209120328,0,1.7706495869981467,-2.030685920577614,0.935310293586916,-15.308550158943305,1.344550504267957,3.6749693564216965,0.9150097075748818,-0.6217795696069836,0,0.14328584272613465,2.0,-28.0,30.0,2.7936434822662335,0.28247096179494235,-2.71990060011926,-0.41954182089795033
1617249600,2021-04-01,43.66,43.81,42.3,43.37,1983338.0,0.006686649757897234,0.010145261701637098,-0.024671431865344706,-0.001151543067710814,2.8902467143186357,12.34521744676043,-6.564724018123144,6.346552916762761,-0.6490661747751858,2.8487433709937875,0,1.62557704257474,-0.43617998163453814,0.7545060228181509,-20.034144399537354,1.0878061159693857,3.6650963518656607,-0.2789863947214499,-0.6470578413343827,0,0.12472272244197966,-2.0,-28.0,26.0,2.8902467143186357,0.3601709477272834,-2.5054845532520886,-0.3422384633817409
1617595200,2021-04-05,43.66,44.11,43.21,43.82,1848174.0,-0.003651300775901478,0.006617982656321297,-0.013920584208124143,0.010375835831219815,1.6145595618439046,10.928629869422508,-7.699510745734685,4.952457021147126,-1.6883462650235828,1.6320553780617644,0,2.8765771481784057,-4.197638828159164,1.1245214542307354,-20.496570850066774,-0.3169449343470916,3.5150583134664175,-1.632265144019751,0.6154039404866649,0,0.09790876554745637,-6.0,-28.0,22.0,1.6145595618439046,-0.6066031317992326,-3.3691663707379718,-0.25059423368604206
1617681600,2021-04-06,43.83,44.27,43.54,43.71,2067766.0,0.0027453671928618917,0.012811713566689642,-0.003889270189887939,-0.0025102692834322315,1.5442690459849047,10.662334114325574,-7.573796022355751,4.828033249447088,-1.689926027606191,1.569053610920463,0,2.5270498303143256,-6.121134020618559,1.2966144108680573,-15.726202646013817,-0.27680767311967713,3.391489555919338,-3.0225394763868643,-0.6905885467503003,0,0.10469429243678978,-10.0,-28.0,18.0,1.5442690459849047,-0.3225214187375798,-3.0033988040252524,-0.18993230188198534
1617768000,2021-04-07,43.63,43.92,42.39,42.62,2774914.0,0.02369779446269371,0.03050211168465511,-0.005396527451900446,-0.0249370853351637,3.767010793054908,13.152105524031612,-5.618083937921796,7.141795714062255,0.41959956202097715,3.7806976380416017,0,-0.8610330064627405,-6.9635450774940075,0.11163789286534785,-15.323407668098753,1.7416439605164555,3.486200493329835,-3.4868109306881614,-0.9242236302549662,0,-0.014804509791511907,-14.0,-28.0,14.0,3.767010793054908,2.0146468089569396,-0.502226481387396,-0.21397788927977535
1617854400,2021-04-08,42.44,43.23,41.79,43.08,2233863.0,-0.014856081708449431,0.0034818941504177747,-0.029944289693593307,0.010793054903801114,2.234215413184785,11.183384849317207,-6.714954022947623,5.552847415660807,-1.097570411637264,2.2276385020117573,0,0.5557220717884093,-7.830551989730432,-0.29601761933114,-15.064035718625021,0.2775282120632312,3.441378573640947,-3.5352604174331184,0.7494569056584166,0,0.07198554191160253,-18.0,-28.0,10.0,2.234215413184785,0.8372249778453806,-1.503286061135583,-0.1904509214207681
1617940800,2021-04-09,43.41,43.73,43.02,43.53,1587282.0,-0.002756719503790639,0.0045945325063174725,-0.011716057891109521,0.010445682451253546,0.8890420399724235,9.501457376080992,-7.72337329613616,4.052377670572028,-2.3018607856650704,0.8752584424534575,0,1.934437721693051,-5.4517810599478675,-0.06785885814609875,-4.9735310679698586,-1.7742400429936538,3.2790352406909444,-4.044775908126393,0.5577080126906311,0,-0.04331557467960719,-21.999999999999996,-28.000000000000004,6.000000000000007,0.8890420399724235,-0.18565697563150252,-2.422632402342458,-0.13854382055597989
1618200000,2021-04-12,44.94,44.95,43.79,44.56,2485282.0,0.008527827648114883,0.00875224416517062,-0.017280071813285502,0.023661842407534994,-1.7324955116696685,6.03940326819199,-9.50439429153134,1.362208258527815,-4.7935368043088005,-1.7156642728904927,0,4.960339850376293,-5.473058973271104,1.4238068490181932,2.3467881849836587,-4.156836164134475,3.2020602275496897,-5.529737963249886,0.8786509203607141,0,-0.017049745081199916,-26.0,-28.0,2.0,-1.7324955116696685,-2.255440834012518,-4.494667791048158,-0.034239643731643066
1618286400,2021-04-13,44.76,44.99,43.57,44.19,2083280.0,0.012898845892735933,0.018103643358226007,-0.014030323602625017,-0.008303411131059368,-1.2672550350758058,5.6665378606903545,-8.20104793084198,1.954439164215131,-4.384098966583679,-1.2148299011842596,0,3.6824481280778656,-6.6737064413938825,2.1589788009117536,4.7956050276042745,-3.052827854386848,3.2277655717437446,-6.741080256025388,-0.7416518315889568,0,0.07312303898841388,-30.0,-28.0,-2.0,-1.2672550350758058,-1.3001717989507995,-3.550105578711424,0.008171517629780883
1618372800,2021-04-14,44.07,45.25,44.07,44.45,1689054.0,-0.008548931383577152,0.017997750281214753,-0.008548931383577152,0.005883684091423591,-1.983127109111365,4.640073650722698,-8.606327868945428,1.121484814398201,-5.060742407199115,-1.9696287964004568,0,4.465575702603552,-2.6926444833625154,3.099588105271929,12.943249342796179,-3.0232880421193755,3.1692985505377287,-8.012072000184745,0.6084120532364924,0,0.16476115434732308,-34.0,-28.0,-6.0,-1.983127109111365,-1.6986847116793484,-3.9529231393015607,0.04975257646986303
1618459200,2021-04-15,44.66,45.0,44.19,44.85,1821422.0,-0.00423634336677825,0.0033444816053511683,-0.014715719063545185,0.008998875140607376,-3.042363433667788,2.9560364039998603,-9.040763271335422,0.018952062430344085,-6.0278706800446,-3.0044593088071423,0,5.679127339743587,-3.569124919372171,4.401704440336304,20.977814512093815,-3.1447471634630375,3.0456747371049957,-9.192278619761291,0.6577787413173369,0,0.14965145986265185,-38.0,-28.0,-10.0,-3.042363433667788,-2.3301206914570116,-4.620921259779109,0.09745467206626537
1618545600,2021-04-16,45.15,46.18,45.12,45.86,2511985.0,-0.015481901439162726,0.0069777583951156075,-0.016136066288704787,0.022519509476031097,-5.095944177932836,1.0064177768222606,-11.198306132687932,-2.2437854339293466,-8.002616659398171,-5.123201046663766,0,8.61097489263372,1.6626025271558413,6.798625524669999,20.057845825363387,-4.5788560225023645,2.972993357842296,-9.345657108544259,0.9080229767332544,0,0.0786353007492338,-42.0,-28.0,-14.0,-5.095944177932836,-4.054381188321699,-6.4579186469278085,0.18519934826028547
1618804800,2021-04-19,45.57,46.19,45.57,46.19,33968.0,-0.01342281879194629,0.0,-0.01342281879194629,0.007195813344962998,-5.743667460489277,0.42330185346399674,-11.910636774442565,-2.9854946958216004,-8.521324962113013,-5.753409828967293,0,9.531673088509073,0.6098889130908324,9.195499282246205,16.962499152910624,-5.045767609285292,2.836790863944607,-9.48062742385595,0.012484700655043956,0,0.18096866835455586,-46.0,-28.0,-18.0,-5.743667460489277,-4.288440607255978,-6.846761377030646,0.24962409912922828
1618891200,2021-04-20,46.04,46.21,44.41,44.89,1909858.0,0.025618177767877004,0.029405212742258824,-0.010692804633548714,-0.0281446200476293,-3.035197148585439,3.267045454470761,-9.33743975164164,-0.11843766243410414,-5.914828840870285,-3.0166332516521805,0,4.504007979121091,-0.4214729370008823,9.143300812867091,9.623967000158338,-1.9715355369062166,2.9968618688107735,-10.50652696229393,-0.7026128287879303,0,0.08330432057912442,-42.0,-20.000000000000004,-21.999999999999996,-3.035197148585439,-1.3722203071358763,-3.986364705116756,0.19146338485056735
1618977600,2021-04-21,44.73,47.08,44.6,46.96,2797803.0,-0.04748722316865428,0.0025553662691650825,-0.05025553662691651,0.046112719982178696,-6.7270017035775,-0.25726236689503423,-13.19674104025998,-4.156019307211807,-9.605337876206704,-6.880678591709255,0,10.145557217777267,13.18389973487587,11.726629671146624,11.141555003149072,-5.731804483132336,3.0373550145745662,-10.932271672922557,1.0282279017181002,1,0.16751361026977854,50.0,76.0,-26.0,-6.7270017035775,-5.175002456152413,-7.8963522017160415,0.2741464999233949
1619064000,2021-04-22,47.24,47.32,45.81,46.4,2137019.0,0.01810344827586219,0.01982758620689662,-0.012715517241379204,-0.011925042589437829,-4.99137931034484,1.2501637195186248,-11.23292234020829,-2.4360632183907995,-7.94252873563218,-5.189295977011483,0,8.094150717875337,13.892979872361307,12.868057257686836,18.443541467398006,-4.055810541770967,3.086891147317551,-11.146827261348333,-0.7826274596916383,0,0.1203305903766681,46.0,76.0,-30.0,-4.99137931034484,-3.646699703897198,-6.5186875719390684,0.2723081219479395
1619150400,2021-04-23,46.71,47.96,46.6,47.74,1988809.0,-0.021575198994553846,0.004608294930875445,-0.02387934645999168,0.028879310344827713,-6.944909928780902,-0.7995261189307286,-13.090293738631061,-4.466904063678257,-9.814620863007974,-7.140762463343108,0,11.409446971809786,16.638162716833623,15.356065705960676,18.78300388787801,-6.20620500674346,3.0193499611914936,-10.878422714563024,0.7342998247664607,0,0.1442020179928145,50.0,84.0,-34.0,-6.944909928780902,-5.746334768643408,-8.784054175624789,0.33822259635585605
1619409600,2021-04-26,48.0,48.59,47.19,47.29,1814480.0,0.015013744977796506,0.027489955593148707,-0.0021146119687037723,-0.009426057813154642,-5.588919433283991,0.9456366669985812,-12.123475533566577,-3.0090928314654377,-8.384436455910333,-5.696764643687885,0,9.738786479556651,10.387488328664789,16.583718831581436,18.6805743030079,-4.765619344338376,3.0418224525189044,-10.203189044277442,-0.6816793563613633,0,0.1293451148851143,46.0,84.0,-38.0,-5.588919433283991,-4.387588652836797,-7.605631738614065,0.32814340443372936
1619496000,2021-04-27,47.1,47.42,46.85,46.93,1813911.0,0.003622416364798653,0.010441082463243267,-0.0017046665246110981,-0.007612603087333469,-4.385254634562102,2.1499047022008426,-10.920413971325061,-1.9149087293131544,-7.1354499609347215,-4.525179345123945,0,8.400840751332822,10.605703511666274,16.978772830355858,20.586037850578478,-3.2908337102852983,2.9329718869061017,-9.932552035026195,-0.6870323604482834,0,0.1575963309598667,42.0,84.0,-42.0,-4.385254634562102,-3.306132010654565,-6.626408928205095,0.2759569071418222
1619582400,2021-04-28,46.89,47.67,46.86,47.26,1359395.0,-0.007829030892932631,0.00867541261108773,-0.008463817181548872,0.007031749414020849,-4.663563267033439,2.0535222290460524,-11.380648763112916,-2.2330370997319733,-7.283820002821258,-4.758428551276637,0,9.280813113041205,8.444240477283158,17.67272975172363,27.831435056828866,-3.2710424351475496,2.8268799021863007,-9.50109173623442,0.5261107186702721,0,0.09431473058103294,38.0,84.0,-46.0,-4.663563267033439,-3.6021388569215276,-6.992976350697674,0.24351929544281758
1619668800,2021-04-29,47.39,47.39,45.59,46.23,2239406.0,0.025091931646117338,0.025091931646117338,-0.013843824356478351,-0.021794329242488364,-2.2355613238156877,4.514831951041742,-8.985954598673146,0.370250198283955,-4.9942317398514575,-2.3119907707837513,0,5.428535620693957,6.471672040534305,16.550417819032944,19.982180385555424,-0.6965123572696257,2.9615563089910992,-10.354088347887899,-0.8866952248759022,0,0.04179654665840691,34.0,80.0,-46.0,-2.2355613238156877,-1.3158890487357269,-4.727816609350782,0.1378132833145982
1619755200,2021-04-30,45.92,46.39,45.27,45.5,2167603.0,0.009230769230769376,0.019560439560439624,-0.00505494505494497,-0.015790612156608153,-0.4329670329670279,6.1767724444624434,-7.042706510396485,2.2190476190476147,-3.1457875457875417,-0.4633699633699706,0,2.865594878348908,4.911228960110682,14.473859486191055,11.53711301539765,1.1682209199726827,2.969961893470267,-11.374421430092836,-0.8629293829110393,0,-0.037018845185987546,30.0,72.0,-42.0,-0.4329670329670279,0.2419283477362626,-3.073812165767748,0.010556535864667316
1620014400,2021-05-03,45.82,46.33,45.46,46.14,2397767.0,-0.00693541395752062,0.00411790203727791,-0.014737754659731261,0.01406593406593415,-1.5626354573038554,4.8267513934761865,-7.952022308083912,1.0432018494437045,-4.240716659442285,-1.59875740499929,0,4.7945812746459495,5.294386125057052,13.580957711479998,19.584590168772337,0.05571347334290522,2.8542517493152255,-12.321873577854562,0.9580094882680619,0,0.02392699505484711,26.0,72.0,-46.0,-1.5626354573038554,-1.0391282673663937,-4.244993593062546,-0.03613064704506308
1620100800,2021-05-04,45.7,45.86,44.56,45.43,2226965.0,0.005943209333039823,0.009465111160026352,-0.019150341184239417,-0.015387949718248861,0.1650891481399981,6.421028366620888,-6.09085007034092,2.843935725291672,-2.648029936165514,0.09795289456305056,0,2.2953360981547988,3.935026309768929,11.73548300779461,12.181729273191642,1.6757459933752585,2.9402177357225536,-12.41978962596528,-0.8889368903726079,0,0.07323047927105286,22.0,48.0,-26.0,0.1650891481399981,0.45914469474814723,-2.6407082712086094,-0.11594246561854815
1620187200,2021-05-05,46.35,47.94,46.18,47.88,2850222.0,-0.03195488721804518,0.0012531328320801727,-0.03550543024227237,0.053929121725732054,-4.411027568922307,1.218076481316288,-10.040131619160903,-1.9395711500974784,-7.19855193539405,-4.569061542745743,0,9.075480847956449,12.34162365086815,13.273261289642486,13.726033093053339,-3.0827861187928107,2.9649468799086742,-12.418945167509696,1.1404757588630794,0,0.12398336297256736,50.0,80.0,-30.0,-4.411027568922307,-4.235469699878919,-7.323620104710045,-0.01040422268713681
1620273600,2021-05-06,47.99,49.15,47.78,48.92,2065568.0,-0.019010629599345852,0.0047015535568273314,-0.023303352412101352,0.02172096908939003,-5.846279640228943,-0.2611818099728396,-11.43137747048506,-3.426683019896444,-8.559553011719828,-5.993118015808136,0,11.519277114168617,13.556174558960082,15.664745655599264,13.322374825180354,-4.680809766018214,2.8946699216364253,-11.677905203083684,0.8325998191034395,0,0.13952329039367045,50.0,84.0,-34.0,-5.846279640228943,-5.674075745993306,-8.9293811425065,0.11581616622515778
1620360000,2021-05-07,48.62,50.51,47.79,50.39,2536773.0,-0.03512601706687846,0.0023814248858899933,-0.05159753919428456,0.030049059689288615,-7.912284183369707,-1.8071539200722384,-14.017414446667175,-5.43560230204406,-10.817622544155597,-8.126612423099829,0,14.65919466015579,15.759246496668963,19.118881793748002,16.52818227050878,-6.972813172926934,2.995058945034305,-10.29913047988185,1.0194417913277853,0,0.2032004271816384,50.0,88.0,-38.0,-7.912284183369707,-7.62333789242561,-11.13177643754382,0.2755606691739949
1620619200,2021-05-10,50.52,50.77,49.54,49.58,2029423.0,0.018959257765228,0.024001613553852552,-0.0008067769261799196,-0.016074617979757955,-5.901573215006053,0.6500490553497116,-12.453195485361817,-3.3259378781766884,-8.810004033884624,-6.067970956030649,0,11.73728600816974,11.265709156193886,20.49079834450113,22.889483299303265,-4.821663305077394,3.0037648578395992,-8.897621890842952,-0.8266723229845728,0,0.169331841365269,46.0,88.0,-42.0,-5.901573215006053,-5.531858018389897,-9.300311051935779,0.3018110345115502
1620705600,2021-05-11,48.7,49.23,47.45,48.38,1885625.0,0.006614303431169866,0.017569243489044872,-0.01922281934683756,-0.024203307785397254,-3.134559735427871,3.3220038931990814,-9.591123364054823,-0.46679068485602215,-6.161292545128845,-3.3140416149924334,0,7.673024076800047,9.481783208870796,19.694529374129967,15.626402233055899,-2.115924914141374,3.1728674798794287,-9.31376302690875,-0.7691008074505138,0,0.09181201839784453,42.0,88.0,-46.0,-3.134559735427871,-2.8850182980803396,-6.774133565074621,0.2174369957912733
1620792000,2021-05-12,48.16,48.35,46.36,46.6,1879880.0,0.033476394849785374,0.037553648068669565,-0.0051502145922747156,-0.036792062835882655,0.7961373390557895,7.074593896506002,-5.482319218394423,3.6917024320457728,-2.3941344778254745,0.648783977110142,0,2.2973942281868958,4.836895388076487,16.443273224694348,8.972422805080825,1.720771787089987,3.3683986400909998,-10.419795426358066,-0.7689585204005691,0,0.05982514224297527,38.0,84.0,-46.0,0.7961373390557895,0.7459978336793256,-3.087139826658756,0.030638922378965483
1620878400,2021-05-13,46.38,47.76,46.26,47.53,1621178.0,-0.02419524510835258,0.004839049021670538,-0.026719966337050316,0.01995708154506448,-0.8941721018304207,4.925410734133521,-6.713754937794363,1.9987376393856522,-4.113191668419944,-1.057227014517153,0,4.62348730989563,5.975473801560757,14.932796509101799,8.437653741666438,-0.299916659067307,3.292019921503904,-11.411626766029206,0.6730736743272475,0,0.0529240373562925,34.0,80.0,-46.0,-0.8941721018304207,-1.108566537485416,-4.787966766167315,-0.03768825137341625
1620964800,2021-05-14,48.14,48.25,47.38,48.17,1248104.0,-0.0006227942702927702,0.0016607847207805726,-0.0164002491177081,0.013465179886387624,-1.9711438654764493,3.7196567417890236,-7.661944472741894,0.8535741471178397,-5.137706733098057,-2.1420662929901226,0,6.171639432063955,5.037069341474056,14.431237827290552,7.610675580654721,-1.61485858893829,3.1452685270886542,-12.107624699490497,0.5229620323742,0,0.14486061163697744,30.0,72.0,-42.0,-1.9711438654764493,-2.191754582487576,-5.8156085104636475,-0.04659956038697066
1621224000,2021-05-17,48.18,48.53,47.77,48.38,1922738.0,-0.004133939644481277,0.0031004547333608468,-0.012608515915667584,0.0043595598920489476,-2.170318313352638,3.4989997336166,-7.839636360321876,0.6621193330577313,-5.332093151439992,-2.3349869091911444,0,6.68210398093499,4.74128599263911,14.25575505284836,14.16761767849124,-1.8823345434844185,3.0201361311465567,-12.568529196853865,0.8192953812067248,0,0.23113162502269496,26.0,72.0,-46.0,-2.170318313352638,-2.3671327649462626,-5.98033348552012,-0.0451383965324379
1621310400,2021-05-18,48.21,48.48,47.82,47.89,2168271.0,0.006681979536437677,0.012319899770306897,-0.0014616830235957279,-0.010128152128978996,-0.8561286281060632,4.387103509957939,-6.099360766170079,1.8751305074128197,-3.9423679264982354,-1.033618709542722,0,5.105726321430886,6.683002895967921,13.441664599730075,7.698322284117417,-0.7664389585501397,2.931546130005243,-12.996511944405563,-0.9339981385779378,0,0.16688608663707957,22.0,68.0,-46.0,-0.8561286281060632,-1.2378722868815402,-4.821546995952204,-0.08182204939219084
1621396800,2021-05-19,46.83,47.11,46.11,46.85,3396971.0,-0.00042689434365006385,0.005549626467449276,-0.015795090715048032,-0.02171643349342245,1.3329775880469583,6.703292736501567,-4.037337560407664,4.029526858769117,-1.6012095339736732,1.2141586623977076,0,1.882094296142128,-0.2342419080068131,11.369511753554814,5.513470084796971,1.413770719434467,3.0539604728729444,-13.09370406397335,-1.4614256189659267,0,0.23545528965524656,18.0,64.0,-46.0,1.3329775880469583,0.8635946815506657,-2.602502938527792,-0.17540434277903816
1621483200,2021-05-20,46.83,46.94,45.96,46.59,3382347.0,0.005151320025756467,0.007512341704228209,-0.013522215067611087,-0.005549626467449276,1.9188667095943401,7.287149528740272,-3.4494161095516205,4.551763611647715,-0.9966373327609688,1.7775631394433447,0,1.0955053610099625,0.4094827586207001,9.359540928401309,3.3642826699404225,2.0102543811688207,3.001892843349686,-13.088631605050884,-1.4444655696858366,0,0.2973847734924624,14.0,52.0,-38.0,1.9188667095943401,1.2906190841917038,-1.9782229927449464,-0.24956630352606823
1621569600,2021-05-21,46.94,47.7,46.84,47.31,2431920.0,-0.007820756711054866,0.008243500317057784,-0.009934474741069566,0.015453960077269846,0.3223419995772616,5.605163607723583,-4.960479608569074,2.891918551398561,-2.466356654688923,0.2127809483548191,0,3.165329039175738,-0.9007121910347711,8.542091106724987,3.511198391408179,0.6664956678478688,2.912637676165722,-13.686591712237448,1.041662802778655,0,0.2615382691995987,10.0,52.0,-42.0,0.3223419995772616,-0.22700433864045522,-3.3339156636317426,-0.24455816085051252
1621828800,2021-05-24,47.57,47.58,46.84,46.97,1691871.0,0.012774111134767008,0.01298701298701288,-0.0027677240791993407,-0.007186641302050378,1.0144773259527398,6.353201303172625,-4.324246651267146,3.5068483429139263,-1.749698389042635,0.8785749769356386,0,2.069875581046624,-0.6766758299851983,7.419011874644051,4.271226610039363,1.694753229087695,2.836703594957577,-14.241840383196399,-0.725613798994696,0,0.20653424249979246,6.000000000000007,52.00000000000001,-46.0,1.0144773259527398,0.44805506051430655,-2.5308811850177477,-0.25727959237318854
1621915200,2021-05-25,47.03,47.55,46.33,46.64,2238228.0,0.00836192109777012,0.019511149228130353,-0.006646655231560938,-0.007025761124121788,1.6981132075471805,7.1069594130811,-3.710732997986753,4.284591194968556,-1.1485134362492744,1.568038879359662,0,0.9963414357383158,-0.6179416151715302,6.049832049922731,-3.8738571038725524,2.3552823704584114,2.8395607420317415,-14.375770392573944,-0.9577225428891905,0,0.08750505815039686,2.0,12.0,-10.0,1.6981132075471805,1.0484131520611442,-1.7690356564061318,-0.2792221301912955
1622001600,2021-05-26,46.53,47.35,46.05,47.32,2701002.0,-0.016694843617920507,0.000633981403212136,-0.02683854606931535,0.014579759862778818,0.2430262045646714,5.57270323771462,-5.086650828585263,2.8000845308537663,-2.6584953508030367,0.07079459002537192,0,3.093973599577339,0.12695725772323802,5.753417729300436,-2.9189006461758495,0.6087882058826892,2.7950767858783454,-14.293737437130842,1.1457436122932048,0,0.1244005694004077,-2.0,12.0,-14.0,0.2430262045646714,-0.3652318572328994,-3.055907765122029,-0.24070177053073005
1622088000,2021-05-27,47.98,48.67,47.89,48.16,6354572.0,-0.003737541528239241,0.010589700996677776,-0.0056063122923587505,0.017751479289940697,-1.305024916943509,3.8392709426215106,-6.449320776508529,1.0918466223698715,-4.059731450719823,-1.4839424141749618,0,5.567132054183219,4.17477828250054,6.550107614760813,2.8346274235711633,-1.2021233114794256,2.7503847822747436,-14.792226021434152,2.621920976655137,0,-0.011303016640517426,-6.0,12.0,-18.0,-1.305024916943509,-1.9027573348767532,-4.560644345984429,-0.155544304761983
1622174400,2021-05-28,48.45,48.51,47.47,48.2,2088163.0,0.005186721991701226,0.006431535269709521,-0.015145228215767692,0.0008305647840531893,-1.1068464730290515,3.682518129070658,-5.896211075128761,1.2423928077454889,-3.888312586445366,-1.3229598893499315,0,5.684254049555307,5.93406593406594,7.253659526225309,-3.233138050860326,-1.5113417526201403,2.7059290226534842,-15.4515012874123,0.8637120611415403,0,0.06699805224127309,-10.0,11.999999999999996,-21.999999999999996,-1.1068464730290515,-1.7951976602505937,-4.457892341318015,-0.09631931358733359
1622520000,2021-06-01,48.69,49.95,48.29,49.77,2512440.0,-0.02169981916817365,0.003616636528029016,-0.029736789230460192,0.032572614107883924,-3.8617641149286754,0.8998371314781366,-8.623365361335502,-1.5343915343915455,-6.661978434130333,-4.098184984260939,0,10.036502344263681,7.867360208062424,9.794336677431017,3.176214338424465,-4.447724751373499,2.6845419294392396,-15.168627926404996,1.0786802635231802,0,0.11865210661795468,-14.0,12.0,-26.0,-3.8617641149286754,-4.427071210671457,-7.178767480104511,0.041407589845297466
1622606400,2021-06-02,51.92,52.09,49.38,50.19,3600812.0,0.034469017732616125,0.037856146642757604,-0.016138673042438656,0.00843881856540074,-4.192070133492734,0.4023064450603613,-8.78644671204583,-1.6929003121471737,-7.0585109915653845,-4.375705651856251,0,11.111970534687039,10.47765793528505,12.360415555723318,10.575577042418331,-4.626366416063604,2.8576060594974564,-13.752355766061926,1.5320084199256143,0,0.11260135595454442,-18.0,12.0,-30.0,-4.192070133492734,-4.729049942549025,-7.643533246899125,0.14763340952214743
1622692800,2021-06-03,50.11,52.2,49.81,51.03,4971926.0,-0.0180286106212032,0.022927689594356204,-0.023907505388986894,0.01673640167364021,-5.460513423476371,-0.29697863566802596,-10.62404821128473,-2.8888235678359138,-8.289568227839823,-5.589195897837868,0,13.197052222780222,6.5789473684210495,15.446106290524378,14.128863415173981,-5.390090652063279,2.9443495781757303,-12.385842791061462,2.094395613006579,1,0.07827755044580857,50.0,84.0,-34.0,-5.460513423476371,-5.697553554598315,-8.804439429874577,0.25501335958091764
1622779200,2021-06-04,51.03,51.54,50.85,51.17,3123561.0,-0.002735978112175075,0.007230799296462642,-0.006253664256400282,0.00274348422496562,-5.499316005471954,0.2028998370900581,-11.201531848033966,-2.9698390984300715,-8.222917073806258,-5.596378086118165,0,13.540016392338224,4.5993458708094845,18.11395529601484,15.86658007351133,-5.212383339667909,2.82287622025461,-11.116937885703887,1.3202422804170781,0,0.0455964507781771,50.0,88.0,-38.0,-5.499316005471954,-5.38836650933105,-8.698891684089745,0.3122340700820727
1623038400,2021-06-07,51.12,51.21,49.58,49.91,3203753.0,0.024243638549388935,0.0260468843919055,-0.006611901422560629,-0.024623803009576006,-3.1616910438789745,2.564188651699297,-8.887570739457246,-0.5623455553329393,-5.729646697388631,-3.145996126360785,0,8.385476794117487,-0.952569954356031,18.174935504934208,9.41515766256866,-2.541942971266522,2.9206936635595064,-11.060720136211623,-1.352572295201178,0,-0.025727848128362322,46.0,88.0,-42.0,-3.1616910438789745,-2.714153639758166,-6.143211540093233,0.2449599628283543
1623124800,2021-06-08,49.53,50.46,49.15,50.36,2470099.0,-0.01648133439237487,0.0019857029388403724,-0.024027005559968284,0.009016229212582605,-3.9495631453534656,1.8979581190509833,-9.797084409757915,-1.4402965316388645,-6.5773100344188435,-4.008803283028868,0,9.617046506721202,1.5732150060508294,18.747748465818926,8.883476355333428,-3.2066792768049908,2.8736435801193045,-11.353211302015254,1.053683491454884,0,0.060513631041355334,42.0,88.0,-46.0,-3.9495631453534656,-3.242184608954844,-6.708084813007758,0.2117514273613328
1623211200,2021-06-09,50.26,50.45,49.76,49.92,2226438.0,0.006810897435897356,0.010616987179487225,-0.0032051282051283048,-0.008737092930897528,-2.948717948717956,3.1035028199587913,-9.000938717394732,-0.5114850427350319,-5.4754273504273385,-2.9934561965812065,0,7.8547867196665635,3.1831335262505145,18.458473641387858,15.494033779820924,-1.8936237385263297,2.790632124302465,-11.624810241690055,-0.9552449302476302,0,-0.003527847850644416,38.0,40.0,-2.0,-2.948717948717956,-2.1617940335320895,-5.654984605946154,0.1443550335005207
1623297600,2021-06-10,50.33,50.39,48.88,49.1,2290508.0,0.02505091649694502,0.026272912423625172,-0.004480651731160856,-0.01642628205128205,-1.0733197556008207,4.853172917159469,-6.9998124283611105,1.3408010862186188,-3.6082824168363885,-1.133740665308892,0,4.683790972690481,5.36480686695279,16.81281461796022,16.8913106060688,0.20582315896839987,2.8542458879652717,-12.570831947826168,-0.9807114491446993,0,-0.06541291578968267,34.0,40.0,-6.0,-1.0733197556008207,-0.4775660992382029,-3.9193900982040617,0.034483656088721726
1623384000,2021-06-11,49.38,49.77,49.19,49.72,1814381.0,-0.0068382944489138175,0.001005631536605156,-0.010659694288012944,0.012627291242362393,-2.0866854384553477,3.7650722893291118,-7.938443166239821,0.2235854116385383,-4.478747653526412,-2.127581120943944,0,6.577968720340884,4.607616242373233,16.243259179862534,16.48379815781199,-0.7848147474286549,2.7135748050342388,-13.44928067495256,0.7775022133590918,0,-0.03550243563200108,30.0,40.0,-10.0,-2.0866854384553477,-1.5549184135724943,-4.916812833147631,-0.004431738308002142
1623643200,2021-06-14,49.59,49.8,48.66,48.84,1489300.0,0.01535626535626533,0.019656019656019597,-0.0036855036855037993,-0.017699115044247704,-0.25389025389024766,5.684958525774746,-6.19273903355527,2.176494676494684,-2.6658476658476644,-0.2446764946764972,0,3.2523438171982235,1.39090720365373,14.277183208227479,16.700375344253615,1.1712671647428579,2.731874065435138,-13.83947923975388,-0.6409115446531977,0,-0.033768395963555235,26.0,40.0,-14.0,-0.25389025389024766,0.19802237926205635,-3.077970792640599,-0.09254968281623133
1623729600,2021-06-15,48.85,49.01,48.26,48.95,1375584.0,-0.0020429009193054792,0.0012257405515831987,-0.014096016343207451,0.0022522522522523403,-0.41981613891725544,5.500445518411311,-6.340077796245836,1.9982975825672469,-2.8311201906707453,-0.4164113040517492,0,3.6111221333765613,1.1781727986771398,12.832431262914989,17.965631512629614,1.1893518751389394,2.640480784512006,-13.891634904252758,0.5943922355120393,0,0.021601761665849567,22.0,40.0,-18.0,-0.41981613891725544,-0.02455679064154026,-3.166527101330203,-0.14349711763593787
1623816000,2021-06-16,48.75,48.89,47.82,48.28,1787160.0,0.009734879867439927,0.01263463131731557,-0.00952775476387735,-0.013687436159346311,1.0024855012427594,6.967478478312003,-4.962507475826499,3.483844241922114,-1.4975144987572406,0.9931648715824366,0,1.0968130078546565,0.8143662560033422,10.515304591694157,12.879014243476483,2.854053247808281,2.6530801681030525,-13.60781982688103,-0.7741121672053173,0,-0.049810837452982835,18.0,40.0,-21.999999999999996,1.0024855012427594,1.2330462745727715,-1.7512523266629074,-0.21792676719562076
1623902400,2021-06-17,48.41,49.35,45.76,46.47,2739512.0,0.04174736389068201,0.06197546804389931,-0.015278674413600202,-0.03748964374482189,4.8956315902732825,11.210784587309035,-1.4195214067624562,7.847356717595574,2.114625923534902,4.980991320565238,0,-4.91586176890651,-0.8110992529349041,5.665521316944677,1.8865556476359089,6.9963707407624725,3.1113456249933913,-12.08565314673915,-1.1869895046756738,0,-0.04646942865229852,14.0,-36.0,50.0,4.8956315902732825,4.683101241549693,1.9941296074494659,-0.3754283263767886
1623988800,2021-06-18,45.9,45.91,44.49,44.71,4240368.0,0.026615969581748944,0.02683963319167959,-0.004920599418474558,-0.03787389713793843,8.814582867367477,16.200318322244826,1.4288474124901143,11.97867740251995,5.921866845597563,8.950272124058742,0,-9.762248751535019,-4.035200686842675,-0.8062439827252847,-0.6339937537270615,10.239320721811552,3.3191599921953503,-10.090160452407897,-1.805887563256263,-1,-0.14343479711710433,10.0,-40.0,50.0,8.814582867367477,7.965460565124971,5.773456365883263,-0.5726946968590686
1624248000,2021-06-21,45.11,45.9,45.02,45.58,2174745.0,-0.010311540149188225,0.007020623080298494,-0.012286090390522086,0.01945873406396781,6.547827994734547,14.273784597285328,-1.178128607816248,9.647871873628816,3.7022817025010823,6.675076788064956,0,-6.596566086271679,-3.6567321919256055,-4.465041667968181,-1.321952305432994,7.646138417418214,3.209733846711752,-8.237202950528879,0.9215688933393055,0,-0.18137051372451507,6.000000000000007,-39.99999999999999,46.0,6.547827994734547,5.342338009014,3.607288401265336,-0.6153981086857485
1624334400,2021-06-22,45.58,45.97,45.2,45.57,2493097.0,0.00021944261575601587,0.00877770463023908,-0.008119376782971144,-0.00021939447125929323,6.4175992977836245,14.529920900870593,-1.6947223053033156,9.505156901470272,3.5516787360105155,6.528417818740408,0,-6.624365998520112,-2.9806259314456005,-7.313710259688981,-3.3029988536317703,6.822895152959859,3.101814623547104,-6.59387452989575,-1.0564036140394604,0,-0.14977043300212742,2.0,-40.0,42.0,6.4175992977836245,4.8544589303387795,3.4876703632653374,-0.6137427963848234
1624420800,2021-06-23,45.76,45.95,45.3,45.52,1631403.0,0.005272407732864526,0.009446397188049183,-0.004833040421792778,-0.0010972130787798573,6.411467486818978,14.844393382899227,-2.0214584092612853,9.425527240773278,3.590729349736364,6.508128295254821,0,-6.770096346234077,-2.4013722126929617,-9.645596896597963,-9.302324337841618,5.834175568100065,2.9854161453921986,-5.067926710736419,-0.6939341774229811,0,-0.18399301437664115,-2.0,-40.0,38.0,6.411467486818978,4.496334605045632,3.46011397026345,-0.5855249319504283
1624507200,2021-06-24,46.18,46.33,45.3,45.83,1697592.0,0.007636919048658042,0.010909884355225774,-0.011564477416539432,0.006810193321616698,5.529129391228452,14.208850179633359,-3.1505913971764556,8.537348170776056,2.800930976798327,5.6691395737871915,0,-5.552026599514399,-3.1487743026204607,-11.028694569196935,-12.525436315243581,4.193752480725905,2.9139519625281123,-4.111481813527266,0.7220359099548924,0,-0.18356875193994146,-6.0,-40.0,34.0,5.529129391228452,3.4286024679320803,2.652049564414625,-0.5178285127886035
1624593600,2021-06-25,46.16,46.44,45.6,46.0,3322410.0,0.003478260869565153,0.009565217391304337,-0.008695652173912993,0.003709360680776763,4.904347826086948,13.837658823062895,-4.0289631708889715,7.900724637681165,2.1724637681159464,5.0365942028985415,0,-4.872400409187293,-4.485049833887037,-11.875050056941006,-2.1498519385869983,2.8689406084334337,2.8262475772587328,-3.358350099723406,1.3953032580703377,0,-0.12782214399178987,-10.0,-40.0,30.0,4.904347826086948,2.75623620186461,2.183558459215277,-0.43669069551370343
1624852800,2021-06-28,45.93,45.99,44.67,45.03,1449593.0,0.019986675549633626,0.02131912058627594,-0.00799467021985345,-0.021086956521739086,6.812125249833429,16.458132382180906,-2.833881882514021,9.941890591457565,4.02805537049376,6.9849729809756695,0,-7.961398679980469,-6.576763485477182,-13.862525475828313,-0.23151305471682093,4.389337478920325,2.891875338981507,-2.099138649095078,-0.6142628384053287,0,-0.2216112006108905,-14.0,-40.0,26.0,6.812125249833429,4.49642084158674,4.212764809112542,-0.42313827908373536
1624939200,2021-06-29,45.39,45.92,44.98,45.45,1351365.0,-0.0013201320132013583,0.010341034103410252,-0.010341034103410474,0.009327115256495766,5.34983498349834,15.071374880170112,-4.371704913173431,8.419141914191414,2.7183718371837244,5.568756875687569,0,-6.207816602445831,-8.679927667269439,-14.739734535568827,-2.032387697567337,2.771426731222121,2.808227101503041,-0.9298708735116357,0.5663160107247961,0,-0.18811954162049568,-18.0,-40.0,22.0,5.34983498349834,3.1945128392648883,3.122301675343536,-0.3629865521834843
1625025600,2021-06-30,45.25,45.81,45.1,45.61,1607056.0,-0.007893005919754392,0.004385003288752465,-0.01118175838631874,0.0035203520352034,4.478184608638472,14.104978474665586,-5.148609257388657,7.266315866403559,2.024044434699988,4.645180150551781,0,-5.534074225324595,-9.12532376967523,-15.169450625292228,4.788802778873318,1.7927387321057893,2.7096830001614185,0.15587777524442004,0.6751818854348781,0,-0.11283985636136204,-21.999999999999996,-40.0,18.0,4.478184608638472,2.5627437198893404,2.6522915709376775,-0.29254580599477875
1625112000,2021-07-01,46.11,46.54,45.46,46.17,1510032.0,-0.001299545159194282,0.008013861815031387,-0.015377951050465688,0.012278009208506857,2.6846437080354946,11.667504892158902,-6.298217476087885,5.286621904555616,0.3916684715904921,2.8391451880730614,0,-3.1853418035356853,-9.523809523809522,-14.491777361282784,4.098354121394152,0.08967043380143025,2.6527001783559356,0.16155386323700327,0.6413586198717096,0,-0.14957514234623728,-26.0,-40.0,14.0,2.6846437080354946,1.1931558115648073,1.3520280586973428,-0.19315488556567406
1625198400,2021-07-02,46.2,46.2,45.48,46.17,1304704.0,0.0006497725795970855,0.0006497725795970855,-0.014944769330734298,0.0,2.1431665583712345,10.370717259110876,-6.084384142368407,4.722763699371882,-0.17868745938920938,2.2720381199913504,0,-3.1853418035356853,-9.771350400625366,-13.931459740268734,4.637877461193938,-0.2609147596347725,2.5746111792614506,0.1668245163729729,0.5580951389698833,0,-0.07331956168047898,-30.0,-40.0,10.0,2.1431665583712345,1.0795219247490877,1.2990073505131363,-0.11612644574783393
1625544000,2021-07-06,45.84,45.92,44.18,44.94,2543013.0,0.020026702269692942,0.02180685358255463,-0.016911437472185042,-0.026640675763482835,4.385847797062766,12.608515136069059,-3.836819541943555,7.020471740097918,1.9603916332888502,4.490431686693384,0,-7.554297183442806,-9.957924263674613,-15.227817444498221,2.7442497332715874,1.996634913440289,2.7724384511165927,1.091750590951765,-1.0826562296244648,0,-0.11993028210796357,-34.0,-40.00000000000001,6.000000000000007,4.385847797062766,3.4797603344646433,3.9118752232983667,-0.1353833844785095
1625630400,2021-07-07,44.6,44.97,43.23,44.23,1781171.0,0.008365362875876192,0.016730725751752162,-0.02260908885371915,-0.01579884290164668,5.368528148315633,13.30997149324233,-2.5729151966110635,8.126083352174263,2.8875574647674966,5.506820408470887,0,-9.832042355829792,-12.172359015091347,-17.281493714606253,3.0445528503956183,3.0679022128255724,2.896731358663054,2.4783664586764367,-0.7585265831783251,0,-0.1026425678382538,-38.0,-88.0,50.0,5.368528148315633,4.651258205684556,5.361095500887231,-0.18048690127312805
1625716800,2021-07-08,43.33,44.55,42.97,43.81,1974368.0,-0.010956402647797403,0.016891120748687483,-0.019173704633645317,-0.009495817318561972,5.681351289659901,13.363755539910343,-2.0010529605905703,8.549037510461858,3.0571406832534223,5.803089096857647,0,-11.130846960404675,-12.239583333333332,-19.525570707092264,4.7696709234309935,3.4300440346118677,2.973214797531009,3.89825952971675,-0.8396536396415413,0,-0.04410451075745538,-42.0,-92.0,50.0,5.681351289659901,5.1160072806938075,6.1213266942402385,-0.22050766292252932
1625803200,2021-07-09,44.81,45.29,44.47,44.92,1842486.0,-0.0024487978628673357,0.008236865538735483,-0.010017809439002767,0.025336681123031335,2.604630454140704,9.631802698197106,-4.422541789915698,5.281982784208978,0.07940041555356459,2.6806915998812713,0,-6.0857801955037445,-8.513238289205702,-19.075786189133062,16.510864257496735,0.907415539261109,2.9279592666929064,4.223532885124296,0.7803607710858217,0,0.06834328516129223,-46.0,-92.0,46.0,2.604630454140704,2.2786682147910966,3.361789499964445,-0.15710109045046494
1626062400,2021-07-12,44.6,45.42,44.17,45.22,1858236.0,-0.013710747456877392,0.00442282176028308,-0.023219814241486003,0.006678539626001623,1.4263600176912803,7.3921137703400746,-4.539393734957514,4.1463954002653765,-1.1698363555948674,1.4882795223352332,0,-4.799146357810628,-9.05068382944489,-18.108627774350545,16.07759297667552,0.14559835422667788,2.898229439214617,4.713651923693071,0.7895808685788969,0,0.0945932155509023,-42.0,-84.0,42.0,1.4263600176912803,1.4477346180155308,2.571119681809094,-0.08352638850376837
1626148800,2021-07-13,45.21,45.34,44.53,44.69,1932437.0,0.011635712687402266,0.014544640859252667,-0.00358021928843133,-0.01172047766475015,2.1649138509733774,7.465533152464616,-3.135705450517861,4.869471171775942,-0.43596628626836775,2.216752442753787,0,-6.6485709618599245,-8.497133497133508,-18.077693888414107,7.867174635818635,1.197210083647903,2.8525927151115704,5.1687624595069295,-0.8227537867961326,0,0.05511239296645471,-46.0,-84.0,38.0,2.1649138509733774,2.3983895716593366,3.639027710967028,-0.06021369487785755
1626235200,2021-07-14,44.8,45.29,44.3,44.58,1985224.0,0.004934948407357531,0.015926424405563022,-0.006280843427545979,-0.002461400760796595,1.9268730372364473,6.114169016113806,-2.2604229416409254,4.704650815014205,-0.667713473904584,2.0184686705548245,1,-7.032651024399158,-8.927477017364668,-18.209645885035624,0.866266466585202,1.3104516234994321,2.8139953689969386,5.746520895805737,-0.8482080198611242,0,0.04155335189098807,-46.0,-80.0,34.0,1.9268730372364473,2.398573532004164,3.742018874089652,-0.04268568625874847
1626321600,2021-07-15,44.17,44.75,44.01,44.48,2012625.0,-0.006969424460431584,0.006070143884892243,-0.010566546762589946,-0.0022431583669807464,1.7288669064748206,4.8358097161018065,-1.3780759031521796,4.462679856115102,-0.8475719424460522,1.8075539568345391,1,-7.393872958029789,-7.8707539353769755,-18.463452063010998,-6.147989994981096,1.3153490767302998,2.737703745099701,6.477552920383431,-0.8614932824177124,0,0.05973740061414542,-42.0,-72.0,30.0,1.7288669064748206,2.3784255664163396,3.8193596015564992,-0.028966787357824098
1626408000,2021-07-16,44.67,44.73,43.13,43.2,1956748.0,0.03402777777777777,0.03541666666666643,-0.0016203703703703276,-0.028776978417266008,4.364583333333343,7.908911037359715,0.8202556293069705,6.92168209876543,1.914737654320973,4.418209876543216,1,-11.728909435655737,-7.036797934151057,-20.536815832272115,-17.10325206345493,3.778182337710973,2.8820268081455858,7.687504068069735,-0.8440313745427419,0,-0.0018237082097095519,-46.0,-96.0,50.0,4.364583333333343,4.896445122012523,6.6250774504286625,-0.09359335412040093
1626667200,2021-07-19,42.15,42.77,41.71,42.47,2744538.0,-0.007534730397927958,0.007063809748057537,-0.017894984695078886,-0.016898148148148273,5.894749234753945,10.383472260235862,1.4060262092720421,8.396907621065864,3.3886665096931097,5.89278706537948,0,-13.931998537043015,-5.010064862446884,-23.229527138566315,-18.517674404819616,4.89489512908419,2.9727643974815186,9.472831929265134,-1.1769459763589498,0,0.06832828485917535,-42.0,-92.0,50.0,5.894749234753945,6.061423925177294,8.126134686568804,-0.16862447625119337
1626753600,2021-07-20,42.47,44.31,42.47,44.2,2053422.0,-0.03914027149321275,0.002488687782805421,-0.03914027149321275,0.04073463621379814,1.593891402714931,5.92294494027918,-2.7351621348493325,4.054675716440428,-0.9747360482654841,1.5399698340874863,0,-5.904057213198854,-3.027643703378665,-21.572866448232674,-16.911656619070882,0.5352944805030262,2.9497300444303836,9.177587719645686,0.884238892659182,0,0.13325597267107153,-46.0,-92.0,46.0,1.593891402714931,1.7282318551425533,3.7413406382708985,-0.08886793442984875
1626840000,2021-07-21,44.7,45.4,44.43,44.62,1648649.0,0.0017929179740028278,0.017480950246526294,-0.0042581801882563,0.00950226244343888,0.5311519497982857,4.771509565477189,-3.7092056658805745,3.012102196324534,-2.014791573285521,0.49865531151948517,0,-4.165890696023062,-2.0847048496818146,-19.409780381602605,-16.869731032298546,-0.5012626103090554,2.9053513535405298,7.816547971184079,0.712272460424949,0,0.07026705208725122,-46.0,-88.0,42.0,0.5311519497982857,0.6972840621851475,2.656416956419406,0.00032695510516944637
1626926400,2021-07-22,44.35,44.35,43.48,43.67,1796457.0,0.015571330432791353,0.015571330432791353,-0.004350812915044799,-0.021290900941281832,2.5062972292191574,6.934459413282099,-1.921864954843798,5.077093351652536,-0.10953362338753436,2.483779864132501,0,-7.325051735776803,-4.0641476274165225,-19.05498571159342,-22.847252566433397,1.3695476074441615,2.9429783541082783,7.151442914044139,-0.7767289934290397,0,0.015324279615430569,-46.0,-84.0,38.0,2.5062972292191574,2.612825064868886,4.697861817991566,0.0033309300119385155
1627012800,2021-07-23,44.14,44.3,43.64,44.17,1421861.0,-0.0006791940230925775,0.0029431741000678358,-0.011999094407969202,0.011449507671170034,1.158025809372873,5.427036854176961,-3.1109852354312153,3.6438759338917777,-1.4002716776092399,1.1218021281412547,0,-5.216545007911854,-3.6220816059349694,-17.76624011483683,-17.762204608124506,0.014694198553527826,2.8085614693405523,6.533845360985623,0.6172105417816031,0,0.0031273645261573517,-10.0,-44.0,34.0,1.158025809372873,1.3130430491215463,3.37493980653754,0.04468265676909833
1627272000,2021-07-26,44.32,44.95,44.28,44.87,1407498.0,-0.012257633162469306,0.0017829284599957251,-0.013149097392467057,0.015847860538827252,-0.5460218408736353,3.4421100585805533,-4.53415374032781,1.861674466978684,-3.065894064334003,-0.6021097986776454,1,-2.377453776333695,-2.4565217391304404,-15.368744081067895,-10.938448882666087,-1.6629765859694743,2.691432521427042,5.319284481830149,0.6121112934463623,0,0.05599212169602122,-14.0,-44.0,30.0,-0.5460218408736353,-0.24202710675889705,1.6931193257573511,0.12056397756995862
1627358400,2021-07-27,44.56,45.12,44.26,44.51,1696689.0,0.001123343068973437,0.013704785441473799,-0.0056167153448662965,-0.008023178069979875,0.1999550662772549,4.199659669907987,-3.7997495373534775,2.5664644649142474,-2.2976110237400036,0.13442672058714322,0,-3.667128510674466,-1.1547856984232803,-14.002669472266053,-10.8408975505441,-0.797306599655272,2.657411663628731,4.027394114837314,-0.7350106755068717,0,0.01909056890699683,-18.0,-44.0,26.0,0.1999550662772549,0.5110297639640464,2.416968622688856,0.14618844140450205
1627444800,2021-07-28,44.58,45.13,44.26,44.83,1043995.0,-0.005576622797234032,0.006691947356680883,-0.012714699977693478,0.007189395641428842,-0.5844300691501161,3.299298527033855,-4.468158665334116,1.747341809799991,-3.0663989887724057,-0.6595285894862002,1,-2.340857474937856,-1.364136413641374,-12.298589207536535,-5.296194106235937,-1.3861825367833518,2.5886015597423486,2.817608591588055,0.4557314135273308,0,0.027625703365667987,-21.999999999999996,-44.0,22.0,-0.5844300691501161,-0.1867661312187181,1.6197943413235123,0.18203242256022723
1627531200,2021-07-29,45.42,46.24,45.12,45.95,1443772.0,-0.011534276387377584,0.006311207834602817,-0.0180631120783461,0.024983270131608393,-2.9706202393906693,0.9193947501833719,-6.860635228964696,-0.6594124047878154,-5.445048966267706,-3.0522306855277606,1,2.026970362420208,0.7454505590879268,-8.82381693242485,-6.127604429178255,-3.7034204468596243,2.5642952013092546,1.021593805718318,0.6342564780508825,0,0.04871846374965544,-26.0,-44.0,18.0,-2.9706202393906693,-2.3701557465031016,-0.8235065242462696,0.2730420408080939
1627617600,2021-07-30,45.57,46.48,45.42,46.03,2139770.0,-0.009993482511405638,0.00977623289159224,-0.013252226808603051,0.0017410228509249226,-3.1544644796871637,0.6767644416009801,-6.985693400975293,-0.8429285248750915,-5.615902672170321,-3.2294155985227064,1,2.3260960807564572,-0.30322720381200036,-5.920704064718429,-5.382865258223681,-3.6629172355409025,2.541481857332304,-0.4392692891576253,0.9505112350021968,0,0.010973481836224624,-30.0,-44.0,14.0,-3.1544644796871637,-2.297946964696436,-0.9568210479383339,0.32686484866242216
1627876800,2021-08-02,46.37,46.97,45.63,45.85,1562291.0,0.011341330425299834,0.02442748091603053,-0.004798255179934596,-0.0039104931566369405,-2.809160305343511,0.9213898556420759,-6.539710466329112,-0.364231188658664,-5.291166848418769,-2.8276990185387234,1,1.5646008608720763,-0.6930907515702843,-3.87065914215321,1.7202610868527017,-3.1238749165180764,2.5779674849806455,-1.3815816533890697,-0.7053942995341879,0,0.015941341432569655,-34.0,-44.0,10.0,-2.809160305343511,-1.732061564017826,-0.5457186345044676,0.33722061996394753
1627963200,2021-08-03,45.97,46.61,45.31,46.38,2206499.0,-0.008840017248814225,0.0049590340664078525,-0.02307028891763696,0.01155943293347872,-3.764553686934022,0.29062380945414645,-7.8197311833222045,-1.4330889751329607,-6.208854391260616,-3.820971683196788,0,3.6550104777696575,3.2042723631508787,-1.2466567142485383,1.122747520754487,-3.9645390013741775,2.566681327269626,-2.5859218308227874,0.9982945601251121,0,0.1068303929751886,50.0,43.99999999999999,6.000000000000007,-3.764553686934022,-2.583097631875532,-1.6162471865871169,0.364331175511828
1628049600,2021-08-04,46.38,46.55,43.82,43.94,3207233.0,0.05553026854802012,0.059399180700955734,-0.002730996813837039,-0.052608883139284246,1.5464269458352504,5.864643392795045,-2.771789501124559,4.224321043847667,-1.041951145501443,1.5911849491731118,0,-5.6258617786515615,-0.6556635767578547,-3.3035074943640406,-1.2379829200120014,1.4540040128883618,2.9594818249950388,-3.3587028905394902,-1.431432542703801,-1,-0.02977919896129408,46.0,44.0,2.0,1.5464269458352504,2.5572996779576584,3.6961651444565433,0.21015327912723397
1628136000,2021-08-05,44.32,44.81,43.58,43.72,1776569.0,0.013723696248856498,0.024931381518755735,-0.003202195791399798,-0.005006827492034516,2.047118023787746,6.405517068704796,-2.311281021129304,4.738487343702374,-0.47422994815492814,2.132128697773709,0,-6.342575748047139,-0.2054325496462073,-5.240761377983023,-0.9349309345922237,2.0329734716356427,2.9628728402719684,-3.8934333710655267,-0.796188379037492,0,-0.014175681295697956,42.0,44.0,-2.0,2.047118023787746,2.7806683321785215,4.052556072477074,0.09162578515014896
1628222400,2021-08-06,43.7,44.07,42.73,42.8,3097949.0,0.02102803738317771,0.02967289719626165,-0.0016355140186915529,-0.021043000914913068,3.992990654205613,8.7961948319426,-0.8102135235313739,6.8528037383177605,1.4065420560747839,4.129672897196286,0,-9.240495621786451,-4.719501335707935,-8.197298854690226,-1.6679660002731111,4.396039671937714,3.0340093583060357,-3.7801039519971873,-1.3834567148744517,-1,-0.16360595229395547,38.0,44.0,-6.0,3.992990654205613,4.514736949459348,6.042564514818679,-0.04322451854002407
1628481600,2021-08-09,42.64,43.24,42.17,42.83,1945848.0,-0.004436142890497208,0.009572729395283863,-0.015409759514358967,0.0007009345794393163,3.6411393882792567,8.666021072014487,-1.3837422954559742,6.501284146626205,1.1008638804576236,3.801074013541921,0,-9.10582639084447,-5.2852720035382585,-10.456599216783642,-9.014752627315303,4.175431074580388,2.993767397620957,-3.3108901185486523,0.9045798279676465,0,-0.21554239331661676,34.0,44.0,-10.0,3.6411393882792567,4.018527386567428,5.734237180498241,-0.12051126933602796
1628568000,2021-08-10,42.7,43.13,42.33,43.1,1450224.0,-0.009280742459396696,0.0006960556844548549,-0.01786542923433887,0.006303992528601476,2.807424593967525,7.954368230256392,-2.3395190423213563,5.600928074245942,0.23665893271460448,2.9187935034802734,0,-7.859748634773695,-3.5578429178787117,-11.756670697686491,-9.608968277791526,3.2671611855923004,2.895094049256501,-2.8751915589178694,0.6781982403221491,0,-0.12768863085111143,30.0,44.0,-14.0,2.807424593967525,3.0462457533609495,4.87296826513635,-0.14207589230628642
1628654400,2021-08-11,43.11,44.1,42.67,43.98,1653995.0,-0.01978171896316505,0.0027285129604366354,-0.029786266484765678,0.02041763341067271,0.6821282401091366,5.7279308301691145,-4.3636743499508555,3.408367439745348,-1.9486130059117812,0.7298772169167904,0,-3.9571058681212605,-1.3458950201884285,-11.134745784234177,-3.158915121151729,1.1731822895442576,2.8667595592126576,-3.537945453186307,0.7797525576479787,0,-0.03672406800597739,26.0,44.0,-18.0,0.6821282401091366,0.8906328065000082,2.6657489942583084,-0.08833191727609241
1628740800,2021-08-12,43.98,44.42,43.25,43.48,1528267.0,0.011499540018399257,0.021619135234590692,-0.005289788408463614,-0.011368804001819055,1.7249310027599023,6.885444880774386,-3.435582875254582,4.566850659306979,-0.9506286415209928,1.8081110088929933,0,-5.74249509500148,-2.248201438848921,-11.392812288325791,-2.9671725550073944,2.2893363440798,2.8848092889739863,-4.474858305704778,-0.7348396960406975,0,-0.10496547819320627,22.0,44.0,-21.999999999999996,1.7249310027599023,1.8555116591837901,3.6955203192842845,-0.07807036972919745
1628827200,2021-08-13,43.56,43.79,42.77,42.86,1211367.0,0.01633224451703219,0.02169855342977134,-0.002099860009332599,-0.014259429622815012,3.156789547363516,8.475536350344726,-2.1619572556176934,5.948047907917228,0.48607870586405966,3.217063306890651,0,-7.874617961653627,-0.787037037037045,-12.533287847806474,-7.989781937646484,3.5952529058069587,2.8874901714879937,-4.948566154800069,-0.6043185739824318,0,-0.18544324541614882,18.0,44.0,-26.0,3.156789547363516,3.0118828654588583,4.991801831151818,-0.1030808741065361
1629086400,2021-08-16,42.41,42.95,41.94,42.85,1543593.0,-0.01026837806301062,0.002333722287047868,-0.021236872812135488,-0.00023331777881474558,3.2252042007001194,8.422202005062985,-1.9717936036627464,5.997666277712938,0.546091015169182,3.271878646441067,0,-7.9090449305554955,0.8947492347539501,-13.466786319423662,-7.622298830807466,3.3301537504300427,2.8502279942485096,-4.76538721202304,-0.78239090214946,0,-0.11106586215738634,14.0,44.0,-30.0,3.2252042007001194,2.7467874564180335,4.8195861979432095,-0.10972440823742691
1629172800,2021-08-17,42.2,42.45,41.16,42.0,2089134.0,0.004761904761904745,0.010714285714285676,-0.02000000000000013,-0.019836639439906656,5.052380952380943,10.839076930243351,-0.7343150254814503,7.8642857142857,2.4333333333333513,5.148809523809518,0,-10.77711519939114,-4.977375565610866,-15.49964811248081,-13.028039834050084,4.932705477959189,2.9876182044151918,-4.081306122461196,-1.0710072230676775,0,-0.0952901917065135,10.0,-40.0,50.0,5.052380952380943,4.366549895286553,6.668741438147279,-0.15786436969363604
1629259200,2021-08-18,41.82,42.33,41.56,41.59,1209613.0,0.0055301755229622,0.017792738639095917,-0.0007213272421255912,-0.009761904761904638,5.72373166626592,12.106877304023826,-0.6594139714919578,8.544121182976667,3.1077182014907407,5.825919692233697,0,-12.088742719975784,-6.790676826535173,-17.74406651465858,-18.194903453426463,5.500432369232499,2.933808847612225,-3.44608796786806,-0.6282346974428556,0,-0.16417121524271738,6.000000000000007,-43.99999999999999,50.0,5.72373166626592,4.881561291563514,7.417539981663722,-0.20105033463993482
1629345600,2021-08-19,41.01,41.3,39.68,39.96,1810706.0,0.026276276276276267,0.03353353353353339,-0.007007007007007071,-0.03919211348881946,9.572072072072075,17.528621263995078,1.615522880149058,12.625125125125123,6.779279279279265,9.702202202202216,0,-16.742847836724906,-8.495534692008246,-21.85024055109156,-26.09748636875908,8.762138674351448,3.176788269767092,-1.8219347221036806,-0.9445020725406277,0,-0.2235700217361326,2.0,-48.0,50.0,9.572072072072075,8.287404724017364,11.33647319085378,-0.316266666381373
1629432000,2021-08-20,39.52,40.03,39.27,39.92,1702433.0,-0.01002004008016033,0.002755511022044077,-0.016282565130260496,-0.0010010010010009784,9.149549098196402,18.14187041548709,0.1572277809056999,12.212341349365403,6.335587842351373,9.273964595858388,0,-16.847977870927977,-9.621915327145121,-25.13030568475734,-32.33814828801131,7.87267507322818,3.088816866552048,-0.12989990233020876,-0.8935063147061802,0,-0.13692765550792452,-2.0,-52.0,50.0,9.149549098196402,7.596298743514353,10.99909032114195,-0.36839948489713303
1629691200,2021-08-23,40.18,40.29,39.8,39.84,2880327.0,0.008534136546184623,0.011295180722891374,-0.0010040160642571516,-0.002004008016032066,8.737449799196767,18.485586230976693,-1.0106866325831447,11.822289156626482,5.978915662650593,8.900602409638552,0,-17.067146053698423,-11.210162692221962,-27.868552859824653,-22.54633712040888,6.645647129275872,2.961797907820301,1.1203165847086396,-1.4949857020851687,-1,-0.27502873743001355,-6.0,-56.0,50.0,8.737449799196767,7.068321704652831,10.78190241130173,-0.379972940568843
1629777600,2021-08-24,40.12,40.9,39.97,40.77,1944055.0,-0.015943095413294195,0.0031886190826586613,-0.019622271277900505,0.02334337349397586,5.798381162619563,15.597765835045934,-4.001003509806793,8.779331207587276,3.0520807783500885,5.915705992968668,0,-12.047627974409046,-8.402606155920008,-27.964336185255966,-13.658731697197688,3.160120208447708,2.8732162521782287,1.5515095319359737,1.0042884278984134,0,-0.1210892684008093,-10.0,-56.0,46.0,5.798381162619563,4.185426723143792,7.9311482449354,-0.3001959980567862
1629864000,2021-08-25,40.98,41.28,40.27,40.54,1951988.0,0.010853478046373821,0.018253576714356345,-0.006660088801183961,-0.00564140299239646,5.869511593487914,15.903898342284009,-4.164875155308195,8.91506331195528,3.1207860549251905,6.017924683440228,0,-12.772952024642194,-9.569484720053534,-28.33742877934375,-6.398676341297175,3.160214124425977,2.861077852239382,1.5183527158006491,-1.0024168356860368,0,-0.10244796806269267,-14.0,-56.0,42.0,5.869511593487914,4.321607233947518,8.208447132028795,-0.24068871749158238
1629950400,2021-08-26,40.39,40.57,39.75,39.97,1709269.0,0.01050788091068311,0.015011258443832887,-0.005504128096072036,-0.014060187469166263,6.6312234175631914,16.66797671287263,-3.405529877746247,9.72104078058544,3.9191893920440464,6.820115086314743,0,-14.540802270429268,-13.014145810663774,-29.375116226529087,-3.6153644458918848,3.898058809740718,2.841140229613637,1.8222445687596789,-0.8784745782433512,0,-0.027748260595183143,-18.0,-56.0,38.0,6.6312234175631914,5.256038681416328,9.369160149469906,-0.21815496574893345
1630036800,2021-08-27,40.14,41.03,39.97,40.87,1604836.0,-0.017861512111573163,0.003914851969659905,-0.022021042329336882,0.02251688766574933,3.651822852948385,12.844471251334255,-5.540825545437528,6.6499469863795895,0.9758584128537677,3.8129026996166715,0,-9.819380141122117,-11.210080382359338,-28.100748815558003,3.702479845281509,1.2249969688026994,2.7653620796070157,1.5724422295226752,0.8345349090685202,0,-0.0007304528980072041,-21.999999999999996,-56.0,34.0,3.651822852948385,2.6583632840807496,6.687767156282874,-0.12566757697045716
1630296000,2021-08-30,41.04,41.08,40.37,40.37,1220931.0,0.016596482536537005,0.017587317314837758,0.0,-0.01223391240518723,4.256873916274458,12.900626487452456,-4.386878654903541,7.2062587730162875,1.617950623400219,4.412104698208253,0,-11.467793918291868,-11.952017448200662,-27.73908721453632,-1.8801224928612186,2.161311181083107,2.7252636797409737,1.2821456156261313,-0.6554835673545496,0,-0.10723506405204737,-26.0,-56.0,30.0,4.256873916274458,3.5555620521924993,7.69505755107744,-0.08324125298989316
1630382400,2021-08-31,40.47,40.74,40.14,40.27,2972254.0,0.004966476285075627,0.01167121926992798,-0.0032282095852993464,-0.002477086945751661,3.7571393096597916,11.115726066512394,-3.601447447192811,6.675771873189305,1.2474132936014968,3.961592583395415,0,-11.797741562590325,-13.173781802501075,-27.58112363955383,-11.027524124205598,1.7862939974166352,2.6433105675349613,1.188406696764016,-1.5821712501423406,-1,-0.22226486127395717,-30.0,-56.0,26.0,3.7571393096597916,3.449599442918867,7.650235514937307,-0.04869950340930118
1630468800,2021-09-01,40.22,40.35,39.49,40.15,1823889.0,0.0017434620174345827,0.00498132004981322,-0.016438356164383494,-0.002979885771045576,3.5952677459526683,10.744950617587264,-3.5544151256819134,6.1672893316729045,1.1884599418846165,3.6778746367787534,0,-12.206527172475369,-8.625398270368683,-27.614722709934263,-17.64098901528,1.5105301900520516,2.614836355115153,1.5738034057454477,-0.9778476786027388,0,-0.14558594414301265,-34.0,-56.0,22.0,3.5952677459526683,3.4008088973024115,7.6593530267085725,-0.02207574516076405
1630555200,2021-09-02,40.27,40.95,39.85,40.94,1889125.0,-0.016365412799218215,0.00024425989252585545,-0.026624328285295484,0.019676214196762132,1.256717147044455,7.876141757244156,-5.362707463155246,3.6805894805406183,-1.170411985018717,1.255088747760965,0,-7.9121656132219655,-6.358645928636782,-25.736822190381307,-11.219217613861368,-0.7468006370895068,2.573127635481112,1.1743957092013453,1.010031683062529,0,-0.03360095134189619,-38.0,-56.0,18.0,1.256717147044455,1.2716717464665663,5.363002853096873,0.05631389727952163
1630641600,2021-09-03,41.02,41.04,40.59,40.7,1079251.0,0.007862407862407883,0.008353808353808168,-0.002702702702702675,-0.005862237420615424,1.5958230958230928,8.120420299572089,-4.928774107925932,3.8849303849303567,-0.7760032760032658,1.5544635544635526,0,-8.82123393446377,-4.906542056074754,-24.553382300858967,-6.221455084922454,-0.43199137132958754,2.4823973151206684,0.6924891878517201,-0.5808685307223328,0,-0.10333069908023343,-42.0,-56.0,14.0,1.5958230958230928,1.690865314971873,5.749629283366332,0.09717953397468371
1630987200,2021-09-07,40.56,41.12,40.38,40.63,1274254.0,-0.0017228648781688616,0.012060054147181809,-0.00615308885060295,-0.001719901719901773,1.5001230617770034,7.855879160521724,-4.855633036967717,3.772663877266382,-0.8150791697432282,1.4787923537615768,0,-9.092506582179901,-5.136586504786355,-23.684923966337674,-4.683798717725914,-0.513201036935115,2.4391484466621165,0.42499887831199246,-0.701283122019336,0,-0.14836222486383052,-46.0,-56.0,10.0,1.5001230617770034,1.6883444652294912,5.699201150418887,0.1230111176604467
1631073600,2021-09-08,40.37,40.52,39.48,39.85,1239288.0,0.013048933500627191,0.016813048933500774,-0.009284818067754164,-0.019197637213881347,3.0790464240903646,9.355945893347766,-3.1978530451670792,5.469677959012969,0.7319113341697943,3.100794646591382,0,-12.026670127025668,-7.5406032482598615,-24.1566181498223,-4.635254185293384,1.205768091234134,2.5153859437936266,0.8798641240928369,-0.6836221155865101,0,-0.117995928730897,-26.0,-32.00000000000001,6.000000000000007,3.0790464240903646,3.328375786369378,7.463462786594064,0.0924746053461718
1631160000,2021-09-09,39.58,40.51,39.52,40.19,1767882.0,-0.015177904951480414,0.007962179646678225,-0.016670813635232484,0.008531994981179292,1.735506344861932,7.063326207234553,-3.5923135175107035,4.0860081280583955,-0.502197893339968,1.7919051173592209,0,-10.050348210064215,-8.617553433378808,-23.68844282858597,2.4739340795736737,0.30753107139420877,2.491905748022407,1.302238995175049,0.9707469279327473,0,-0.04597859559933143,-30.0,-32.0,2.0,1.735506344861932,2.2204999190151398,6.297308671185846,0.09947345206977853
1631246400,2021-09-10,40.47,40.76,40.14,40.44,1591032.0,0.0007418397626113293,0.007912957467853587,-0.007418397626112738,0.006220452848967328,0.7307121661721112,5.146150493097011,-3.684726160752774,2.9702439828552656,-1.4535938015166607,0.7583250906693024,0,-8.605068569884487,-6.991720331186752,-22.669861413364554,9.036842442425339,-0.19479669110631903,2.4091175571733556,1.3268374423560374,0.8737920671754755,0,-0.09672614197518715,-34.0,-32.0,-2.0,0.7307121661721112,1.437280324948361,5.418995432232208,0.1236615336850192
1631505600,2021-09-13,40.92,41.53,40.64,41.3,1673930.0,-0.00920096852300234,0.00556900726392251,-0.015980629539951496,0.021266073194856627,-1.5556900726392229,2.13636721905921,-5.24774736433767,0.5702179176755493,-3.730024213075069,-1.5799031476997527,0,-3.907029809325131,-3.639757349510038,-19.657134808447108,7.064677757866129,-2.0243083785578335,2.3789714323022775,0.3123322686484009,0.9176674767951717,0,0.03393404631155977,-38.0,-32.0,-6.0,-1.5556900726392229,-0.6106898299581331,3.097405207564961,0.19600244079168994
1631592000,2021-09-14,41.46,41.56,40.3,40.52,1625181.0,0.023198420533069974,0.02566633761105619,-0.0054294175715697834,-0.018886198547215405,0.05182625863768919,2.8798869443486126,-2.77623442707322,2.3165514972030223,-2.1281671602501007,0.09419216847645373,1,-7.183912838154555,-5.437572928821465,-18.551955312510145,-0.49471964049079276,-0.09884169816646704,2.4736810076207396,-0.30513263481456576,-0.8878231026640118,0,-0.07055218731818032,-42.0,-32.0,-10.0,0.05182625863768919,1.1784793992759148,4.882710507785632,0.18962467828216822
1631678400,2021-09-15,40.72,41.36,40.42,41.26,1831623.0,-0.013087736306349962,0.002423654871546388,-0.020358700920988793,0.018262586377097545,-1.832283082888992,0.5735359233890165,-4.2381020891670005,0.33527225723058507,-3.9449022459201615,-1.8048149943448095,1,-3.3931607152242123,-1.7619047619047665,-15.866722544464546,-0.7257509769847417,-1.8329609540793825,2.418524007295722,-0.8784929023158909,1.0084388023967288,0,0.029941330341735142,-46.0,-32.0,-14.0,-1.832283082888992,-0.5755744986329034,2.883923117389614,0.23081256754469726
1631764800,2021-09-16,41.03,41.08,39.81,40.79,2523505.0,0.005883795047805895,0.007109585682765429,-0.02402549644520713,-0.011391177896267535,-0.7992154939936285,1.3372021999815047,-2.9356331879687616,1.3974013238538845,-3.054670262319206,-0.8286344692326395,1,-5.371088125898346,-1.9235393123347058,-14.568799203896457,-2.4301438654420053,-0.6166738208088844,2.525562825330576,-0.8326744787035771,-1.3781042426019623,0,0.11862403523115948,-46.0,-28.0,-18.0,-0.7992154939936285,0.515747472585133,3.909811960520557,0.22190910687384757
1631851200,2021-09-17,40.47,40.78,39.83,40.49,5231139.0,-0.0004939491232404114,0.0071622622869844665,-0.016300321066930246,-0.007354743809757203,0.0012348728080979754,2.076319489971155,-2.073849744354945,2.0725281962624535,-2.247056886474013,-0.08726434510577974,1,-6.608363914360872,1.3263263263263292,-14.070485885928727,-14.411919711546162,0.02755450261537362,2.531895352270481,-0.7901287996349993,-2.7586354517877747,0,0.1361730419229905,-46.0,-24.000000000000004,-21.999999999999996,0.0012348728080979754,1.1404455523741603,4.496186549868028,0.19241931972294068
1632110400,2021-09-20,38.34,39.04,38.0,39.02,2787333.0,-0.01742696053305992,0.0005125576627369455,-0.026140440799589992,-0.03630526055816252,3.6532547411583636,6.298294393707678,1.0082150886090488,5.818810866222449,1.2647360328036825,3.541773449513073,1,-12.036917835978429,-2.2545090180360683,-16.254463403741404,-16.166036232530985,3.3424007821126054,2.895426807817627,0.60692056869933,-1.455393614539641,0,0.2619934672732024,-46.0,-96.0,50.0,3.6532547411583636,4.479212330547156,8.10216936352586,0.07646709611103408
1632196800,2021-09-21,39.17,39.54,38.65,39.21,2789606.0,-0.0010201479214485554,0.008416220351950887,-0.014282070900280552,0.004869297796002092,3.070645243560307,5.9709169929509756,0.17037349416966663,5.249511179120958,0.6154892459406653,2.9325002125307975,1,-10.99864620495687,-1.5813253012048254,-17.49706904805996,-6.529882570809804,2.5353654764536486,2.8377130515786235,1.1936998414592885,1.442549901487333,0,0.3462120982650495,-46.0,-92.0,46.0,3.070645243560307,3.5945621714832896,7.281148656392261,0.018163337502394405
1632283200,2021-09-22,39.81,40.72,39.73,40.29,2015423.0,-0.011913626209977601,0.010672623479771604,-0.013899230578307331,0.02754399387911244,0.248200546041204,3.0437805979374417,-2.5473795058550337,2.398444609911479,-2.1262513444196145,0.1360966327459181,1,-5.446260988481882,-1.1773362766740347,-15.928650114957001,0.04792195971923263,-0.17387165471261312,2.83208785196818,0.30913086938262424,1.041313757781218,0,0.31970233449271107,-46.0,-88.0,42.0,0.248200546041204,0.7397710316081572,4.232645721479983,0.05580522216759576
1632369600,2021-09-23,40.9,42.17,40.58,41.29,3190230.0,-0.009445386292080471,0.021312666505207245,-0.01719544683942842,0.02482005460412018,-2.0888835069024054,0.7976594778301944,-4.975426491634991,0.06740938080243097,-4.488173084685556,-2.2103818519415626,1,-0.9280254206153984,1.85002466699556,-12.466967213409973,2.283425898333583,-2.361044360261303,2.8913307515229802,-1.1420964818263606,1.6280322491672017,0,0.23440302345712102,18.0,-20.0,38.0,-2.0888835069024054,-1.5381308486934842,1.6412517439075174,0.14637812297145558
1632456000,2021-09-24,41.36,42.14,41.1,41.35,2086775.0,0.00024183796856092066,0.019105199516324056,-0.006045949214026569,0.0014531363526277818,-2.064087061668701,0.9270986375038177,-5.055272760841206,0.12212817412333266,-4.48004836759371,-2.178960096735196,1,-0.6672590030095975,3.4525894420815675,-9.670575167726158,3.8771836779127042,-2.346957671764187,2.8605624589652616,-2.489664736520414,1.0641138194835436,0,0.21011800112810194,50.0,16.0,34.0,-2.064087061668701,-1.5209063535539116,1.435188344733433,0.20505694878197578
1632715200,2021-09-27,41.31,42.29,41.16,41.78,2143388.0,-0.01124940162757293,0.012206797510770695,-0.01483963618956452,0.010399032648125806,-2.9631402584968924,0.26860623546151885,-6.194886752455318,-0.7659167065581727,-5.337482048827198,-3.0516993776926853,1,1.2170682088358546,2.2265720577440757,-6.564404469238723,9.141988545550277,-3.167716673784028,2.8220873791574523,-3.6090860553748385,1.0909061000549212,0,0.22363642584140064,50.0,20.0,30.0,-2.9631402584968924,-2.293077203343614,0.3758749681720843,0.2638143146139351
1632801600,2021-09-28,42.18,42.51,41.47,42.2,2635373.0,-0.00047393364928915993,0.00734597156398098,-0.017298578199052228,0.010052656773575919,-3.7120853080568708,-0.0922349779279017,-7.33193563818584,-1.5422590837282968,-6.1465244865718915,-3.8443917851500657,1,3.013693250225977,4.5330691107258,-3.2429581470679403,14.56119280445047,-3.792107766964506,2.770461305205786,-4.450359543720225,1.3428006179697587,0,0.2563740324657181,50.0,24.0,26.0,-3.7120853080568708,-2.9545142694179987,-0.5986902925651805,0.3183012867755766
1632888000,2021-09-29,42.2,42.55,41.38,41.74,1197621.0,0.011020603737422086,0.019405845711547576,-0.008624820316243342,-0.010900473933649346,-2.4748442740776255,1.3361265388802934,-6.2858150870355445,-0.20843315764255976,-5.0,-2.6042165788212657,1,0.8544410416565213,3.650360069530665,-1.4701743296595797,10.319039542547287,-2.5538301669650707,2.801141542945947,-5.33294455941812,-0.6155920312453739,0,0.22818161740373763,46.0,24.0,22.0,-2.4748442740776255,-1.705489243182683,0.47729089181100903,0.3103703446219336
1632974400,2021-09-30,41.81,41.96,40.76,40.77,2092126.0,0.025508952661270623,0.029188128525876822,-0.0002452783909738798,-0.023239099185433654,-0.07848908511161312,3.7726347346724936,-3.9296129048957056,2.3505845801651475,-2.6383778922410386,-0.14389665603793844,1,-3.3619955041596796,1.5442092154421037,-1.9186550974958054,4.692665915053389,-0.13492263546611127,2.873183054825555,-6.6455303218247295,-1.070498224589425,0,0.16549474160792374,42.0,24.0,18.0,-0.07848908511161312,0.5728356527343124,2.7553824031440826,0.23047841076050601
1633060800,2021-10-01,41.17,41.75,40.61,41.35,1246157.0,-0.004353083434099125,0.0096735187424426,-0.017896009673518787,0.014226146676477702,-1.4304715840386848,2.416418003622425,-5.277361171699795,0.9991938734381165,-3.929463925836359,-1.4651350261991212,1,-0.7153906029309383,1.0014655593551631,-1.1326571231065774,4.109298259501742,-1.542153068344163,2.8274585435966357,-7.706921579394738,0.6412443298578736,0,0.15452626159571167,38.0,24.0,14.0,-1.4304715840386848,-0.7580633596158322,1.2625412372776879,0.20806286059916043
1633320000,2021-10-04,41.59,42.24,41.49,42.03,2190967.0,-0.010468712824173165,0.0049964311206280865,-0.012847965738758016,0.016444981862152375,-2.8669997620747125,1.139241092277743,-6.87324061642714,-0.46316123403919107,-5.38345626140061,-2.9233087477198865,1,2.209793924628741,3.2678132678132634,0.7982528967985045,9.741952907969527,-2.9589464422782044,2.734272016774365,-8.653365242710276,1.1185684827907816,0,0.2114809746722874,34.0,24.0,10.0,-2.8669997620747125,-2.138577295675617,-0.3610409334554845,0.22875500345350916
1633406400,2021-10-05,42.07,43.07,41.62,42.77,2410857.0,-0.016366612111292977,0.007014262333411292,-0.026888005611410026,0.01760647156792783,-4.2974047229366334,0.1007260709449298,-8.695535516818225,-1.8946301925025324,-6.895799236224775,-4.395214714363661,0,5.171659580129763,5.2670440561161715,3.699126972637464,10.520294104971569,-4.388597478892947,2.737197112871748,-8.728368341613521,1.2183483286493628,0,0.20710489587763437,50.0,43.99999999999999,6.000000000000007,-4.2974047229366334,-3.4668310798709427,-2.003215086267886,0.2786891777385351
1633492800,2021-10-06,42.16,42.45,40.45,41.37,2641417.0,0.019095963258399795,0.026105873821610004,-0.022238336959149008,-0.032733224222586066,-0.8750302151317442,3.529061052514166,-5.27912148277764,1.7194424301023332,-3.6830231246474767,-0.9817903472725646,1,-0.8897211426486962,3.8143036386449087,3.2311331547445463,10.219172182957458,-0.9967099984467609,3.0282623134911786,-9.738609939020304,-1.3222384621245242,0,0.16074467423536648,46.0,44.0,2.0,-0.8750302151317442,-0.18100410975921477,1.2615952865607198,0.2071290693047957
1633579200,2021-10-07,42.16,43.66,42.06,43.19,2113833.0,-0.02384811298911793,0.01088214864551973,-0.02616346376476031,0.04399323181049075,-4.7047927761055774,-0.04639907807766974,-9.363186474133471,-2.160994057266336,-7.477039438141546,-4.819016747703927,0,5.7611574254285,7.4645434187608855,6.030251835164329,22.788066870730646,-4.629446606410568,3.072188924054329,-9.929751850307238,1.046927471851374,0,0.13968185770047908,50.0,52.0,-2.0,-4.7047927761055774,-3.96947558450924,-2.8876429941363284,0.2681907857759291
1633665600,2021-10-08,43.51,44.81,43.4,44.01,2049096.0,-0.011361054305839557,0.018177686889343514,-0.013860486253124304,0.018985876360268605,-6.07475573733241,-0.7730440604639739,-11.376467414200874,-3.4821631447398147,-8.878663940013638,-6.180413542376726,0,8.34314576794629,8.827893175074184,9.423190516631502,30.82947074364273,-5.455833219902161,3.062521367203533,-9.304841639627492,1.0088159987314622,0,0.047056430887765,50.0,56.0,-6.0,-6.07475573733241,-5.210278356005787,-4.5128548079182735,0.3447474118407461
1633924800,2021-10-11,43.9,45.09,43.79,44.27,1759944.0,-0.00835780438220024,0.01852270160379499,-0.010842557036367828,0.005907748239036614,-6.290941947142542,-0.28184026784296634,-12.300043626442118,-3.638280249981193,-9.095700624952954,-6.3669904374670665,0,9.139111224070184,7.191283292978223,12.370058859135332,30.35344293485329,-5.1166988204382875,3.0368200810257795,-8.547187642312853,0.8697126435316137,0,0.009010470869301727,50.0,60.0,-10.0,-6.290941947142542,-5.217746790268052,-4.874688858797711,0.3904790813857486
1634011200,2021-10-12,44.34,44.87,44.13,44.65,1842652.0,-0.006942889137737884,0.00492721164613652,-0.011646136618140956,0.008583690987124415,-6.625979843225068,-0.01108872949860995,-13.24087095695154,-4.095931317655825,-9.390444195595364,-6.743187756625602,0,10.30597336650937,10.19249753208291,15.192523352711287,30.36876481591547,-5.301264079859081,2.9142862339324047,-7.843651787663546,0.9080683205685804,0,0.025359092358969302,50.0,64.0,-14.0,-6.625979843225068,-5.450651477308327,-5.461353583720765,0.42126107452306183
1634097600,2021-10-13,44.48,44.7,43.58,44.46,1830214.0,0.0004498425551056062,0.005398110661268607,-0.019793072424651448,-0.004255319148936065,-5.8670715249662635,1.286956594572814,-13.021099644505327,-3.3022192232718623,-8.659844054580915,-5.981031638926368,0,9.412997738753326,7.755695588948141,17.03439842129262,22.791499137492934,-4.372421493048492,2.897624581463377,-7.814008597445568,-0.9052962860422346,0,0.07569188189847163,46.0,64.0,-18.0,-5.8670715249662635,-4.565966391164366,-4.859015126239711,0.4037230495890547
1634184000,2021-10-14,44.72,45.29,44.49,45.28,1482996.0,-0.012367491166077826,0.00022084805653710404,-0.01744699646643111,0.018443544759334296,-7.07597173144876,0.5873909122447145,-14.739334375142235,-4.612779740871616,-9.769581861012966,-7.191180800942291,0,11.971165026516559,11.007599901936754,19.62449253490426,22.332959989234112,-5.643025157751694,2.7728562840645545,-7.351063367878908,0.7462781728947514,0,0.16887035670741538,50.0,72.0,-21.999999999999996,-7.07597173144876,-5.694782148401671,-6.3238580047106865,0.42035401965055763
1634270400,2021-10-15,45.84,45.93,44.26,44.37,2767234.0,0.03313049357674114,0.035158891142663906,-0.002479152580572408,-0.020097173144876357,-4.7329276538201555,3.2160830333157975,-12.681938340956094,-2.069716775599119,-7.494553376906325,-4.782135076252715,0,7.721237414068135,9.58261299086193,19.84527638390428,12.909561674846913,-3.0703195471458287,2.8964456728351844,-6.487607881802287,-1.3787894445179094,0,0.07274017715587922,46.0,72.0,-26.0,-4.7329276538201555,-3.4024866414597312,-4.229969124258858,0.34616700063557837
1634529600,2021-10-18,44.12,44.31,42.89,43.31,2921473.0,0.01870237820364795,0.02308935580697291,-0.009697529438928654,-0.023890015776425355,-1.9060263218656104,5.525496894242082,-9.337549537973317,0.9270376356499668,-4.718309859154942,-1.8956361117524807,0,3.244063805821,10.99436186570989,17.930840575168943,3.080082135910672,-0.37886705397156106,2.9994703112907977,-7.121462725800679,-1.4582042699570488,0,-0.007072303366211481,42.0,72.0,-30.0,-1.9060263218656104,-0.9394050789433948,-1.8120629534115409,0.2085843974398217
1634616000,2021-10-19,43.4,43.79,43.12,43.23,2003374.0,0.003932454314133693,0.01295396715244057,-0.0025445292620864812,-0.0018471484645579128,-1.2595419847328202,5.350091941800983,-7.8691759112666375,1.5795358161770423,-4.025368185673528,-1.2229161847482288,0,2.9179778766896476,10.25248661055852,16.278315754685096,1.5426751345422431,-0.03901703362645037,2.9010802177159682,-7.710042223799189,-0.9993766410811485,0,-0.03702656630742326,38.0,72.0,-34.0,-1.2595419847328202,-0.6840785669252085,-1.5664239517312382,0.10054488216736102
1634702400,2021-10-20,42.28,43.66,42.09,43.19,2837448.0,-0.021069692058346745,0.01088214864551973,-0.025468858532067484,-0.0009252833680314376,-0.8323686038434772,5.28626682907985,-6.951004036766804,2.0571891641583733,-3.6871961102107065,-0.8150034730261524,0,2.74795284199395,7.1978158351948345,14.879005526811254,0.12651610732158503,0.3325735690686429,2.9560051459567296,-8.701529651213566,-1.3961289925395797,0,0.07007303934387897,34.0,72.0,-38.0,-0.8323686038434772,-0.5357077944799329,-1.4174072902831085,0.01900955640602875
1634788800,2021-10-21,43.16,43.49,42.79,43.38,1383776.0,-0.005071461502996866,0.0025357307514983773,-0.013600737667127771,0.00439916647372085,-1.0258183494698017,4.862907586108562,-6.91454428504818,1.723528507760875,-3.7905332718610794,-1.0335023820501164,0,3.4950529349604835,5.061758294986688,14.014333904904419,0.4464058689476076,0.08037118334505067,2.8481001931441834,-9.622196548098342,0.6826841546299028,0,0.08884484206593679,30.0,72.0,-42.0,-1.0258183494698017,-0.8788416575865341,-1.7766718296581558,-0.02700450428028245
1634875200,2021-10-22,43.61,43.84,42.51,42.53,1417319.0,0.02539383964260522,0.03080178697390079,-0.000470256289677895,-0.0195942830797603,1.0909945920526667,6.870584051655754,-4.688594867550407,3.958774198604914,-1.7336781879457703,1.112548005329586,0,-0.2119664313915166,2.8536880290205553,11.659973764457872,-5.501030119919093,2.2905031980194934,2.920892181857733,-10.633223825023155,-0.6999988551643305,0,0.011796033865555833,26.0,72.0,-46.0,1.0909945920526667,0.9972133160727168,0.17909887158870674,-0.11465121272569645
1635134400,2021-10-25,42.83,42.92,42.83,42.92,236369.0,-0.002096924510717746,0.0,-0.002096924510717746,0.009169997648718509,0.3052190121155576,5.8850621648701065,-5.274624140638963,3.026561043802417,-2.3718546132339213,0.32735321528424777,0,1.414119118078176,2.728578267113453,10.350112397810546,-10.659928344639624,1.5580783052320726,2.752516439933634,-11.57203486788191,0.1178753847697337,0,-0.030393856865473984,22.0,68.0,-46.0,0.3052190121155576,0.07191470767193664,-0.7025214830031814,-0.1444026565028136
1635220800,2021-10-26,43.01,43.03,41.33,41.55,1879172.0,0.03513838748495801,0.035619735258724416,-0.005294825511432011,-0.031919850885368195,3.5342960288808882,9.447693590763961,-2.379101533002199,6.492178098676277,0.7569193742479143,3.6245487364621027,0,-4.0842082377493085,-1.5402843601895868,6.702822153693708,-9.62293150550044,5.14965815929888,2.9324292123523654,-11.301824485595327,-0.9340023657371972,0,-0.075809759508449,18.0,64.0,-46.0,3.5342960288808882,3.0504211859633443,2.4707020219087497,-0.24829681561403827
1635307200,2021-10-27,41.48,42.69,40.88,42.18,1635652.0,-0.016595542911332473,0.012091038406827792,-0.03082029397818864,0.015162454873646203,2.0400663821716307,7.773609200777031,-3.6934764364337553,4.98063853327011,-0.8206891101628031,2.0799747115536604,0,-1.4222825864661104,1.0541447053186337,4.840737539346658,-16.82332929810528,3.4536493825916494,2.9888092512567392,-10.722314365863513,0.8166472839762001,0,-0.08326956816978114,14.0,40.0,-26.0,2.0400663821716307,1.3673316232684982,0.9033301636800104,-0.26501464251262935
1635393600,2021-10-28,42.53,42.81,42.32,42.77,1084456.0,-0.0056114098667290335,0.0009352349777882463,-0.010521393500116938,0.013987671882408792,0.8662613981762917,5.984643487904506,-4.252120691551923,3.6213077702439165,-1.9339879978177947,0.8436598862130609,0,0.957231501238553,4.905567819475104,4.334960499606327,-19.519248816035102,1.841707562549118,2.842252020498548,-10.32086380507019,0.5421240260330471,0,-0.03928612795761521,10.0,40.0,-30.0,0.8662613981762917,-0.028049356447183982,-0.4694417248221896,-0.2281643417310965
1635480000,2021-10-29,42.69,43.26,42.32,42.52,2196864.0,0.0039981185324551305,0.017403574788334764,-0.004703668861712251,-0.00584521861117604,1.5968955785512549,6.42499801346122,-3.231206856358696,4.379115710253984,-1.1618062088429042,1.6086547507055542,0,-0.07323702295148848,2.829504232164454,3.4825069543028935,-18.534753614500346,2.1329269704540224,2.812660505841617,-10.45893478198747,-1.0939976228554464,-1,-0.07003068475383016,6.000000000000007,40.00000000000001,-34.0,1.5968955785512549,0.5064353485982167,0.11121727908358991,-0.2127571348850852
1635739200,2021-11-01,42.85,43.97,42.85,43.96,1472050.0,-0.025250227479526877,0.00022747952684243344,-0.025250227479526877,0.033866415804327366,-1.511601455868984,3.049178120101544,-6.072381031839512,1.192371853199873,-4.2512132241431715,-1.529420685471635,0,5.39571783402431,4.591958125148703,5.187261417317857,-19.661098117089622,-1.377679435201756,2.761806546875426,-11.32825603994461,0.7347395437785776,0,-0.043277933874920065,2.0,40.0,-38.0,-1.511601455868984,-2.5205392462568312,-3.0438906239963615,-0.10326094673957087
1635825600,2021-11-02,44.03,44.65,43.48,44.39,3275297.0,-0.008109934669970675,0.005857175039423179,-0.02050011263798157,0.009781619654231077,-2.2831718855597956,2.3213999154648093,-6.887743686584386,0.3705789592250568,-4.957197567019605,-2.2933093038972743,0,6.876183099691829,3.7877016600420794,7.214276718814359,-8.79838544470389,-2.2441375842596045,2.7279586866546017,-11.840249009581685,1.6283680397332307,0,-0.011829884220130234,-2.0,40.0,-42.0,-2.2831718855597956,-3.13482787848352,-3.8268918364907734,-0.004752066909136987
1635912000,2021-11-03,43.4,44.82,42.46,44.35,3804420.0,-0.021420518602029426,0.01059751972942502,-0.042615558060879355,-0.0009011038522189763,-1.8590755355129716,2.3431558513751725,-6.061306922401087,0.7782788425404021,-4.63547538519353,-1.9285982713265781,1,6.691931675470315,7.203287406333102,8.751069289137254,-17.41234915985696,-2.2007839479679063,2.91548255646283,-12.310335261066617,-1.8570776462419236,0,0.0182805822243495,-6.0,40.0,-46.0,-1.8590755355129716,-2.7572289482920382,-3.59347910005944,0.0517227115974469
1635998400,2021-11-04,45.1,45.66,43.79,43.94,2832709.0,0.026399635867091487,0.03914428766499767,-0.003413746017296271,-0.009244644870349594,-0.8579881656804673,3.3872529510564817,-5.103229282417416,1.9192838719466039,-3.606433014717041,-0.8435745713852185,1,4.777316816064086,1.7365130817318823,9.21509900209512,-7.4317677408864355,-1.3673786490810187,3.0364807008398538,-12.938777478706092,-1.370961817138367,0,0.019082075420464042,-10.0,36.0,-46.0,-0.8579881656804673,-1.6736881172142404,-2.5882750570270048,0.055160406385946714
1636084800,2021-11-05,44.48,44.96,43.98,44.25,2315772.0,0.005197740112994342,0.016045197740113037,-0.006101694915254363,0.007055075102412323,-1.5254237288135641,2.7225747878774342,-5.77342224550452,1.1932203389830534,-4.196610169491521,-1.5016949152542196,0,5.961043457713181,0.5453306066803044,10.086026461643334,-6.592597132793998,-1.901518363285163,2.964485078181988,-13.522330966514176,1.1142356726724205,0,0.024900691901069354,-14.0,24.0,-38.0,-1.5254237288135641,-2.1375251671105673,-3.142444441910982,0.07099827118244284
1636347600,2021-11-08,44.35,44.76,43.84,44.13,2037460.0,0.004985270790845098,0.014276002719238567,-0.0065714933152050126,-0.0027118644067796183,-1.273510083843206,2.9647722120911055,-5.5117923797775035,1.4094720145025832,-3.908905506458197,-1.2497167459777927,0,5.37047628615769,-0.31624124689406047,10.561678721147553,-6.706398677668382,-1.4945352398949296,2.9091321764011977,-14.202488065013139,-0.9762612961399371,0,0.04572970750633537,-18.0,24.0,-42.0,-1.273510083843206,-1.69318386611873,-2.7661611020796357,0.06617466040217701
1636434000,2021-11-09,44.13,44.52,43.64,43.87,1468043.0,0.005926601322087999,0.014816503305220108,-0.0052427627080008365,-0.005891683661908065,-0.7772965580122957,3.348615383346811,-4.903208499371402,1.9648962844768647,-3.4169136083883984,-0.726008661955774,1,4.069105130893043,-1.746920492721167,10.426835018161725,-4.598148755145203,-0.7266410566914061,2.860627240026708,-14.910450942325193,-0.7017598522117919,0,-0.019975554948126775,-21.999999999999996,24.000000000000004,-46.0,-0.7772965580122957,-1.0047910777780231,-2.1040166723894203,0.03956840028615244
1636520400,2021-11-10,43.69,44.98,43.61,44.35,1757186.0,-0.014881623449831016,0.01420518602029297,-0.01668545659526499,0.010941417825393263,-1.8635851183765482,2.1935178157279864,-5.920688052481111,0.8970311912814566,-4.482901164975573,-1.792934986847058,1,6.0753127667986675,-0.24741340530814088,11.120766021101863,-3.7734633742491184,-1.6532254796068457,2.8481950736988746,-15.229089777058418,0.8498495499915986,0,-0.049170999321078934,-26.0,-32.00000000000001,6.000000000000007,-1.8635851183765482,-1.8784812444949068,-3.0394842095932404,0.047838828523511734
1636606800,2021-11-11,44.54,44.87,44.31,44.57,1656447.0,-0.0006730984967466824,0.006730984967466824,-0.005833520305137951,0.004960541149943598,-2.4276419115997356,1.3497835471594612,-6.205067370358947,0.3230872784384218,-4.976441552613849,-2.326677137087728,1,6.981839561592452,-1.5680212014134294,12.069382517077676,1.8410510657262762,-1.9332328569450397,2.721444388828305,-15.524968695024985,0.802427548646904,0,-0.003310370499477393,-30.0,-32.0,2.0,-2.4276419115997356,-2.137784566464319,-3.380122525957205,0.06083411287299473
1636693200,2021-11-12,44.85,45.67,44.65,45.52,1877515.0,-0.01471880492091393,0.003295254833040495,-0.019112478031634517,0.02131478573031198,-4.337653778558888,-0.23274313639871025,-8.44256442071908,-1.7951816051552356,-6.841315172817815,-4.318248388986532,0,10.671269089263696,2.5918413342348563,14.467240237773208,5.440392404320534,-3.744080145434708,2.6469245752746176,-15.022929014487232,0.9096211608080216,0,0.034048961106532105,50.0,52.0,-2.0,-4.337653778558888,-3.7820530006893733,-5.1849439109349476,0.12255785255679141
1636952400,2021-11-15,45.89,45.96,45.31,45.81,1659824.0,0.0017463435931019955,0.0032743942370661028,-0.010914647456887194,0.006370826010544839,-4.6703776468020095,-0.06884771225234942,-9.271907581351684,-2.2618787746489346,-7.107982245506804,-4.684930510077862,0,11.72604809823904,5.7723389517432455,16.903435325184873,11.494462411767252,-3.859014140823021,2.5436493695458062,-14.299999573276455,0.7996554218117985,0,0.11295252072371954,50.0,56.0,-6.0,-4.6703776468020095,-3.972954542298126,-5.558300779632063,0.1691889913326658
1637038800,2021-11-16,46.23,46.34,45.65,45.66,2070721.0,0.012483574244415152,0.014892685063513156,-0.00021901007446334386,-0.003274394237066214,-4.091108190976783,0.8728719459101626,-9.055088327863729,-1.6644765659220297,-6.530880420499329,-4.09767849321068,0,10.837678202592578,5.621096460791117,18.5468422319239,17.519774856307123,-3.0021883508271117,2.4776602043764697,-13.301851574290884,-0.9900160899529623,0,0.018955171298848397,46.0,56.0,-10.0,-4.091108190976783,-3.309158692688058,-5.042239819051417,0.17545051088835484
1637125200,2021-11-17,45.65,45.88,44.74,45.26,1666683.0,0.008616880247459102,0.013698630136986356,-0.011489173663278729,-0.008760402978536974,-3.0148033583738396,2.1446153022311165,-8.174222018978782,-0.5873471792605613,-5.401752835469125,-2.994550007364836,0,8.475333884894326,4.792776105579996,18.928200689364505,12.581251465067545,-1.8902033170043353,2.5009304086133843,-13.521017546933864,-0.7936014018952007,0,-0.016425465877953117,42.0,56.0,-14.0,-3.0148033583738396,-2.2208483600094695,-4.03819536653431,0.13972659284581923
1637211600,2021-11-18,45.37,45.5,44.02,44.14,3261187.0,0.027865881286814664,0.03081105573176246,-0.00271862256456723,-0.024745912505523604,-0.4678296329859677,4.799670157259129,-5.7353294232310645,2.174520465186532,-2.938755475003788,-0.38211750490862073,0,2.4702618226381006,1.7519594283079711,16.500932747752877,3.499123516649256,0.9068039302736963,2.6207156350248284,-14.190612308962814,-1.5310612160357115,-1,-0.06305749816708751,38.0,56.0,-18.0,-0.4678296329859677,0.2354021417712744,-1.5404050357497852,0.0332925396069762
1637298000,2021-11-19,43.8,44.15,42.99,43.27,3758446.0,0.012248671134735156,0.020337416223711546,-0.006470996071180957,-0.019710013593112752,1.6189045528079475,6.83526094163021,-3.597451836014315,4.2681611586164365,-0.9086356983283395,1.6797627301440343,0,-1.5943510193580295,1.73994827180814,12.509234587489647,-4.386347797853155,2.7540116964236034,2.673939459358095,-13.888503479002733,-1.729320596700695,-1,-0.1601103335149614,34.0,56.0,-21.999999999999996,1.6189045528079475,2.0364074528903586,0.4220283782986769,-0.09600327202296566
1637557200,2021-11-22,43.4,45.25,43.02,44.7,2724308.0,-0.02908277404921711,0.01230425055928408,-0.037583892617449655,0.03304830136353121,-1.4328859060402692,3.543734156178701,-6.409505968259239,1.3322147651006588,-4.15771812080537,-1.4127516778523557,0,4.50350385929314,4.1472506989748394,11.935575625424159,-5.275982694937099,-0.4945966063143459,2.759855681181722,-14.67246244954498,1.2414971050366719,0,-0.1761437167689646,30.0,56.0,-26.0,-1.4328859060402692,-1.110906935927602,-2.681143471281217,-0.08585105315272312
1637643600,2021-11-23,44.71,45.72,44.38,45.04,2285354.0,-0.007326820603907547,0.015097690941385356,-0.014653641207815205,0.0076062639821028455,-1.789520426287737,2.515458723879533,-6.094499576454993,0.8688573120189602,-4.4997039668442795,-1.8154233274126739,0,5.810613964784785,8.399518652226238,12.088804526327788,4.128175885506558,-0.9917650644086393,2.755887046965711,-14.992234491906386,1.0352319902201539,0,-0.25872730574260744,26.0,56.0,-30.0,-1.789520426287737,-1.6805096640904509,-3.2818359911656785,-0.05819328805641266
1637730000,2021-11-24,44.53,44.92,44.25,44.34,1397811.0,0.004285069914298445,0.013080739738385194,-0.002029769959404626,-0.015541740674955506,0.004510599909778534,3.826152142682176,-3.817130942862619,2.6244173808449744,-2.571793715230811,0.026311832807081714,1,2.5393581927767173,5.120910384068288,10.675089513909702,-2.7207241894830148,0.5895502066238123,2.7267011143426814,-15.415883343322635,-0.6356863524025672,0,-0.22583340458425052,22.0,56.0,-34.0,0.004510599909778534,-0.1161081578946721,-1.6861156478295953,-0.08725098756861838
1637902800,2021-11-26,42.79,42.93,41.53,42.67,1685982.0,0.0028122802906023203,0.006093273962971546,-0.02671666276072182,-0.0376635092467299,3.906726037028349,7.922483839983769,-0.10903176592705677,6.717443949691429,1.1046012030310237,3.911022576361219,1,-4.2018868424821605,-0.2338087444470456,6.10579074726404,-1.5833478438074167,4.264352005117146,3.1014179522739433,-14.353813802855237,-0.7726242538104553,0,-0.15904836805148576,18.0,56.0,-38.0,3.906726037028349,3.4318563519591976,2.0768800124009346,-0.21203786016570975
1638162000,2021-11-29,43.62,43.74,41.91,42.28,2368733.0,0.03169347209082307,0.03453169347209095,-0.00875118259224228,-0.00913991094445743,4.836802270577095,9.015581944532556,0.6580225966216631,7.800378429517508,1.9252601702933134,4.8628192999053965,1,-5.602250518548509,-0.5644402634054609,1.9040606064113372,5.699516028290866,4.9171523519870135,3.2156162189246515,-14.085945865232377,-1.1147493654130456,0,-0.17946867321145804,14.0,56.0,-42.0,4.836802270577095,3.968226449772345,2.9000885953254,-0.30811450294729775
1638248400,2021-11-30,41.87,42.25,40.92,40.99,3975661.0,0.021468650890460905,0.03073920468406932,-0.0017077335935593574,-0.030510879848628214,7.773847279824352,13.353663302577544,2.1940312570711598,10.9494185573717,4.838171911848434,7.893795234610067,0,-9.874131948789802,-6.756141947224748,-3.631676627572824,1.7649131829248788,7.361080834043861,3.3168913995917912,-13.24937834204728,-1.850290609288147,-1,-0.2543297830526149,10.0,-40.0,50.0,7.773847279824352,6.550675160760605,5.8977424167097325,-0.43789327567489517
1638334800,2021-12-01,42.09,42.85,40.57,40.58,2775536.0,0.037210448496796555,0.055938886150813216,-0.0002464268112369883,-0.01000243961941949,8.393297190734344,15.215277977346048,1.5713164041226406,11.857236734023331,5.410711352061767,8.633974043042556,0,-11.125523806961581,-8.583014192385678,-8.510138966264108,-4.913997677926979,7.854375708670688,3.512412729881853,-12.989714043192958,-1.291916202323732,0,-0.3337310576260387,6.000000000000007,-43.99999999999999,50.0,8.393297190734344,6.900808892431115,6.694437818970854,-0.5248350813067532
1638421200,2021-12-02,41.08,42.16,40.86,41.93,2020731.0,-0.020271881707607964,0.0054853326973527405,-0.02551872167898883,0.03326761951700341,4.614834247555464,11.536951580986425,-2.3072830858755253,7.863900151045385,1.8777327291517736,4.870816440098565,0,-5.162839650785436,-5.456595264937997,-9.67520447376103,-4.526565660587259,3.9813557342053087,3.425672398763027,-12.748597194256803,0.9405340537315552,0,-0.28763314081111896,2.0,-44.0,46.0,4.614834247555464,3.1295488765201043,3.13143476662691,-0.466854579104596
1638507600,2021-12-03,41.77,42.09,41.01,41.56,1457711.0,0.005052935514918255,0.012752646775745946,-0.013233878729547732,-0.008824230860958626,5.259865255052915,12.648388559035581,-2.1286580489297364,8.37905036894449,2.5296759704844334,5.454363169714483,0,-6.390132844087994,-5.41647701411014,-11.124320714315218,-9.667839184026981,4.4610083692749924,3.3949191665092444,-12.524702977387514,-0.6896023677825049,0,-0.3304937821261502,-2.0,-44.0,42.0,5.259865255052915,3.6621954528819742,3.890784846132547,-0.4297813414430529
1638766800,2021-12-06,41.99,43.12,41.67,42.42,1726029.0,-0.010136727958510172,0.01650165016501637,-0.01768033946251768,0.020692974013474474,2.910183875530393,10.250827274172835,-4.43045952311202,6.002278799308499,0.16069464089267171,3.081486720100557,0,-2.8506968308932272,-4.135593220338979,-10.640662013622238,-9.778194056487976,1.950426980209997,3.3511937214279217,-13.242904518544517,0.8193326483460383,0,-0.35498075793615247,-6.0,-44.0,38.0,2.910183875530393,1.4119755028105772,1.7145768699827926,-0.3282805274246806
1638853200,2021-12-07,43.11,43.61,43.0,43.14,1541513.0,-0.0006954102920723182,0.010894761242466355,-0.0032452480296708552,0.016973125884016893,1.0778859527120943,8.295241275287253,-6.139469369863036,4.082058414464541,-1.5901715345387117,1.2459434399629004,0,-0.08050353145767986,-2.243371855880358,-8.959070651828032,-10.982829716114779,-0.1383964849520254,3.2569198119389386,-13.857362900568065,0.7359496227610861,0,-0.32468860195264854,-10.0,-44.0,34.0,1.0778859527120943,-0.25385343868768473,0.01631041225051888,-0.19990485231655794
1638939600,2021-12-08,43.27,44.02,43.17,43.76,1404801.0,-0.011197440585009044,0.00594149908592323,-0.013482632541133355,0.014371812702827835,-0.3667733089579457,6.7448890844723906,-7.478435702388296,2.5628427787934385,-3.0221663619743993,-0.2296617915905017,0,2.1909560008986233,-0.25074082516525975,-6.55947785513788,-6.18125176702447,-1.7570568011153398,3.1250747077102314,-14.104489134661623,0.6786547306611729,0,-0.30595814302189567,-14.0,-44.0,30.0,-0.3667733089579457,-1.5083066831578549,-1.3458087213500107,-0.06734034273660619
1639026000,2021-12-09,43.55,43.91,43.29,43.68,1469440.0,-0.0029761904761905766,0.005265567765567747,-0.008928571428571397,-0.001828153564899404,-0.2609890109890216,6.820960497603863,-7.342938519581892,2.5862332112332354,-2.8373015873015817,-0.12553418803419447,0,1.8714058492348684,-1.5107102593010184,-4.798039770583862,-3.4676181971116975,-1.888499958604342,3.008556547164763,-14.333963494891359,-0.7080221418043691,0,-0.2221665664583434,-18.0,-44.0,26.0,-0.2609890109890216,-1.2014504934641224,-1.1194322760304658,0.016381514084702592
1639112400,2021-12-10,44.21,44.32,43.28,43.64,1611586.0,0.013061411549037505,0.015582034830430747,-0.008249312557286892,-0.0009157509157509125,-0.27612282309806346,6.73442194982708,-7.286667596023193,2.6393981057134113,-2.899098686220597,-0.12985029025360006,0,1.704788224620529,-2.08660533991474,-3.447905303742005,5.867861668530175,-1.8689973620786446,2.96644420214423,-14.207862600333504,-0.7801251204542818,0,-0.18802404682683654,-21.999999999999996,-44.0,22.0,-0.27612282309806346,-1.0050933978610175,-0.9884542374478826,0.06761627408642126
1639371600,2021-12-13,43.57,43.7,42.41,42.44,1578728.0,0.02662582469368524,0.029688972667295088,-0.000706880301602264,-0.027497708524289677,2.180725730442987,9.129813714542891,-4.768362253656903,5.2870719447062555,-0.47164624568017643,2.4077128495130466,0,-3.0569137281768803,-6.766256590509677,-4.280427774238914,-1.9501585706826532,0.5567054682154833,3.0495542021685496,-14.935457265259867,-0.7617667374873118,0,-0.30162177362144055,-26.0,-44.0,18.0,2.180725730442987,1.6231506196193664,1.7400939720255195,0.021620339206057132
1639458000,2021-12-14,42.15,42.83,42.13,42.24,1785750.0,-0.0021306818181818787,0.013967803030302983,-0.0026041666666666297,-0.004712535344014945,2.2419507575757365,8.780725086476892,-4.29682357132539,5.401672979797993,-0.3961489898989754,2.5027619949494806,0,-3.803306595213911,-7.7930582842174205,-5.2639056233065595,-9.848001416371623,0.5107081205586468,2.963507921436065,-15.44486760618857,-0.8650415946585843,0,-0.3516626455848045,-30.0,-44.0,14.0,2.2419507575757365,1.9039093317508389,2.134687788020557,-0.019138341952448706
1639544400,2021-12-15,42.06,42.37,41.16,42.3,1836676.0,-0.005673758865248124,0.0016548463356973464,-0.026950354609929117,0.0014204545454543638,1.6997635933806237,7.703670761627961,-4.304143574866728,4.847911741528762,-1.0646178092986673,1.8916469661150614,0,-3.534507807879045,-7.35873850197109,-5.9546798305152056,-10.364567789246244,0.038053708732860514,2.9522483448479777,-15.113616629638928,0.8946878308268026,0,-0.24883975216744458,-34.0,-44.0,10.0,1.6997635933806237,1.5918062290779744,1.911783894745028,-0.03784156377851122
1639630800,2021-12-16,42.85,43.27,41.87,41.88,1436420.0,0.02316141356255974,0.03319006685768855,-0.00023877745940792394,-0.0099290780141843,2.3161413562559687,7.9619231738660545,-3.329640461354117,5.577841451766943,-0.45606494746897397,2.560888252148999,0,-5.184276966020825,-7.467962881131232,-7.200856058364369,-4.67019393521327,1.0353036790291554,3.0076432064945817,-15.653247948581384,-0.7080257435443433,0,-0.34286810282405933,-38.0,-44.00000000000001,6.000000000000007,2.3161413562559687,2.362003304577655,2.8187700051678775,-0.07228662724058738
1639717200,2021-12-17,41.53,42.08,41.01,41.33,5319676.0,0.004839099927413493,0.018146624727800598,-0.007742559883861633,-0.01313276026743082,3.33776917493347,9.084360281503962,-2.408821931636993,6.5606097265908545,0.5456085168158893,3.553109121703372,0,-7.275312105857296,-6.366107838695066,-9.113016571166566,-16.974247890321507,1.955490353505283,3.014899705063617,-15.48065946636584,-2.5417909986354243,-1,-0.3333539833603636,-42.0,-44.0,2.0,3.33776917493347,3.3695036114877155,4.022835951193954,-0.1229242453762373
1639976400,2021-12-20,40.38,40.81,39.2,39.74,2743569.0,0.01610468042274782,0.026925012581781482,-0.013588324106693528,-0.038470844422937245,7.02818319073981,13.788281586055547,0.26808479542405905,10.433652071800026,4.064754235866445,7.249203153833264,0,-12.587339930359178,-8.15807718973885,-13.160512665061066,-15.468161133160038,5.762391099097968,3.2944055333482463,-14.1886404849577,-1.3022604850763422,-1,-0.2552129719660411,-46.0,-96.0,50.0,7.02818319073981,6.790531431678474,7.863824014564955,-0.24714673661215258
1640062800,2021-12-21,40.16,40.63,40.05,40.61,2279528.0,-0.011081014528441346,0.0004924895345974623,-0.013789706968726945,0.0218922999496729,4.231716326028078,10.676657904038777,-2.2132252519825926,7.385290979233346,1.5591397849462396,4.4722153820898,0,-8.404904153382667,-9.14988814317674,-14.62185546824935,-7.026574165291578,3.347040731584599,3.150096363735835,-12.988908573650145,1.0766883451427363,0,-0.08695499292036517,-46.0,-92.0,46.0,4.231716326028078,4.073895314083018,5.33525981266169,-0.25342410207605404
1640149200,2021-12-22,40.59,41.0,40.35,40.77,1321777.0,-0.004415011037527616,0.005641402992396349,-0.010301692420897735,0.003939916276779254,3.2989943585969996,9.14630979358381,-2.54832107638984,6.3469871637642115,0.7129425230970412,3.5299648434306192,0,-7.658993230294776,-9.480461811722904,-15.453913772654321,-8.527184337702664,2.8501936351740227,3.027489353703807,-12.247062856907318,0.6274014078585762,0,-0.12257843623865632,-46.0,-88.0,42.0,3.2989943585969996,3.3163704467492607,4.728861643085011,-0.23017961433188305
1640235600,2021-12-23,40.99,41.45,40.85,41.32,1337029.0,-0.007986447241045469,0.003146176185866434,-0.011374636979670782,0.013490311503556507,1.5585672797676864,6.821066146634848,-3.7039315870994898,4.524040012907378,-1.018070345272676,1.7529848338173792,0,-5.112139384936988,-6.81100586377989,-15.011972909408358,-3.531000243326197,1.4442679700184868,2.891369852642364,-12.002047704916363,0.6376263371716684,0,-0.09644494960035588,-34.0,-72.0,38.0,1.5585672797676864,1.756280873052816,3.204064295047843,-0.1642364005969641
1640581200,2021-12-27,41.3,42.05,41.06,42.0,1299023.0,-0.01666666666666672,0.0011904761904761862,-0.02238095238095228,0.01645692158760892,-0.16547619047618412,4.954611743688105,-5.285564124640473,2.702777777777783,-2.651984126984118,0.025396825396811096,0,-2.1162045286868576,-1.5701898289196197,-13.298849230022098,-4.4324731591962205,-0.29679702596386903,2.809741887832265,-12.338386827956935,0.6205903216243406,0,-0.05687189852181552,-38.0,-72.0,34.0,-0.16547619047618412,0.09843649412279376,1.473018159149177,-0.06631668057794526
1640667600,2021-12-28,41.87,42.66,41.87,42.54,1102175.0,-0.01574988246356379,0.0028208744710860323,-0.01574988246356379,0.0128571428571429,-1.4022096850023473,3.67969993294885,-6.484119302953545,1.2431437078827656,-3.7991694091835058,-1.27801285065037,0,0.14906381614991204,0.6149479659413387,-10.868744355030612,-5.413253892047734,-1.7031988483969087,2.7085752413802417,-13.186263288543161,0.5350612907143935,0,0.0025518262778432823,-42.0,-72.0,30.0,-1.4022096850023473,-1.0605678439227972,0.17767424040535218,0.037728856759062124
1640754000,2021-12-29,42.55,42.97,42.43,42.5,881102.0,0.0011764705882353343,0.011058823529411788,-0.0016470588235294459,-0.0009402914903620108,-1.131764705882361,3.876671637142806,-6.140201048907528,1.3921568627450966,-3.469019607843137,-1.038431372549013,0,-0.02032429935733404,3.6838253232495686,-8.978824868375202,-6.62598293797538,-1.7786803399874032,2.608229041996809,-13.823774238247504,-0.43638423315201363,0,-0.04347167358499732,-46.0,-72.0,26.0,-1.131764705882361,-0.8753104375675491,0.261294047130491,0.10305946200932309
1640840400,2021-12-30,42.5,42.86,42.4,42.45,1026648.0,0.0011778563015312216,0.009658421672555928,-0.0011778563015313326,-0.0011764705882352233,-0.7950530035335817,3.985891695773077,-5.5759977028402545,1.442873969375725,-2.9952885747938893,-0.7762073027090679,0,-0.24146774670722237,4.608181370133082,-7.515326573491519,-5.795096865276221,-1.839801915388577,2.502181635038258,-14.4436066888638,-0.5134363758195756,0,-0.0904958364413186,-46.0,-68.0,22.0,-0.7950530035335817,-0.6863123880596902,0.36450950513832936,0.13982648958065896
1640926800,2021-12-31,42.48,42.86,42.45,42.69,817118.0,-0.004919184820801115,0.003982197235886664,-0.005621925509486925,0.00565371024734973,-1.2637620051534242,3.521517964100383,-6.049041974407217,0.887405325212768,-3.3173264620910317,-1.2149605684391105,0,0.8571796997628383,1.8125447173861151,-5.828995862980124,-7.7267056939629555,-2.6312519469247633,2.3789929647221877,-15.019165393007507,0.41707660942061137,0,-0.06774277617489195,-14.0,-32.0,18.0,-1.2637620051534242,-1.1261087759925203,-0.19189965222923888,0.17495146134476947
1641186000,2022-01-03,43.06,43.47,42.46,42.79,2348542.0,0.006309885487263411,0.015891563449404122,-0.007712082262210762,0.0023424689622861816,-1.3507828931993373,3.4215546857201673,-6.123120472118842,0.8015891563449458,-3.3769572329983646,-1.2876840383267165,0,1.3240280383487146,2.959576515880647,-4.2233081191621435,0.4394147181719674,-2.756209576271317,2.372499792394539,-14.982149564191406,1.1870610006218096,0,-0.038622119073052553,-18.0,-32.0,14.0,-1.3507828931993373,-1.2279216208674626,-0.40847807190135654,0.1978726925757605
1641272400,2022-01-04,43.22,45.72,43.22,45.4,2303299.0,-0.048017621145374445,0.007048458149779835,-0.048017621145374445,0.060995559710212754,-6.6938325991189345,-1.2513353184493923,-12.136329879788448,-4.616005873715125,-8.7856093979442,-6.700807635829662,0,11.398767321590014,7.024988213107017,2.1503120664981763,8.633174796481725,-7.848646822847073,2.537366991056183,-13.376267680614662,1.1538588049925071,1,0.07492353950383722,50.0,40.0,10.0,-6.6938325991189345,-6.2484922980715965,-5.893348906511321,0.37167463114009536
1641358800,2022-01-05,45.94,46.77,45.33,45.44,3292024.0,0.011003521126760507,0.029269366197183233,-0.0024207746478872583,0.0008810572687223406,-6.522887323943664,-0.36598863261433223,-12.679786015272981,-4.322916666666657,-8.671508215962433,-6.497212441314545,0,11.527227507715644,5.331478905887801,7.175575225716647,17.878646499197686,-6.889330180277128,2.580410585578093,-11.354946464155319,1.6001799032401793,0,-0.08947573537131966,50.0,43.99999999999999,6.000000000000007,-6.522887323943664,-5.728065744798542,-5.741828904923125,0.4660761715244803
1641445200,2022-01-06,45.46,46.5,45.1,46.13,2282057.0,-0.014524170821591187,0.00802081075222194,-0.02232820290483417,0.01518485915492973,-7.664209841751585,-0.7709416436992456,-14.557478039803925,-5.44945444034974,-9.852229207312675,-7.6508418238312,0,13.719555203676975,5.415904936014636,12.319126161148015,19.047528119506097,-7.657202785266449,2.5770340669423226,-9.730691202315525,1.1049296847962249,1,0.0010733859489882398,50.0,48.0,2.0,-7.664209841751585,-6.45833497613296,-6.871257514588208,0.5461815954419614
1641531600,2022-01-07,46.31,46.58,45.82,46.05,1358754.0,0.005646036916395314,0.011509229098805696,-0.004994571118349556,-0.001734229351831873,-7.246471226927241,0.34086167225375164,-14.833804126108248,-4.996018820123055,-9.436844010133896,-7.2164314151284685,0,13.279474686569351,5.42582417582417,16.232769927832933,35.40608322006827,-6.534591343798297,2.5150016435623415,-8.179824740899367,-0.6596522691471208,0,0.06690122276160534,46.0,48.0,-2.0,-7.246471226927241,-5.696227554450388,-6.446353855889683,0.5627427723533147
1641790800,2022-01-10,46.13,46.24,45.09,45.51,1805958.0,0.013623379477038178,0.016040430674577166,-0.009228740936057855,-0.011726384364820874,-5.940452647769732,2.152608917444269,-14.033514212983718,-3.651578407675956,-8.169266827803412,-5.91042261773967,0,10.319439513318223,4.285059578368464,18.187172510980297,37.67232779845918,-4.187360561508356,2.543563006432802,-7.56563505209477,-0.8706628423591238,0,0.08732610585252996,42.0,48.0,-6.0,-5.940452647769732,-4.141333980774888,-5.127024510072033,0.507968752072643
1641877200,2022-01-11,45.51,46.03,45.03,46.01,1420035.0,-0.010867202782003926,0.00043468811128022367,-0.02129971745272763,0.010986596352450029,-6.574657683112363,1.972182790708814,-15.12149815693354,-4.4215025719046395,-8.827066579729035,-6.624284575816844,0,12.049663302904868,8.41187558906692,20.52862207771581,37.334496556683135,-4.247670212482589,2.491458660377928,-7.06175291746127,0.6897737174401314,0,0.05705334558906602,38.0,48.0,-10.0,-6.574657683112363,-4.689425776835492,-5.916537064498158,0.47656716367021146
1641963600,2022-01-12,46.22,46.38,44.56,45.31,1807682.0,0.02008386669609341,0.023615096005296765,-0.01655263738689028,-0.015214083894805386,-4.792540278084317,4.128742920567802,-13.713823476736422,-2.4884131538291854,-7.2092253365702845,-4.848819245199749,0,8.303201455882082,7.267992424242424,20.794765828993643,29.66514700065997,-2.1098640159696203,2.636151225733597,-7.1174069204000325,-0.875217230527726,0,0.02534292812622385,34.0,48.0,-14.0,-4.792540278084317,-2.9105833042761873,-4.288008813593692,0.38379369637570493
1642050000,2022-01-13,45.63,47.44,45.56,47.25,2813328.0,-0.03428571428571425,0.0040211640211640365,-0.03576719576719567,0.04281615537408956,-8.177777777777777,1.128352057883248,-17.483907613438788,-5.912522045855383,-10.581305114638454,-8.246913580246911,0,14.547807785034792,11.702127659574476,23.85474924580411,31.077787565492756,-5.185484114216635,2.669345663633954,-6.428775092340484,1.3682369689504392,1,0.08437168217624813,50.0,68.0,-18.0,-8.177777777777777,-6.240052467440975,-7.895505462331187,0.42502075183008436
1642136400,2022-01-14,46.77,47.21,46.33,47.13,1298617.0,-0.007638446849140612,0.0016974326331422596,-0.016974326331423817,-0.0025396825396825085,-7.387014640356469,2.4305209814916395,-17.204550262204577,-5.245420468208522,-9.815757832944342,-7.530589150576432,0,13.924467232655864,12.535816618911175,25.92433435662694,31.19263969203496,-4.362006905726432,2.6244211662076875,-5.789331251999474,-0.6473489488379097,0,0.08008500101462981,46.0,68.0,-21.999999999999996,-7.387014640356469,-5.429770849267129,-7.360562574798237,0.41564245281987977
1642482000,2022-01-18,46.89,47.03,46.04,46.37,2397459.0,0.011214147077852177,0.014233340521889293,-0.007116670260944535,-0.016125610014852687,-5.325641578606849,4.688210477596996,-15.339493634810694,-3.1611674214650236,-7.78915965782474,-5.475163539644882,0,10.057923406648264,12.194531817082021,25.787208381427746,22.72115867983547,-2.263508336308476,2.644808226260496,-5.5433493110587015,-1.2003204767791515,0,0.01547945418981796,42.0,68.0,-26.0,-5.325641578606849,-3.51027131909305,-5.613104480737533,0.3332466858818224
1642568400,2022-01-19,46.58,46.69,44.0,44.02,2020501.0,0.058155383916401515,0.0606542480690595,-0.00045433893684698745,-0.05067931852490826,0.21467514766013096,9.830976092106297,-9.401625796786007,2.697637437528371,-2.4227623807360175,0.13743752839616263,0,0.17902150347324408,10.770005032712634,20.508764470801932,16.497766663547452,3.0824739715752685,3.023490697202715,-6.5857162610451425,-1.0145910931770976,0,-0.03473632816027633,38.0,68.0,-30.0,0.21467514766013096,1.4845477810296615,-0.5517559236969731,0.10717468480937453
1642654800,2022-01-20,43.47,43.66,42.06,42.13,2769616.0,0.03180631379064791,0.036316164253500816,-0.0016615238547353917,-0.04293502953203088,4.890814146688811,14.452449898960722,-4.6708216055831,7.685339029986537,2.0931244560487414,4.889231743017632,0,-5.954504339198614,3.7429204629401704,12.90464189940687,12.693250628516942,7.313424080325362,3.265780723578762,-6.2839760503928055,-1.3806062766636646,0,-0.09261930078025091,34.0,68.0,-34.0,4.890814146688811,5.462283491118853,3.7562881965271373,-0.1679878759145863
1642741200,2022-01-21,41.97,42.53,41.26,41.6,1974673.0,0.008894230769230793,0.022355769230769207,-0.008173076923077005,-0.012580109185853283,6.326923076923066,15.70581280253991,-3.051966648693778,9.262820512820497,3.450320512820497,6.356570512820497,0,-7.488366262756713,2.035810645082164,6.434283010103887,7.885587101078855,8.305630113832379,3.289209211017948,-5.580421768317201,-0.9793939189295959,0,-0.12438855255049501,30.0,68.0,-38.0,6.326923076923066,6.157731302811271,4.87903877463458,-0.3723200711265314
1643000400,2022-01-24,40.44,41.84,39.85,41.84,741759.0,-0.03346080305927357,0.0,-0.047562141491395815,0.005769230769230749,5.779158699808789,14.932892429308822,-3.3745750296912718,8.79859783301464,2.687221159974513,5.742909496494562,0,-6.549666772546551,1.2584704743465709,1.9545091462127313,3.1763159400015866,7.867638515156344,3.3764755895221703,-4.279312519773658,0.371639346374811,0,-0.07645826251672909,26.0,68.0,-42.0,5.779158699808789,5.0203391852658825,4.109695496482928,-0.47155754023748453
1643086800,2022-01-25,41.06,42.44,40.06,41.83,2443182.0,-0.018407841262251923,0.014582835285680051,-0.04231412861582584,-0.0002390057361377762,5.7841262251972125,14.989549104178153,-3.4212966537837133,8.959678061996982,2.5145429914734194,5.737110526735194,0,-6.5807620162913665,-0.4047619047619088,-1.5123083695876454,3.1069593083044253,7.203687307159058,3.54245518024128,-3.61167791157305,-1.214519134419675,0,-0.0944759594460012,22.0,68.0,-46.0,5.7841262251972125,4.5649270160615885,3.972443700257088,-0.5146011198725211
1643173200,2022-01-26,42.42,42.86,41.34,41.88,1576088.0,0.012893982808023008,0.023400191021967442,-0.012893982808022897,0.0011953143676788347,5.579035339063992,14.93759215926795,-3.779521481139952,8.877347978350826,2.26560012734798,5.571474052849396,0,-6.368445728119305,-1.5514809590973122,-4.17585697763832,-0.23032570505861827,6.383552027196998,3.5447395662153864,-3.361484065360269,0.7858369768505153,0,-0.013204943391840498,18.0,64.0,-46.0,5.579035339063992,4.017222727697359,3.6973981118349144,-0.5151651027956387
1643259600,2022-01-27,42.35,42.81,40.61,41.19,1667551.0,0.028162175285263435,0.03932993445010946,-0.014081087642631718,-0.016475644699140535,7.188638018936629,17.076241248424267,-2.698965210551009,10.769604272881764,3.6440883709638427,7.206846321922782,0,-8.623828729614118,-3.082352941176476,-7.348700475438418,-7.774571097029522,7.409611456203379,3.7281899376240863,-2.7572085145581653,-0.8313763391019099,0,-0.08495139521044351,14.0,60.0,-46.0,7.188638018936629,5.211140555247269,5.221381837995452,-0.5351250382981139
1643346000,2022-01-28,40.9,41.01,39.3,40.41,2226330.0,0.01212571145756014,0.014847809948032697,-0.027468448403860424,-0.01893663510560817,9.00519673348181,19.72514756850734,-1.7147541015437326,12.77406582529079,5.2016827517941095,8.987874288542443,0,-11.021380425155435,-4.805653710247364,-11.020157357665884,-14.043238245049778,8.42717164894809,3.862788323080514,-1.606154044159247,-1.1082423426677976,0,-0.03769939597461795,10.0,-40.0,50.0,9.00519673348181,6.552233310875508,6.9679739423093,-0.5707195798506532
1643605200,2022-01-31,40.21,41.59,39.78,41.53,2809618.0,-0.03178425234770044,0.0014447387430773784,-0.04213821333975443,0.027715911902994383,5.92583674452203,16.600153261943177,-4.748479772899117,9.696604863953766,1.991331567541522,5.843968215747637,0,-6.107356139272213,-2.7172639962520417,-11.96102948914016,-5.532161991410526,4.53436376024186,3.801449192948104,-1.06438198205651,1.3828613176270643,0,0.07486430296677653,6.000000000000007,-39.99999999999999,46.0,5.92583674452203,3.3283331771147573,3.923086794534143,-0.49169331827661145
1643691600,2022-02-01,41.66,42.42,41.61,42.35,2382288.0,-0.016292798110980056,0.0016528925619834212,-0.017473435655253833,0.019744762822056394,3.8229043683589055,14.356424178656965,-6.71061544193914,7.4569067296339995,-0.051948051948045304,3.702479338842977,0,-2.82868899789856,-1.0282776349614342,-11.26077427587267,-3.955573588871026,1.996257768289155,3.6116788746512927,-1.2718537921887112,1.1827673811975352,0,0.0933671277193038,2.0,-40.0,42.0,3.8229043683589055,1.20120071970085,1.8359441323578807,-0.362992275706814
1643778000,2022-02-02,42.28,42.84,42.2,42.73,2175713.0,-0.010531242686636966,0.0025743037678447322,-0.0124034636087057,0.008972845336481683,2.587175286683845,12.981326541591315,-7.806975968223625,6.02738123098527,-0.9794055698572208,2.5239878305640246,0,-1.364534128979571,-5.88105726872247,-10.04744318495556,3.011774638564866,0.66322802008591,3.4308612290449494,-1.808089078074655,1.0974538546790926,0,0.15177925308467285,-2.0,-40.0,38.0,2.587175286683845,0.2725264496977502,0.8938292269574504,-0.23715520334686602
1643864400,2022-02-03,42.59,42.93,41.78,41.88,1684062.0,0.01695319961795616,0.025071633237822244,-0.0023877745940783512,-0.01989234729698086,4.244269340974199,14.882440270599446,-6.393901588651033,7.708930276981846,0.6291786055396358,4.169054441260727,0,-4.343924979080775,-7.83450704225351,-10.28384845644273,-5.279655692785269,1.6985677117791198,3.446597598789362,-2.0604071721875137,-0.8584685873694577,0,0.028784156370593245,-6.0,-40.0,34.0,4.244269340974199,2.0878883530223646,2.826222831117221,-0.19766500111486496
1643950800,2022-02-04,41.31,41.68,39.93,41.02,2132318.0,0.0070697220867870225,0.016089712335445983,-0.026572403705509617,-0.020534861509073576,5.80692345197464,16.64279351895371,-5.028946615004429,9.396229481553704,2.0827238745327463,5.739476678043218,0,-7.140203485297036,-11.077389984825492,-11.671114769288605,-11.204818752417829,3.0541245558999464,3.6070655371680713,-1.3595048904408849,-1.0886704513868457,0,0.009386268746712112,-10.0,-40.0,30.0,5.80692345197464,3.8255142906676696,4.786640852473823,-0.21455314403479064
1644210000,2022-02-07,41.16,41.32,40.64,41.09,1613712.0,0.0017035775127767216,0.005597468970552466,-0.010951569724994004,0.0017064846416381396,5.023119980530538,15.680751850284594,-5.634511889223518,8.575484708363732,1.2939076823233648,4.934696195343548,0,-6.841921800409544,-10.77090119435395,-12.649371028968323,-4.112348191751366,1.8337935234626173,3.4619194248691825,-0.7086670573904428,0.8220800343904745,0,0.05647041668959399,-14.0,-40.0,26.0,5.023119980530538,3.3011500050534437,4.427417758557411,-0.20605339974237813
1644296400,2022-02-08,41.39,42.24,40.96,42.15,1777896.0,-0.018030842230130406,0.002135231316725994,-0.028232502965598982,0.025797030907763308,1.9833926453143533,12.092530866313595,-8.125745575684888,5.406089363384737,-1.723210755239208,1.8414393040727646,0,-2.4755007089906513,-7.382992748846407,-11.557016176784568,2.9161245488446,-1.2605378681489867,3.3507092004446224,-0.9189891498104643,0.9048735758630022,0,0.18272815573899612,-18.0,-40.0,22.0,1.9833926453143533,0.6363224543244286,1.7306106525514053,-0.11843746567352398
1644382800,2022-02-09,42.33,42.83,42.25,42.36,1936355.0,-0.0007082152974504652,0.01109537299339003,-0.002596789423984891,0.004982206405693912,1.0469782813975428,10.569883618651346,-8.475927055856246,4.4550676739062,-2.5397387472458064,0.9576644633301896,0,-1.648127848124176,-7.9330580308628535,-10.316406015500078,11.88266542826264,-1.845386124185211,3.210611605260405,-1.599782725404797,0.9898791754967536,0,0.23717086813940844,-21.999999999999996,-40.0,18.0,1.0469782813975428,0.1243298232224106,1.1781910011512196,-0.03980107993377335
1644469200,2022-02-10,41.87,43.0,41.58,41.73,1717914.0,0.0033549005511621655,0.030433740714114643,-0.0035945363048166534,-0.014872521246458992,2.1435418164390114,11.461083768660288,-7.174000135782251,5.587107596453393,-1.4174454828660288,2.084831056793689,0,-3.9413872499033786,-7.90112557934232,-10.218946575542986,12.447367318422025,-0.32158007248503395,3.2693499003539768,-1.8406558375433697,-0.898961722585635,0,0.2231588207327795,-26.0,-40.0,14.0,2.1435418164390114,1.4801109341484846,2.599578226803274,-0.0244312732996258
1644555600,2022-02-11,41.65,42.09,40.58,41.1,2534754.0,0.01338199513381988,0.024087591240876005,-0.012652068126520755,-0.015097052480229967,2.961070559610704,11.003426509750966,-5.081285390529558,6.492295214922933,-0.5296025952960264,2.9813463098134605,0,-6.1315124609435685,-13.015873015873014,-11.046294332085397,8.569969615521735,1.159781609917161,3.344785588187399,-1.5306897802969708,-1.3297542422883688,0,0.15582987309409438,-30.0,-40.0,10.0,2.961070559610704,2.746536387855741,4.008653962511559,-0.04946575961892519
1644814800,2022-02-14,41.1,41.26,39.97,40.5,2887740.0,0.014814814814814836,0.018765432098765356,-0.013086419753086442,-0.014598540145985384,3.667901234567907,9.969501034352348,-2.633698565216548,7.341152263374511,0.11399176954734003,3.727572016460897,0,-8.127571297955313,-14.067472947167413,-12.569781816848835,-0.5820166211379458,2.441227379045415,3.3793984828369092,-0.9434320123509323,-1.501276969739392,0,0.09488221442384562,-34.0,-40.00000000000001,6.000000000000007,3.667901234567907,3.862163745181107,5.331894560688482,-0.09648525247322892
1644901200,2022-02-15,40.7,43.03,40.46,42.89,3756309.0,-0.051060853345768153,0.0032641641408253097,-0.05665656330146884,0.05901234567901237,-2.5145721613429686,1.3244941415074862,-6.353638464193409,1.0363721147120657,-6.156446724178139,-2.5600373047330294,1,1.185493516577104,-7.50485227517791,-9.515284838990766,2.9970616326973953,-3.1518614227436075,3.391155616050416,-1.8376005102680608,1.9072452928579986,1,0.20977483440236736,-38.0,-40.0,2.0,-2.5145721613429686,-1.7420699664514245,-0.5165312286851957,0.03621504223028221
1644987600,2022-02-16,42.42,43.29,41.72,42.83,3004545.0,-0.009572729395283641,0.010740135419098795,-0.025916413728694798,-0.0013989274889252279,-2.5169273873453193,0.725876919079596,-5.759731693770206,0.7798272239084838,-6.161568993696008,-2.690870884893755,1,0.9696931336557242,-2.703316674238993,-7.252978942288224,10.126297186346413,-2.78492924834201,3.415174004938512,-2.8562082656527323,-1.5059887078552778,0,0.2634443497969489,-42.0,-40.0,-2.0,-2.5169273873453193,-1.4516196217169863,-0.36237528007082176,0.11816803153889771
1645074000,2022-02-17,42.62,42.97,41.91,42.26,2023944.0,0.008518693800283916,0.016800757217226625,-0.00828206341694282,-0.013308428671491956,-1.1867013724562128,2.1192639065863688,-4.492666651498794,2.0472471998737944,-4.859993689856438,-1.4063732449913147,1,-1.0922787734966874,0.30856871587941004,-6.306666342573572,10.295457936169548,-1.1371047003769377,3.3931693837632935,-3.8020583242242125,-1.009592702972831,0,0.22342689459667078,-46.0,-40.0,-6.0,-1.1867013724562128,-0.11074808956421123,0.9430388310337321,0.13120114445040743
1645160400,2022-02-18,42.01,42.37,41.01,41.26,2004792.0,0.018177411536597132,0.026902569074163774,-0.006059137178865748,-0.02366303833412209,1.1669898206495617,4.590620877645165,-2.256641236346084,4.501131038940073,-2.595330424947491,0.952900306996284,1,-4.49212169402599,-0.8173076923077005,-7.016680574972196,3.0473232392146485,1.3982034584679894,3.4626054221519946,-4.116418981413087,-0.9940887975543573,0,0.10610199569409168,-46.0,-36.0,-10.0,1.1669898206495617,2.0902014276081218,3.2566261911430843,0.07261276733200883
1645506000,2022-02-22,41.02,41.39,39.45,40.14,2616644.0,0.0219232685600399,0.031141006477329425,-0.0171898355754857,-0.02714493456131839,3.7780269058296057,7.699345967405733,-0.14329215574655052,7.304849692742081,0.022836738083370278,3.663843215412726,1,-7.939216293810254,-4.063097514340351,-9.160530491339493,-4.712685926276166,3.864543732255669,3.6502105066799886,-3.5807655513252072,-1.2828841519885144,0,0.019782412932577476,-46.0,-96.0,50.0,3.7780269058296057,4.468399301443867,5.897032658089628,-0.03561889149996922
1645592400,2022-02-23,41.03,41.13,39.97,40.08,2508834.0,0.023702594810379285,0.026197604790419327,-0.002744510978043846,-0.001494768310911887,3.715069860279428,7.991633417697557,-0.5614936971386868,7.182302062541581,0.19377910844976043,3.688040585495685,1,-8.11811305440473,-4.183600286875448,-10.920680826805453,-4.357687551333953,3.6162020263293044,3.601284656750342,-3.0833730805293165,-1.2192998001401865,0,-0.0879021131388544,-46.0,-96.0,50.0,3.715069860279428,4.18433301401862,5.818088163814622,-0.10156440885411144
1645678800,2022-02-24,38.5,38.99,38.05,38.93,3200838.0,-0.011045466221423106,0.0015412278448498906,-0.022604675057796064,-0.028692614770459035,6.399948625738489,11.679545156319548,1.1203520951574433,9.841167908211318,2.795187944173307,6.318177926192291,1,-11.428049826903063,-7.043935052531047,-13.863700264893525,-6.087344886095501,5.890900755756448,3.8152973423969736,-1.7733237536647017,-1.5314688715422722,0,0.040127714627292144,26.0,-24.0,50.0,6.399948625738489,6.570343934577878,8.59323154514577,-0.2068785866882381
1645765200,2022-02-25,38.97,40.25,38.97,39.92,2323981.0,-0.023797595190380827,0.008266533066132231,-0.023797595190380827,0.02543025944002064,3.6022044088176273,9.003103608940904,-1.7986947913056497,6.7735470941883875,0.13276553106211963,3.4531563126252536,0,-7.322844007120935,-3.083272638990037,-14.458059340435348,0.36693625278684294,3.0602115568034094,3.691103335266398,-1.607671006099249,1.106231424953965,0,0.05764693677136908,22.0,-24.0,46.0,3.6022044088176273,3.5534000120350555,5.668783988847181,-0.19430621627193778
1646024400,2022-02-28,38.97,39.66,38.54,39.0,2821955.0,-0.0007692307692307443,0.01692307692307682,-0.01179487179487182,-0.023046092184368816,5.865384615384613,11.911946768585096,-0.18117753781584156,9.066239316239304,2.4200854700854535,5.743162393162393,0,-9.941576229540267,-3.4892353377876684,-16.094431774156224,-5.774304823221499,5.0785513975543495,3.76105308950522,-1.2564501400255423,-1.330787794042299,0,0.02644635281633931,18.0,-24.0,42.0,5.865384615384613,5.425131674149398,7.841425331776875,-0.22995278040705602
1646110800,2022-03-01,38.89,38.96,36.45,36.93,4831982.0,0.05307338207419443,0.054968860005415676,-0.012997562956945541,-0.05307692307692313,11.176550230165176,19.360777894386885,2.992322565943468,14.797815687336396,7.589583897463669,11.19369979240004,0,-15.02454976333263,-11.076330363592586,-19.865009964532497,-13.63167436336306,9.655795321350766,4.181373866347813,-0.09726088589297532,-2.2079715123822243,0,-0.0938699021529572,14.0,-36.0,50.0,11.176550230165176,10.25495154351826,13.341596878580873,-0.3668195912569918
1646197200,2022-03-02,37.27,38.91,37.22,38.63,2528894.0,-0.035205798602122695,0.00724825265337814,-0.03650012943308323,0.04603303547251558,5.802485115195452,13.92328261274433,-2.31831238235344,9.358443351453971,2.2396237811717725,5.799033566312858,0,-8.596881343383224,-8.783943329397873,-19.809895868579392,-13.041038106534906,4.194844169786634,4.077947893004921,0.9791291358015499,1.1858209965267725,0,-0.017807554004512286,10.0,-36.0,46.0,5.802485115195452,4.888369327490906,8.026147240828578,-0.3185258587582499
1646283600,2022-03-03,38.54,38.77,37.44,37.96,2826880.0,0.015279241306638491,0.021338250790305713,-0.013698630136986356,-0.01734403313486932,7.041622760800848,15.625812900530136,-1.5425673789284247,10.782402528977883,3.356164383561662,7.069283456269744,0,-10.227892716784112,-11.163117247835237,-20.504366224494426,-13.857634036194561,5.413853379654583,4.103764587513438,1.9786341559464695,-1.3245144445813735,0,0.0012116393211937056,6.000000000000007,-35.99999999999999,42.0,7.041622760800848,6.097792708237378,9.5433032334073,-0.3072306004881684
1646370000,2022-03-04,36.9,37.18,34.82,35.12,4827865.0,0.05068337129840561,0.05865603644646922,-0.008542141230068245,-0.07481559536354065,14.735193621867907,26.09936672379176,3.3710205199440395,18.989179954441937,10.617881548974935,14.803530751708436,0,-16.173554846001622,-16.14135625596945,-23.96741409383611,-15.331133091265585,12.32104729720804,4.757414880910615,3.777167073525902,-2.209303294022377,-1,-0.06553194905445857,2.0,-48.0,50.0,14.735193621867907,13.279601926577087,17.679957650111078,-0.45750147498756655
1646629200,2022-03-07,34.97,35.08,33.24,33.31,4034393.0,0.04983488441909323,0.053137196037226,-0.002101471029720803,-0.05153758542141218,19.81236865806065,34.81907457117771,4.805662744943589,24.417592314620222,15.56439507655358,19.990993695586894,0,-19.25679526572452,-18.79570941004388,-28.178698249019018,-15.732808049459607,16.640547683607082,5.060782557851675,5.845286525383731,-1.8014740212563587,-1,-0.1379697946444797,-2.0,-52.0,50.0,19.81236865806065,17.58404136262004,23.13035920492763,-0.6343864917619044
1646715600,2022-03-08,33.79,34.35,33.79,34.35,239580.0,-0.01630276564774391,0.0,-0.01630276564774391,0.031221855298709134,15.20378457059681,31.264567975652568,-0.8569988344589774,19.63561377971861,11.085395439107202,15.360504609412914,0,-15.638209142766542,-16.40301776587978,-29.638471563718866,-22.16808682732757,12.127292117342407,4.773280663394698,7.765683159251715,0.10803831878089919,0,-0.22824928300491473,-6.0,-52.0,46.0,15.20378457059681,12.688381420931023,18.641516677050447,-0.6353538954263593
1646802000,2022-03-09,35.8,36.64,35.61,35.63,3005839.0,0.004771260174010417,0.0283468986808868,-0.0005613247263542842,0.037263464337700114,10.150154364299752,25.974835987846816,-5.674527259247313,14.485452334175307,6.3125643184582145,10.399008326316775,0,-11.476796559142521,-15.468564650059303,-28.787079131774977,-23.119504375006002,6.689108194780502,4.732184916881645,7.7041516772540035,1.3349299998668551,0,-0.33209610727677286,-10.0,-52.0,42.0,10.150154364299752,7.81721146488465,13.815450075106071,-0.5092444950226112
1646888400,2022-03-10,34.58,35.24,34.34,34.92,2968121.0,-0.009736540664375792,0.009163802978235935,-0.016609392898052633,-0.01992702778557398,11.324455899198142,27.785613299688833,-5.136701501292535,15.764127529591448,7.333428789614345,11.54877815960289,0,-12.85193072752579,-17.56373937677053,-28.72411544681368,-23.428895207165453,7.5736610519896885,4.747383267162513,8.080302079680607,-1.2966879387922539,0,-0.28648087375454523,-14.0,-52.0,38.0,11.324455899198142,9.056097809118754,15.49703514061575,-0.43593315865419746
1646974800,2022-03-11,35.01,35.29,34.53,34.54,2826136.0,0.013607411696583638,0.021713954834973848,-0.0002895193977996424,-0.010882016036655284,11.508396062536193,28.551245041614322,-5.534452916541937,15.88303416328894,7.550665894614951,11.716850028951953,0,-13.584271682386635,-17.22981068775461,-28.980043704902535,-23.687129538878224,7.654156614937293,4.613950922245625,8.392503323713406,-1.2140268110718007,0,-0.3165258734703887,-18.0,-52.0,34.0,11.508396062536193,9.279151534996146,16.110146172329223,-0.37750431843972176
1647230400,2022-03-14,34.49,35.3,34.2,34.53,1945247.0,-0.0011584129742252536,0.02229944975383713,-0.009556907037358786,-0.0002895193977996424,10.589342600637124,27.98001400030455,-6.801328799030273,14.904430929626415,6.688386909933385,10.796408919779907,0,-13.60414735210972,-15.985401459854016,-29.18872025876339,-23.022643377841803,6.757482873246218,4.513169176092693,8.798778262839456,-0.8290790569239632,0,-0.3222800986670599,-21.999999999999996,-52.0,30.0,10.589342600637124,8.424056357282922,15.51068294737756,-0.30699353053026
1647316800,2022-03-15,34.86,35.36,34.3,34.73,1872799.0,0.003743161531816863,0.018139936654189448,-0.012381226605240436,0.00579206487112649,9.121796717535304,26.647138139759093,-8.4035447046885,13.377483443708613,5.274978404837327,9.326230924272977,0,-12.881605869902593,-14.246913580246922,-29.062154920303296,-24.81809385662791,5.232378253698954,4.384674656444098,9.125623871938892,0.7910823880728705,0,-0.28564616794153586,-26.0,-52.0,26.0,9.121796717535304,7.056847592067555,14.263314321953914,-0.2185048941313681
1647403200,2022-03-16,35.37,36.54,35.18,36.29,1985680.0,-0.025351336456324147,0.0068889501240010365,-0.030586938550564824,0.04491793838180258,3.5216313033893556,19.144488082608362,-12.101225475829636,7.493340681546812,0.07256360797281047,3.782952144759804,0,-7.5169236956558905,-15.388202378176736,-26.667971093121523,-18.85262955275907,0.15592967358075782,4.252719680033748,8.46997073407372,0.8413431930014795,0,-0.3338968412848566,-30.0,-52.0,22.0,3.5216313033893556,2.2210001713414584,8.984747277471499,-0.03609677148394086
1647489600,2022-03-17,35.5,36.47,35.35,36.47,2356268.0,-0.02659720318069647,0.0,-0.030710172744721653,0.004960044089280746,2.1387441732931194,16.238631995160773,-11.961143648574534,6.007677543186162,-1.2530847271730323,2.377296408006586,0,-6.927044187363812,-14.849404622927853,-24.48875942595714,-19.20572412832439,-0.9288153803256023,4.148822052272947,7.861149963198912,0.9979153733570467,0,-0.3021251966287531,-34.0,-52.0,18.0,2.1387441732931194,1.5530074662039937,8.1155972710703,0.10763002619241879
1647576000,2022-03-18,36.11,36.86,35.76,36.73,4614300.0,-0.016879934658317386,0.0035393411380344464,-0.026408930029948263,0.007129147244310241,0.6629458208548868,13.189955382305868,-11.864063740596109,4.455485978763974,-2.764769942826021,0.8453580179689624,0,-6.05297945028596,-13.085660198769524,-22.339660584598946,-8.975637766603562,-2.0840145060186046,4.039123377548767,6.975745696981253,1.9325812398216256,0,-0.19031327946489818,-38.0,-52.0,14.0,0.6629458208548868,0.7547035167266216,7.0620349830617215,0.224437825031647
1647835200,2022-03-21,36.86,36.92,35.97,36.5,1677233.0,0.009863013698630185,0.011506849315068512,-0.01452054794520552,-0.006261911244214491,0.645205479452045,12.045303585058392,-10.754892626154316,4.361187214611846,-2.7922374429223566,0.7844748858447446,0,-6.672449037355385,-11.536597188560345,-20.787185201666457,-0.8046177999653779,-1.9265469716675767,3.9601585548840723,6.102758936919848,-0.7060430624585262,0,-0.12195579183171068,-42.0,-52.0,10.0,0.645205479452045,1.2572536767358145,7.433273543628786,0.28646786460352347
1647921600,2022-03-22,36.7,37.18,36.34,36.57,1744275.0,0.003554826360404828,0.016680339075745065,-0.0062893081761005165,0.0019178082191781964,-0.03554826360404206,10.51052389437126,-10.581620421579345,3.514720627107806,-3.3242183939476746,0.09525111658005869,0,-6.417676654594146,-8.893871449925262,-19.39295291933214,-2.0670584875579365,-2.458091077198617,3.8343201576086803,5.062668014119787,0.7318893313090832,0,-0.19171096293725026,-46.0,-52.00000000000001,6.000000000000007,-0.03554826360404206,0.9621540227043681,6.9441949807675485,0.32940492964941703
1648008000,2022-03-23,36.11,36.36,35.31,35.58,2636738.0,0.014896008993816823,0.021922428330522825,-0.007588532883642363,-0.027071369975389725,2.1135469364811854,12.002681980191525,-7.775588107229169,5.727000187371175,-1.2713134719879946,2.227843357691569,0,-9.151497540338895,-11.227544910179642,-19.23581983704052,-1.577434551611553,-0.244071425182824,3.9124591386186918,4.709048683206284,-1.0987025163237707,0,-0.21078749175264852,-46.0,-48.0,2.0,2.1135469364811854,3.412207874402,9.530861858880186,0.2897265521418064
1648094400,2022-03-24,35.87,36.86,35.7,36.64,1556406.0,-0.02101528384279483,0.006004366812226936,-0.025655021834061098,0.029792017987633646,-1.1531113537117932,7.8975098644286135,-10.203732571852171,2.3903748180494944,-4.465520378457072,-1.0375727802037886,0,-5.245737821949994,-5.882352941176468,-17.49707379816303,7.907921429504938,-3.098979339203183,3.7774267973656612,3.925371107810758,0.6478026895511892,0,-0.09493110040889437,-46.0,-44.0,-2.0,-1.1531113537117932,0.38043351951189663,6.112624787015648,0.330512287291332
1648180800,2022-03-25,36.58,36.74,36.15,36.7,1170691.0,-0.00326975476839253,0.0010899182561308063,-0.014986376021798531,0.0016375545851528006,-1.7534059945504197,6.04827492405677,-9.555086913157595,1.6952770208900745,-4.961398728428705,-1.6330608537692939,0,-5.02923923477649,-8.066132264529054,-15.97748861057945,16.786205393663806,-2.565682339250955,3.616706757729101,3.197670502086339,0.48985902839223333,0,0.05106979740218976,-46.0,-40.0,-6.0,-1.7534059945504197,0.1957215504650094,5.706236062198201,0.3550223455975168
1648440000,2022-03-28,36.78,36.94,36.22,36.68,1637127.0,0.0027262813522355156,0.0070883315158123406,-0.012540894220283594,-0.0005449591280655142,-2.016085059978195,4.9287649883202675,-8.960935108276644,1.3617775354416608,-5.18947655398037,-1.9138495092693546,0,-5.090990364355029,-5.948717948717949,-14.73443785027525,18.28629278628803,-2.3607390309120575,3.5004104886130123,2.32611515455503,-0.691842558957275,0,0.05556414646800338,-46.0,-36.0,-10.0,-2.016085059978195,0.22651066773025264,5.537838812972325,0.362131686368518
1648526400,2022-03-29,38.0,38.79,37.83,38.12,1768521.0,-0.0031479538300104304,0.017576075550892023,-0.007607555089191975,0.03925845147219187,-5.561385099685197,1.491893304650091,-12.614663504020498,-2.5655823714585466,-8.462749213011548,-5.514165792235033,0,0.1018828709663282,3.222312483076084,-11.457863691046654,17.125884677337325,-5.719613746986923,3.5229645806292704,0.7810651552569041,0.7444125775196418,0,0.12896635591666777,-46.0,-32.0,-14.0,-5.561385099685197,-3.2205818536019564,1.4902724396289386,0.4503103289143928
1648612800,2022-03-30,37.68,38.11,37.39,37.68,1655401.0,0.0,0.011411889596602887,-0.007696390658174068,-0.011542497376705096,-4.584660297239921,2.129952772473871,-11.299273366953713,-1.6264154281670216,-7.33501415428168,-4.480714791224344,0,-1.372385952391511,-2.4592285788247548,-9.319951600795537,19.707176647604967,-4.0561119098984335,3.4479078093278748,-0.9987029461807744,-0.7011779341665393,0,0.09466574477375315,-42.0,-24.0,-18.0,-4.584660297239921,-1.8913697110085366,2.570485244439297,0.4636756127836139
1648699200,2022-03-31,37.31,37.64,36.99,37.0,2165760.0,0.008378378378378404,0.017297297297297343,-0.0002702702702702675,-0.018046709129511673,-2.9608108108108127,3.5512216551045697,-9.472843276726195,-0.024774774774797947,-5.654504504504516,-2.839639639639657,0,-3.5938085845118763,-2.528977871443627,-8.439512035364324,20.887394527681863,-1.715429485225215,3.3936740566045676,-2.466229341145077,-0.9162231580429021,0,0.1195093032700497,-46.0,-24.000000000000004,-21.999999999999996,-2.9608108108108127,-0.07988340219463907,4.280836415746236,0.4130756527147096
1648785600,2022-04-01,37.51,37.96,36.9,37.44,1947162.0,0.001869658119658224,0.013888888888889062,-0.014423076923076872,0.01189189189189177,-3.791399572649553,2.8053895537643427,-10.388188699063463,-1.1427172364672344,-6.359063390313381,-3.7508903133903004,0,-1.9765630957167772,6.605922551252849,-7.037265382432917,27.448185750922036,-2.3727783816250962,3.316462952584702,-4.059649071590929,0.8295178615355158,0,0.14780576812765686,-46.0,-20.0,-26.0,-3.791399572649553,-1.1347146313375447,2.935497539460769,0.39557035098400184
1649044800,2022-04-04,37.25,37.32,36.78,36.89,2066129.0,0.009758742206559923,0.011656275413391093,-0.0029818378964489023,-0.014690170940170888,-1.87178097045269,3.9760420763763022,-7.719604017281696,0.5778440408421375,-4.363874582090901,-1.8930152706243746,0,-3.8105268325068025,10.747523266286395,-6.633139268998706,20.499873629268535,-0.5238149692512053,3.253279727920895,-5.470091055432086,-0.8795140999060017,0,0.11676583577843445,-42.0,-12.0,-30.0,-1.87178097045269,0.30697362796954053,4.294881107050159,0.3356447247674281
1649131200,2022-04-05,36.19,36.39,35.17,35.27,2670961.0,0.026084491068896876,0.03175503260561374,-0.0028352707683584333,-0.043914339929520096,2.7658066345335897,8.530532680921652,-2.9989194118544873,5.49617238446271,0.14034590303373307,2.8182591437482216,0,-8.700545742163072,2.678311499272203,-8.510596835999143,12.392072691891386,3.8994460627480976,3.5079901152720314,-5.580496073828687,-1.1186076367248095,-1,-0.0035284274152266467,-46.0,-12.0,-34.0,2.7658066345335897,4.446191806850749,8.729003729167701,0.1832223588234524
1649217600,2022-04-06,35.12,35.68,34.83,35.4,2324756.0,-0.007909604519774072,0.00790960451977396,-0.01610169491525426,0.003685851998865841,2.3559322033898127,8.14562201851956,-3.433757611739921,4.990583804143128,-0.2947269303201523,2.347928436911502,0,-8.180252881270157,-0.6455234353073364,-9.804845789450498,4.718673596028168,3.3437427694445176,3.4169663998252213,-5.465038664750484,0.9745825257248668,0,-0.056276963822148925,26.0,64.0,-38.0,2.3559322033898127,3.675714979183354,8.003060881167329,0.09207837152985332
1649304000,2022-04-07,34.91,35.22,33.84,34.56,2289794.0,0.010127314814814659,0.0190972222222221,-0.02083333333333326,-0.023728813559321882,4.791666666666657,10.871152209179826,-1.2878188758464972,7.569444444444457,2.016782407407419,4.793113425925895,0,-10.558058458922872,-1.0309278350515447,-11.96769510162309,-7.2840628216697425,5.425132411492541,3.572437039516299,-4.768502296682438,-0.954215767394641,0,-0.18644111524373794,22.0,64.0,-42.0,4.791666666666657,5.605552655145928,10.211345658855791,-0.017992595900339525
1649390400,2022-04-08,34.4,35.48,34.16,34.63,2666953.0,-0.006641640196361598,0.024545192030031693,-0.01357204735778239,0.0020254629629630205,4.592838579266527,10.619495076387793,-1.4338179178547392,7.428530176147845,1.7253826162286998,4.576956396188251,0,-10.257519114333334,0.2605674580196972,-13.598855962354383,-5.524327240780657,4.750473968959696,3.5828235491808975,-4.386784397062701,1.1022067145897123,0,-0.21391186108909938,18.0,64.0,-46.0,4.592838579266527,4.878552996266691,9.596859343611584,-0.07604144296759696
1649649600,2022-04-11,34.36,35.72,34.34,35.05,6601210.0,-0.01968616262482159,0.019115549215406702,-0.02025677603423659,0.012128212532486193,3.413694721825948,9.15924404049872,-2.3318545968467816,6.232524964336662,0.5178316690442415,3.3751783166904517,0,-8.426197343055392,1.5059368664928932,-14.20213585032922,2.2551917582503123,2.7285576236462106,3.5682725363883194,-4.281166252860437,2.632957679940061,1,-0.1530096346636989,14.0,60.0,-46.0,3.413694721825948,3.2768718360893985,7.958727148552057,-0.07593132017657078
1649736000,2022-04-12,35.46,35.93,35.02,35.25,1785223.0,0.005957446808510625,0.019290780141844044,-0.006524822695035404,0.005706134094151327,2.9007092198581432,8.424540374796948,-2.6231219350806754,5.694089834515353,0.054373522458632806,2.874231678486993,0,-7.549495276356559,1.4972646127267584,-14.341345979108223,9.086073921093316,2.110001773386955,3.478993680253976,-4.405258121385227,0.7179204947156472,0,-0.14472609742123682,10.0,44.0,-34.0,2.9007092198581432,2.4346272195119525,7.058109270633153,-0.053240877825412536
1649822400,2022-04-13,35.23,35.58,34.87,35.05,1743776.0,0.005135520684736106,0.015121255349500817,-0.005135520684736106,-0.005673758865248346,3.3109843081312533,9.070265333553635,-2.4482967172911287,6.085116500237774,0.5986685687113749,3.3418925344745674,0,-8.209576794553314,-3.4169192615045523,-14.731488462340959,3.997175982655328,2.5105012812801704,3.393619021757458,-4.409261162079684,-0.7048726197044027,0,-0.2000767876984694,6.000000000000007,44.00000000000001,-38.0,3.3109843081312533,2.7315964679955727,7.368252209840918,-0.042992717906647826
1649908800,2022-04-14,35.08,35.61,34.94,35.2,2430152.0,-0.003409090909091028,0.011647727272727115,-0.007386363636363802,0.0042796005706136064,2.6903409090909065,8.546669490421777,-3.1659876722399787,5.448863636363626,0.11363636363637397,2.781249999999986,0,-7.503669078564258,-3.482314230874681,-14.77346910786392,5.627571414749326,1.875465865629451,3.2737469709086557,-4.448473176692907,0.9803044150996325,0,-0.23871131216630795,2.0,44.0,-42.0,2.6903409090909065,2.0753607519773425,6.639708532637741,-0.018646193609838213
1650254400,2022-04-18,35.06,35.59,34.94,35.47,1317117.0,-0.011559063997744423,0.003383140682266861,-0.014942204680011284,0.007670454545454453,1.731040315759813,7.548129669964382,-4.08604903844477,4.425335964664967,-0.74241142749743,1.841462268583797,0,-6.212057676508678,-3.43043833378709,-14.281095385676165,5.1307361039870685,0.9374914692888154,3.147663244367074,-4.484884333119471,0.5328923572141228,0,-0.22974860670324215,-2.0,44.0,-46.0,1.731040315759813,1.174703332020968,5.599412525964283,0.020961245419154007
1650340800,2022-04-19,35.63,36.61,35.63,36.55,1699397.0,-0.025170998632010777,0.0016415868673052003,-0.025170998632010777,0.030448266140400193,-1.2681258549931584,4.382904970080531,-6.919156680066834,1.3164614683082618,-3.7067943456452213,-1.195166438668494,0,-1.3551821433472,0.13698630136985523,-11.733892212945474,4.904152288107376,-2.335314425379906,3.0592515118430756,-5.717654216156877,0.6899760817343032,0,-0.16454420618296517,-6.0,-28.0,22.0,-1.2681258549931584,-1.6420196514248033,2.381881898286892,0.11970217552111184
1650427200,2022-04-20,36.91,37.41,36.67,36.86,1488133.0,0.0013564839934887551,0.014921323928377639,-0.005154639175257714,0.008481532147742943,-2.0591427021161053,3.591492252896387,-7.709777657128612,0.48923856031832713,-4.464640983903067,-1.9877012117923414,0,-0.04860868195149948,0.792999726551816,-9.030262752978741,9.898117416467898,-3.275254234943418,2.9834961550504557,-6.548483695177236,0.6048170510650819,0,-0.1774852014521574,-10.0,-28.0,18.0,-2.0591427021161053,-2.234065249375945,1.461189336299995,0.20091824289303828
1650513600,2022-04-21,37.54,38.03,36.67,36.85,1789835.0,0.018724559023066467,0.03202170963364992,-0.004884667571234735,-0.00027129679869775103,-1.860244233378566,3.819078372136147,-7.5395668388933075,0.7530529172320257,-4.286295793758484,-1.7666214382632432,0,-0.09172451914303537,3.5694210230466643,-6.8055617214809505,16.307570658298204,-3.301356006512762,3.0347580685735163,-6.785539302778442,-0.7273662244308524,0,-0.1556591226173197,-14.0,-28.0,14.0,-1.860244233378566,-1.997293088774228,1.4303416116555638,0.24601299962518475
1650600000,2022-04-22,35.99,36.55,35.68,36.01,2016525.0,-0.0005554012774228179,0.014995834490419302,-0.009164121077478438,-0.02279511533242884,0.3415717856150877,6.12383258565994,-5.440689014429736,3.018605942793684,-2.057761732851972,0.4804221049708559,0,-3.630684107132474,-1.719432314410487,-6.41157900680225,10.081966878296562,-1.2655607178986372,3.115802857837393,-8.011291580654298,-0.8189565296765332,0,-0.1712471415794392,-18.0,-28.0,10.0,0.3415717856150877,0.2612967877900729,3.6475142150524107,0.21257430261281773
1650859200,2022-04-25,35.76,35.97,34.92,35.88,1438163.0,-0.0033444816053512794,0.0025083612040133207,-0.026755852842809347,-0.0036101083032489267,0.5908584169453661,6.354973253968993,-5.1732564200782605,3.3249721293199457,-1.8979933110367995,0.7134894091415731,0,-4.160208696921224,-2.2343324250681205,-6.316978750590023,11.408231703074058,-1.160841346035724,3.1207214362148004,-8.637330741176562,-0.5854007918443422,0,-0.09969371998662542,-21.999999999999996,-28.000000000000004,6.000000000000007,0.5908584169453661,0.56508022673205,3.8652820716756224,0.1764913114669549
1650945600,2022-04-26,35.47,35.71,34.17,34.17,1843495.0,0.03804506877377811,0.04506877377816787,0.0,-0.047658862876254204,5.257535850160949,11.725112128439633,-1.2100404281177362,8.333333333333329,2.6090137547556367,5.4711735440444755,0,-10.418762186064022,-6.842966194111227,-9.258871956131355,13.12831380058114,3.6151261545111595,3.4002870243489096,-8.635873826741634,-0.7546369321143148,0,-0.08992387812638483,-26.0,-76.0,50.0,5.257535850160949,5.064629920659698,8.70768976103011,0.03940828977562849
1651032000,2022-04-27,34.34,35.52,34.05,34.92,1473534.0,-0.016609392898052633,0.01718213058419238,-0.02491408934707917,0.02194907813871816,2.5386597938144178,8.318127235672307,-3.2408076480434573,5.590397098129046,-0.15702558228332464,2.7166857579228747,0,-6.836167559142879,-8.394543546694639,-10.031177440217753,19.66445841644473,1.3325333592494957,3.3902828896375996,-8.544411131727053,0.6102586034476037,0,-0.10951129973532002,-30.0,-76.0,46.0,2.5386597938144178,2.5406503073554347,6.122984860401132,0.0031081576777405306
1651118400,2022-04-28,35.47,35.95,34.72,35.75,1735132.0,-0.007832167832167891,0.005594405594405716,-0.028811188811188826,0.023768613974799457,-0.11188811188812053,4.995960444613942,-5.219736668390169,2.8951048951049216,-2.8615384615384727,0.016783216783196053,0,-3.163887450075002,-5.12208067940552,-8.937533374044007,26.59333308888418,-0.8255523405458547,3.3207848563034674,-8.921804627361812,0.7308335107137013,0,-0.07585798592475874,-34.0,-76.0,42.0,-0.11188811188812053,0.14474947176050534,3.5156544274976795,0.0369780301810439
1651204800,2022-04-29,35.72,36.18,34.9,35.03,2292466.0,0.01969740222666272,0.032829003711104754,-0.003711104767342377,-0.020139860139860133,1.6600057093919531,6.649873006493621,-3.3298615877097433,4.8372823294319005,-1.217527833285743,1.809877248073093,0,-5.773206964012218,-5.324324324324321,-9.294097428597945,18.635318452659305,1.3733857222450183,3.407966155472934,-9.516170465717906,-0.9714082905319054,0,-0.1125293180312149,-38.0,-76.0,38.0,1.6600057093919531,1.9932861339169392,5.421989915293366,0.014051928137488567
1651464000,2022-05-02,34.83,35.55,34.41,35.5,2123886.0,-0.018873239436619782,0.0014084507042253502,-0.030704225352112813,0.013417071081929688,0.04084507042252028,4.360450179226035,-4.278760038380966,3.1394366197183103,-2.8577464788732385,0.1408450704225288,1,-3.716849049043219,-5.181623931623926,-8.631889125467895,4.826539843731545,0.29664570610945873,3.352019532275291,-9.634294818221305,0.8992126716467489,0,-0.06318194679654268,-42.0,-76.0,34.0,0.04084507042252028,0.581718916366313,3.8683695277015318,0.03264002647793923
1651550400,2022-05-03,35.5,36.67,35.22,36.28,2935220.0,-0.02149944873208387,0.010749724366041935,-0.029217199558985718,0.021971830985915597,-2.194046306504987,1.7874821634597708,-6.17557477646973,0.9178610804851104,-5.201212789415678,-2.1416758544652765,1,-0.46636349086451645,-1.653564651667117,-6.574425869232482,6.877595050205564,-1.6825970138709465,3.331148633928664,-10.585799921583732,1.2330017405151066,0,0.02462716705591047,-46.0,-76.0,30.0,-2.194046306504987,-1.4301866316361327,1.5711291228553534,0.0959830850857234
1651636800,2022-05-04,35.57,37.27,34.89,37.07,3314404.0,-0.0404639870515241,0.005395198273536739,-0.058807661181548454,0.021775082690187464,-4.035608308605347,0.2705035484687386,-8.341720165679419,-0.9684380900998235,-7.2700296735905,-4.119233881845176,1,2.5920603852547472,5.103487383045072,-3.4564071197732464,15.583135946493499,-3.4557390817916485,3.485881809908118,-10.948314308768007,1.3841718007376012,1,0.15289293778827778,-46.0,-72.0,26.0,-4.035608308605347,-3.1945434620722892,-0.570183772998405,0.18447654971162963
1651723200,2022-05-05,36.27,37.07,35.79,36.24,3220459.0,0.0008278145695364003,0.02290286975717426,-0.012417218543046449,-0.02239007283517669,-1.7218543046357695,2.747744761249592,-6.191453370521145,1.5057027225901436,-5.058866813833703,-1.7765820456217938,1,-0.7114031308590612,2.372881355932213,-2.465696386917987,5.2623050696604565,-0.9396637433251982,3.5633106729202564,-11.284934811153404,-1.336991357259001,0,0.134319088433377,-42.0,-64.0,22.0,-1.7218543046357695,-0.8843330135621841,1.6401014420272872,0.18028975318397078
1651809600,2022-05-06,36.4,36.49,35.35,36.11,2186522.0,0.008031016338964303,0.010523400720022336,-0.021046801440044227,-0.003587196467991216,-1.1534201052340052,3.159473693939958,-5.466313904407954,2.0377550078463997,-4.483984122588396,-1.223114557370991,1,-1.216602762217093,4.484953703703695,-1.9162672095186677,-0.7921778045446501,-0.4959904336156171,3.5462019310562787,-12.062676829110817,-0.9154566515602975,0,0.12691872195933843,-46.0,-64.0,18.0,-1.1534201052340052,-0.4772670013825149,1.92734973023299,0.16249369112861728
1652068800,2022-05-09,35.49,36.45,34.92,35.02,2529496.0,0.013420902341519048,0.04083380925185609,-0.002855511136493516,-0.030185544170589718,1.9788692175899456,6.298573360394187,-2.3408349252142955,5.344565010470205,-1.4401294498381958,1.9522177803160048,1,-5.263636192566516,1.1261911637308708,-3.3737471664913365,-7.7129231975875285,2.436851893012971,3.7074601707101023,-12.755430823997667,-1.0572341718920952,0,0.0020142601991059777,38.0,24.0,14.0,1.9788692175899456,2.3708246757247196,4.8998518153082955,0.07546519081920475
1652155200,2022-05-10,35.56,35.87,33.76,34.53,2227771.0,0.029829134086301723,0.03880683463654777,-0.022299449753837353,-0.013992004568817884,3.350709527946691,7.909292725767898,-1.2078736698745018,6.899314605656912,-0.19306882903755707,3.35312288830967,1,-6.95348827734054,-1.483594864479304,-5.345254215810636,-13.508296418092165,3.4982085129604314,3.927968055350381,-12.38756344575105,-0.9357723894355491,0,0.005890387455867746,34.0,24.0,10.0,3.350709527946691,3.4593787634406397,6.137912311563554,-0.01227608488296461
1652241600,2022-05-11,34.8,35.53,34.25,34.28,2292681.0,0.015169194865810809,0.03646441073512241,-0.0008751458576429227,-0.007240081088908168,3.9629521586931133,8.866937736195311,-0.9410334188090843,7.6288409179307735,0.37679891092960816,4.002819914430162,1,-7.809390459199022,-2.751773049645387,-7.321113846332084,-19.842686340166694,3.792122161081622,3.940710077442558,-12.045972308807764,-0.9840296674591675,0,-0.0216823337495139,30.0,23.999999999999993,6.000000000000007,3.9629521586931133,3.81257240836041,6.640906201407205,-0.08052035273779123
1652328000,2022-05-12,34.06,34.91,33.95,34.88,7943233.0,-0.02350917431192656,0.0008600917431191846,-0.026662844036697275,0.0175029171528589,2.1502293577981675,7.0085085765604305,-2.7080498609640955,5.729166666666657,-1.4698012232415891,2.129682721712527,1,-5.044440550156885,-0.4850213980028377,-7.754458301722772,-24.430468213330244,1.3233983663022428,3.792877700916409,-11.480753401387355,3.257857541017635,1,0.1929820084929773,26.0,24.0,2.0,2.1502293577981675,1.8337765686616763,4.617997259302314,-0.07853826008794607
1652414400,2022-05-13,35.49,36.67,35.37,36.52,2270494.0,-0.028203723986856555,0.0041073384446879135,-0.03148959474260693,0.04701834862385312,-2.256297918948519,2.467102401544537,-6.979698239441561,1.1956918583424567,-5.852500912741888,-2.328404527199723,1,1.6140682564006283,3.7500000000000004,-5.01358519077681,-18.964682214689233,-3.1153430712604404,3.7138993598488814,-12.125222088797335,0.9354956705080034,0,0.20325292705544173,22.0,24.0,-2.0,-2.256297918948519,-2.4783805252393165,-0.07693260968002846,0.03390582519534158
1652673600,2022-05-16,36.34,36.36,35.23,35.62,2075314.0,0.020213363279056873,0.020774845592363977,-0.010948905109489093,-0.02464403066812726,0.23441886580575044,5.069602379978178,-4.6007646483666775,3.8765674714579887,-3.4844656559984912,0.19605090772974165,1,-1.757038692747912,0.422892585283334,-4.3789044931699,-19.196595179008142,-0.5202606472592493,3.794439039227272,-12.855465556586566,-0.874922263852009,0,0.23312248836693822,18.0,24.0,-6.0,0.23441886580575044,-0.012965801520053333,2.35180204645431,0.047516698370334176
1652760000,2022-05-17,36.18,37.53,36.18,37.53,1839975.0,-0.03597122302158273,0.0,-0.03597122302158273,0.053621560920831035,-4.73621103117506,0.2348395431447159,-9.707261605494807,-1.2518873789856997,-8.336886046718178,-4.794386712851946,1,4.833065848126495,2.6812585499316115,-0.6006556262765161,-18.352344047504786,-5.315248148999316,3.7076109426831505,-12.579974330255704,0.7903299921678952,0,0.2711838483830316,50.0,60.0,-10.0,-4.73621103117506,-4.615704255836903,-2.7451041750440623,0.1776866596110241
1652846400,2022-05-18,36.96,37.37,36.29,36.47,2684514.0,0.01343570057581589,0.024677817384151313,-0.004935563476830218,-0.028244071409539107,-2.0208390457910497,2.987853563599785,-7.02953165518187,1.6278219541175218,-5.756329403162397,-2.0642537245224304,1,1.0368114298848568,-1.0580575149213254,0.5064904948452896,-23.502743421390022,-2.339332928185783,3.7857070445878853,-12.32416104866276,-1.129366606214211,0,0.1906059376296085,46.0,60.0,-14.0,-2.0208390457910497,-1.667802934844829,0.0784075954016572,0.18414642928458214
1652932800,2022-05-19,36.05,37.63,35.94,36.96,2640856.0,-0.024621212121212266,0.018127705627705604,-0.02759740259740273,0.01343570057581589,-3.304924242424235,1.6753206404760164,-8.285169125324487,0.27913059163057596,-7.096410533910529,-3.4086399711399764,1,2.6325416603990135,0.2985074626865656,2.0999870551265167,-17.038102444968487,-3.3785327013124373,3.795302966352742,-12.462936674216559,1.1144221508193568,0,0.2478812635463997,42.0,60.0,-18.0,-3.304924242424235,-2.6884542976216608,-1.1994330249922314,0.21122608770402912
1653019200,2022-05-20,37.65,37.69,35.32,36.28,2259738.0,0.03776185226019835,0.038864388092612945,-0.026460859977949336,-0.018398268398268414,-1.455347298787217,3.650465071949256,-6.561159669523718,2.41363469312752,-5.513597941933128,-1.5499816244027897,1,0.24068809939380742,0.7497917245209752,2.242516283422635,-17.212692896580165,-1.3759875516916225,4.056873462894089,-13.222450651222397,-0.9593285986138318,0,0.18849780608583272,38.0,60.0,-21.999999999999996,-1.455347298787217,-0.7821968629729668,0.626812598319205,0.1746622388272288
1653278400,2022-05-23,36.73,36.83,36.01,36.33,1875498.0,0.011010184420588986,0.0137627305257364,-0.00880814753647119,0.001378169790518191,-1.5290393614092892,3.6152469209673512,-6.673325643785915,2.3511331314799406,-5.501880906505178,-1.5753738875126118,1,0.41509642124998436,1.254180602006677,2.428200046638171,-23.850816695693865,-1.4884470603231534,3.9231327907659317,-13.927713629870675,0.8026857281084193,0,0.14865595062700418,34.0,60.0,-26.0,-1.5290393614092892,-0.8312478754073283,0.4691727208022485,0.146313413947852
1653364800,2022-05-24,35.82,36.01,35.17,35.62,2415660.0,0.005614823133071489,0.010948905109489093,-0.012633352049410296,-0.01954307734654559,0.6372824256036154,5.468742301516684,-4.194177450309468,4.421673217293659,-3.3913531723750623,0.5151600224592983,1,-2.094714524118629,4.243488440152167,1.4591980661334134,-31.97362471093004,0.2916035428696091,3.948135850146069,-14.044185644774052,-1.0297208962155013,0,0.08492559138226607,30.0,60.0,-30.0,0.6372824256036154,1.0363553501812675,2.374853960867185,0.07576479683501193
1653451200,2022-05-25,35.57,36.84,35.47,36.6,1905994.0,-0.02814207650273226,0.006557377049180468,-0.030874316939890734,0.027512633352049454,-1.8278688524590194,2.804899211940139,-6.460636916858192,1.813296903460838,-5.763205828779618,-1.9749544626593831,1,1.41918489156906,4.810996563573882,2.1709066559201533,-26.104304777088885,-2.4648240577715654,3.835331355910692,-14.673116590409247,0.8122362333366187,0,0.14699950469192152,26.0,60.0,-34.0,-1.8278688524590194,-1.5100382853295855,-0.35196474540964573,0.09014361113541601
1653537600,2022-05-26,37.16,37.79,37.16,37.46,1742251.0,-0.008008542445275046,0.008809396689802407,-0.008008542445275046,0.023497267759562845,-3.853443673251462,1.000971468788947,-8.707858815291885,-0.33769353977575634,-7.580085424452747,-3.958889482114273,1,4.268619811651384,4.783216783216786,4.001115161878812,-20.887324935888373,-4.524856855277989,3.706526312146875,-14.449968315142916,0.7440010278204425,0,0.12666090233748534,22.0,60.0,-38.0,-3.853443673251462,-3.41199580964863,-2.536150233146799,0.14913595774030924
1653624000,2022-05-27,37.77,38.09,37.59,37.79,1649815.0,-0.000529240539825282,0.00793860809738045,-0.005292405398253375,0.008809396689802407,-4.327864514421805,0.7381169124684277,-9.393845941312051,-0.9865925729910856,-7.959336685190095,-4.4729646290905976,1,5.326974396718171,7.878960890665137,5.9206857693683475,-15.414298185752983,-5.0513825924291496,3.530798365949581,-14.009136939182358,0.708804317877381,0,0.18193983558876756,50.0,92.0,-42.0,-4.327864514421805,-3.8501668337041934,-3.2544169268507943,0.19883545295849933
1653969600,2022-05-31,37.92,38.81,37.45,38.51,3760303.0,-0.015320695923136785,0.007790184367696851,-0.027525318099194895,0.019052659433712593,-5.725785510257069,-0.15735649298991916,-11.294214527524232,-2.406301393577408,-9.305808015234135,-5.856054704405764,1,7.581559020719695,8.478873239436615,8.468757221823083,-6.474746350838082,-6.0258328577444615,3.4695539437623824,-13.070487552418303,1.6274683405226291,1,0.2468373335037133,50.0,96.0,-46.0,-5.725785510257069,-5.109938405940255,-4.864657699104839,0.26454074196740957
1654056000,2022-06-01,38.58,38.83,37.83,38.32,2155130.0,0.006784968684759862,0.01330897703549061,-0.012787056367432159,-0.004933783432874539,-4.992171189979118,1.0544346117439716,-11.038776991702207,-1.684933890048697,-8.501217814892144,-5.0930758524704345,0,6.785480370590122,5.62293274531422,10.188426628841162,-0.47751398383223886,-4.995361150248769,3.424103025025651,-12.18449784435541,-0.9289029453334757,0,0.3053041073345494,46.0,52.0,-6.0,-4.992171189979118,-4.197597713791666,-4.220680559802815,0.2781567566817906
1654142400,2022-06-02,38.3,38.65,38.12,38.42,1516135.0,-0.003123373243102634,0.00598646538261316,-0.007808433107756474,0.0026096033402922547,-5.0637688703800166,1.3504886144112902,-11.478026355171338,-1.9230435537046588,-8.240065937879592,-5.081554745792133,0,7.113962143442379,3.6417588346371765,11.723339943321788,14.051234689607199,-3.7615926695452515,3.2697835259663464,-11.361793115439868,0.6547713822252447,0,0.1336889895682975,42.0,52.0,-10.0,-5.0637688703800166,-4.0234339052792905,-4.294682851828881,0.27628359640788913
1654228800,2022-06-03,37.95,38.06,37.36,37.54,1324864.0,0.010921683537560067,0.013851891315929787,-0.004794885455514097,-0.022904737116085427,-2.6651571656899335,4.006232971587437,-9.336547302967304,0.4701651571656953,-5.840436867341495,-2.6851358550878928,0,3.3570384891553715,3.587196467991162,11.42596861683644,8.49291127411118,-1.2656576930036039,3.309091407030885,-11.52808273791461,-0.578725026915005,0,0.05784581682327841,38.0,52.0,-14.0,-2.6651571656899335,-1.6046709315470196,-1.970752265920808,0.20162929873938218
1654488000,2022-06-06,38.04,38.49,37.89,38.28,1726681.0,-0.006269592476489061,0.005485893416927956,-0.010188087774294696,0.019712306872669227,-4.2633228840125525,2.545846944953496,-11.072492712978615,-1.2504353883664265,-7.2979797979798064,-4.2742075931731165,0,5.923432252448379,6.009415674328446,12.22437998708995,14.938157064067681,-2.753562133470595,3.1905933506105635,-11.30243902939443,0.7531257636511903,0,0.09788212754319321,34.0,52.0,-18.0,-4.2633228840125525,-3.172796423141804,-3.7141803240675983,0.1881957572284122
1654574400,2022-06-07,38.02,38.14,37.52,38.04,1795167.0,-0.000525762355415238,0.002628811777076745,-0.013669821240799074,-0.006269592476489061,-3.2623554153522605,3.470870639735196,-9.995581470439703,-0.4267437784787944,-6.273221170697511,-3.3499824745881597,0,4.89232296091582,8.623643632210154,12.437292222126894,8.734993869026923,-2.008048657242739,3.124092825217516,-11.531653861268612,-0.7787549691549319,0,0.07684805583282188,30.0,52.0,-21.999999999999996,-3.2623554153522605,-2.317908835911453,-2.984867485959086,0.1508681613376029
1654660800,2022-06-08,37.94,38.37,37.77,37.91,1354399.0,0.0007913479293062409,0.012134001582695841,-0.003692957003428976,-0.0034174553101998795,-2.4848324980216177,3.7925870133508397,-8.76225200939406,0.15035610656819642,-5.31785808493801,-2.5837509891848924,0,4.321253194591961,9.788589632203868,12.372135399391428,16.26527068864877,-1.4353863537050415,3.0239408824029956,-11.526757208252068,-0.5889917687643744,0,0.11843564558263162,26.0,52.0,-26.0,-2.4848324980216177,-1.7940884931019099,-2.54817839937121,0.1071970932865533
1654747200,2022-06-09,37.7,38.03,37.4,37.41,1731517.0,0.00775193798449636,0.016573108794440072,-0.0002673082063618937,-0.0131891321551042,-0.7631649291633238,4.688440946389605,-6.214770804716252,1.793192551011316,-3.574356232736349,-0.8905818408624953,0,2.1257555856011265,9.130688448074666,11.381228980308702,8.806333546339168,0.059605726956718286,2.9657631364315664,-11.9740222676069,-0.7532326850340882,0,0.040687470910787664,22.0,52.0,-30.0,-0.7631649291633238,-0.43566655299241575,-1.1968440402786058,0.03798250985732521
1654833600,2022-06-10,36.7,36.99,35.82,35.82,1842803.0,0.024567280848687867,0.03266331658291466,0.0,-0.042502004811547645,3.7730318257956412,8.983410616309627,-1.43734696471833,6.5684906011539255,0.9040573236552802,3.73627396240461,0,-4.085968167035112,2.69495412844036,7.629895441569023,9.72058622007691,4.502412382529883,3.193227219711181,-11.85770092073282,-0.8003386502318455,0,-0.01143834939066103,18.0,52.0,-34.0,3.7730318257956412,3.6044409491884437,3.0638361514575507,-0.11326173470008355
1655092800,2022-06-13,34.87,35.13,33.54,33.69,2231925.0,0.03502523003858715,0.042742653606411496,-0.0044523597506678225,-0.05946398659966501,9.913921044820412,17.026854319534166,2.8009877701066443,13.042445829623063,6.933808251706736,9.988127040664892,0,-10.691465178390288,-7.749178532311077,1.0060730518886556,9.253677649166569,10.51494164258952,3.6360051459328933,-10.282540154974097,-0.9687795271742153,0,-0.06281586739541259,14.0,-36.0,50.0,9.913921044820412,9.187565083886213,9.204211371452104,-0.34219550051270325
1655179200,2022-06-14,33.86,34.21,33.25,33.49,2285720.0,0.011048074051955625,0.021498954911914003,-0.0071663183039714085,-0.00593647966755706,10.252314123618973,18.594769038362216,1.9098592088757442,13.380611127699808,7.286254603364185,10.33343286553199,0,-11.242579530269545,-5.979786636720931,-4.37389310347902,9.790871363331128,10.705860368736396,3.6012054211581908,-8.672161635544576,-0.9892221645869856,0,-0.11179577098561144,10.0,-40.0,50.0,10.252314123618973,8.902518571067986,9.469847115092492,-0.48387444292015525
1655265600,2022-06-15,33.91,34.53,33.47,34.17,2183499.0,-0.007609013754755756,0.010535557506584636,-0.02048580626280372,0.020304568527918843,7.566578870354107,16.412150675120472,-1.2789929344122868,10.639449809774646,4.75124378109453,7.695346795434602,0,-8.316400548134105,-8.952837729816144,-7.413411916232487,9.997248623801845,7.953918562954755,3.499010837011668,-7.535053848583477,0.9440235418091638,0,-0.13036006082496282,6.000000000000007,-39.99999999999999,46.0,7.566578870354107,6.093846721513273,7.005407687248848,-0.5061743162570347
1655352000,2022-06-16,33.09,33.27,31.2,31.47,3179546.0,0.051477597712106915,0.057197330791229906,-0.008579599618684486,-0.07901668129938555,16.000953288846517,28.08292533195535,3.918981245737683,19.53765490943755,12.829679059421679,16.183666984429635,0,-15.254988766160722,-13.709898546750754,-13.542240145663028,1.6478949530051992,15.378299087237252,4.2019510733781695,-5.42308934175627,-1.368640036400348,-1,-0.2027313085309075,2.0,-48.0,50.0,16.000953288846517,13.74900980072941,15.551296443541872,-0.667030735696679
1655438400,2022-06-17,31.58,32.5,31.12,32.16,5034973.0,-0.018034825870646753,0.010572139303482775,-0.03233830845771135,0.02192564346997128,12.765858208955237,25.944091256811987,-0.4123748389014992,16.160344112769522,9.692682421227204,12.926513266998342,0,-12.458215908121048,-12.987012987012998,-16.908436126439636,-8.266008617379939,10.524939977878716,4.124600665488946,-3.430901906626623,2.117895740384483,1,-0.09158820580430055,-2.0,-48.0,46.0,12.765858208955237,10.231499393138705,12.559485449489614,-0.688437176322533
1655784000,2022-06-21,33.23,33.91,32.66,33.81,2394727.0,-0.01715468796214159,0.0029577048210587265,-0.03401360544217702,0.05130597014925398,6.897367642709227,19.825787393417187,-6.031052107998718,9.886621315192713,4.065858227348912,6.976239771270826,0,-6.376162423678743,-6.808158765159865,-16.631070714471985,-11.710364295339623,3.670371928141833,4.012787945721084,-3.0017786698026825,1.0064222438502293,0,-0.09857345043531057,-6.0,-48.0,42.0,6.897367642709227,4.389875338633914,6.78923137412859,-0.5584828659865501
1655870400,2022-06-22,33.34,34.47,33.27,33.76,2405176.0,-0.012440758293838727,0.021030805687203724,-0.014514218009478497,-0.0014788524105295853,6.675059241706165,19.977484256869204,-6.627365773456873,9.726994470774102,3.7850513428119967,6.756022906793049,0,-6.511245234093728,-7.074043490228463,-16.481818986710305,-11.78049798778602,2.869749874050214,3.985571863961552,-3.1003483778482135,-1.0130426200532348,0,-0.11060934064101578,-10.0,-48.0,38.0,6.675059241706165,4.111673463643982,6.674944083498914,-0.44768812204881836
1655956800,2022-06-23,33.6,34.03,32.77,33.26,2468895.0,0.010222489476849228,0.02315093205051122,-0.014732411304870574,-0.014810426540284416,7.923932651834036,21.896721812432602,-6.048856508764516,11.101924233313284,4.944377630787741,8.023150932050527,0,-7.884020728426023,-6.625491297024142,-16.951637483201353,-17.90575539583523,3.5735823200216714,4.027119190051211,-2.9093190968467404,-1.0773843702486867,0,-0.13074405896945243,-14.0,-48.0,34.0,7.923932651834036,5.1361449854248065,7.95394544508936,-0.38240784363368463
1656043200,2022-06-24,33.4,34.36,33.29,34.09,2649971.0,-0.02024053974772677,0.007920211205632022,-0.02346729246113244,0.024954900781720024,4.928131416837772,18.71440427798163,-8.858141444306113,8.002346729246085,2.0827222059254638,5.042534467585796,0,-4.8581644230232826,-6.857923497267754,-15.968467097006922,-11.153802055060176,0.5526531753588415,3.8789041516036176,-3.0363225472025057,1.1477406365709493,0,-0.06677056456972735,-18.0,-48.0,30.0,4.928131416837772,2.330994233875799,5.116711271593587,-0.26332817280517573
1656302400,2022-06-27,34.26,34.61,33.79,34.14,2284850.0,0.0035149384885764245,0.013766842413591052,-0.010251903925014738,0.0014667057788206872,4.288224956063274,18.007463596340784,-9.43101368421425,7.390158172231963,1.4235500878734513,4.4068541300527215,0,-4.676921120283197,-8.862786972770955,-15.11295580302361,-10.511936056004295,-0.20311811085595366,3.7681269413050784,-3.3875824341998175,0.984984904514123,0,-0.09085528776785105,-21.999999999999996,-48.0,26.0,4.288224956063274,1.9733984367223059,4.768143673215633,-0.1659480378001843
1656388800,2022-06-28,34.47,35.0,34.15,34.43,2931957.0,0.0011617775196048896,0.01655532965437123,-0.008132442637235004,0.008494434680726304,2.921870461806563,16.277429053797874,-10.433688130184734,6.057701616807037,0.03969406525317254,3.0486978410300765,0,-3.595845165683329,-8.891241069065888,-13.956238746895922,-3.083242519063134,-1.5034677949974053,3.6479193790507027,-4.078464845979585,1.2585038679730758,0,-0.1512645149476716,-26.0,-48.0,22.0,2.921870461806563,1.008346306466251,3.7333133013135438,-0.0715791105872936
1656475200,2022-06-29,34.28,34.31,33.18,33.55,2157371.0,0.021758569299553,0.02265275707898673,-0.011028315946348677,-0.025559105431310014,4.882265275707923,18.118400490308574,-8.353869938892743,8.123199205166443,2.01589667163438,5.0695479384004045,0,-6.352441541420568,-12.879771487925218,-14.099352077462823,-8.170294949120908,0.5752527140900838,3.7423296463046714,-4.061930416952531,-0.9193911464007957,0,-0.1484914627759101,-30.0,-48.0,18.0,4.882265275707923,3.3093888344347846,6.2010817166342775,-0.05854804857813156
1656561600,2022-06-30,32.67,32.86,31.49,31.87,3677946.0,0.025101976780671498,0.031063696266080854,-0.011923438970819045,-0.05007451564828602,9.399121430812698,23.270639302776758,-4.472396441151375,12.899801276017158,6.3544608304570716,9.627131053237122,0,-11.00726310209626,-16.831941544885176,-16.24366535053136,-9.923988610536348,4.808951526049057,4.119900208964503,-3.1224383907273996,-1.5414097253015828,0,-0.13979927416735713,-34.0,-48.0,14.0,9.399121430812698,7.9214217169609356,11.3366607529737,-0.1481017827140475
1656648000,2022-07-01,31.83,32.66,31.64,32.54,2013000.0,-0.021819299323909025,0.003687768899815591,-0.027658266748617044,0.021022905553812254,6.243085433312842,19.19151189673201,-6.705341030106311,9.710612579389448,3.1494570784675204,6.430034828928498,0,-8.393020208790105,-15.304528891202503,-16.8287860323591,-4.705100896961305,2.0481922678943647,3.9707521634385867,-2.250052937804064,0.8399435177415348,0,-0.049931483678150854,-38.0,-48.0,10.0,6.243085433312842,5.156523095781566,8.689558270163019,-0.14695006105979802
1656993600,2022-07-05,31.64,32.23,31.02,32.21,1988916.0,-0.017696367587705653,0.0006209251785158632,-0.03694504812170141,-0.010141364474492875,6.504191244954981,19.237601544336243,-6.229219054426281,10.00827900238022,3.2215668012004244,6.614922901790337,0,-9.297300650570826,-14.198188598827914,-17.67681725871306,-4.237260528139757,2.698251587190285,4.061976272182088,-1.132751636742622,-0.82851776444186,0,0.04890498123453415,-42.0,-48.00000000000001,6.000000000000007,6.504191244954981,5.640176770298936,9.41867589498095,-0.1524890270287702
1657080000,2022-07-06,32.0,32.33,30.95,31.35,2242658.0,0.020733652312599604,0.03125996810207332,-0.012759170653907526,-0.026699782676187556,8.32057416267942,20.64480819788845,-4.00365987252961,12.08559276980327,4.863902179691664,8.474747474747502,0,-11.587485758068794,-18.103448275862068,-19.346812693864063,-4.009325100888248,5.112745853047613,4.189727328436558,-0.2060542174593607,-0.932461683410295,0,0.05428601786288218,-46.0,-96.0,50.0,8.32057416267942,7.724966631207167,11.933203226249802,-0.1954070331164236
1657166400,2022-07-07,32.03,33.29,32.0,33.1,2159015.0,-0.03232628398791537,0.005740181268882205,-0.0332326283987916,0.05582137161084533,1.8474320241691942,12.092381109180323,-8.397517060841949,5.489929506545806,-1.5523665659617336,1.9687814702920292,0,-4.963250129288625,-12.986330178759195,-17.751003159506954,-4.164643008611591,-0.6653906400984795,4.103416859525938,-0.3605605644512764,0.8923352546471538,0,0.07620699470286496,-42.0,-88.0,46.0,1.8474320241691942,1.8362485597447176,5.779391111903081,-0.09249418988100533
1657252800,2022-07-08,33.38,33.57,32.79,32.9,1531161.0,0.01458966565349562,0.020364741641337503,-0.003343465045592686,-0.006042296072507614,1.705167173252292,10.223745753155782,-6.813411406651227,5.4093211752786345,-1.730496453900713,1.8394123606889394,0,-5.538551287692833,-13.215510419414397,-16.734482171319684,2.084562952544772,0.20720061674566637,4.002823001854129,-0.7807160963444062,-0.6344771113265022,0,0.11450412927149645,-46.0,-88.0,42.0,1.705167173252292,2.2214744814349956,6.170567044755714,-0.027805888276802082
1657512000,2022-07-11,32.65,33.07,32.34,32.41,1497696.0,0.007405121875964316,0.020364085158901757,-0.002159827213822685,-0.014893617021276673,2.4714594261030527,9.165314033621286,-4.22239518141518,6.246014604545948,-1.0326031060372287,2.6067057492543455,0,-6.956556078313909,-13.365410318096767,-16.496863426758065,7.517132559243024,2.169988940245318,3.93398730086175,-0.8700498085742474,-0.6204857541857317,0,0.010829454916051232,-42.0,-80.0,38.0,2.4714594261030527,3.408183391876449,7.470806718363804,-0.008910803760221464
1657598400,2022-07-12,32.2,33.53,32.16,32.96,2420519.0,-0.0230582524271844,0.017293689320388328,-0.024271844660194275,0.016970070965751427,0.32766990291261777,5.819144585016829,-5.163804779191594,3.998786407767014,-3.21905339805825,0.3898665048543535,1,-4.88824234029871,-7.984366275823561,-15.410857289820717,7.496025489407451,0.33533558597173396,3.888927855131938,-1.427169717009189,0.9971425468120044,0,-0.038678053923811795,-46.0,-80.0,34.0,0.32766990291261777,1.5223723573791972,5.454807634545929,0.04668214778946678
1657684800,2022-07-13,32.23,32.45,31.8,32.1,2223104.0,0.004049844236760025,0.010903426791277315,-0.009345794392523366,-0.026092233009708754,2.7679127725856745,8.478976582621726,-2.9431510374503915,6.326583592938732,-0.7917964693665738,2.767393561786079,1,-7.432510534221912,-4.719501335707914,-15.565025829595275,0.3768666498035458,2.641349285567344,3.9660164827924618,-1.6844125524234563,-0.9163403121289134,0,-0.03052541145494885,-46.0,-76.0,30.0,2.7679127725856745,3.838259108567186,7.955367736911029,0.032273033015904895
1657771200,2022-07-14,31.37,31.58,30.83,31.56,2200410.0,-0.006020278833966941,0.0006337135614702394,-0.02313054499366285,-0.016822429906542147,4.220532319391651,10.300042158908468,-1.858977520125194,7.743979721166028,0.5703422053231861,4.157160963244607,1,-8.962287061197607,-5.762914302776958,-16.332187873259326,1.0213955991898018,3.944191798505159,4.033176440044574,-1.2823711038691208,-0.9064142721652111,0,0.05151397273519267,-46.0,-72.0,26.0,4.220532319391651,5.080201325238605,9.418100545110079,-0.004908575506078483
1657857600,2022-07-15,32.18,32.28,31.3,32.14,2416636.0,0.001244555071561848,0.00435594275046669,-0.026135656502800253,0.018377693282636276,2.023957685127556,7.783487580883673,-3.7355722106285896,5.4527069072806285,-1.5665836963285642,1.9430616054760321,1,-6.660113693010281,-5.940883816213056,-15.987239580406856,0.41819256945111505,1.567764398557486,3.8953054267523513,-1.6472590894238657,0.9997555463245921,0,0.06492027048940993,-46.0,-68.0,22.0,2.023957685127556,2.880688539227293,7.1516328117061505,0.017072550537631348
1658116800,2022-07-18,33.3,33.68,32.52,32.63,2956184.0,0.0205332516089487,0.03217897640208389,-0.0033711308611706903,0.015245799626633527,0.6696291756052659,6.038979837267576,-4.699721486057058,3.877311267749505,-2.75768719991828,0.5598120339155912,1,-4.758764745227417,3.6860502065459286,-14.892152314275533,1.3242856067125857,-0.20559049562174891,3.8998654030157773,-3.2333255004413104,1.2266005549648609,0,-7.7311836516524e-06,-46.0,-64.0,18.0,0.6696291756052659,1.2085303669782945,5.325197220075069,0.06920094394549581
1658203200,2022-07-19,33.31,34.42,33.31,34.14,1997350.0,-0.024311657879320436,0.008201523140011657,-0.024311657879320436,0.04627643273061599,-3.4929701230228574,1.8031062503602442,-8.789046496405959,-0.4593829330209189,-6.721831673501271,-3.5906073032610806,1,0.6167640624403319,6.15671641791046,-11.531026991388842,-0.26657067710776516,-4.896149369044949,3.835642951931674,-4.311440100166465,0.837252570455725,0,0.06320259829469256,-6.0,-20.0,14.0,-3.4929701230228574,-2.956659453210108,0.6405562328482688,0.20242869811191855
1658289600,2022-07-20,33.72,34.81,33.72,34.56,1606444.0,-0.02430555555555569,0.00723379629629628,-0.02430555555555569,0.012302284710017597,-4.557291666666671,0.9592300356349597,-10.073813368968317,-1.5615354938271508,-7.701581790123456,-4.631558641975317,0,1.9964790494035398,2.218278615794144,-8.197191727425245,6.0919573202902555,-6.011675281168564,3.7436653747650372,-5.032298184831596,0.6766827460347958,0,0.11651288224994341,50.0,40.0,10.0,-4.557291666666671,-3.742100309908608,-0.5596627066978925,0.3094813119129035
1658376000,2022-07-21,34.19,34.74,33.88,34.74,1824094.0,-0.015831894070236108,0.0,-0.024755325273459916,0.005208333333333259,-4.910765687967739,0.9327530894700686,-10.754284465405576,-2.031279984647867,-8.041642678948378,-5.036461331798122,0,2.5939858986730755,2.9028436018957464,-5.240032400317868,15.965931799843943,-5.993818478804542,3.6350727435941192,-5.701666406306362,0.772956978279062,0,0.24299407284880312,50.0,43.99999999999999,6.000000000000007,-4.910765687967739,-3.836955818047528,-1.0327447673081167,0.37849437009033926
1658462400,2022-07-22,34.9,34.94,34.42,34.78,1534730.0,0.0034502587694076325,0.004600345025876917,-0.01035077630822312,0.0011514104778354017,-4.801610120759065,1.4300110364446397,-11.033231277962756,-2.054820778225036,-7.845505079547621,-4.9501629288863285,0,2.731613156561032,4.570054119061946,-2.766913577478678,15.541217057476558,-5.708318363188297,3.478336384748985,-6.167446879527212,0.6541817732161044,0,0.2138721520178745,50.0,48.0,2.0,-4.801610120759065,-3.571594317013677,-1.1016022886704633,0.4102500550377973
1658721600,2022-07-25,34.99,35.25,34.65,35.01,1433534.0,-0.0005712653527562006,0.006855184233076406,-0.010282776349614386,0.00661299597469811,-5.295629820051417,1.2296210087035888,-11.820880648806408,-2.614491097781581,-8.23288584214032,-5.42368846996095,0,3.5478590146182185,2.6987386330301977,-0.36716644177638047,21.894789713994328,-5.812707036841445,3.3310789019472127,-6.356199991037972,0.6155552617334717,0,0.1597534695047095,50.0,52.0,-2.0,-5.295629820051417,-3.8046013473279316,-1.6826411794937854,0.4281791680261317
1658808000,2022-07-26,34.67,35.01,34.38,34.82,1623248.0,-0.004307869040781065,0.005456634118322645,-0.01263641585295805,-0.0054270208511852935,-4.68121769098218,2.09941622670884,-11.4618516086732,-2.030442274554858,-7.624928202182659,-4.827685238368758,0,2.755683125335999,1.9917984768599875,1.334171614036451,23.0284118406761,-4.663062232644904,3.2392589247625216,-6.825257300841127,-0.7370201454903398,0,0.22121998244136806,46.0,52.0,-6.0,-4.68121769098218,-2.9673460384413204,-1.1012119004233512,0.4087228541072974
1658894400,2022-07-27,35.0,35.73,34.76,35.56,1424664.0,-0.015748031496063075,0.004780652418447495,-0.022497187851518663,0.021252153934520512,-6.5059055118110365,0.5958084305912621,-13.60761945421332,-3.936539182602175,-9.448350206224205,-6.692444694413211,0,5.4572225872128755,3.28202149288412,3.909106290745542,22.408727425728515,-6.232813710719682,3.1401312567953616,-6.681285758696301,0.6518618228856143,0,0.20491127436343132,50.0,60.0,-10.0,-6.5059055118110365,-4.511672816048019,-3.0353921128963464,0.4252728762945719
1658980800,2022-07-28,35.82,36.71,35.45,36.67,2244524.0,-0.023179710935369524,0.0010908099263702287,-0.03326970275429508,0.03121484814398201,-8.91055358603765,-0.9106530334491509,-16.91045413862615,-6.472593400599962,-11.853013362421592,-9.162803381510784,0,9.14585611846514,9.299552906110298,7.727744667943698,23.330622936108895,-8.37685377251266,3.0730061112457823,-5.868383183065728,1.025404889434576,1,0.31639973260789805,50.0,64.0,-14.0,-8.91055358603765,-6.697140028094424,-5.736370828959451,0.48616664558743516
1659067200,2022-07-29,36.66,36.97,36.43,36.73,1609934.0,-0.0019057990743261977,0.006534168254832551,-0.008167710318540577,0.001636214889555454,-8.397767492512926,0.26083544677639736,-17.05637043180225,-6.107178509846605,-11.252836010527261,-8.680007260186926,0,9.337452571802778,15.24945089425791,10.928455554701006,28.87034365776283,-7.883880855618301,2.953857771560766,-4.948232887967411,0.7370432870540904,0,0.3656026278075495,50.0,68.0,-18.0,-8.397767492512926,-6.1972156817111,-5.659360140825854,0.5035454453411917
1659326400,2022-08-01,36.49,37.07,36.19,36.92,1381838.0,-0.01164680390032502,0.004062838569880878,-0.019772481040086776,0.005172883201742584,-8.27600216684722,1.037085375545871,-17.589089709240326,-6.007132538822688,-11.088389310220279,-8.547760924521484,0,9.96332823457864,13.46035648432699,13.851621129120428,28.194741230167324,-7.713593095237371,2.8990046961433027,-4.392622325031208,0.6402554219914101,0,0.39899565123564446,50.0,72.0,-21.999999999999996,-8.27600216684722,-6.043763746318604,-5.903886835688283,0.4998874941822715
1659412800,2022-08-02,36.81,37.33,36.45,36.83,2088917.0,-0.0005430355688296196,0.013575889220744042,-0.010317675807765325,-0.0024377031419285933,-7.424653814824865,2.2972219781807155,-17.146529607830445,-5.1366639514888135,-10.140736718255027,-7.638700334871928,0,9.506635418521789,14.343371623719333,16.109036941966362,36.19530179411042,-6.437594574540668,2.8691794227550123,-3.6929098658129718,-0.9728464280545147,0,0.3967064124502293,46.0,72.0,-26.0,-7.424653814824865,-5.260436487810864,-5.451440160518629,0.46422758036007694
1659499200,2022-08-03,37.97,38.37,37.62,37.74,2154176.0,0.006094329623741235,0.01669316375198715,-0.0031796502384738856,0.02470811838175413,-8.810280869104403,0.947362091508765,-18.567923829717586,-6.66401695813461,-11.38049814520403,-9.022257551669327,0,12.542953446931278,20.382775119617225,19.32019347744303,43.87424511909934,-7.249276233594344,2.891464940231796,-2.3813440215266333,1.0042261226169933,0,0.26248384959020904,50.0,80.0,-30.0,-8.810280869104403,-6.826274561631479,-7.428042496380385,0.47313840318779754
1659585600,2022-08-04,37.56,37.65,36.44,36.64,2485163.0,0.025109170305676942,0.027565502183406032,-0.005458515283842891,-0.029146793852676267,-5.589519650655035,4.651571522566783,-15.830610823876839,-3.3114992721979775,-8.147743813682666,-5.729621542940322,0,7.095506467995456,10.694864048338365,19.60441142312751,34.16064363074712,-3.199536836271534,3.0189693718350834,-2.5592993751860433,-1.151976369763035,0,0.13322903580113726,46.0,80.0,-34.0,-5.589519650655035,-3.6453114435998515,-4.466554214218036,0.3801662978115367
1659672000,2022-08-05,36.36,36.51,35.85,36.17,1665659.0,0.0052529720763063725,0.009400055294442877,-0.008847110865358054,-0.012827510917030494,-3.9106994747028097,6.396390478165671,-14.217789427571276,-1.6445488895032696,-6.510459865450173,-4.077504377476714,0,4.943171230113059,9.93920972644378,18.831714859063737,26.795261995969412,-0.9886629860193494,2.9957650207205786,-3.3256980242983794,-0.7775083139702998,0,0.23361037484559066,42.0,80.0,-38.0,-3.9106994747028097,-2.1653304034868057,-3.098696663380693,0.2675483505429628
1659931200,2022-08-08,36.77,37.06,36.57,36.7,1584337.0,0.0019073569482288555,0.009809264305177035,-0.003542234332425176,0.01465302737074925,-4.713896457765671,5.249485629620182,-14.677278545151538,-2.529518619436871,-7.259763851044497,-4.894641235240698,0,6.872969652519515,13.236655353286045,18.982633591515604,26.54564724698797,-1.8401979765810097,2.9148280856228554,-3.6229476926435424,0.7417757285150939,0,0.16723655367062767,38.0,80.0,-42.0,-4.713896457765671,-3.2374205439058557,-4.321693143884971,0.2117282560749426
1660017600,2022-08-09,36.53,36.64,36.18,36.35,1380331.0,0.004951856946354916,0.007977991746905166,-0.004676753782668519,-0.0095367847411445,-3.3301237964236634,6.523170987463573,-13.183418580310928,-1.2338376891334377,-5.7592847317744145,-3.496561210453919,0,5.228657077455772,10.285194174757283,18.34916662173105,20.727880826390418,-0.5378101924842156,2.834868303499047,-4.300042566900252,-0.648459125095277,0,0.1184619351268749,34.0,80.0,-46.0,-3.3301237964236634,-2.086137872883427,-3.2670932279571474,0.13779202129205226
1660104000,2022-08-10,37.13,37.66,37.13,37.39,1431773.0,-0.006953730944102676,0.007221182134260484,-0.006953730944102676,0.028610729023383685,-5.311580636533833,3.8420417440515564,-14.465203017119222,-3.2914326468752932,-7.658910582152089,-5.475171614513698,0,8.941630658678697,16.479750778816197,19.38299885901129,20.41620532387789,-2.7618486359485246,2.8094162243886336,-4.182300876738051,0.6740066264602537,0,0.043402816455196835,30.0,56.0,-26.0,-5.311580636533833,-4.351546914640963,-5.72407590525718,0.14476929714646936
1660190400,2022-08-11,37.87,38.19,37.56,37.97,1436896.0,-0.0026336581511720025,0.005794047932578428,-0.010797998419805,0.0155121690291522,-5.91387937845667,2.2735784411241724,-14.101337198037513,-3.9175664998683146,-8.186726362918094,-6.052146431393197,0,10.847747588363461,20.310519645120408,21.051762396255622,20.456503521653346,-3.7248141887948947,2.71938926255424,-3.727724407984205,0.6915457433635945,0,0.037026330798774494,50.0,80.0,-30.0,-5.91387937845667,-5.259017073165637,-6.88321363448992,0.1724097497153323
1660276800,2022-08-12,38.2,38.26,37.81,38.22,1455589.0,-0.0005232862375718073,0.0010465724751438366,-0.01072736787022488,0.00658414537792984,-5.733908948194653,1.6528703670263525,-13.120688263415659,-3.8055991627420127,-7.908163265306115,-5.856881214024085,0,11.655429085041817,18.917237087741125,22.74431007286456,20.635056618694676,-3.8615372019467173,2.592729561727962,-3.2599724535002323,0.7052913199806083,0,0.07496567854644526,50.0,84.0,-34.0,-5.733908948194653,-5.318846636134026,-7.198482194609909,0.19009973718487228
1660536000,2022-08-15,37.69,38.2,37.69,37.92,1352411.0,-0.006065400843881963,0.007383966244725704,-0.006065400843881963,-0.007849293563579218,-4.290611814346008,2.2206793529556705,-10.801902981647657,-2.471870604781998,-6.435478199718716,-4.453674402250357,0,10.089614126379175,16.212074777811825,23.427221791380063,21.04489852726637,-2.5588133461134106,2.5264157814198227,-2.971192334516072,-0.6563387941661604,0,0.04304362003384274,46.0,84.0,-38.0,-4.290611814346008,-4.134569080555323,-6.2107912863104815,0.16509263667425023
1660622400,2022-08-16,37.73,38.18,37.53,37.97,2316239.0,-0.0063207795628128505,0.005530682117461216,-0.011588095865156633,0.0013185654008438519,-3.9122991835659633,2.3117538644766427,-10.136352231608555,-2.1424809059783883,-5.979720832235969,-4.061100869107165,0,10.266645195786033,11.218512009373164,24.056601679517296,12.617683718519373,-2.2088999351445437,2.4651452718475406,-2.9041146069805315,1.1133808191566494,0,0.03718373556735381,42.0,84.0,-42.0,-3.9122991835659633,-3.8550162799685097,-6.08589189260239,0.13659464495114937
1660708800,2022-08-17,37.31,37.62,36.2,36.82,2477569.0,0.013307984790874583,0.02172732210755024,-0.016838674633351425,-0.03028706873847775,-0.6042911461162248,5.355738334596879,-6.564320626829328,1.300470758645659,-2.7462429838855513,-0.7228861126199462,0,4.422192705433119,6.539351851851846,21.86227405691855,3.12031123695742,0.9871815636147687,2.7039271312886326,-4.307842993878005,-1.182394216175884,0,-0.060505901330851625,38.0,84.0,-46.0,-0.6042911461162248,-0.7709634966214907,-3.0290360327100103,0.030510018655391713
1660795200,2022-08-18,36.89,37.87,36.84,37.74,1448875.0,-0.022522522522522515,0.003444621091679867,-0.0238473767885532,0.02498642042368293,-2.6298357180710212,2.8626432132542448,-8.122314649396316,-0.7450097155979734,-4.738120473414568,-2.741565094506271,0,7.8632670625055425,8.635578583765112,21.48163553434486,2.8756320012612946,-1.3460266177689562,2.6483113041536384,-5.383562585888789,0.6937536834005202,0,-0.02423172364118597,34.0,80.0,-46.0,-2.6298357180710212,-2.8861011973736055,-5.181440729394495,0.013389749917848914
1660881600,2022-08-19,37.37,37.56,36.93,37.18,1759123.0,0.005110274341043608,0.010220548682087216,-0.006724045185583671,-0.014838367779544281,-0.8405056481979472,4.1930015808890175,-5.87401287728494,1.1022951407566808,-2.9805450959297275,-0.9391249775865305,0,5.193313597680664,6.900517538815406,19.89793851830621,-3.3995601021569186,0.2132616828552898,2.651799147091098,-6.382445064184516,-0.8390553239164806,0,-0.07474118176933525,30.0,76.0,-46.0,-0.8405056481979472,-1.287824642778645,-3.606108641183866,-0.041552570649764586
1661140800,2022-08-22,36.29,36.47,34.98,35.04,2403254.0,0.03567351598173518,0.04081050228310512,-0.00171232876712335,-0.057557826788596,5.219748858447488,10.543775868111638,-0.10427815121664707,7.4790715372907215,2.8928843226788388,5.185977929984787,0,-3.4473532365828348,0.08568980291345656,13.986716735132568,-11.993403623480084,5.948273276462459,3.061237360883504,-6.392851455730433,-1.138990171785925,0,-0.1497412796040388,26.0,72.0,-46.0,5.219748858447488,4.289322292683622,2.1915117486561257,-0.21805805545570367
1661227200,2022-08-23,35.26,35.86,35.19,35.47,1539763.0,-0.005920496193966729,0.010995207217366909,-0.007893994925288972,0.012271689497716842,4.035804905554002,8.941497426666785,-0.8698876155588238,6.290292265764492,1.7484258998214557,4.019359082792988,0,-1.7343015802940087,1.8667432510051656,10.204042681456444,-13.823922316078281,4.187095680400233,2.9732466926369443,-6.402514533594495,0.7318523305337099,0,-0.10446333176356018,22.0,68.0,-46.0,4.035804905554002,2.7369329004752956,0.9152932397843045,-0.2969958729329766
1661313600,2022-08-24,35.47,35.91,35.28,35.85,1365566.0,-0.0105997210599722,0.0016736401673638213,-0.01589958158995819,0.010713278827177986,2.973500697350076,7.713951677205927,-1.7669502825057748,5.162250116224996,0.7633658763365929,2.9628079962807874,0,-0.2364970486153979,0.8155230596175453,7.910369638739886,-6.445151800185002,2.8903340371542896,2.857130469101058,-6.468523152308816,0.6544459422675166,0,0.00783203328301065,18.0,64.0,-46.0,2.973500697350076,1.4910024435376386,-0.14832657339005095,-0.31315608541812745
1661400000,2022-08-25,36.06,37.15,36.06,37.13,1674153.0,-0.02881766765418803,0.0005386479935360899,-0.02881766765418803,0.035704323570432406,-0.5144088338270905,4.058611118183549,-5.087428785837716,1.5818296076847105,-2.6196247418978373,-0.5188975671065634,0,4.440413770535933,1.2544314153258818,8.200840087606577,0.5466523774822036,-0.542196449032673,2.8116764555510523,-7.772368151381791,0.8070668179841325,0,0.07822620496743186,14.0,60.0,-46.0,-0.5144088338270905,-1.8165309601840818,-3.449754109908312,-0.2309717227570378
1661486400,2022-08-26,37.39,37.48,36.25,36.27,2401403.0,0.03087951475048234,0.033360904328646024,-0.0005514199062587322,-0.02316186372205764,1.7810862972153387,6.525970483074445,-2.963797888643768,4.079588273136665,-0.4117268633397515,1.8339307048984352,0,1.0773654692370087,-1.2523822488428906,6.837055373357807,-7.579837743236752,1.7722469742678157,2.914979141222453,-8.684702638359713,-1.1552286060530863,0,0.01098569126792661,10.0,52.0,-42.0,1.7810862972153387,0.4627882199889086,-1.1149381463337988,-0.22749849503209507
1661745600,2022-08-29,35.91,37.05,35.91,36.49,2050131.0,-0.015894765689230095,0.015346670320635747,-0.015894765689230095,0.0060656189688448325,1.1085228829816458,5.852144227006946,-3.6350984610436825,3.45437106056454,-1.0811181145519413,1.1866264730063136,0,1.8778579603179608,-1.1646803900325018,6.134188714271889,-8.704180953338579,1.141325363891184,2.9136002327013246,-9.836913669403817,0.9970789593180135,0,0.02646370222774624,6.000000000000007,52.00000000000001,-46.0,1.1085228829816458,-0.12929668135960526,-1.6440182493236506,-0.20410036212215987
1661832000,2022-08-30,36.76,36.99,36.25,36.54,2134207.0,0.006020799124247356,0.012315270935960632,-0.007936507936507908,0.0013702384214853147,0.9304871373837074,5.686127909830404,-3.8251536350630175,3.2557927385513494,-1.2351760627622639,1.0103083378945428,0,2.0654953524256214,-0.7874015748031473,5.660247604508758,-7.1887903144742396,0.8581806046784095,2.8464394057129714,-10.906823912516199,1.068106590942752,0,0.008914934447861352,2.0,-24.0,26.0,0.9304871373837074,-0.24062694783722804,-1.708855763747053,-0.17982407028100456
1661918400,2022-08-31,36.7,36.71,35.89,36.17,4488864.0,0.01465302737074925,0.01492949958529155,-0.0077412220071882976,-0.010125889436234159,1.7459220348355018,6.492790545552339,-3.000946475881321,4.0931711363008105,-0.46309095935858124,1.8150400884710933,0,0.5307432455093419,-4.1600423953365135,4.613476661749546,-16.703620647804513,1.488360979867977,2.832093776416477,-11.531569505433747,-2.200418697119724,-1,-0.05634458092516664,-2.0,-24.0,22.0,1.7459220348355018,0.7055864965631997,-0.6758053693932027,-0.18266353214010317
1662004800,2022-09-01,35.75,35.88,35.28,35.85,1930827.0,-0.002789400278940035,0.0008368200836821327,-0.01589958158995819,-0.008847110865358054,2.5439330543933067,7.469025079589841,-2.3811589708032415,4.764295676429555,0.33751743375172794,2.550906555090677,0,-0.7898455573784986,-2.1561135371179017,3.1908821254999205,-22.28764469158331,2.011556872006807,2.830601344109966,-11.528641085342974,-0.9509038951892805,0,-0.03699701378883868,-6.0,-24.0,18.0,2.5439330543933067,1.4516838786386757,0.20250491955225414,-0.19874256348676256
1662091200,2022-09-02,36.48,36.65,35.33,35.52,1579392.0,0.02702702702702675,0.03181306306306286,-0.005349099099099197,-0.009205020920502016,3.405123873873862,8.559303475145569,-1.749055727397831,5.782188438438425,1.1284722222222143,3.4553303303303267,0,-2.147401716936912,-1.797069394525846,1.4384065363403524,-17.1753901373298,2.672521426032233,2.9182789503347197,-12.37667614353442,-0.7847023738097395,0,-0.07026562064845983,-10.0,-24.0,14.0,3.405123873873862,2.1662034453221963,1.088991712446699,-0.22246221323710685
1662436800,2022-09-06,35.52,35.84,34.72,34.96,1721698.0,0.016018306636155666,0.02517162471395884,-0.006864988558352492,-0.015765765765765827,4.812643020594962,10.495781914181876,-0.8704958729919667,7.337433257055665,2.428966437833722,4.8831998474447005,0,-4.394740219036521,-4.741144414168942,-0.9956906528317057,-16.32563617203887,3.7712683775038727,2.9820703009695992,-12.586625853927211,-0.8633691832796853,0,-0.13394833426194444,-14.0,-64.0,50.0,4.812643020594962,3.4405679704410943,2.6020596624036756,-0.2638984576393558
1662523200,2022-09-07,34.91,36.3,34.87,36.28,1874772.0,-0.03776185226019857,0.0005512679162071876,-0.038864388092613056,0.03775743707093815,0.989525909592075,6.4722144519137,-4.493162632729579,3.4867695700110204,-1.5104740904079392,0.9881477398015335,0,1.2821837803745026,-0.19257221458046844,-0.5800811933338759,-8.992605088123192,-0.23321017735267446,2.949856887668655,-13.27165498979814,0.9440127714126347,0,-0.061495099217193296,-18.0,-64.0,46.0,0.989525909592075,-0.2922207320236794,-1.086628897202587,-0.19368827799688607
1662609600,2022-09-08,35.69,36.21,35.31,36.18,2313846.0,-0.01354339414040917,0.0008291873963515162,-0.024046434494195634,-0.002756339581036382,1.1014372581536804,6.539689485964246,-4.3368149696568565,3.61756034641607,-1.4957619310852976,1.0608992076653863,0,0.8589058264585958,-3.2361594009093366,-0.4269785207466115,-7.3855753739663825,-0.19848467456608887,2.9382265310353874,-13.90775347310686,-1.1723997316171042,0,-0.02285770300706304,-21.999999999999996,-64.0,42.0,1.1014372581536804,-0.015048560107615572,-0.7813448677825363,-0.14736044420395322
1662696000,2022-09-09,36.58,37.06,36.43,37.0,1374386.0,-0.011351351351351346,0.001621621621621605,-0.015405405405405359,0.022664455500276404,-1.2702702702702737,3.7933570266897476,-6.333897567230267,1.1756756756756914,-3.824324324324351,-1.324324324324337,0,4.127084056823989,-2.5546484066368156,1.1690974670718426,-1.9138152062961922,-2.5011309685181686,2.8377711710563402,-14.033522964709816,0.7019556538675755,0,0.027980516239490102,-26.0,-64.0,38.0,-1.2702702702702737,-2.018461623152092,-2.863372447536932,-0.05938206873957955
1662955200,2022-09-12,37.48,38.05,37.32,37.83,1671275.0,-0.009251916468411392,0.005815490351572805,-0.013481363996827866,0.022432432432432314,-3.4879725085910707,1.2960927007062537,-8.272037717888367,-1.0551590448497592,-6.019473081328755,-3.537316063089264,0,7.162548637038313,-1.0204081632653077,3.8973995388573437,5.327520707906352,-4.249122871903737,2.7755143938637126,-13.314068324559729,0.8714519621566545,0,0.13089966740741754,-30.0,-64.0,34.0,-3.4879725085910707,-3.7712303426052927,-4.798709524749228,0.05086360790475131
1663041600,2022-09-13,36.68,37.14,36.32,36.4,2153885.0,0.007692307692307665,0.02032967032967048,-0.00219780219780219,-0.037800687285223344,0.094780219780219,4.738709317702046,-4.54914887814158,2.693681318681314,-2.5508241758241468,0.07142857142858361,0,1.0377138953171539,-4.008438818565409,3.40612276496842,-1.199476472151133,-0.3002465902649476,2.9748238299808385,-13.71080549394257,-1.121451345068395,0,0.07656737094269558,-34.0,-64.0,30.0,0.094780219780219,0.008310788390360813,-1.0171427950559746,0.02494288831833788
1663128000,2022-09-14,36.38,36.38,35.24,35.58,3464912.0,0.022484541877459296,0.022484541877459296,-0.009555930297920123,-0.02252747252747256,2.0657672849915656,6.487193226849158,-2.3556586568660265,4.825744800449684,-0.6773468240584322,2.0741989881956044,1,-2.0626389533462515,-6.29444298130103,1.5627139321422352,-8.836014905029081,1.8974781310858901,3.0588746413453234,-14.005292450220029,-1.7767479272157878,-1,-0.009841901168252239,-38.0,-64.0,26.0,2.0657672849915656,2.092866165115211,1.2145092036384142,-0.04609355845048342
1663214400,2022-09-15,35.52,36.67,35.41,35.58,1839462.0,-0.001686340640809303,0.03063518830803824,-0.004777965148960117,0.0,1.8915120854412777,6.350001002012647,-2.5669768311301056,4.66366872774968,-0.7944538130035426,1.9346074573730618,1,-2.0626389533462515,-3.3677349266702934,0.12924537955351995,-8.603421024243957,1.7563574417117849,3.09333469165636,-14.54639839034951,0.9471613710747614,0,-0.10514119333761399,-42.0,-64.0,22.0,1.8915120854412777,1.8935455779613761,1.1668813917310388,-0.08924828018462302
1663300800,2022-09-16,35.17,35.68,34.87,35.48,3755747.0,-0.008737316798196004,0.005636978579481422,-0.01719278466741825,-0.0028105677346824676,1.8602029312288835,5.985839738274294,-2.265433875816541,4.626080420894425,-0.7854190154077401,1.9203307027433283,1,-2.4529246681459966,-5.988341282458943,-1.1869063267404816,-10.188654273589407,1.664662425887272,3.0435477296640627,-14.596836995205985,-1.9025944615918569,0,0.029829552284773356,-46.0,-64.0,18.0,1.8602029312288835,1.9730427358316547,1.3950772354332202,-0.11884338650084164
1663560000,2022-09-19,35.02,36.23,35.02,36.21,1369911.0,-0.032863849765258135,0.000552333609500133,-0.032863849765258135,0.020574971815107146,-0.3272576636288278,3.4973195723144244,-4.15183489957208,2.4031114793335178,-3.0594679186228433,-0.32817821964466987,1,0.6354030775794755,-2.608929532006452,-0.949207010898826,-4.991705619738781,-0.48862570554494766,3.0078627743524904,-15.16929069555077,0.6951081029794157,0,0.07115625103028742,-42.0,-56.0,14.0,-0.3272576636288278,-0.07487070254359196,-0.6236118961042081,-0.08514863510378601
1663646400,2022-09-20,35.82,35.96,34.88,34.94,1885300.0,0.025186033199771085,0.029192902117916475,-0.0017172295363478973,-0.03507318420325889,3.281339439038362,7.290099929670376,-0.7274210515936517,6.032722762831526,0.48893340965466336,3.2608280862430803,1,-4.292871210975669,-0.28538812785388534,-2.946560853752506,-11.442040791456165,2.886770190265864,3.16643070523131,-15.575015848897493,-0.9528741008839596,0,0.033075477649729734,-46.0,-96.0,50.0,3.281339439038362,3.218428469699134,2.8713265591777883,-0.14099261823864798
1663732800,2022-09-21,34.95,35.14,33.76,33.76,2312142.0,0.03524881516587697,0.04087677725118488,0.0,-0.03377218088151113,6.638033175355446,11.716187858217992,1.5598784924928992,9.653436018957336,3.7055687203791763,6.679502369668256,0,-8.265604486666696,-4.820975472230056,-6.45046866968123,-8.359345505341288,5.938109217270309,3.335003713037758,-15.030438341443316,-1.1698915370710192,-1,0.0051467315143374805,22.0,-28.0,50.0,6.638033175355446,6.176069064396387,6.213341783353016,-0.24396537121039572
1663819200,2022-09-22,33.85,33.97,33.01,33.3,1927262.0,0.016516516516516644,0.02012012012012021,-0.008708708708708657,-0.013625592417061627,7.728228228228232,13.976070337833676,1.4803861186228033,10.879379379379372,4.750250250250289,7.8148148148148096,0,-9.70285337646768,-7.112970711297082,-9.886519712676725,-8.181415578142918,6.957583119169513,3.3454878369326715,-14.000620428732818,-0.9780791261669912,0,-0.0803614530243939,18.0,-32.0,50.0,7.728228228228232,6.914883084036049,7.37935495006414,-0.3245747578359006
1663905600,2022-09-23,32.56,32.61,31.08,31.63,2587239.0,0.02940246601327856,0.03098324375592787,-0.017388555169143283,-0.05015015015015012,12.54663294340817,21.095592973293066,3.9976729135232603,16.0116977552956,9.419854568447676,12.715776161871645,0,-14.389392730982877,-14.81281982224617,-15.008644903243395,-14.488143017849097,11.529755475558346,3.771874993469476,-11.981001419731262,-1.3078801675893355,-1,-0.06454165122561235,14.0,-36.0,50.0,12.54663294340817,11.363603762656922,12.537051243247376,-0.46342114412992413
1664164800,2022-09-26,31.58,32.51,31.48,32.0,2127959.0,-0.013125000000000053,0.015937499999999938,-0.016249999999999987,0.011697755295605461,10.578125000000014,20.275267378687374,0.8809826213126684,13.909374999999997,7.456249999999983,10.682812500000011,0,-12.689069669543422,-11.772814998621458,-18.21630772416787,-8.401565183182804,9.546873009973837,3.6918689253676646,-10.105640911372674,1.0788573966194894,0,-0.03092221467555298,10.0,-36.0,46.0,10.578125000000014,9.116346656613004,10.795220349492539,-0.5002465318597216
1664251200,2022-09-27,32.52,32.52,31.51,31.93,1750995.0,0.018477920450986618,0.018477920450986618,-0.013153773880363206,-0.002187500000000009,10.106482931412458,20.75680421355372,-0.5438383507288194,13.434596513205975,7.008038417371338,10.221317465288678,0,-12.88425537315311,-12.496574403946292,-20.810384510672034,-14.27927890847937,9.089507969626268,3.661620224940603,-8.375990532413983,-0.8987225671851957,0,-0.10038111028465493,6.000000000000007,-35.99999999999999,42.0,10.106482931412458,8.464556048529829,10.605248925654948,-0.4981362955329858
1664337600,2022-09-28,31.93,32.39,31.43,32.18,2020081.0,-0.007768800497203188,0.006525792417650722,-0.023306401491609674,0.007829627309740017,8.573648228713495,19.67592509278586,-2.5286286353588707,11.873834679925423,5.42883778744563,8.65133623368554,0,-11.671386084618213,-11.932129173508482,-22.37777625162434,-15.41242341111787,7.400205846075465,3.5867485109886252,-6.726052963319653,1.036592825217958,0,-0.13519470611810352,2.0,-36.0,38.0,8.573648228713495,6.896019737135745,9.363783565246962,-0.45017558062945573
1664424000,2022-09-29,31.21,31.45,29.88,30.38,3780035.0,0.027320605661619535,0.035220539828834774,-0.016458196181698526,-0.055935363579863284,14.053653719552344,27.336084507027977,0.7712229320766824,17.689817862628928,10.616085143734907,14.152951503181924,0,-16.5596218825998,-16.007741222007198,-25.870853045809756,-21.995548512521836,11.927994637821143,4.06865506462659,-4.445890714822536,-1.897377598468443,-1,-0.20135052961435157,-2.0,-52.0,50.0,14.053653719552344,11.969598400701486,15.222218694802251,-0.5057910235687418
1664510400,2022-09-30,30.33,30.94,29.92,30.13,2965242.0,0.006637902422834463,0.026883504812479364,-0.006969797543975975,-0.008229098090849263,14.0507799535347,28.801496712249133,-0.6999368051797603,17.849872773536916,10.578050669321826,14.21396172142937,0,-17.17172002294741,-15.955369595536967,-28.886122095741978,-28.204040455955777,11.181914413199863,4.051193948185542,-2.3285971983609315,-1.4715368108413864,-1,-0.26462805878038187,-6.0,-56.0,50.0,14.0507799535347,11.670209392399443,15.543819392733795,-0.5233403632501463
1664769600,2022-10-03,30.55,31.61,30.17,31.42,2484416.0,-0.02768936982813497,0.006047103755569605,-0.0397835773392744,0.04281447062728194,8.7157861234882,23.317987462889292,-5.886415215912862,12.271907489921489,5.260449819647775,8.766178654784639,0,-11.09738680288531,-11.542792792792795,-28.584940286038673,-21.37295358811444,5.431662131502549,3.9438304936909954,-1.2221388692130049,1.2214083321595717,0,-0.1581263405280152,-10.0,-56.0,46.0,8.7157861234882,6.4106040599965155,10.376448519645521,-0.4166386406595426
1664856000,2022-10-04,32.27,32.99,32.13,32.94,2471344.0,-0.02034001214329062,0.0015179113539771638,-0.024590163934426035,0.048376830044557506,3.3925318761384347,17.363094749686624,-10.578030997409755,6.674256223436558,0.06527018822102093,3.369763205828775,0,-4.93573241718267,-5.778032036613281,-25.312605482994655,-12.849274225945706,-0.35659819731971254,3.833587048861619,-1.6839701367823707,1.2027089352631164,0,-0.05520307106194416,-14.0,-56.0,42.0,3.3925318761384347,1.3574499258922827,5.075998316532647,-0.22202457357691419
1664942400,2022-10-05,32.22,32.91,32.03,32.78,2177102.0,-0.017083587553386237,0.003965832824893045,-0.022879804758999422,-0.004857316332726014,3.36333129957292,17.139774123322766,-10.413111524176955,6.616331096196859,0.14287166971729448,3.379601382957077,0,-5.433737417473189,-9.647188533627341,-22.990104622330353,-19.03203771371949,-0.4309890308161357,3.7754263184509758,-2.044068015928378,-1.0538315806648884,0,0.03093777983443778,-18.0,-56.0,38.0,3.36333129957292,1.6757802530853922,5.3697052499627205,-0.08921837939233002
1665028800,2022-10-06,32.62,32.99,32.46,32.85,1813904.0,-0.007001522070015365,0.004261796042617894,-0.01187214611872145,0.002135448444173349,2.6362252663622314,16.058133819470697,-10.785683286746234,5.8559107052257815,-0.49112125824456143,2.6823947234905887,0,-5.153048438740626,-9.203980099502482,-21.032006093333212,-11.009612181481174,-1.5971420308865163,3.6135250518475734,-2.462320217915778,0.8747284979222748,0,-0.00017287698476998968,-21.999999999999996,-56.0,34.0,2.6362252663622314,1.3201557689739047,4.9434016573224255,0.01276732673797909
1665115200,2022-10-07,32.51,32.6,31.99,32.24,1660487.0,0.008374689826302628,0.011166253101736912,-0.007754342431761874,-0.018569254185692552,3.8399503722084063,16.812608453917946,-9.132707709501105,7.149503722084361,0.6885856079404533,3.9190446650124073,0,-7.143607205311312,-12.864864864864858,-20.220640821617163,-15.952850814821588,-0.20771064769022018,3.609437861998198,-2.5007269765696485,-0.8052814500343511,0,-0.05098102151054907,-26.0,-56.0,30.0,3.8399503722084063,2.928889317034546,6.6572680859905375,0.04666397809298828
1665374400,2022-10-10,32.19,32.22,31.24,31.52,2335444.0,0.021256345177664837,0.022208121827411054,-0.008883248730964466,-0.022332506203474045,5.210977157360389,17.112607046314295,-6.690652731593531,8.673329103214897,1.98551184433164,5.329420473773254,0,-9.383482384887671,-16.679883690192966,-20.468223801136435,-16.1982046296704,1.384897797781079,3.654794227521495,-2.022689415986065,-1.124698871571787,0,-0.029451005338952094,-30.0,-56.0,26.0,5.210977157360389,4.777194283361567,8.736989792677178,0.028980510878279908
1665460800,2022-10-11,31.41,32.14,31.22,31.59,1993831.0,-0.005698005698005715,0.017410572966128468,-0.011712567268122864,0.002220812182741172,4.216524216524206,15.29139506282678,-6.858346629778353,7.661707291336924,0.9570539200168753,4.309380605676893,0,-9.067546415703,-13.214285714285712,-20.534246379381944,-15.66732688168318,0.5837842914261984,3.5942397744973724,-1.565440539302596,0.9545589054178395,0,0.030142380862314216,-34.0,-56.0,22.0,4.216524216524206,4.112160437178076,8.162862406814071,0.03024452315846915
1665547200,2022-10-12,31.58,31.62,31.11,31.3,2066984.0,0.008945686900958316,0.010223642172523917,-0.006070287539936103,-0.009180120291231386,4.498402555910559,15.176149032581108,-6.17934392075999,7.8572949946752,1.2917997870074487,4.574547390841303,0,-9.995692883554902,-12.029229904440692,-20.95672483795166,-15.679584372328378,1.1117927014514493,3.4848161757025014,-1.0631627703133937,-0.9897892227773917,0,0.037332834109389576,-38.0,-56.0,18.0,4.498402555910559,4.593275241135956,8.805598163334949,0.02027489453950304
1665633600,2022-10-13,30.74,32.31,30.27,32.11,2168348.0,-0.04266583618810338,0.006228589224540837,-0.05730302086577388,0.025878594249201248,1.3220180629087537,10.906407856086759,-8.262371730269251,4.584760718363981,-2.058029689608631,1.2633655143776394,0,-6.245934452017643,-9.752670039347946,-19.715182703651706,-8.409737879933104,-1.488542940124745,3.6080698089009835,-0.038418295274066594,1.0381871473255833,0,0.11546770976680273,-42.0,-56.0,14.0,1.3220180629087537,1.7686535657242928,5.823209374092002,0.07394008145654896
1665720000,2022-10-14,32.29,32.75,31.63,31.86,1899161.0,0.01349654739485251,0.0279347143753923,-0.007219083490269895,-0.007785736530675824,1.5489642184557368,10.256358234270849,-7.158429797359389,4.941933458882602,-1.8502824858757094,1.5458254865034604,0,-7.116703069527908,-10.202931228861324,-19.03607988365317,-8.828413234759012,-0.7081041894243754,3.6277387237232928,0.3241074608932557,-0.9144339389380555,0,0.08021978249415722,-46.0,-56.0,10.0,1.5489642184557368,2.3227182224505185,6.39266115056229,0.09686187211571595
1665979200,2022-10-17,32.63,32.99,32.28,32.43,2065210.0,0.006167129201356758,0.017267961763798967,-0.0046253469010175685,0.01789077212806034,-0.8186864014801216,5.780299622610457,-7.4176724255707,2.5187583513207983,-3.999897214513311,-0.7405694315962421,0,-4.512975822751692,-10.439105219552612,-17.35109875492547,-2.630881514221727,-2.3268113439634703,3.55829440243098,0.34638401444642497,0.9905741179968747,0,0.051284848105736594,-46.0,-52.00000000000001,6.000000000000007,-0.8186864014801216,0.474331892542466,4.3453102783000475,0.15142241598698458
1666065600,2022-10-18,33.27,33.42,32.47,32.73,2347019.0,0.016498625114574006,0.02108157653528897,-0.007943782462572546,0.009250693802035137,-2.065383440268846,3.274191824430247,-7.404958704967939,1.1946226703330183,-5.224564619615023,-2.0149709746409883,1,-3.1701398909029734,-6.325128792215229,-15.377384924189089,-1.9871872970209097,-3.017697362044487,3.4898986013724356,-0.18302390231597343,1.1175667355025698,0,-0.01745541557306814,-34.0,-36.0,2.0,-2.065383440268846,-0.4040721600571828,3.2559936041997304,0.2053774720139182
1666152000,2022-10-19,32.45,32.94,32.32,32.69,1469666.0,-0.007341694707861612,0.007647598654022536,-0.011318446007953398,-0.001222120378857272,-2.1092077087794223,2.7676524613422515,-6.986067878901096,0.9620679106760548,-5.2324869990822975,-2.135209544203107,1,-3.3314873588455214,-3.169431279620854,-13.807353238411485,1.4084088952011768,-2.309537118592786,3.38005715137429,-0.5426692296397384,-0.6992076700055474,0,0.03657506410262874,-38.0,-36.0,-2.0,-2.1092077087794223,-0.2553283429835318,3.2496985122316033,0.23395850429653553
1666238400,2022-10-20,32.88,33.22,32.09,32.4,3118383.0,0.014814814814814836,0.025308641975308577,-0.009567901234567744,-0.00887121443866623,-1.3719135802469111,3.2347154990103064,-5.9785426595041145,1.759773662551467,-4.54269547325103,-1.3914609053497884,1,-4.527142514883643,-2.7027027027026986,-12.946767211714624,0.7901713457838966,-0.7434387719255113,3.4158352901665157,-1.2470202829933896,-1.4601671952996444,-1,0.04759045328312533,-42.0,-36.0,-6.0,-1.3719135802469111,0.5767387020715802,4.010166771894049,0.2286496704219111
1666324800,2022-10-21,32.58,33.24,32.4,33.14,2703618.0,-0.016898008449004243,0.0030175015087507973,-0.022329511164755678,0.022839506172839474,-3.3464091732046057,1.3905069454470436,-8.083325291856283,-0.44256688795010746,-6.396097364715331,-3.4193321263327334,1,-1.0163778525537737,4.773948782801144,-10.714521486921406,1.3853011553183094,-2.482689198437413,3.2820713514486948,-1.928228519313361,1.2511139449020416,0,0.054875287687436616,-46.0,-36.0,-10.0,-3.3464091732046057,-1.510129687910947,1.621487431253584,0.2675886777221098
1666584000,2022-10-24,33.38,34.46,33.05,34.19,2487326.0,-0.02369113775957865,0.007897045919859735,-0.03334308277274056,0.03168376584188293,-5.9944428195378805,-0.6423849824052468,-11.346500656670514,-3.166130447499256,-9.047967241883583,-6.107048844691434,0,3.459272215157249,6.843749999999993,-6.7732721068594595,1.56048971341324,-5.185689371663798,3.2486148406616957,-3.131259297963684,1.1401366640713584,0,0.03342369359706762,-46.0,-32.0,-14.0,-5.9944428195378805,-4.10293772794887,-1.4405837160759631,0.3513937146005449
1666670400,2022-10-25,34.11,34.95,34.11,34.88,2153998.0,-0.02207568807339455,0.00200688073394506,-0.02207568807339455,0.020181339572974633,-7.4311926605504794,-1.180466753711471,-13.681918567389474,-4.724770642201847,-10.441513761467903,-7.583142201834875,0,6.122015856001447,9.238960225493276,-2.266570122948152,8.933967098942077,-6.638859746131828,3.1289151339877614,-3.7670317212095945,0.9801436009085984,0,0.04207210882736153,50.0,68.0,-18.0,-7.4311926605504794,-5.4285569264046245,-3.2573441184223952,0.4351514547751869
1666756800,2022-10-26,35.22,35.74,34.86,35.06,2047865.0,0.004563605248145919,0.0193953223046206,-0.005704506560182621,0.0051605504587155515,-7.495721620079863,-0.3907913326140857,-14.600651907545654,-4.766115231032529,-10.430690245293789,-7.598402738163159,0,6.800707695226706,8.94965817277813,1.6939588203065445,9.455704382020976,-6.6441885215096335,3.069789092892614,-3.6677806895674685,0.934130925729488,0,-0.022890158517047954,50.0,72.0,-21.999999999999996,-7.495721620079863,-5.350845144740816,-3.6068096035245247,0.4809500244145904
1666843200,2022-10-27,35.74,36.38,34.55,35.38,3868542.0,0.010175240248728068,0.028264556246466954,-0.023459581684567743,0.00912721049629206,-7.62577727529677,-0.22768207039437982,-15.023872480199188,-4.902958356887126,-10.589787073676277,-7.746372715281709,0,8.015953478467054,16.458196181698497,5.4980994953253575,17.535100239720094,-6.519293918030826,3.194194607039078,-3.087913870416351,1.742518120122404,0,-0.023177334368303146,50.0,76.0,-26.0,-7.62577727529677,-5.615779677404035,-4.303019591371495,0.508393975197442
1666929600,2022-10-28,35.37,36.32,35.25,36.3,2292547.0,-0.025619834710743805,0.000550964187327807,-0.028925619834710647,0.026003391746749482,-9.117079889807144,-1.4303006065186281,-16.803859173095674,-6.53122130394857,-12.087695133149666,-9.309458218549139,0,11.309795456230994,20.47792897444407,10.209332755134684,24.566150812226326,-8.053104423922846,3.101412568991645,-2.549466109776027,1.0248491017190675,0,0.07494107266800636,50.0,80.0,-30.0,-9.117079889807144,-7.245230768391082,-6.464538877541969,0.5600268148036487
1667188800,2022-10-31,35.96,36.25,35.61,36.01,2653710.0,-0.0013885031935572112,0.006664815329075369,-0.011108025548458689,-0.007988980716253424,-7.747847820049984,0.5392157090721668,-16.034911349172148,-5.210589651022872,-10.589651022864018,-7.900120336943431,0,9.754280985405487,14.608529598981528,13.378115218817687,30.91645961175817,-6.455662725476131,3.0399424590533517,-2.049478903467154,-1.1768886252717186,0,0.1050550873189147,46.0,80.0,-34.0,-7.747847820049984,-5.8793663942017815,-5.487296721217902,0.5456183149242061
1667275200,2022-11-01,36.33,36.54,35.76,35.8,2103261.0,0.014804469273743015,0.02067039106145252,-0.0011173184357541333,-0.005831713412940864,-6.807262569832389,2.0871308194326303,-15.701655959097423,-4.198324022346341,-9.586592178770957,-6.892458100558656,0,8.62059673043467,8.682452944748025,15.48366754971303,36.813882578038914,-5.088554389624903,2.994988554183252,-1.3455176415329824,-0.935259682358347,0,0.06417642480694528,42.0,80.0,-38.0,-6.807262569832389,-4.819903821826159,-4.7394458273752775,0.49443353885959107
1667361600,2022-11-02,35.52,35.98,34.85,34.87,3242693.0,0.018640665328362616,0.03183252079151133,-0.0005735589331802293,-0.025977653631284903,-4.022082018927449,5.262504525359319,-13.306668563214231,-1.2259822196730568,-6.829652996845411,-4.027817608259227,0,3.8572992023582984,6.3758389261744846,15.090569495883196,27.64321531385852,-1.7825929948163406,3.0867050537033163,-2.0054406817882864,-1.4204202317092498,0,-0.07920838629989267,38.0,80.0,-42.0,-4.022082018927449,-2.064127411482332,-2.1125726763169155,0.3758056638997079
1667448000,2022-11-03,35.52,35.98,34.85,34.87,3242693.0,0.018640665328362616,0.03183252079151133,-0.0005735589331802293,0.0,-3.732434757671342,5.673744201338764,-13.138613716681462,-0.786253704234781,-6.561992161361232,-3.6741229327980136,0,3.8572992023582984,6.149162861491616,14.773563237159301,26.426016043656944,-1.1968040761488652,3.0976981193294475,-2.6182263620253536,1.3974393006167294,0,-0.13235152352145277,34.0,80.0,-46.0,-3.732434757671342,-1.8675438484840043,-2.0297266890103742,0.2796183205956222
1667534400,2022-11-04,35.58,37.01,35.48,36.4,2970430.0,-0.02252747252747256,0.0167582417582417,-0.025274725274725296,0.04387725838829937,-7.207417582417591,2.243854990863298,-16.658690155698466,-4.277930402930409,-10.063644688644686,-7.170787545787533,0,9.810270986269515,12.903225806451601,17.077305005336274,27.250574379636873,-4.648235172488356,3.1754661194529668,-2.2469330534689007,1.2659633730968707,0,-0.08019474406628481,50.0,68.0,-18.0,-7.207417582417591,-5.421642891072878,-5.906621370741107,0.29954228619350687
1667797200,2022-11-07,36.79,36.85,35.9,36.71,1549350.0,0.002179242713157059,0.0038136747480250754,-0.022064832470716444,0.008516483516483486,-7.284118768727865,2.2573719931719296,-16.825609530627673,-4.432942885680561,-10.161627167892519,-7.29728502678654,0,10.886498685256235,16.46573604060914,19.38786495053415,26.83864319687062,-4.917657880558508,3.108593547350166,-1.9021606955236265,0.6651460515365988,0,-0.021954415622040282,50.0,72.0,-21.999999999999996,-7.284118768727865,-5.627904973947679,-6.438406950531103,0.3126578562429017
1667883600,2022-11-08,36.85,37.51,36.64,37.27,2660699.0,-0.01126911725248192,0.006439495572846621,-0.01690367587872288,0.015254698992100302,-7.915213308290859,1.6997015206315496,-17.530128137213268,-5.139075216885786,-10.768267596816045,-7.953671406850916,0,12.781670927260642,17.9803735359291,22.095992541442445,31.8611788408229,-5.676454114128006,3.0099162455477777,-1.0513683904613913,1.1362984697226546,0,0.0032355342557715007,50.0,76.0,-26.0,-7.915213308290859,-6.374854587857925,-7.536599398425835,0.33606032146445375
1667970000,2022-11-09,36.8,37.47,36.79,36.98,1807794.0,-0.004867495943753353,0.013250405624662065,-0.005137912385072996,-0.007781057150523352,-6.425094645754456,2.9851395251319985,-15.83532881664091,-3.5965386695511086,-9.315846403461336,-6.456192536506208,0,11.166124937736846,18.14696485623002,23.55090877797597,34.30812582579236,-4.064690622113133,2.9481853514068495,-0.2613469643321693,-0.7742088364990134,0,0.020396473472748537,46.0,76.0,-30.0,-6.425094645754456,-5.103435292307083,-6.5443768859622935,0.30967265369634067
1668056400,2022-11-10,38.38,39.38,38.38,39.31,2085599.0,-0.02365810226405496,0.0017807173747137472,-0.02365810226405496,0.06300703082747439,-11.055711015008896,-1.2769360971170016,-20.83448593290079,-8.49402187738491,-13.60976850674129,-11.051895192063071,0,18.107025187443313,22.42292120834632,28.068955050272287,34.20374328692995,-8.717205853470105,3.0114304354314227,1.6611939007220187,0.9119542072137257,0,0.013182823267675031,50.0,84.0,-34.0,-11.055711015008896,-9.706455046069479,-11.609849215088403,0.41995725289759356
1668142800,2022-11-11,39.49,40.91,39.35,40.7,2438192.0,-0.02972972972972976,0.005159705159704986,-0.033169533169533194,0.0353599592978886,-13.00737100737102,-2.3970637045538155,-23.61767831018821,-10.552825552825553,-15.601965601965603,-13.077395577395592,0,21.32540729950577,27.746390458254876,33.238698421112055,34.39395163997513,-10.732725990536423,2.9816274050869063,4.071317690240175,1.061420341796233,0,0.020235467932079882,50.0,88.0,-38.0,-13.00737100737102,-11.57207699702684,-14.054909408686783,0.5491783088100795
1668402000,2022-11-14,40.6,41.26,40.1,40.28,2706144.0,0.00794438927507457,0.024329692154915428,-0.004468718967229335,-0.010319410319410416,-11.125868917576952,0.2542290654678112,-22.505966900621715,-8.573733862959301,-13.787239324726912,-11.180486593843113,0,19.107325557999516,24.20598211532532,36.0718719279598,34.85163021734567,-8.755432278483838,3.0032257412957186,6.429998726784227,-1.1666233222631297,0,-0.08272295639953811,46.0,88.0,-42.0,-11.125868917576952,-9.63574873717414,-12.642729245158407,0.5667327276873224
1668488400,2022-11-15,40.65,41.63,40.64,41.05,2442503.0,-0.00974421437271622,0.014129110840438663,-0.009987819732033998,0.019116186693147963,-11.779537149817287,0.1428135135749642,-23.701887813209567,-9.280958181079981,-14.406414941128702,-11.843686561104334,0,20.85634688458478,25.420103880232208,39.06491232679865,35.20130856515806,-9.536620410814706,2.9713052499949377,8.745664270706918,1.046463666646176,0,-0.06247450895283541,50.0,96.0,-46.0,-11.779537149817287,-10.251645755506189,-13.721290423325954,0.5880277515866728
1668574800,2022-11-16,40.67,40.96,39.7,39.77,2312222.0,0.022630123208448483,0.02992205179783758,-0.0017601206939904523,-0.03118148599269166,-8.050037716872012,4.137977134227569,-20.23805256797162,-5.338613695415319,-10.789958930517145,-8.064286312966246,0,14.46945940485304,21.657999388192124,38.29369699564843,26.78522290512447,-5.63943601680964,3.090335584359707,9.579158212004856,-0.9869467145359299,0,-0.11443853144777102,46.0,88.0,-42.0,-8.050037716872012,-6.661842627257997,-10.515212285346138,0.4783845488872831
1668661200,2022-11-17,39.11,39.65,38.62,39.64,1858469.0,-0.013370332996972767,0.00025227043390518844,-0.025731584258325002,-0.003268795574553729,-6.835267406659938,4.8300128782016145,-18.50054769152149,-4.191473259334018,-9.635469223007078,-6.913471241170527,0,13.854127744207787,22.345679012345688,37.40823026265633,20.363236025360493,-4.819022430038828,3.08623035979136,9.083862342712571,-0.7963630254559233,0,-0.12717963623647396,42.0,88.0,-46.0,-6.835267406659938,-5.750430234533383,-9.820892758761474,0.36471945854925036
1668747600,2022-11-18,40.37,40.58,39.57,40.51,2783468.0,-0.003455936805726978,0.001727968402863489,-0.023204147124166852,0.02194752774974762,-7.926437916563813,3.2579956921547932,-19.11087152528242,-5.327902575495756,-10.696947255821613,-8.012424915658684,0,16.131349972196176,22.238986119493052,37.625131687880724,20.77571210536138,-6.0232997007834115,2.982325755558915,9.15000133884228,1.1784980979833932,0,-0.0759943786586046,38.0,72.0,-34.0,-7.926437916563813,-7.0341174259631885,-11.296513210927316,0.31747843321088354
1669006800,2022-11-21,40.15,40.46,39.77,40.2,1991774.0,-0.0012437810945274963,0.006467661691542226,-0.010696517412935314,-0.00765243149839534,-6.46890547263682,4.63271949084583,-17.570530436119483,-3.9108623548922026,-9.142205638474323,-6.526533996683256,0,14.604733719627205,17.57823925124307,37.093457820587545,14.17041378881612,-4.684721877986462,2.9221432349857692,9.211416120962724,-0.8410187182690534,0,-0.006482634555374181,34.0,72.0,-38.0,-6.46890547263682,-5.715576689871611,-10.196305608505824,0.23831873670323778
1669093200,2022-11-22,40.54,40.78,40.33,40.76,1445698.0,-0.00539744847890089,0.0004906771344455052,-0.010549558390579028,0.013930348258706315,-7.032630029440611,3.9638843696313586,-18.02914442851258,-4.545714753025834,-9.60950278050376,-7.077608766764797,0,16.093111439132315,16.8577981651376,37.25260276209873,22.472723840903356,-4.981360956293784,2.777779431171252,9.449643429368948,0.6141130345567833,0,0.13079697069378954,30.0,72.0,-42.0,-7.032630029440611,-6.343237389275117,-10.981875150394814,0.19828090848372648
1669179600,2022-11-23,40.55,40.6,39.98,40.31,1272131.0,0.005953857603572255,0.007194244604316502,-0.0081865542049121,-0.011040235525024422,-5.343587199206183,5.5764564693490115,-16.263630867761364,-2.8826593897295965,-7.9384768047630985,-5.41056809724634,0,13.823005577661654,14.974329720479176,36.3657556264926,19.344934176491364,-2.830058213429936,2.7463758815413097,9.238998251801469,-0.550642176578648,0,0.24515094198905035,26.0,72.0,-46.0,-5.343587199206183,-4.793158691273845,-9.596431735118799,0.1199549957509436
1669352400,2022-11-25,40.37,40.56,40.13,40.53,770660.0,-0.003947693066864155,0.0007401924500369805,-0.00986923266716011,0.005457702803274511,-5.222057735011106,5.446638412307436,-15.890753882329648,-2.969405378731821,-7.652356279299283,-5.310880829015531,0,14.451352591166781,14.556246466930464,35.88820277360818,17.22944726279634,-2.525292531716161,2.612145065743352,9.043399158345956,0.33669566474426343,0,0.26650405295720936,22.0,68.0,-46.0,-5.222057735011106,-4.804239434704144,-9.691574867751939,0.0642212602397072
1669611600,2022-11-28,40.41,40.43,39.73,39.84,1664265.0,0.014307228915662495,0.014809236947791016,-0.0027610441767069727,-0.01702442635085122,-3.1362951807228967,7.5381531150844125,-13.81074347653022,-0.8278949129853004,-5.4990796519411305,-3.163487282463194,0,10.956035426203606,9.752066115702497,33.94330328647641,11.585195831302379,-0.3482326923767687,2.6110031441650796,8.344658251413577,-0.7406403396947175,0,0.186314049231095,18.0,64.0,-46.0,-3.1362951807228967,-2.854992184789893,-7.808772806967738,-0.03265092907792422
1669698000,2022-11-29,40.15,40.56,39.99,40.23,1383136.0,-0.00198856574695494,0.00820283370618946,-0.005965697240864931,0.009789156626505813,-3.550832711906537,6.732057818469855,-13.833723242282943,-1.2631535338470314,-5.871654652415259,-3.5674040931311595,0,12.17645372266611,11.71896695362399,32.812252236143195,10.0481512303189,-0.6147642282875978,2.5288355321650124,7.798099368833853,0.6154583248376844,0,0.14280515879265837,14.0,36.0,-21.999999999999996,-3.550832711906537,-3.4351465788366227,-8.36122390511916,-0.08123220902433581
1669784400,2022-11-30,40.36,40.95,39.75,40.95,3100546.0,-0.014407814407814468,0.0,-0.029304029304029422,0.017897091722595126,-4.6178266178266085,5.1408245766819505,-14.376477812335182,-2.3964183964184116,-7.026455026455025,-4.711436711436718,0,14.34241651412971,14.385474860335211,32.7213397791384,18.00818022561377,-1.7566445852577885,2.516231807024211,7.596091704811123,1.3648981678694099,1,0.274233786913568,10.0,36.0,-26.0,-4.6178266178266085,-4.644133950189385,-9.581378461272365,-0.07575399785990311
1669870800,2022-12-01,41.02,41.54,40.63,41.09,1742669.0,-0.0017035775127768327,0.010951569724993782,-0.011194937941104932,0.0034188034188034067,-4.185933317108777,4.554313525425968,-12.926180159643522,-2.0434817879451828,-6.6042021578648615,-4.323841972905015,0,14.75551335118297,17.83768282190997,32.80958815785474,17.73035284231726,-1.741759709590383,2.486729483136909,7.837381534933471,0.7710098228938538,0,0.214029238911923,50.0,80.0,-30.0,-4.185933317108777,-4.495785580948734,-9.501627203539826,-0.0735211081848075
1669957200,2022-12-02,40.57,41.26,40.34,41.11,1574911.0,-0.013135490148382334,0.0036487472634394447,-0.018730235952322927,0.00048673643222185703,-3.473607394794442,3.8498136700411862,-10.79702845963007,-1.4270655963674699,-5.934484715803137,-3.6807751560853035,0,14.81680673114289,17.895038715227997,32.90555764944289,10.836248675566274,-1.7027267267975503,2.467832449538246,7.639787254011232,0.6989678293571415,0,0.19422653818419602,50.0,84.0,-34.0,-3.473607394794442,-4.10965326580542,-9.17131523167356,-0.0809299250941149
1670216400,2022-12-05,40.57,40.68,40.11,40.37,1274034.0,0.004954173891503766,0.0076789695318306705,-0.006440426058954674,-0.01800048649963515,-1.2125340599454972,5.269117404712901,-7.69418552460391,0.7674841053587897,-3.5847576583271348,-1.4086367764841867,0,10.70506853793065,10.906593406593403,31.23108755056883,3.6582613824232126,0.060469412038656856,2.510498772084513,7.124123484479803,-0.572103001154288,0,0.27357788270797095,46.0,84.0,-38.0,-1.2125340599454972,-2.1279463408565533,-7.2120171208142665,-0.14231056330645275
1670302800,2022-12-06,40.82,41.58,39.15,39.49,4223314.0,0.03367941250949613,0.05292479108635084,-0.00860977462648782,-0.02179836512261568,1.3408457837427221,6.882805316341958,-4.201113748856528,3.654511690723396,-1.1694943867645833,1.2425086519793922,0,6.239215532243655,7.572868428221197,27.79936126549159,-8.786535667352894,2.0040988316873296,2.8226582870485712,5.40487324741542,-1.861443397908849,-1,0.16009033422709387,42.0,84.0,-42.0,1.3408457837427221,0.04799445088303855,-4.942580363952331,-0.2429121373960359
1670389200,2022-12-07,39.41,40.29,39.24,39.67,2494019.0,-0.006554071086463442,0.015628938744643328,-0.010839425258381663,0.004558115978728683,1.1835139904209768,5.724097022159995,-3.3570690413180415,3.533736660784797,-1.3137551466263346,1.1099907570792453,0,6.921563079414192,6.439495572846789,25.2604729517027,-9.01956190758586,1.4455040961496763,2.7982067860242084,3.808426598712778,1.0920963244039796,0,0.21719539452249326,38.0,84.0,-46.0,1.1835139904209768,-0.3673032080832854,-5.163156052161398,-0.2946225639637614
1670475600,2022-12-08,39.92,39.92,39.16,39.24,1573166.0,0.017329255861366022,0.017329255861366022,-0.0020387359836901986,-0.010839425258381663,2.5802752293577953,5.550857460264382,-0.39030700154876286,4.97918790349982,0.05818892286784205,2.51868841318381,1,4.773898122268648,6.111411573823703,22.19729174927015,-8.609400657131708,2.6022823167804177,2.765150760194672,2.22409208047193,-0.6915743620018291,0,0.10719276119272811,34.0,80.0,-46.0,2.5802752293577953,0.655493122871917,-3.9621922552382074,-0.35123549094509343
1670562000,2022-12-09,38.93,39.38,38.79,38.98,1233139.0,-0.0012827090815802356,0.01026167265264255,-0.004874294510005095,-0.006625891946993034,3.222165212929724,6.368183854316072,0.07614657154336157,5.630237728749805,0.7815974003762705,3.2059175645630376,1,3.489384826882379,-0.8394810480793827,19.095654938028794,-16.873974766903245,3.1492268424426584,2.6928804254755305,0.28290302306253423,-0.5545132261723835,0,0.0034627116926247165,30.0,76.0,-46.0,3.222165212929724,1.2005050852554433,-3.191352418375317,-0.3963039274471669
1670821200,2022-12-12,38.89,39.99,38.63,39.82,1532429.0,-0.023355097940733316,0.004269211451531918,-0.029884480160723204,0.021549512570549156,0.9342039176293326,3.9972333585155866,-2.1288255232569213,3.2713879122718765,-1.4247446844131986,0.9233216139293461,1,6.92476600747392,-2.162162162162168,17.864976759018646,-10.282438586054482,0.8752688552385166,2.691738227031409,-0.8146125787887968,0.6980924533707074,0,0.029573388279282107,26.0,72.0,-46.0,0.9342039176293326,-0.8453300850949859,-5.028287561746097,-0.3606712520431552
1670907600,2022-12-13,40.95,41.48,39.25,39.61,2102891.0,0.03382984094925523,0.04721030042918439,-0.009088613986367067,-0.005273731793068781,1.3847513254228545,4.527233834108941,-1.7577311832632034,3.899267861651083,-1.0918959858621662,1.4036859378944655,1,5.839390735420707,-1.6633565044687233,16.390023737664883,-8.798904290519651,1.334793190607897,2.9148577390361003,-0.5069568562628142,-0.9613058851207078,0,-0.07684211702883699,22.0,64.0,-42.0,1.3847513254228545,-0.28920046138080124,-4.347334612831844,-0.3425111111305007
1670994000,2022-12-14,39.24,40.07,39.24,39.65,2215036.0,-0.010340479192938123,0.010592686002522056,-0.010340479192938123,0.0010098459984853037,1.105926860025221,4.11399505673846,-1.9021413366880324,3.5910046237915196,-1.3547709121479556,1.1181168558217678,1,6.00757048712034,-3.410475030450667,15.245189901651615,-10.196873993703129,1.1128529354052006,2.853445677466869,-0.23493457580000054,1.0149497142974444,0,-0.07819255006576135,18.0,64.0,-46.0,1.105926860025221,-0.3526684383961509,-4.269563720148952,-0.3195193328730699
1671080400,2022-12-15,39.18,39.47,38.95,39.29,1409181.0,-0.0027996945787731597,0.004581318401629009,-0.008653601425298918,-0.009079445145018905,1.9712395011453339,5.116834111729943,-1.17435510943929,4.330618477984217,-0.472130313056752,1.9292440824637254,1,4.057226072917324,-1.2069399044506008,13.462449673243624,-13.895053721138098,1.9054699685062673,2.8011645537764918,-0.3893431632822093,-0.6502758278187043,0,-0.08471822060247457,14.0,-20.0,34.0,1.9712395011453339,0.5069958815817159,-3.2593844034012562,-0.3195032612760079
1671166800,2022-12-16,38.83,39.35,38.51,39.05,3555351.0,-0.005633802816901401,0.00768245838668391,-0.013828425096030661,-0.006108424535505308,2.5224071702944997,5.855193429233836,-0.8103790886448223,4.904822876653881,0.12121212121213887,2.513017498932996,1,2.7677355059748834,-1.488395560040372,11.423751625607114,-16.108840354164585,2.206591489104653,2.7707166986142657,-1.125213488229214,-1.6146887233806353,0,-0.005937765003434971,10.0,-20.0,30.0,2.5224071702944997,1.0175934340095978,-2.560317063228183,-0.3255024277804949
1671426000,2022-12-19,39.24,39.72,38.83,39.13,1332473.0,0.0028111423460259743,0.015077945310503438,-0.007666751852798526,0.0020486555697825093,2.1364681829798116,5.55886743337517,-1.2859310674155608,4.548087571343373,-0.19507624158788417,2.1765056648777517,1,3.1597827935657676,-3.40656627993087,9.87378771319014,-16.301799626790014,1.8762618606061636,2.730010463384929,-1.4551550467832257,0.606960760669844,0,-0.013296902545724182,6.000000000000007,-19.999999999999993,26.0,2.1364681829798116,0.7338218738069884,-2.651312460042192,-0.31379380447425775
1671512400,2022-12-20,39.14,39.72,38.93,38.97,1457223.0,0.004362329997434022,0.019245573518090753,-0.0010264305876315216,-0.004088934321492599,2.397998460354117,5.995761212940792,-1.199764292232544,4.869985458900032,0.08168676759903803,2.475836113249528,1,2.2467934310088467,-3.0597014925373234,8.185977103166948,-25.613715679851865,2.008994275430666,2.6902177913766625,-1.7615293511548096,-0.6691398798125825,0,-0.17318432827602795,2.0,-48.0,50.0,2.397998460354117,1.0381301227064625,-2.1633267277046,-0.3062011067147292
1671598800,2022-12-21,39.49,39.76,39.22,39.49,1230893.0,0.0,0.006837173968093024,-0.006837173968093246,0.013343597639209781,0.8888326158521096,4.321548698016954,-2.543883466312721,3.3569680087786082,-1.3910694690639076,0.9829492698573574,1,4.896815447780405,-3.1157998037291366,7.846414547943649,-27.225046693786467,0.4193065713114805,2.6080585234767044,-2.0045725616670715,0.5691999542787732,0,-0.17714572028924006,-2.0,-48.0,46.0,0.8888326158521096,-0.26448807201879276,-3.3162713252567073,-0.25749230745571905
1671685200,2022-12-22,38.92,39.02,37.53,38.12,1688136.0,0.02098635886673672,0.02360965372507895,-0.015477439664218218,-0.03469232717143589,4.227439664218281,8.238603333899448,0.21627599453711355,6.913693599160538,1.7667890870934002,4.340241343126976,1,-2.4250084762200146,-5.432895063259749,4.24881704922137,-27.227306661962245,3.607456518754958,2.8760661898464175,-2.9547567462725333,-0.7833869633286102,0,-0.22811399162831325,-6.0,-56.0,50.0,4.227439664218281,3.003737513970407,0.1522446263168007,-0.30559463563405875
1671771600,2022-12-23,38.15,38.58,37.89,38.53,1063983.0,-0.009862444848170338,0.0012976901116013018,-0.01661043342849733,0.010755508919202628,2.858811315857764,6.928853283036986,-1.2112306513214435,5.540704213167231,0.38108832944026005,2.9608962713037386,1,-0.3111493001029473,-4.934616333580064,2.2804595174865847,-23.182400357783933,2.2778925767313183,2.7701296967859745,-3.837070631977607,0.49885916961876614,0,-0.1922017804178998,-10.0,-56.0,46.0,2.858811315857764,1.7259859436907163,-0.8776585127939143,-0.2975627458330055
1672117200,2022-12-27,38.48,38.98,38.34,38.67,1139561.0,-0.004913369537108969,0.008016550297388125,-0.00853374709076804,0.003633532312483867,2.335143522110144,6.52230117255786,-1.8520141283375295,4.978019136281347,-0.14740108611327685,2.415309025084042,0,0.4075931603471403,-2.9367469879518113,1.0163340434595465,-14.951941212713166,1.5137485591776283,2.6811671355113345,-5.152755527641265,0.538127719890497,0,-0.08880393609118409,-14.0,-56.0,42.0,2.335143522110144,1.228394756360501,-1.1880278791379624,-0.2713206241806861
1672203600,2022-12-28,38.81,38.94,37.92,38.03,1140614.0,0.02051012358664206,0.02392847751774907,-0.002892453326321265,-0.016550297388156165,3.7680778332895244,8.29446312553766,-0.7583074589586545,6.545709527565975,1.2157068980629333,3.8807082128144543,0,-2.8347539116345857,-5.468555804126264,-1.473457472118107,-12.76432438169639,2.957049119187701,2.723131232284479,-5.910062606491099,-0.5433698525222952,0,-0.11365558740527919,-18.0,-68.0,50.0,3.7680778332895244,2.652715875112051,0.4562389515877783,-0.28419972056762866
1672290000,2022-12-29,38.49,39.07,38.31,38.97,873876.0,-0.012317167051578037,0.002566076469078915,-0.016936104695919885,0.024717328424927576,1.0110341288170446,5.0928996388244485,-3.070831381190388,3.692584039004359,-1.3959455991788445,1.1483192199127643,1,1.9442078423990665,-4.835164835164845,-1.274785137492815,-7.602266971970394,0.3832917124782682,2.658251493693178,-6.783367578676543,0.422226444226829,0,-0.03145212140761155,-21.999999999999996,-68.0,46.0,1.0110341288170446,0.1597968032549062,-1.8897454557224478,-0.21944443752055412
1672376400,2022-12-30,38.67,39.0,38.52,38.77,830554.0,-0.0025793139025019896,0.005932421975754387,-0.006448284756254807,-0.005132152938157497,1.2329120453959064,4.83589506232174,-2.3700709715299126,3.8724099389562383,-1.1314590318975206,1.3704754535293517,1,0.9128257083192395,-5.646142613774641,-1.5664797318648875,-6.800272867229985,0.8760030080078991,2.5695434415783565,-7.594293624277313,-0.40378853381047003,0,-0.010088601490207884,-26.0,-68.0,42.0,1.2329120453959064,0.612056876369806,-1.329371122843952,-0.18167598690244796
1672722000,2023-01-03,39.3,39.44,38.64,38.79,1763282.0,0.01314771848414531,0.01675689610724418,-0.003866976024748614,0.0005158627805001981,0.8816705336427049,3.7593104771256094,-1.9959694098402423,3.552461974735749,-1.4178912090745115,1.067285382830633,1,1.0152068927131879,-5.643395767453175,-1.7534274952876123,-6.254102052240064,0.7249917434735806,2.532087780337177,-8.726183728466697,0.868696826570261,0,-0.11324130734876241,-30.0,-68.0,38.0,0.8816705336427049,0.5068309908546667,-1.3261181137246325,-0.14834828225648944
1672808400,2023-01-04,39.29,40.42,39.1,40.08,1667471.0,-0.019710578842315307,0.008483033932135786,-0.024451097804391142,0.03325599381283828,-2.401447105788421,0.23708345658212693,-5.0399776681589685,0.24825349301396216,-4.749251497005972,-2.2504990019960047,1,7.091412294921049,-0.7183552142680187,1.0799945790870955,-7.459961598382598,-2.6179154540368614,2.5660391805507348,-8.659242251461666,0.8299681004985361,0,-0.011073049741812283,-34.0,-68.0,34.0,-2.401447105788421,-2.4682307901223766,-4.325450060632434,-0.03816449571182598
1672894800,2023-01-05,39.7,41.0,39.53,40.46,1634487.0,-0.018783984181907964,0.01334651507661877,-0.022985664854176968,0.00948103792415167,-3.198220464656444,-0.23062332737900704,-6.165817601933881,-0.7801944307134505,-5.493491514252767,-3.1368429724830946,1,8.680671390148227,2.456318055203846,4.137928843175675,1.8053073300248244,-3.4439997081326226,2.619887463163186,-8.05295765247806,0.8205166887644856,0,0.010762534272570307,-38.0,-68.0,30.0,-3.198220464656444,-3.061939024190849,-5.019160964146266,0.056428088388002645
1672981200,2023-01-06,40.74,41.78,40.59,41.56,1416811.0,-0.019730510105871013,0.005293551491819093,-0.02333974975938402,0.027187345526445972,-5.532964388835438,-1.7274426177632591,-9.338486159907617,-3.199791466153357,-7.822024382418988,-5.5109079242861725,0,12.87100987330593,4.764305520544494,8.842615643491202,8.778250989637947,-5.659569245911669,2.595229629923299,-6.858587666232257,0.716546217403229,0,0.0328485228163446,50.0,24.0,26.0,-5.532964388835438,-5.091703338210365,-7.2376754504984575,0.1821098162029042
1673240400,2023-01-09,41.42,41.55,40.6,40.69,2371754.0,0.01794052592774653,0.0211354141066602,-0.002211845662324796,-0.020933589990375423,-3.3349717375276526,0.8422100437643252,-7.512153518819602,-0.9216023593020424,-5.689358564757924,-3.305480462029962,0,7.9760676866313105,3.695208970438317,10.363419017473435,11.925471345883608,-3.0196690669574764,2.629903213241162,-5.749529821861152,-1.1955877550404796,-1,-0.11499129895963228,46.0,24.0,22.0,-3.3349717375276526,-2.7707903240347065,-5.048256687056636,0.19455331032139128
1673326800,2023-01-10,40.88,41.54,40.72,41.49,1516754.0,-0.014702337912749996,0.0012051096649794424,-0.018558688840684567,0.019660850331777002,-4.896360568811758,-0.24047369184881973,-9.55224744577471,-2.539166064111825,-7.270426608821396,-4.904796336466632,0,10.921078092415442,6.439199589533108,13.034125341048398,12.425456625424907,-4.521225982792558,2.5413006623079184,-4.719690394945125,0.783156090014296,0,-0.02471015296862717,42.0,24.0,18.0,-4.896360568811758,-4.2031076994048675,-6.609324555040615,0.24150103705170706
1673413200,2023-01-11,41.52,42.05,41.39,41.96,2000897.0,-0.010486177311725409,0.002144899904670927,-0.01358436606291702,0.011328030850807469,-5.706625357483318,-0.4251454302508222,-10.988105284715814,-3.437797902764544,-7.949237368922795,-5.693517635843648,0,12.544351706570893,5.374183827222502,15.915548313122436,20.70142909336633,-5.008637674834773,2.4456988598478513,-3.3482887880943046,1.0362579907061569,0,0.11188841274825463,50.0,36.0,14.0,-5.706625357483318,-4.773652719730649,-7.3551949165606345,0.28600401213850124
1673499600,2023-01-12,42.35,43.21,42.2,42.97,1825235.0,-0.014428671165929607,0.005585292064230973,-0.01791947870607391,0.024070543374642428,-7.531999069117987,-1.3239987428445517,-13.739999395391422,-5.537584361182198,-9.659064463579227,-7.59832441238072,0,15.761450674515231,8.482706387275938,19.835212624673186,21.730141091021437,-6.595433298000316,2.425412769822477,-1.3110289616756248,0.9534651782043545,0,0.1544661097531995,50.0,40.0,10.0,-7.531999069117987,-6.3441236901471285,-9.15895492808265,0.3604514222313264
1673586000,2023-01-13,42.38,42.86,42.2,42.85,1268010.0,-0.010968494749124869,0.00023337222870467578,-0.01516919486581092,-0.0027926460321153757,-6.899649941656932,0.08387157948727975,-13.883171462801172,-4.944768572539871,-9.03811746402178,-6.991443018280819,0,15.062551606581579,8.070617906683488,22.546278513370908,22.63463204126279,-5.605787735809514,2.38683085072601,0.5807123057131456,-0.6682133822481345,0,0.2346923284520216,46.0,39.99999999999999,6.000000000000007,-6.899649941656932,-5.502620330440422,-8.555359264980837,0.3768292659931929
1673931600,2023-01-17,42.86,43.25,42.62,42.62,1839674.0,0.00563115908024403,0.014781792585640607,0.0,-0.005367561260210096,-6.006569685593604,1.5081359766022615,-13.52127534778947,-3.9973408415454372,-8.13858908180822,-6.067964961676836,0,13.696763190997217,8.475439043013486,24.100320273158747,23.833259621192596,-4.365441180424284,2.333887721051358,2.566728101964923,-0.9840186206747005,0,0.0969917297306795,42.0,40.0,2.0,-6.006569685593604,-4.517170948166594,-7.745723760692741,0.34807286379829505
1674018000,2023-01-18,43.08,43.17,42.0,42.24,1680983.0,0.019886363636363535,0.022017045454545414,-0.005681818181818232,-0.008916001877052881,-4.783380681818201,3.0335727521512865,-12.60033411578766,-2.680318813131322,-6.936947601010104,-4.808633207070699,0,11.453246425496246,8.169014084507054,24.378732174344474,16.6561453334821,-2.934225201707477,2.384526905312695,3.3220445415784106,-0.9144137002381884,0,0.04754354795820488,38.0,40.0,-2.0,-4.783380681818201,-3.309788386551176,-6.644577478533293,0.28216867071696594
1674104400,2023-01-19,41.71,42.19,41.35,42.09,1743266.0,-0.009028272748871524,0.002375861249702904,-0.0175813732478024,-0.0035511363636363535,-4.092421002613449,3.886071643691679,-12.070913648918605,-2.0246297616219238,-6.28454898233943,-4.154589371980677,0,10.566843957705316,7.564528494761055,24.22110204087944,14.541875001201063,-2.09991745420308,2.3731314093020184,3.0279448022378084,-0.9611260724830771,0,0.14535232905813247,34.0,40.0,-6.0,-4.092421002613449,-2.6828041583347613,-6.0643535477054655,0.21047071188379718
1674190800,2023-01-20,42.3,42.85,42.08,42.77,1436400.0,-0.010989010989011172,0.0018704699555762705,-0.016132803366846082,0.01615585649798046,-5.173018470890824,2.8913684783387055,-13.237405420120368,-3.1918790429428867,-7.3793936559894036,-5.285636349466145,0,13.106254520085116,9.75109058249937,25.151095832320603,15.557255424944884,-3.2424594164734657,2.297181457676919,3.292766842411538,0.7929272304227653,0,0.1632798831121006,30.0,40.0,-10.0,-5.173018470890824,-3.8271878524799376,-7.261450164501966,0.19138881404099095
1674450000,2023-01-23,42.86,43.17,42.71,43.03,1087527.0,-0.0039507320474088115,0.003253544039042433,-0.007436672089240037,0.006079027355623046,-5.334650244015819,2.968745110890552,-13.63804559892219,-3.381749167247662,-7.5253698969711,-5.453559532109381,0,14.038332055543975,8.964294758166622,26.30070276551036,19.407692474668863,-3.4371515731582747,2.1965669504381395,3.779159718351927,0.6109523423499795,0,0.17828852046155189,50.0,64.0,-14.0,-5.334650244015819,-3.9884550806865207,-7.5150665305335025,0.17904631587612696
1674536400,2023-01-24,42.46,43.2,42.13,42.88,1676846.0,-0.009794776119403048,0.00746268656716409,-0.017490671641791078,-0.003485940041831226,-4.448460820895534,3.661349999811577,-12.558271641602659,-2.5664645522388128,-6.626632462686558,-4.5965485074627,0,13.07067585417969,12.486883525708304,26.835213258408718,12.106992556149258,-2.4387048729281275,2.2250426212779697,3.3833798515619478,-0.9434087630435427,0,0.25561415266804843,46.0,64.0,-18.0,-4.448460820895534,-3.3047277233440866,-6.909520562460671,0.14500163207787176
1674622800,2023-01-25,42.8,43.27,42.68,43.2,1113732.0,-0.009259259259259411,0.0016203703703703276,-0.012037037037037068,0.00746268656716409,-4.615740740740733,3.2933470328401597,-12.524828514321655,-2.753858024691354,-6.760802469135811,-4.757330246913568,0,14.2826555615284,12.12042564235661,27.772943819317575,11.368337923698803,-2.6869066217827964,2.148359389558849,3.0777445515756128,0.633523697838186,0,0.2636862521048774,50.0,72.0,-21.999999999999996,-4.615740740740733,-3.638037666184843,-7.301076545114995,0.1288029312906589
1674709200,2023-01-26,43.61,43.78,43.13,43.65,1127275.0,-0.0009163802978235935,0.002978235967926679,-0.011912943871706716,0.010416666666666519,-5.028636884306991,2.684208695756169,-12.741482464370137,-3.19893088965253,-7.166857579228719,-5.18289423444061,0,15.93743555004447,12.878200155159028,29.24464289844891,10.670800259648509,-3.22759869159853,2.080704685282686,3.23489591066944,0.6509352535400247,0,0.2807171333568484,50.0,76.0,-26.0,-5.028636884306991,-4.190368533687362,-7.9329419988317795,0.1326416379447165
1674795600,2023-01-27,44.53,44.81,44.17,44.28,2035859.0,0.005645889792231351,0.011969286359530207,-0.0024841915085817012,0.014432989690721598,-5.674119241192415,1.5362828413875889,-12.884521323772418,-3.927657332128888,-7.753312255344767,-5.8404847937368345,0,18.114441223810516,16.434393899552983,31.414566796509135,11.97020654906084,-4.032494649726232,2.0917148562131573,4.129434489138479,1.1847605084012787,0,0.17498154358308665,50.0,80.0,-30.0,-5.674119241192415,-5.02460763046156,-8.880374884514481,0.1600230344115583
1675054800,2023-01-30,43.59,44.82,43.59,44.46,1787523.0,-0.019568151147098423,0.00809716599190291,-0.019568151147098423,0.004065040650406582,-5.438596491228068,1.5943088267002565,-12.471501809156393,-3.644474433948119,-7.560353876143353,-5.602414155045722,0,18.7157755058023,14.087759815242501,33.44734052752841,13.143691789152697,-3.722030695572471,2.1320524706486434,4.120136138013571,1.0482332626599615,0,0.2999033647417762,50.0,84.0,-34.0,-5.438596491228068,-4.893968780562446,-8.886563376830807,0.17164248112425717
1675141200,2023-01-31,44.77,45.65,44.68,45.54,2062864.0,-0.016908212560386437,0.0024154589371980784,-0.018884497145366663,0.02429149797570851,-6.937856829161177,-0.12543621595145282,-13.750277442370916,-5.159200702678959,-9.089811155028528,-7.124505928853736,0,22.04545207423581,17.461955119938086,36.6728609197711,14.30602695034294,-5.280833592986454,2.119461206765642,4.6899649088939555,1.2132460146387223,0,0.30428639007766106,50.0,88.0,-38.0,-6.937856829161177,-6.468547993069748,-10.614126679825077,0.2298182219955649
1675227600,2023-02-01,45.54,46.74,45.47,46.51,1992883.0,-0.020855729950548296,0.0049451730810579075,-0.02236078262739194,0.021299956082564853,-8.048806708234807,-1.2971010438289454,-14.800512372640668,-6.303662294846973,-10.253350533935333,-8.27850641439116,0,24.601179740965932,19.902036607373034,40.539992989655424,14.613881927617399,-6.416352650545036,2.1220681015286966,5.843203010397126,1.170237386226048,0,0.29627389832860135,50.0,92.0,-42.0,-8.048806708234807,-7.617384726769998,-11.98898787145184,0.3065811323975538
1675314000,2023-02-02,46.51,47.21,46.24,46.44,1777245.0,0.0015073212747631626,0.016580534022394566,-0.00430663221360883,-0.0015050526768436434,-7.225452196382406,-0.17784266282747296,-14.273061729937353,-5.471935113407966,-9.35221073786964,-7.41207292563881,0,24.086656734582476,15.868263473053892,43.349306809210546,14.783884652916043,-5.623129445142766,2.1226560173300357,7.148501371668331,-1.0560930838695302,0,0.2084289482099757,46.0,92.0,-46.0,-7.225452196382406,-6.76593116484085,-11.391373000439103,0.3239009511739992
1675400400,2023-02-03,45.76,46.53,45.62,45.86,2162104.0,-0.002180549498473683,0.014609681639773164,-0.005233318796336706,-0.01248923341946595,-5.463366768425644,1.6304333096555297,-12.557166846506803,-3.7189271696467614,-7.526166593981685,-5.622546881814216,0,19.8829110079719,13.346515076618878,43.746795260990574,11.948292402837765,-3.8535859756565287,2.1377015307184744,7.516356592699182,-1.282192468801672,0,0.10480816476897747,42.0,84.0,-42.0,-5.463366768425644,-5.054707933679083,-9.867949661321845,0.26976981387053556
1675659600,2023-02-06,45.61,45.61,44.73,45.24,2136497.0,0.008178603006189222,0.008178603006189222,-0.011273209549071739,-0.013519406890536323,-3.761052166224559,3.4066746282334748,-10.928778960682621,-2.0044945475980143,-5.795387562628946,-3.899941055113459,0,15.688909478731006,8.854667949951876,42.11327436752103,3.436829490079866,-2.1021718672806884,2.1906260240364723,6.787470489092279,-1.256710159349778,0,0.19500007171415895,38.0,84.0,-46.0,-3.761052166224559,-3.3960351258178036,-8.294180233500995,0.17052467866880927
1675746000,2023-02-07,45.02,45.88,44.9,45.57,2653509.0,-0.012069343866578874,0.006802721088435382,-0.014702655255650732,0.007294429708222694,-3.922536756638138,2.8338141552963805,-10.67888766857267,-2.2167361568283184,-5.9867602955160635,-4.101748226172191,0,16.80507333654512,11.993118702383885,41.24218160747174,11.977292861954162,-2.2678070150771674,2.1730320343213436,6.301721933923982,1.5358630533643431,0,0.26665040618195435,34.0,80.0,-46.0,-3.922536756638138,-3.7055455790128633,-8.606972670537289,0.10844367796041521
1675832400,2023-02-08,44.95,45.45,44.62,44.92,1989603.0,0.0006678539626001623,0.01179875333926983,-0.006678539626001845,-0.0142637700241387,-2.150489759572565,4.366347548438583,-8.667327067583741,-0.38364499851589073,-4.210448204214899,-2.297046601365409,0,12.583911995551581,8.26705230175946,38.55278225339017,11.063548567057431,-0.3599733198715285,2.1980757973735967,5.520068856221627,-1.135567711256113,0,0.18896531708548833,30.0,76.0,-46.0,-2.150489759572565,-2.0919439094652006,-6.998833431644428,0.010122349785341545
1675918800,2023-02-09,46.41,48.92,45.8,46.19,6375458.0,0.0047629357003680095,0.059103702100021804,-0.008443386014288845,0.028272484416740795,-4.38298332972505,1.9642070025966945,-10.73017366204681,-2.2966731615789797,-6.550840730316793,-4.423756945947886,0,16.887066353123927,10.081029551954234,38.13937723430411,17.891121694133204,-1.8539519449135753,2.603513968135164,6.675811047904308,3.45309657087026,0,-0.039622980653703364,26.0,72.0,-46.0,-4.38298332972505,-4.328325331034691,-9.18117082032181,0.016747296584418647
1676005200,2023-02-10,45.72,46.72,45.67,46.54,4010104.0,-0.01761925225612382,0.0038676407391491363,-0.018693596905887344,0.007577397705130995,-4.718521701761929,1.837486751984187,-11.274530155508032,-2.649333906317139,-6.8801031370863655,-4.764718521701752,0,17.956155403306354,8.308121945543403,38.28006605172373,8.473160787556353,-2.1684863148700373,2.5605194186968534,7.611008639012994,2.1118692484127055,1,0.03105641776560581,50.0,92.0,-42.0,-4.718521701761929,-4.567071432428179,-9.477335848286756,0.030052823542870533
1676264400,2023-02-13,46.53,48.11,46.44,48.03,2752322.0,-0.031230480949406614,0.0016656256506348832,-0.033104309806371135,0.03201547056295673,-7.13512388090777,-0.13249633881066814,-14.137751423004858,-5.055173849677274,-9.3649802206954,-7.210077035186359,0,22.00630502623318,12.088681446907817,40.27822998678338,14.65256202860624,-4.579720375240555,2.552222507807576,8.998861330650655,1.4548105612133595,0,0.08348466360607623,50.0,96.0,-46.0,-7.13512388090777,-6.810702224640309,-11.803768604011381,0.11953175129959526
1676350800,2023-02-14,47.79,48.22,47.18,47.86,2034170.0,-0.0014625992478061178,0.007521938988717114,-0.014208106978687796,-0.0035394545075994044,-6.2578353531132365,1.091718070741308,-13.607388776967795,-4.160746622092205,-8.571528067976047,-6.366137345034133,0,20.92960911264528,12.294697325199442,41.308525074695254,15.735015114617426,-3.8211783042218315,2.5335535365798636,10.32559611908605,-1.071909652123354,0,0.07487655905669414,46.0,92.0,-46.0,-6.2578353531132365,-5.862577885041688,-11.039885653614974,0.145854298725429
1676437200,2023-02-15,47.67,47.95,47.31,47.57,1531176.0,0.0021021652301871363,0.007988227874710985,-0.005465629598486399,-0.006059339740910996,-5.126129913811212,2.2085806375511368,-12.460840465173575,-3.091934692733517,-7.41819073645857,-5.255062714596036,0,19.074931319837802,12.618371212121207,41.28155340384564,11.76433440281626,-2.9223168521327096,2.463026426302982,11.55756413691892,-0.807228102893336,0,0.04672737648994859,42.0,88.0,-46.0,-5.126129913811212,-4.785005129266935,-10.085890943673775,0.12322122796205459
1676523600,2023-02-16,46.93,48.6,46.66,48.47,2682803.0,-0.03177223024551268,0.002682071384361606,-0.03734268619764802,0.018919487071683783,-6.22962657313802,0.9605873711658433,-13.419840517441898,-4.155491369231839,-8.628361185613102,-6.391926277422456,0,21.508673046623358,15.157994773105237,42.311518085725794,12.63754617636512,-4.252857886682619,2.530519868386966,11.931316156082197,1.3936586400198823,0,0.14767953535427616,50.0,80.0,-30.0,-6.22962657313802,-5.9288820635104,-11.29443552200776,0.1467523609538084
1676610000,2023-02-17,48.24,48.59,47.68,48.58,2871440.0,-0.0069987649238368865,0.00020584602717188538,-0.01852614244545081,0.0022694450175366754,-5.843968711403875,1.3841514925176739,-13.072088915325395,-3.769726910937294,-8.261287223823231,-6.01550706738027,0,21.79425317805338,13.584288052373147,43.24201238683298,18.505763814719288,-3.9599272764594815,2.4782477713775677,12.278371602448097,1.5129008007703895,1,0.19917774851576142,50.0,84.0,-34.0,-5.843968711403875,-5.556946184740568,-11.044496322150678,0.14723434890372866
1676955600,2023-02-21,48.39,48.86,47.38,47.52,2710156.0,0.018308080808080662,0.028198653198653112,-0.002946127946127919,-0.021819678880197535,-3.2712542087542005,3.8000600363652097,-10.34256845387361,-0.9950196408529735,-5.801416947250289,-3.398218294051631,0,15.168398092831225,10.43458052521497,40.98475281262191,11.795002155257073,-1.4689324493153606,2.5750249481959306,12.231462211367884,-1.424678892182155,0,0.09510654249507226,46.0,84.0,-38.0,-3.2712542087542005,-3.121665531745265,-8.7049167884622,0.058242069142527164
1677042000,2023-02-22,47.71,48.18,47.27,47.91,2233308.0,-0.004174493842621474,0.005635566687539173,-0.013358380296388916,0.008207070707070496,-3.533709037779161,3.030569372779638,-10.097987448337946,-1.2906143463438156,-6.024490363876708,-3.657552355110255,0,16.37041050814571,11.730410447761178,39.67679662224444,6.108279023122051,-2.088572255402653,2.5073015057958643,12.049433495343564,1.165916684862134,0,0.08493064287847776,42.0,84.0,-42.0,-3.533709037779161,-3.5378729714466175,-9.077569725751488,0.010237041221333953
1677128400,2023-02-23,48.33,48.42,47.64,47.94,2233303.0,0.008135168961201478,0.010012515644555853,-0.006257822277847214,0.0006261740763933155,-3.099707968293714,2.960047232678491,-9.15946316926592,-0.8162981504658546,-5.586844666944785,-3.2015714087053198,0,16.464118853509774,10.972222222222209,38.67610460921117,6.700414109842647,-1.99046154298469,2.442968289014301,12.030936445916055,1.153864411911961,0,0.09770555818554605,38.0,84.0,-46.0,-3.099707968293714,-3.2555479937006027,-8.7762529601859,-0.03255915967541512
1677214800,2023-02-24,47.14,48.13,47.09,47.95,2234541.0,-0.016892596454640252,0.00375391032325334,-0.017935349322210636,0.0002085940759284366,-2.671532846715337,2.897008036113661,-8.240073729544335,-0.3580118178658438,-5.20889815780329,-2.78345498783456,0,16.49687532826232,9.851088201603675,37.87861605915499,6.475662233977204,-1.8062885061168288,2.422920746431539,11.293127228129748,1.1461883271716775,0,0.1620937439952714,34.0,80.0,-46.0,-2.671532846715337,-2.9637503803983662,-8.450364872990363,-0.07104926550204027
1677474000,2023-02-27,48.37,48.74,48.06,48.32,1680224.0,0.0010347682119205004,0.008692052980132425,-0.005380794701986713,0.007716371220020779,-2.9987582781457007,2.2245138667200735,-8.222030423011446,-0.70778145695364,-5.529801324503296,-3.118791390728475,0,17.72469859960276,9.123757904245707,37.69425047042228,11.484293408775756,-2.2201428740695377,2.349408182485957,11.031894865608713,0.8656095953302549,0,0.14468789439032614,30.0,72.0,-42.0,-2.9987582781457007,-3.353757474043988,-8.792508597639298,-0.08168638479008905
1677560400,2023-02-28,48.47,48.86,48.3,48.6,2045608.0,-0.002674897119341657,0.005349794238683092,-0.006172839506172978,0.005794701986755024,-3.131687242798364,1.7522317508110348,-8.015606236407763,-0.9067215363511707,-5.563100137174217,-3.234910836762694,0,18.640194921049982,9.31174089068826,37.90466147723943,11.023690096228762,-2.370195128502644,2.251328988698382,10.870459826305101,1.0556892588135645,0,0.12487505050635633,50.0,96.0,-46.0,-3.131687242798364,-3.5381321396926495,-8.952572725110414,-0.07986558629688711
1677646800,2023-03-01,48.61,49.26,48.22,48.95,1522900.0,-0.006945863125638496,0.006332992849846786,-0.014913176710929621,0.007201646090535085,-3.4759959141981653,1.4207532135254581,-8.372745041921803,-1.248552945182169,-5.8859380320054555,-3.5672454885938123,0,19.76851467124699,7.487922705314018,38.53638818735259,15.777649705691488,-2.6835936918369185,2.2273305925282907,10.990564347813553,0.7850107797356557,0,0.15804718318693844,50.0,96.0,-46.0,-3.4759959141981653,-3.8251969626851547,-9.226964965281866,-0.0656825892605617
1677733200,2023-03-02,48.59,49.0,48.06,49.0,1969553.0,-0.008367346938775388,0.0,-0.019183673469387763,0.0010214504596526286,-3.3204081632652986,1.756215874442276,-8.397032200972873,-1.13333333333334,-5.698639455782313,-3.4159863945578195,0,19.931201824677714,5.353687379058272,39.12528181005682,5.131355508465695,-2.386361050921053,2.2031513448329116,10.866315410304587,1.0321212431823925,0,0.3871188235265749,50.0,96.0,-46.0,-3.3204081632652986,-3.549683610442486,-8.954116373540145,-0.06349029705206766
1677819600,2023-03-03,49.34,49.43,48.86,49.11,1663830.0,0.00468336387701096,0.006515984524536833,-0.00509061290979429,0.0022448979591835894,-3.265119120342092,1.9446176134986217,-8.474855854182778,-1.1406366659878984,-5.614267291115198,-3.377451978551562,0,20.30131123331431,5.749354005167963,39.76665204614907,14.71468978795832,-2.0470592608675275,2.124105370827246,11.05593472312195,0.8688931187464702,0,0.3230965133658783,50.0,96.0,-46.0,-3.265119120342092,-3.407079773610235,-8.798908178466831,-0.06495470285246197
1678078800,2023-03-06,49.28,49.32,48.42,48.59,2107215.0,0.014200452768059257,0.01502366742128003,-0.0034986622761885577,-0.010588474852372132,-1.948960691500318,3.160611703959887,-7.058533086960523,0.20168759003908576,-4.317760856143238,-2.058036633052083,0,16.243917832804044,5.952900130832979,38.642832511530024,6.7971565047808795,-0.7891575558440422,2.1257939492212365,10.571213197378661,-1.0930193853222672,0,0.20143922879980797,46.0,92.0,-46.0,-1.948960691500318,-2.147328047078048,-7.516113075627132,-0.10869137284929109
1678165200,2023-03-07,48.43,48.88,48.02,48.31,1669976.0,0.0024839577727178153,0.011798799420409845,-0.006002897950734831,-0.005762502572545847,-1.0629269302421989,3.5674372211530283,-5.693291081637426,1.112606085696541,-3.428896708755971,-1.158145311529708,0,14.145551456565485,6.786030061892132,36.804363171923065,0.5503968106172508,-0.12535763416676104,2.112547334039948,9.554438145681033,-0.8622942549248191,0,0.1638398537639786,42.0,64.0,-21.999999999999996,-1.0629269302421989,-1.4296899255235758,-6.706356733226741,-0.16106676164096556
1678251600,2023-03-08,48.44,48.86,48.08,48.39,1272058.0,0.00103327133705311,0.009712750568299233,-0.0064062822897292815,0.0016559718484785435,-0.9351105600330669,3.199687080737661,-5.069908200803781,1.234070400220432,-3.2585933732864873,-1.0122614865330348,0,14.483903563887935,6.1882817643186305,35.39410408426523,5.374744024876463,-0.20281595805114705,2.073543976319057,8.610289883390372,0.6596632568471376,0,0.16621430726078465,38.0,64.0,-26.0,-0.9351105600330669,-1.440968800853014,-6.5915501077142835,-0.19276966488217662
1678338000,2023-03-09,48.43,48.64,47.32,47.34,1885459.0,0.023024926066750995,0.02746092099704267,-0.00042247570764686326,-0.021698698078115308,1.5177439797211605,4.647410117666169,-1.6119221582238623,3.823757217293334,-0.8720602732009723,1.4758484720461809,1,7.046360591175862,5.3873552983081066,30.791124812150407,-2.527150781045634,2.0132557262963786,2.1673068821036714,6.701137541201852,-0.9695003121185289,0,0.023185576300673298,34.0,64.0,-30.0,1.5177439797211605,0.6741091544528075,-4.342507838954916,-0.2815281351528929
1678424400,2023-03-10,47.25,47.81,45.97,46.33,1774426.0,0.019857543708180492,0.0319447442262033,-0.007770343190157569,-0.021335023236163986,3.74595294625513,6.869475167459967,0.622430725050279,5.920210087056631,1.3983020361176983,3.659256061587172,1,1.0808852757430216,0.30309590820524046,23.962883092732774,-11.147102514654705,4.013909111504816,2.340051187728164,5.362054666577212,-0.9064888971807658,0,-0.11987427977428436,30.0,64.0,-34.0,3.74595294625513,2.5955970317126003,-2.168645960018324,-0.39820069768967126
1678680000,2023-03-13,45.26,45.39,44.41,44.81,2890956.0,0.01004240124972089,0.012943539388529324,-0.008926578888641012,-0.03280811569177633,7.072082124525764,11.375440823779442,2.7687234252721,9.344640333258951,4.684966153388359,7.014803243323669,0,-6.178544627371174,-3.7172324881822023,14.357623940386052,-11.142519331068328,6.81428806641307,2.5526659066165016,5.285177851434639,-1.4509348644597928,-1,-0.057773593122534606,26.0,-24.0,50.0,7.072082124525764,5.497100136136339,1.1047975989888528,-0.557892532561781
1678766400,2023-03-14,45.6,46.47,45.28,46.02,2956664.0,-0.009126466753585416,0.009778357235984192,-0.016079965232507654,0.027002901138138746,4.038461538461519,8.61981409239641,-0.5428910154733586,6.243300014486451,1.8104447341735295,4.026872374329997,0,-0.20036263306109703,-4.184884447220483,9.600553101679402,-1.7834947630721558,3.5725221634877755,2.5656616231782925,4.080528588892019,1.453524765503392,0,-0.06299548612871976,22.0,-24.0,46.0,4.038461538461519,2.4639143280407154,-1.4926191339980903,-0.5606829318956563
1678852800,2023-03-15,44.59,44.75,43.55,44.37,2402928.0,0.004958305161145038,0.008564345278341268,-0.01848095560063101,-0.03585397653194278,7.514086094207784,13.384785578132224,1.6433866102833576,9.814439185635933,5.180677635038691,7.497558410337319,0,-6.799173386538108,-7.2921019640618505,2.3433477686907356,-9.814452022019104,6.700194346852612,2.8686253947046687,4.042389549514834,-1.1633180000877041,0,-0.012877239770551118,18.0,-32.0,50.0,7.514086094207784,5.676720016905733,2.0854815810086365,-0.6462248824783337
1678939200,2023-03-16,43.97,45.45,43.78,45.37,2434989.0,-0.030857394754242873,0.0017632797002424816,-0.0350451840423186,0.02253775073247688,4.901917566674015,11.066566326513254,-1.2627311931652088,7.205201675115717,2.4465505840864097,4.825876129601056,0,-2.371957028050531,-4.624763506411609,-0.8467991061984289,-1.690187640386469,3.8121623766157313,2.867930057494884,3.357405594174516,1.1712221369083382,0,0.01340692913091228,14.0,-32.0,46.0,4.901917566674015,3.0286903196490584,-0.15812985616376807,-0.6085599654770458
1679025600,2023-03-17,44.95,44.99,43.82,44.21,3403676.0,0.016738294503505946,0.017643067179371252,-0.008821533589685626,-0.025567555653515428,7.172585387921288,14.245597678219738,0.09957309762282307,9.527256276860442,4.81791449898212,7.172585387921288,0,-6.511022636876454,-8.78894161336909,-5.327375041616034,-9.89027816912973,5.666480418512435,2.983380985573815,2.7213490642156515,-1.6102626680196304,0,-0.012003470678641711,10.0,-40.0,50.0,7.172585387921288,5.186094415449077,2.365029991824514,-0.6321049505611515
1679284800,2023-03-20,44.33,45.14,44.17,44.49,2257729.0,-0.0035963137783772137,0.014610024724657222,-0.007192627556754316,0.006333408731056256,6.038435603506386,13.491428175416615,-1.4145569684038293,8.430733498164386,3.7375440173821772,6.084138757773289,0,-5.290168101549625,-8.419102511321524,-8.040460967009597,-9.83454339678817,4.361368087349774,2.9085806663437026,1.9833059960474841,1.0618588392952577,0,-0.04217860662459922,6.000000000000007,-39.99999999999999,46.0,6.038435603506386,4.093233843916849,1.6533086619991764,-0.5994427184737119
1679371200,2023-03-21,45.46,46.09,45.11,45.63,1859554.0,-0.0037256191102345015,0.01008108700416388,-0.01139601139601143,0.02562373567093723,3.1821170282708664,10.586082009224484,-4.221847952682737,5.413835926656446,0.9474760756811946,3.180656001168842,0,-0.6047805930504566,-3.977272727272728,-7.842476156890426,-9.390775380248343,1.3846345177492765,2.883810463030599,0.4140439880900324,0.8709612808322348,0,-0.05811913688525805,2.0,-40.0,42.0,3.1821170282708664,1.3504602241647206,-0.8515942743874092,-0.47701365766232123
1679457600,2023-03-22,45.78,46.11,45.03,45.07,1602251.0,0.015753272686931385,0.02307521633015308,-0.0008875083203905287,-0.01227262765724313,4.1491013978256035,11.836954922098315,-3.5387521264471076,6.478071148583695,1.918497152577487,4.198284150580591,0,-2.6783430370319934,-5.927781256522639,-8.594379571125103,-8.71468680984811,2.192139443499002,2.8822585954628055,-0.9788776677655235,-0.7558967006013005,0,-0.1732373956200585,-2.0,-40.0,38.0,4.1491013978256035,2.36120373656226,0.36542107037220717,-0.41214123922565793
1679544000,2023-03-23,45.41,45.99,44.61,45.06,1748146.0,0.007767421216156034,0.020639147802929525,-0.00998668442077233,-0.00022187708009757667,3.8526409232135137,11.676787352400055,-3.971505505973056,6.259801745820397,1.5660600680573964,3.9129309069388967,0,-2.715654128408964,-6.007509386733408,-9.184257782404416,-14.526627323666347,1.7322082256178533,2.8957328857834193,-1.9307701969846,-0.822929146775185,0,-0.18609386001029998,-6.0,-40.0,34.0,3.8526409232135137,2.1568803454973704,0.37249108136518316,-0.350705860191536
1679630400,2023-03-24,44.55,45.9,44.31,45.79,2322029.0,-0.02708014850404028,0.002402271238261644,-0.03232146756933818,0.016200621393697157,1.9611268835990359,9.62620882734899,-5.703955060150918,4.3648540438232715,-0.3741719443837752,1.995341049719741,0,0.2957614285815424,-4.504692387904074,-8.279162582000033,-7.0163577034424165,-0.41731276036796316,2.8940542380342107,-2.574684336518935,1.0897862146806787,0,-0.07612729002629914,-10.0,-40.0,30.0,1.9611268835990359,0.47794958245629005,-1.1795374629320179,-0.24662089413359117
1679889600,2023-03-27,46.28,46.44,45.4,45.84,1966510.0,0.009598603839441555,0.013089005235601858,-0.009598603839441666,0.0010919414719372522,1.5794066317626374,9.09486425702923,-5.9360509935039545,4.019778941244894,-0.7926119837114669,1.6135834787667278,0,0.49963598135697396,-5.132450331125821,-7.474495719960486,-0.8560520898763926,-0.8168478826535619,2.8464592157108957,-3.7263463427484496,0.9217100078927783,0,-0.06755776627387546,-14.0,-40.0,26.0,1.5794066317626374,0.3332719565286766,-1.2368425559299254,-0.1640942115939189
1679976000,2023-03-28,45.91,46.32,45.63,46.07,1973926.0,-0.003472975906229747,0.005426524853483938,-0.009550683742131527,0.005017452006980783,0.7976991534621334,8.004763218274547,-6.409364911350281,3.2345705809999146,-1.5820128789523267,0.826278851023801,0,1.4636229832364194,-5.20576131687243,-6.401764300763789,0.18317699490068406,-1.499549946499684,2.736925138494894,-4.795746777104426,0.9191039214726909,0,-0.040495601874376196,-18.0,-40.0,22.0,0.7976991534621334,-0.15166719044701438,-1.66206849569393,-0.08754484518951183
1680062400,2023-03-29,46.46,46.71,46.09,46.53,1694815.0,-0.0015044057597248806,0.003868471953578423,-0.009456264775413614,0.009984805730410162,-0.45884375671609234,6.236364161225438,-7.154051674657609,1.9145354251737245,-2.7641664875707477,-0.42481553119851867,0,3.3751761417602992,-4.943820224719104,-4.679142629816353,6.139365663382009,-2.658652864848179,2.6145525693039464,-6.19776731261765,0.790209607817519,0,0.04040710988436604,-21.999999999999996,-40.0,18.0,-0.45884375671609234,-1.0303223131149224,-2.5309428385794916,-0.003877193928826239
1680148800,2023-03-30,46.93,47.11,46.5,46.6,1595047.0,0.007081545064377748,0.01094420600858359,-0.0021459227467811592,0.0015044057597248806,-0.8658798283261717,5.287798637603714,-7.019558294256086,1.5168097281831052,-3.084048640915597,-0.7836194563662389,0,3.6674713062923416,-4.897959183673466,-3.1454997518214594,11.76251267281529,-2.8186580137084434,2.517652825944611,-7.178499737528593,0.7442890934119496,0,0.04089740850890573,-26.0,-40.0,14.0,-0.8658798283261717,-1.0667045241728061,-2.572361248706585,0.054986011862714956
1680235200,2023-03-31,46.89,47.54,46.86,47.47,1393630.0,-0.012218243100905801,0.0014746155466609512,-0.012850221192332034,0.01866952789699572,-2.8554876764272166,2.647110318519182,-8.358085671373615,-0.5262973105821231,-5.06600660066006,-2.7961519556210845,0,7.179467957421217,-3.3394420688250874,-0.2807789058495494,19.592677497664,-4.315443708531291,2.436417108485427,-7.675274057883602,0.6524317206934762,0,0.0982708020490459,-30.0,-40.0,10.0,-2.8554876764272166,-2.6056157630409302,-4.187052989213669,0.14614537207228734
1680494400,2023-04-03,47.29,47.94,46.85,47.07,1733155.0,0.0046738899511364895,0.018483110261312774,-0.0046738899511366006,-0.008426374552348848,-2.191417038453366,2.9059780510885673,-7.288812127995314,0.180936194320509,-4.437716875575376,-2.1283903406274334,0,5.156082448764501,-3.12821568223915,1.3095933925498622,11.97786215353247,-3.3714420283630915,2.447020185464569,-7.769666081484612,-0.8091330807495258,0,0.040718068758788646,-34.0,-40.00000000000001,6.000000000000007,-2.191417038453366,-1.6086305352307164,-3.2405682252551173,0.17138708398116262
1680580800,2023-04-04,47.06,47.28,45.61,45.84,2441504.0,0.02661431064572417,0.03141361256544495,-0.005017452006980894,-0.02613129381771817,0.16361256544503533,4.878774175716231,-4.55154904482616,2.7217859220476868,-2.197498545666093,0.2621436881908039,0,-0.5122785153636826,-5.1128130821776,0.31373449476254545,11.660873816444017,-0.4039172612981048,2.593424522699489,-8.806576345807336,-1.1255996684071332,0,-0.05256092284316578,-38.0,-40.0,2.0,0.16361256544503533,0.9332184964546428,-0.6190089021383756,0.10063039192291112
1680667200,2023-04-05,45.57,45.57,44.57,44.85,2038041.0,0.016053511705685697,0.016053511705685697,-0.006243032329988907,-0.0215968586387435,1.9799331103679094,6.179849253370563,-2.219983032634758,4.6295057599405425,-0.44741731698255194,2.0910442214790095,1,-4.476065893007053,-7.315561066336018,-2.2574209427968444,3.972611383349701,1.840486809657932,2.663598569146488,-8.885529761948167,-0.9364734208549851,0,-0.16384516070346541,-42.0,-40.0,-2.0,1.9799331103679094,2.860111463260779,1.5129328543392404,-0.011500174928603446
1680753600,2023-04-06,44.8,44.85,44.25,44.52,2041154.0,0.0062893081761004055,0.0074123989218328745,-0.0060646900269542,-0.0073578595317724815,2.4191374663072622,6.469796816516023,-1.6315218839014847,4.961814914645089,0.008984725965845541,2.4853998203054886,1,-5.720496751696977,-5.9569074778200255,-4.8520757770373875,6.626663195984385,2.783016807481701,2.58793984363506,-8.713549281294537,-0.9299776814906106,0,-0.13732595683030482,-46.0,-40.0,-6.0,2.4191374663072622,3.2775467242305893,2.1765484943266955,-0.10153914600947792
1681099200,2023-04-10,44.44,45.36,44.29,45.35,1387253.0,-0.020066152149945005,0.00022050716648291946,-0.023373759647188574,0.018643306379155344,0.43660418963615655,4.348493303539968,-3.4752849242676405,2.768099963248801,-1.9242925395075332,0.4219037118706268,1,-1.9600366770752942,-2.1152600906539973,-5.331865698008854,5.222422974352433,1.0355409148324384,2.5276359488143445,-9.103365264168614,0.6305576565765478,0,-0.05941471559098375,-46.0,-36.0,-10.0,0.43660418963615655,1.2552225789805789,0.2944838659678908,-0.09875162291874542
1681185600,2023-04-11,45.71,46.47,45.34,46.1,2132546.0,-0.008459869848156165,0.008026030368763593,-0.016485900216919647,0.016538037486218293,-1.0574837310195306,2.7510456422191254,-4.866013104258201,1.231742588575571,-3.4168474331164163,-1.0925524222704297,1,1.174221345923911,2.8788216915866975,-4.301095817569027,5.717650135251063,-0.5490866357163497,2.48399097245661,-9.966987086243304,0.9684695725140812,0,-0.03492753580357179,-42.0,-28.0,-14.0,-1.0574837310195306,-0.35475412129052586,-1.284765717000326,-0.04280871637724701
1681272000,2023-04-12,46.58,47.01,46.35,46.46,1841747.0,0.00258286698235044,0.011838140335772573,-0.0023676280671545147,0.007809110629067195,-1.7767972449418892,2.0681548523341178,-5.621749342217868,0.4638398622470987,-4.034653465346523,-1.7854068015497262,1,2.6183087754835412,0.9561060408517985,-2.823521938898651,12.217937075433952,-1.147071456749245,2.4285957041283535,-10.324329287583343,0.8359950481596118,0,-0.02488936014809772,-46.0,-28.0,-18.0,-1.7767972449418892,-1.019544856649219,-1.9692914327028177,0.018727015953167336
1681358400,2023-04-13,46.64,46.89,46.29,46.51,1786348.0,0.0027950978284241312,0.008170285960008572,-0.004730165555794419,0.0010761945759791836,-1.6523328316490904,2.0585319957120873,-5.363197659010282,0.5428940012900654,-3.8217587615566515,-1.6394323801333002,0,2.822306307924954,4.823078656750058,-1.5514609430736384,12.006147701167727,-1.0597246588502003,2.3448463208825183,-10.716530541187291,0.8128892456491299,0,-0.019855064399060315,18.0,40.0,-21.999999999999996,-1.6523328316490904,-1.0187189920841604,-1.993318206164929,0.060716259924373225
1681444800,2023-04-14,46.76,47.67,46.74,47.1,1989402.0,-0.00721868365180478,0.012101910828025586,-0.007643312101910826,0.012685443990539724,-2.7006369426751604,1.1506190332568167,-6.5518929186071375,-0.5506015569709746,-4.703467799009218,-2.627034677990096,0,5.217188284400422,3.813092351774309,0.5578658340133772,11.644714845267956,-1.9823420738171933,2.3260000470051523,-10.450741135237019,0.905318967023997,0,-0.11428361485395193,14.0,40.0,-26.0,-2.7006369426751604,-2.0435060015315543,-3.094688921638493,0.12257615194106135
1681704000,2023-04-17,46.93,47.1,46.17,46.76,1191248.0,0.0036355859709154004,0.007271171941830801,-0.012617621899058906,-0.00721868365180478,-1.7204875962360973,1.905965860722489,-5.346941053194669,0.3967065868263404,-3.735029940119759,-1.669161676646695,0,3.5676835155681275,5.767925808640573,1.6335031694642423,5.738193226107441,-1.1726413159234,2.317624692626871,-10.802408987627528,-0.5450090578484315,0,-0.0931199022036571,10.0,40.0,-30.0,-1.7204875962360973,-1.2044620155307655,-2.2963453606440396,0.13401798024078765
1681790400,2023-04-18,47.09,47.3,46.74,46.86,1576253.0,0.00490823730260348,0.009389671361502261,-0.002560819462227859,0.0021385799828914642,-1.6773367477592842,1.7326956367751194,-5.087369132293688,0.391236306729283,-3.6441883624982268,-1.6264760278844932,0,3.993182916756936,5.327039784221167,2.6936776119582584,5.092033712440859,-1.246548451030904,2.232848146689259,-10.960290436587355,0.7250397741918807,0,-0.1527480957716898,6.000000000000007,40.00000000000001,-34.0,-1.6773367477592842,-1.2805034582018777,-2.4066172680081905,0.141033261410487
1681876800,2023-04-19,46.63,47.2,46.53,47.18,1406880.0,-0.011657481983891382,0.00042390843577799764,-0.013777024162780815,0.006828851899274513,-2.1799491309877084,1.325065552295456,-5.684963814270887,-0.1783948000565232,-4.1207432527907315,-2.1495690264236202,0,5.37078633054341,3.3968880122726213,4.157601080838287,4.5931030999688645,-1.8565494418994462,2.1607315963183,-11.336448164653348,0.6515051195489759,0,-0.12960840540760513,2.0,40.0,-38.0,-2.1799491309877084,-1.7643507630104267,-2.9482125916449746,0.1586247586734734
1681963200,2023-04-20,46.04,47.35,45.83,47.23,2318975.0,-0.02519585009527836,0.002540757992801179,-0.029642176582680424,0.001059771089444661,-2.054838026677956,1.4156322430977752,-5.525308296453673,-0.08927941280259688,-4.120615428047131,-2.104947420424864,0,5.589504098624474,4.792544930108712,5.46415424495819,-3.3579377213028607,-1.9212693194391761,2.234147662330036,-12.213457007492494,1.0772203038864272,0,-0.0062318646360356835,-2.0,40.0,-42.0,-2.054838026677956,-1.6904099603538896,-2.9313110367773305,0.16433074079100535
1682049600,2023-04-21,47.04,47.35,46.72,47.34,1705736.0,-0.006337135614702283,0.0002112378538232651,-0.013096746937051207,0.0023290281600678586,-2.0416138572032168,1.3516387284384876,-5.434866442844935,-0.19821151950429794,-4.061751865934383,-2.1299816927193547,0,6.087870101692694,5.059920106524636,6.767486989444429,-2.705373050643992,-2.1458326230771974,2.1648022258344177,-13.027822361557416,0.7944510454013625,0,0.015136611545907784,-6.0,40.0,-46.0,-2.0416138572032168,-1.7360967128601459,-3.0330629460153347,0.1657425120948718
1682308800,2023-04-24,47.36,47.8,47.34,47.51,1433465.0,-0.003157230056830107,0.006103978109871511,-0.003578194064407403,0.003591043514997727,-2.211113449800024,1.2736568879722086,-5.6958837875722566,-0.4409597979372677,-4.052830982950937,-2.2468953904441094,0,6.875139054094959,3.756278663463636,8.195190031197233,3.6689576618734137,-2.488564557760526,2.0721390772213626,-13.510502072853603,0.6998580203133977,0,0.0413962874112256,50.0,96.0,-46.0,-2.211113449800024,-1.888875073266945,-3.2474792895423263,0.1678400469865655
1682395200,2023-04-25,47.28,47.41,46.63,46.73,2375744.0,0.011769741065696726,0.014551679863042954,-0.002139952921035637,-0.016417596295516756,-0.48362936015405467,3.0137477535270563,-3.9810064738351656,1.303231328910769,-2.3132891076396334,-0.505028889364425,0,2.342845545328295,1.9415357766142962,7.594338380735254,3.734331906506391,-0.7234169805347364,2.090757326685564,-13.955158703716494,-1.1787160987469245,0,0.04159994674101963,46.0,44.0,2.0,-0.48362936015405467,-0.22731256548495082,-1.568501282403119,0.1092481269202123
1682481600,2023-04-26,46.54,47.03,46.5,46.58,1968362.0,-0.0008587376556461468,0.009660798626019762,-0.0017174753112924046,-0.0032099293815536223,-0.10841562902533042,3.3744372158858766,-3.5912684739365375,1.6870616859882404,-1.9067554028910934,-0.1098468584514194,0,1.5118931998369547,1.1070110701106968,6.745027128366614,3.724047581859871,-0.10872248655005023,2.028942784132082,-14.237722103826297,-0.9842517775453233,0,0.022736870008070235,42.0,44.0,-2.0,-0.10841562902533042,0.08503137713189801,-1.2024462158328504,0.05564484712996759
1682568000,2023-04-27,46.57,46.61,45.11,46.04,2146265.0,0.011511728931363985,0.012380538662033036,-0.02019982623805383,-0.011592958351223648,1.009991311902695,4.564036428593539,-2.5440538047881205,2.9184766869389023,-0.9086301766579652,1.0049232551404543,0,-1.4111441033437941,-1.0530840318074404,4.762508119354528,3.3754854564300345,1.299592617335719,2.138832713018712,-13.295432260927944,-1.0720079208107527,0,0.051114651014943495,38.0,44.0,-6.0,1.009991311902695,1.13902452255725,-0.04194446940478258,-0.017037391830701715
1682654400,2023-04-28,45.85,46.67,45.74,46.52,1633314.0,-0.01440240756663802,0.0032244196044710627,-0.016766981943250214,0.010425716768027948,-0.04084264832331996,3.4753330089280183,-3.5570183055746583,1.8450845514473855,-2.011321295500153,-0.08311837202637662,0,1.1808892340510582,-0.1716738197424856,4.168867244822861,3.892582260005568,0.40071830574217415,2.108362233441775,-12.49453453079467,0.8149696704948141,0,0.04062853579285083,34.0,44.0,-10.0,-0.04084264832331996,0.08636642852249565,-1.0312347399382986,-0.032734980954197385
1682913600,2023-05-01,46.69,47.27,46.18,46.21,1646071.0,0.010387362042847847,0.022938757844622515,-0.000649210127678046,-0.006663800515907203,0.4933996970352723,3.9074083258434484,-2.9206089317728896,2.4929668902834834,-1.4780350573468866,0.5074659164682913,0,-0.5152124123469761,-2.6543079839898844,2.9424316430829425,3.049060734792448,1.1882938878081717,2.1393840917183176,-12.47661277336466,-0.8299212738167301,0,-0.05016784801396349,30.0,44.0,-14.0,0.4933996970352723,0.685625208769963,-0.35289830526222943,-0.06223414674773972
1683000000,2023-05-02,45.96,45.96,44.84,45.72,2265517.0,0.005249343832021136,0.005249343832021136,-0.01924759405074361,-0.01060376541874053,1.422790901137347,4.876849696755997,-2.0312678944812745,3.400043744531928,-0.6200787401574672,1.389982502187209,0,-3.1011442673962293,-2.8680688336520106,0.7692800100795916,-4.952634726057788,2.0529893188446806,2.2218975837675674,-11.426483581854772,-1.1492573884723698,0,0.0498051945037696,26.0,44.0,-18.0,1.422790901137347,1.596646332800006,0.6870189801424686,-0.1101828136792039
1683086400,2023-05-03,45.48,46.04,44.89,44.9,2539578.0,0.012917594654788367,0.02538975501113594,-0.0002227171492203972,-0.017935258092738438,3.1703786191536807,6.937664708900755,-0.5969074705933934,5.122865627319982,1.1451373422420374,3.1340014847809954,0,-7.054427491028754,-2.0506108202443385,-2.9040218096771366,-6.128010621004599,3.6328605673778185,2.283816493617708,-10.54723925594159,-1.2905171706484095,0,-0.02869927707411957,22.0,44.0,-21.999999999999996,3.1703786191536807,3.1233160848199475,2.426793694411785,-0.1879904222854818
1683172800,2023-05-04,43.04,43.23,40.62,41.37,7409196.0,0.04036741600193383,0.044960116026105945,-0.0181290790427846,-0.07861915367483296,11.553057771331893,18.045101648706236,5.061013893957551,13.893723309966987,9.187414390460091,11.540568850213532,0,-18.92445419057421,-7.759197324414724,-13.101735526821983,-19.258982119448845,9.664425875455734,3.0406155035129947,-7.732261103695425,-3.576913042431707,-1,-0.10923523226930999,18.0,-32.0,50.0,11.553057771331893,10.787090889372223,10.728712578061874,-0.4529516344025307
1683259200,2023-05-05,42.18,43.6,41.98,43.12,3744582.0,-0.021799628942485993,0.011131725417439897,-0.02643784786641934,0.04230118443316422,6.863404452690162,13.62400392496275,0.1028049804175879,9.199520717377865,4.447665429808282,6.823593073593088,0,-10.236233477360628,-3.144654088050327,-16.096868486765324,-10.921300974454915,4.480695580496416,3.0782424859931155,-5.4923337195111515,1.7817601922540194,0,-0.0657977370064763,14.0,-32.0,46.0,6.863404452690162,5.691731879774338,5.990348470463886,-0.48333776151071645
1683518400,2023-05-08,43.36,43.57,42.92,43.52,2101132.0,-0.003676470588235392,0.0011488970588233727,-0.01378676470588236,0.00927643784786647,5.670955882352928,12.815767029430035,-1.4738552647241647,7.956495098039213,3.3448223039215748,5.650658700980387,0,-8.463114830607012,-4.035281146637262,-17.290188896569283,-10.254934272529631,3.081816366730621,2.938779556112626,-3.412401148482896,1.001038928325037,0,0.012402207771418658,10.0,-32.0,42.0,5.670955882352928,4.270748090053303,4.819459827473381,-0.45015610044240906
1683604800,2023-05-09,43.21,43.59,42.68,43.02,2100357.0,0.004416550441654898,0.01324965132496514,-0.007903300790330192,-0.011488970588235281,6.54114365411435,14.366440336616009,-1.28415302838728,8.851696885169673,4.237563923756383,6.544630404463021,0,-10.011920547856981,-6.681127982646418,-18.91386705872652,-15.04931057358641,3.841566212452136,2.911675502534169,-1.389443658520804,-0.9966797225335657,0,-0.040223874501895907,6.000000000000007,-31.999999999999993,38.0,6.54114365411435,4.960479268450186,5.800950626197761,-0.4352807193868523
1683691200,2023-05-10,43.66,44.01,42.53,42.83,1963695.0,0.019378939995330358,0.02755078216203599,-0.00700443614289048,-0.0044165504416551205,6.590007004436146,14.984815523387368,-1.8048015145151055,9.023659428749326,4.197602926297776,6.610631177523544,0,-10.599577512142076,-7.813172621609993,-20.400016618323086,-9.075230529606422,3.7701608392254826,2.962515662498348,0.00795032578434629,-0.932554647665786,0,-0.12970273644614763,2.0,-32.0,34.0,6.590007004436146,4.909327623545806,6.024404692062291,-0.41188358345585196
1683777600,2023-05-11,42.75,43.16,42.5,43.15,1191284.0,-0.009269988412514474,0.00023174971031281189,-0.015063731170335992,0.00747139855241663,5.410196987253784,14.05670973150957,-3.2363157570019894,7.801853997682514,2.9976825028968648,5.399768250289696,0,-9.060835886766874,-7.224252848849709,-20.849613232663074,-13.554341808290623,2.571709856451079,2.8397601319689705,1.3195096542665574,0.5675258013328504,0,-0.14601648086329233,-2.0,-32.0,30.0,5.410196987253784,3.737861877407596,5.032711878349744,-0.3508859186409877
1683864000,2023-05-12,43.4,43.51,42.29,42.63,1643742.0,0.018062397372742067,0.02064273985456233,-0.00797560403471742,-0.012050984936268772,6.171710063335681,15.20458292302149,-2.861162796350129,8.639455782312936,3.7086558761435526,6.174055829228237,0,-10.76495527649626,-9.49044585987261,-21.92560641225548,-18.061940915857562,3.3433433680944944,2.8735019704902545,2.1126416228535767,-0.7855145583855085,0,-0.15531442012280405,-6.0,-32.0,26.0,6.171710063335681,4.526754085757403,6.066295189334923,-0.32232566676981134
1684123200,2023-05-15,43.32,43.41,42.93,43.05,2220509.0,0.006271777003484358,0.00836236933797907,-0.0027874564459929863,0.009852216748768239,4.704994192799077,13.766805970392525,-4.356817584794371,7.115369725125831,2.337204800619446,4.726287262872631,0,-8.687974350606389,-7.934131736526948,-21.865478168043936,-11.406164933386911,1.739281654312535,2.771637725279565,2.8491213079700977,1.0555251113231037,0,-0.13702838497914008,-10.0,-32.0,22.0,4.704994192799077,3.172982696577577,4.834188259044936,-0.25487048312834104
1684209600,2023-05-16,42.57,42.85,42.15,42.15,1671699.0,0.009964412811388046,0.01660735468564667,0.0,-0.020905923344947674,6.381969157769873,15.893107943955755,-3.1291696284160224,8.87544483985765,3.9620403321471116,6.418742586002367,0,-11.645100100245166,-10.05121638924456,-23.049254749137937,-10.861404822416517,3.352156637278881,2.781133795886644,3.9657605335062236,-0.797950650333749,0,-0.14689538980722816,-14.0,-32.0,18.0,6.381969157769873,4.8639679112756085,6.795282219450755,-0.25023123681744264
1684296000,2023-05-17,42.51,43.2,42.41,42.92,1903847.0,-0.009552656104380275,0.006523765144454741,-0.011882572227399968,0.01826809015421116,3.977166821994402,13.159615449908529,-5.205281805919711,6.455420938179543,1.6022056539297864,4.028813296054665,0,-7.9118639989112225,-9.029249682068668,-22.3266842467196,-4.885544087172455,1.0578764948004533,2.7108944605513363,4.544563860034174,0.9067372121728128,0,-0.14679047036957452,-18.0,-32.0,14.0,3.977166821994402,2.698607266836504,4.687990484779078,-0.17806117385524745
1684382400,2023-05-18,42.89,43.51,42.61,43.47,1616436.0,-0.013342535081665496,0.000920174833218379,-0.019783758914193705,0.012814538676607645,2.229123533471352,10.929386313699979,-6.471139246757247,4.622344912199978,-0.026838432635543086,2.2977532397822245,0,-5.389750299333116,-7.961041710777045,-20.59940590819628,-5.102567502998241,-0.5644217796856736,2.633295003465811,4.681686862065266,0.7673360830228138,0,-0.1360949400260699,-21.999999999999996,-31.999999999999996,10.0,2.229123533471352,1.265963668386334,3.2315362989707523,-0.08098142586779267
1684468800,2023-05-19,43.83,44.66,43.61,44.6,3735100.0,-0.01726457399103143,0.0013452914798204318,-0.022197309417040456,0.02599493903841732,-0.6681614349775913,7.275042713696365,-8.611365583651533,1.699551569506724,-2.926008968609864,-0.6132286995515841,0,-0.6218488626346357,-5.787917194761305,-16.929243101946625,-1.9644355471082378,-3.1769039111447626,2.5738330227555477,3.490447075432673,1.7424846781849457,1,0.006482559418912014,-26.0,-32.00000000000001,6.000000000000007,-0.6681614349775913,-1.1759583892479952,0.5918707741566038,0.06382096737117238
1684728000,2023-05-22,44.6,46.11,44.6,46.04,3453967.0,-0.0312771503040834,0.001520417028670673,-0.0312771503040834,0.03228699551569503,-3.9346220677671653,3.293609583683434,-11.162853719217765,-1.5808717057631014,-6.289820445989008,-3.9353460758760406,0,4.61825068473388,-3.094085455693536,-11.316430012068135,6.175239238826087,-6.029009423322066,2.549504137075938,1.8191045277403823,1.5864705345328696,1,0.05558941607953292,-30.0,-32.0,2.0,-3.9346220677671653,-3.860522050234522,-2.4541854526149933,0.25058222427349597
1684814400,2023-05-23,45.72,46.24,45.0,45.17,2301985.0,0.012176223156962429,0.02368828868718187,-0.0037635598848794194,-0.018896611642050365,-2.2570290015497108,4.735477785653259,-9.249535788752667,0.20478193491256036,-4.696701350453836,-2.2459597077706377,0,1.2447261977984638,-3.3383265568157396,-8.32787114209785,6.536571486048032,-4.221051131049862,2.6090787439873027,0.3703626922390484,-1.0630959108197295,0,0.07819814081366122,-34.0,-32.0,-2.0,-2.2570290015497108,-1.817504526458933,-0.5528327467394689,0.30586221935108904
1684900800,2023-05-24,44.81,45.12,44.37,44.65,2954088.0,0.0035834266517358326,0.010526315789473717,-0.006270996640537541,-0.011512065530219218,-1.3348264277715458,5.312185517523545,-7.981838373066637,1.1735722284434473,-3.8342665173572072,-1.3303471444568942,0,-0.6721699187005896,-4.143409188492915,-6.813104040909787,13.560635206470039,-2.035994027175221,2.5789107810858813,-1.3485326888971372,-1.3642806515288857,0,0.1625798931157653,-38.0,-32.0,-6.0,-1.3348264277715458,-0.6098617925055692,0.5816036258740667,0.29747349851314586
1684987200,2023-05-25,44.5,45.42,44.5,45.29,2625339.0,-0.017443144181938597,0.0028703908147493795,-0.017443144181938597,0.014333706606942886,-2.811879001987208,3.5567362619811576,-9.180494265955573,-0.4139986752042404,-5.223007286376685,-2.8185029807904414,0,1.67000422729177,-1.629018245004344,-4.553694427501433,12.44622154046398,-2.9547860079029107,2.5059596298162634,-2.8679658679915896,1.2099694916898411,0,0.17972528098418714,-42.0,-32.0,-10.0,-2.811879001987208,-1.822515483994266,-0.8067999719158223,0.3229686983680582
1685073600,2023-05-26,45.53,45.89,45.32,45.59,2083231.0,-0.0013160780872999434,0.006580390436499162,-0.0059223513928493565,0.006623978803267816,-3.553410835709599,2.474616314898384,-9.581437986317567,-1.1866637420486938,-5.885062513709158,-3.535863127878926,0,2.747685756358109,-1.9991401547721401,-2.2886520746691925,12.552827249645738,-3.263925118588091,2.405655769195816,-3.8756536925118006,0.9632452856151776,0,0.11983998971872191,-46.0,-32.0,-14.0,-3.553410835709599,-2.23346055330839,-1.402293487854351,0.3459310660759743
1685419200,2023-05-30,45.58,45.82,44.94,45.15,1830346.0,0.00952380952380949,0.014839424141749769,-0.0046511627906976605,-0.009651239306865622,-2.7308970099667818,3.051574946890014,-8.513368966823592,-0.3853820598006621,-5.083056478405297,-2.7342192691029936,0,0.992247132746698,-2.2938757844622426,-1.1812400277430852,12.897191963831638,-2.0151680953757136,2.394810955116729,-5.181237266367312,-0.8588115188115019,0,0.10722415978820558,-46.0,-28.0,-18.0,-2.7308970099667818,-1.1587257985353148,-0.4241189262166216,0.3180886603051854
1685505600,2023-05-31,44.53,44.66,42.84,43.01,4359734.0,0.03534061846082315,0.038363171355498604,-0.0039525691699603405,-0.0473975636766335,1.7937688909555902,7.609685639212742,-4.0221478573015474,4.419514841509738,-0.674649306362852,1.8724327675734571,0,-6.431049710667338,-5.9273840769903785,-3.6242282154540484,2.7486997712131966,2.7896051959582593,2.718029511584953,-5.169588648932834,-2.00604823634825,0,0.028793480268514565,-46.0,-24.000000000000004,-21.999999999999996,1.7937688909555902,3.401188066702616,4.352704338518933,0.15064733479827008
1685592000,2023-06-01,43.45,44.33,43.07,43.92,2962017.0,-0.010701275045537306,0.009335154826958014,-0.019353369763205897,0.02115787026272975,-0.4269125683060082,5.150786645784905,-6.004611782396921,2.0973740133576086,-2.9162871888281643,-0.4094565877352778,0,-2.9788253329760153,-2.182628062360795,-4.03606211722222,8.392544365417528,0.674268518925274,2.6862669802441044,-5.158772075600815,1.349226842795058,0,0.023934741697786067,-42.0,-16.0,-26.0,-0.4269125683060082,1.138885502026099,2.104664839094795,0.09878618074305184
1685678400,2023-06-02,44.39,46.5,44.39,46.26,3126093.0,-0.040423692174664905,0.005188067444876765,-0.040423692174664905,0.05327868852459017,-4.935149156939019,0.3259931458849792,-10.196291459763032,-2.6913099870298254,-7.343277129269339,-5.017293558149589,0,4.547597150154225,11.820159535895579,-0.7577231405392245,14.538376826698538,-4.007383348635159,2.766584823420687,-6.202574750874753,1.4044675114905927,0,0.1082629676047456,-46.0,-16.0,-30.0,-4.935149156939019,-3.598318846138014,-2.9401561901108266,0.21312119195675103
1685937600,2023-06-05,46.26,46.29,45.26,45.55,2895044.0,0.01558726673984645,0.01624588364434687,-0.006366630076838575,-0.01534803285776054,-3.18660812294182,2.2853014578190596,-8.6585177037027,-0.9319429198682627,-5.526893523600435,-3.229418221734363,0,2.1799925917140612,5.6354359925788495,0.6559778199096199,7.403100231703654,-2.126130673549781,2.7705328228143844,-7.171820092200555,-1.2873964301977863,0,0.10219675693024635,46.0,80.0,-34.0,-3.18660812294182,-1.8960915442209512,-1.371287592764574,0.23050148863844624
1686024000,2023-06-06,45.21,45.63,43.49,45.57,5214500.0,-0.007899934167215239,0.0013166556945358732,-0.04564406407724375,0.0004390779363336872,-3.004169409699358,2.606200259844485,-8.614539079243201,-0.6407724380074598,-5.560675883256522,-3.1007241606319838,0,2.241458264860654,4.710477941176464,1.7568223249613422,2.298438727182706,-1.8848839532556951,2.9069422411823846,-7.572434261448123,2.260678707902614,0,0.25396179005201147,42.0,80.0,-38.0,-3.004169409699358,-1.7544671483390601,-1.3591007769434356,0.2322628797734302
1686110400,2023-06-07,45.61,46.07,45.11,45.34,3808384.0,0.00595500661667403,0.016100573445081645,-0.0050727834142039185,-0.005047180162387477,-2.2562858403176165,3.3508325801273315,-7.863404260762579,0.13453903837670111,-4.821349801499792,-2.3434053815615385,0,1.441058169196559,5.392840539284054,2.2856175151707125,4.568622944604385,-1.0491005388802535,2.8642347550237197,-8.285112990488663,-1.625121531514411,0,0.18363923352966993,38.0,80.0,-42.0,-2.2562858403176165,-1.136461330315285,-0.8250416884455944,0.20765851842699634
1686196800,2023-06-08,45.6,45.92,44.14,44.32,3681883.0,0.028880866425992746,0.036101083032491044,-0.004061371841155181,-0.022496691662990842,0.16132671480144722,5.687550834171844,-5.364897404568964,2.661326714801433,-2.476308664259946,0.09250902527075766,0,-1.992538753294724,3.478869950968952,1.2373144507632539,-1.4488692230195568,1.3501675193931248,3.0077315131931424,-8.340976099081228,-1.5485681220024456,0,0.07728568170495383,34.0,80.0,-46.0,0.16132671480144722,1.0303679112800808,1.4002609729808029,0.11692916530882976
1686283200,2023-06-09,44.56,44.63,43.96,44.48,4075479.0,0.0017985611510793476,0.0033723021582734436,-0.011690647482014316,0.0036101083032489267,-0.049460431654665626,5.305934720258534,-5.40485558356788,2.452787769784166,-2.6686151079136664,-0.10791366906474309,0,-1.4257564114108376,3.082271147161062,0.6306632605307285,-9.931221764827185,0.9884628966946707,2.890439665726749,-8.284839679190888,1.6804587734229657,0,0.05339654203983902,30.0,48.0,-18.0,-0.049460431654665626,0.6034303386548601,0.9949035256219929,0.06454846910047338
1686542400,2023-06-12,44.49,44.96,44.05,44.42,2108827.0,0.0015758667266996262,0.012156686177397624,-0.008329581269698405,-0.0013489208633092886,0.2870328680774321,5.307967823663276,-4.7339020875083975,2.7438841362749287,-2.3146480564310394,0.21461803992195883,0,-1.6338813804449757,4.198920947689419,0.055097348684885014,-11.863206501869577,0.9598915888323347,2.8339355379009383,-8.520412707192996,-0.8658724994104685,0,-0.025097710156936594,26.0,48.0,-21.999999999999996,0.2870328680774321,0.6689083079307778,1.0869561194673167,0.024762845698706543
1686628800,2023-06-13,44.74,45.44,44.74,45.29,1733888.0,-0.012143961139324255,0.003311989401633797,-0.012143961139324255,0.019585772174695926,-1.3921395451534408,3.336172542333273,-6.120451632640169,1.0182527415912261,-3.9916832266136737,-1.4867152425112096,0,1.5355806313453826,5.20325203252033,0.8444569031471434,-7.327700556454445,-1.0251032037787553,2.7418295046466823,-9.152178158519348,0.7099409669293378,0,0.03581808928963977,22.0,48.0,-26.0,-1.3921395451534408,-1.1444287777945163,-0.821353044861155,0.054251185862423744
1686715200,2023-06-14,45.59,46.88,45.36,46.38,3191212.0,-0.017033203967227184,0.010780508840017244,-0.02199223803363526,0.024067122985206524,-3.2535575679172126,0.9158080935692539,-7.422923229403679,-0.8552537013080297,-5.92424895788416,-3.389751329596095,0,5.1651116377827435,10.035587188612109,3.0429332466069225,-0.15166703997724085,-3.117330341683399,2.731021618694676,-9.742257442337806,1.2912254399522989,0,0.07773513012953014,50.0,80.0,-30.0,-3.2535575679172126,-3.1374282917307994,-3.0285852128141357,0.13952951342415415
1686801600,2023-06-15,46.18,46.94,46.03,46.84,2269029.0,-0.014090520922288685,0.002134927412467791,-0.017292912040990704,0.009918068132815927,-3.7852263023057446,0.2654258882365639,-7.835878492848053,-1.414745231995468,-6.459578707657286,-3.937161969826377,0,6.608682354449201,9.133271202236722,5.450224543585415,-0.4750590635258689,-3.899781023486611,2.649814222849469,-10.248564624006297,0.9193757556491413,0,0.07576565819850638,50.0,84.0,-34.0,-3.7852263023057446,-3.699284859541109,-3.824795016135724,0.2147823492186119
1686888000,2023-06-16,47.16,47.29,46.43,47.15,4735158.0,0.0002120890774124362,0.002969247083775217,-0.015270413573700958,0.006618274978650529,-4.027571580063622,0.1188192439504121,-8.173962404077656,-1.6684340756451093,-6.671615411806286,-4.1700247437256905,0,7.577623114928606,8.465608465608465,7.823573847362811,2.618025256710304,-4.163630395751568,2.5746475936638373,-10.46877484388364,1.877575965120553,0,0.14321705797724582,50.0,88.0,-38.0,-4.027571580063622,-3.919825838102483,-4.282334863383042,0.26974434100510725
1687233600,2023-06-20,46.61,46.75,44.67,45.01,3638381.0,0.0355476560764274,0.03865807598311499,-0.007553876916240765,-0.04538706256627789,0.5809820039991251,4.881786460668792,-3.7198224526705417,3.2529808190772513,-2.2169147596830356,0.5180330296971078,1,-0.4608157399752173,0.9192825112107548,6.334405726641171,0.6080217638017444,0.43201071729374974,2.8979754380554303,-10.975839993589286,-1.4246386941721103,0,0.10658330148607793,46.0,88.0,-42.0,0.5809820039991251,0.5865617407093424,0.25802878157054465,0.1521391481664631
1687320000,2023-06-21,44.97,45.62,44.56,44.93,2139199.0,0.0008902737591809373,0.015357222345871335,-0.008235032272423726,-0.0017773828038213368,0.6365457378143731,4.882983589612991,-3.6098921139842304,3.3259143853401554,-2.0535648045107138,0.6361747904147137,1,-0.7314856973905748,-2.410947002606428,5.043440098094285,2.8923831899750567,0.9554607765072802,2.864284709658474,-11.37142941814117,-0.8327178126815976,0,0.17539015895979826,42.0,88.0,-46.0,0.6365457378143731,0.6927408084928146,0.41942363391682136,0.06365487729980329
1687406400,2023-06-22,44.69,45.13,44.41,44.54,2939436.0,0.003367759317467467,0.01324651998203863,-0.002918724741805212,-0.008680169152014305,1.4470139200718535,5.781522955166537,-2.887495115022844,4.085092052088029,-1.2247418051189953,1.430175123484517,0,-2.075186720620451,-1.3947310161611746,3.4119942405365666,-3.41768778848666,1.9744850882349283,2.7984477132343617,-11.631299593712013,-1.1370799865046808,0,0.11154928383229079,38.0,84.0,-46.0,1.4470139200718535,1.42447884831833,1.2477836576605625,-0.021867030273575117
1687492800,2023-06-23,43.87,44.15,43.26,43.88,2615656.0,-0.00022789425706482014,0.006153144940747479,-0.014129443938012853,-0.014818140996856632,2.8851412944393786,7.445564471119951,-1.675281882241194,5.5583409298085655,0.13673655423885123,2.8475387420237013,0,-4.295663877907074,-1.7245240761478073,1.094985842175019,-9.771582764930926,3.242126006143664,2.8460040287097277,-11.104231556940189,-1.0058078971272049,0,0.08203780683526865,34.0,48.0,-14.0,2.8851412944393786,2.6690535553434387,2.662000608387345,-0.1182299160575149
1687752000,2023-06-26,44.07,44.37,43.82,43.89,1900209.0,0.004101161995898828,0.010936431989063466,-0.0015948963317384823,0.0002278942570645981,2.7022100706311107,7.42476995010189,-2.020349808839626,5.373281689071163,0.03721424774055038,2.705247968405857,0,-4.255571420054025,-3.091190108191651,-0.7644177751441561,-4.58959559457908,3.0336972528620834,2.7316253916238273,-10.822068376449236,0.7300551244716961,0,0.08044692529218178,30.0,48.0,-18.0,2.7022100706311107,2.3936934654394975,2.535134962229918,-0.17330891060228687
1687838400,2023-06-27,44.11,44.99,43.77,44.97,2005312.0,-0.01912386035134528,0.00044474093840340956,-0.026684456304202686,0.024606971975392966,0.1667778519012728,4.746627095966986,-4.41307139216444,2.8011266770439534,-2.551330516640732,0.12489808020161774,0,-0.053779335960562946,-1.359947356876518,-0.621818612222624,3.806787224547442,0.5810565741957987,2.6693724382903,-11.132233179031937,0.770341235499939,0,0.013742032715337414,26.0,48.0,-21.999999999999996,0.1667778519012728,-0.05916651549217988,0.06980104432203404,-0.13094472366352608
1687924800,2023-06-28,45.01,46.34,44.8,46.29,3198845.0,-0.027651760639446965,0.0010801468999785957,-0.03218837761935622,0.029352901934623032,-2.5664290343486584,2.034836509630722,-7.167694578328053,-0.0043205875999206,-5.346727154893074,-2.6755238712464973,0,4.481506533644826,2.5249169435215957,1.4974013574703968,3.1276106983917984,-2.2440117592824294,2.645652904281846,-11.746752878759375,1.2101711723470834,0,0.13759801224523585,22.0,48.0,-26.0,-2.5664290343486584,-2.6320131323560503,-2.674609475982635,-0.014111150212989657
1688011200,2023-06-29,46.33,46.89,46.2,46.75,2783600.0,-0.008983957219251382,0.002994652406417053,-0.0117647058823529,0.009937351479801348,-3.125133689839572,1.1873461468172337,-7.437613526496378,-0.7764705882352843,-5.824598930481287,-3.3005347593582854,0,5.945758498877815,8.695652173913048,3.857114945542327,11.441619489783527,-2.9080172221834175,2.537929027058344,-11.932432980516651,1.043544804886363,0,0.25746453891655824,18.0,48.0,-30.0,-3.125133689839572,-3.248160804724705,-3.4898085182000926,0.08842275429530608
1688097600,2023-06-30,47.18,47.78,46.77,47.45,2443516.0,-0.005690200210748175,0.006954689146470017,-0.014330874604847166,0.01497326203208571,-4.182297154899899,0.2879186390070174,-8.652512948806816,-1.891464699683894,-6.81243414120128,-4.3519494204425655,0,8.104553303560166,8.037340619307836,6.750047558002303,20.490547864531678,-3.8394681554083974,2.4769326602359003,-11.529246300348621,0.9089855048655833,0,0.2313732150445982,50.0,84.0,-34.0,-4.182297154899899,-4.230196030705713,-4.720873928414576,0.19173361261078223
1688356800,2023-07-03,47.35,48.55,47.35,48.43,1854453.0,-0.022300227131943018,0.0024778030146603847,-0.022300227131943018,0.02065331928345615,-5.8971711748915965,-0.8043231505855886,-10.990019199197619,-3.723587308142342,-8.357078945557163,-6.040333126849745,0,10.926267149785197,4.690877648076095,10.418216050706866,20.411845056964054,-5.397645795036624,2.4304532483798633,-10.704752646035216,0.6922470885354094,0,0.2830817149274338,50.0,88.0,-38.0,-5.8971711748915965,-5.580694012450692,-6.3881437640987,0.30754767079658296
1688529600,2023-07-05,43.05,43.51,41.83,41.89,4327739.0,0.02769157316782045,0.03867271425161123,-0.001432322750059778,-0.1350402642989882,8.357603246598245,15.384163034404125,1.331043458792351,10.992281371846886,5.4802259887005675,8.236253680273748,0,-8.641430228930638,-8.03512623490669,3.060023539338099,12.042598562929605,8.561358268773404,3.7345924029728854,-10.1692549840543,-1.584481092701798,-1,0.13963942194250872,46.0,-4.0,50.0,8.357603246598245,8.287934147896706,7.904215839678287,-0.05548246713096694
1688616000,2023-07-06,42.71,43.66,42.02,43.55,5904421.0,-0.019288174512055,0.0025258323765786628,-0.03513203214695737,0.03962759608498434,3.995407577497147,10.99580216295999,-3.004987007965724,6.495216226559506,1.3080750095675597,3.90164561806354,0,-4.007043315467293,-4.432740838270799,0.17283135519543527,14.14711548538466,3.537194328311543,3.625958643409782,-9.766291312558977,2.0932110766845455,1,0.2248169938086461,42.0,-4.0,46.0,3.995407577497147,3.764091266363195,3.6425440555962467,-0.1761809316492948
1688702400,2023-07-07,43.63,44.17,43.47,43.61,3398330.0,0.00045861041045647255,0.012841091492777013,-0.0032102728731941976,0.00137772675086123,3.6539784453107274,10.842779281018778,-3.5348223903973377,6.1174807001452365,0.9970954674004275,3.557288083772818,0,-3.8451407209141806,-3.815615350683731,-1.7797446544733924,14.928158573236118,2.9773500475407673,3.4769818291454264,-9.720560245526071,1.1960897898716547,0,0.132227399576787,38.0,-4.0,42.0,3.6539784453107274,3.276440875675334,3.3626964886807116,-0.24037009519188623
1688961600,2023-07-10,43.49,44.03,43.37,43.48,2495487.0,0.00022999080036800734,0.012649494020239294,-0.0025298988040478587,-0.0029809676679660724,3.8672953081876784,11.233958805644619,-3.4993681892692337,6.171803127874881,1.2936982520699303,3.7327506899724057,0,-4.158563187818956,-1.895306859205784,-3.371958557784834,6.923592961477894,2.5729564327337613,3.3467034242302156,-9.630051550827792,-0.875074529877567,0,0.022705576068470793,34.0,-4.0,38.0,3.8672953081876784,3.243775074665777,3.5277488408900695,-0.2773529256860409
1689048000,2023-07-11,43.42,44.47,43.42,44.21,2294383.0,-0.017869260348337468,0.005881022393123603,-0.017869260348337468,0.01678932842686298,2.1216919249038853,9.397529845465158,-5.154145995657402,4.425092362210648,-0.458418155771696,1.983337103219469,0,-2.0685728879587018,-0.6070143884891998,-3.6895450136430807,14.604402674030524,0.6271682105887635,3.2259841721522067,-9.849884269339782,0.8037199365566581,0,0.11296589314226622,30.0,-4.0,34.0,2.1216919249038853,1.392431646236986,1.746982743010463,-0.23982931831040638
1689134400,2023-07-12,44.88,45.15,44.65,45.02,2045633.0,-0.003109729009329154,0.0028876055086626273,-0.008218569524655828,0.01832164668627012,0.3509551310528707,7.459082072486396,-6.757171810380655,2.5521990226565805,-2.1523767214571308,0.19991115059971776,0,0.17709107698664894,1.3507429085997331,-2.955785996111597,19.90400777057482,-1.1970803977846458,3.0908007286619235,-10.51339701097706,0.7145190449610842,0,0.15371175123585518,26.0,-4.0,30.0,0.3509551310528707,-0.39069550197520186,-0.08036896614311217,-0.1519215359766751
1689220800,2023-07-13,45.21,45.65,44.83,45.55,2735772.0,-0.007464324917672793,0.002195389681668436,-0.015806805708013183,0.01177254553531748,-0.788144895718986,6.24567122828536,-7.821961019723361,1.39260885473837,-3.283571167215513,-0.9454811562385714,0,1.6144075533875224,0.5740781629498741,-1.7528345782483936,27.156095401940107,-2.251489959487458,2.9652219452041364,-11.457568412059896,0.9483583470982704,0,0.2531481356904255,22.0,-4.0,26.0,-0.788144895718986,-1.402115015921325,-1.194245639109056,-0.05456488605143395
1689307200,2023-07-14,45.37,45.46,44.21,44.26,2615437.0,0.025079078174423897,0.02711251694532324,-0.0011296882060550795,-0.0283205268935236,1.8639855399909493,9.048184372632193,-5.32021329265028,4.140683837927384,-0.6107847567404576,1.7649495405934488,0,-1.937943738719774,-4.570935748167323,-2.269887898573778,27.056936554104325,0.7274866516718106,3.049926045530677,-11.948099333690068,-0.904449889986781,0,0.16728548535369656,18.0,-4.0,22.0,1.8639855399909493,1.3314608046294438,1.619442796040559,-0.0724132491736241
1689566400,2023-07-17,44.0,44.27,43.81,44.05,1934637.0,-0.0011350737797956034,0.004994324631101055,-0.005448354143019141,-0.004744690465431578,2.032917139614085,9.078081167170438,-5.012246887942268,4.2954975406734945,-0.3764661369655471,1.9595157018539737,0,-2.4981672169072837,-5.956447480785666,-2.9134143505429457,22.30319645045492,1.2084300111453672,2.9201661230378484,-12.15925588291688,-0.6718318689176564,0,0.2046222910222666,14.0,-4.0,18.0,2.032917139614085,1.6417260137777419,2.021388515494877,-0.09244612052844095
1689652800,2023-07-18,44.13,44.77,43.93,44.29,1740762.0,-0.003612553623842829,0.010837660871528598,-0.008128245653646449,0.005448354143019252,1.157146082637155,7.8027486824749985,-5.4884565172006745,3.431549634981579,-1.210581771656507,1.1104839316625288,0,-1.7721886078662692,-6.065747613997878,-3.1415213122019274,22.112241559359575,0.6357078736124464,2.8323599818688905,-12.725105603219193,0.6292799644460627,0,0.1509650180144719,10.0,-4.0,14.0,1.157146082637155,0.9870470462334424,1.410961639315687,-0.08386939097676818
1689739200,2023-07-19,44.53,44.64,44.23,44.56,1475549.0,-0.0006732495511669878,0.0017953321364452268,-0.007405745062836755,0.0060961842402349475,0.4937163375224145,7.099480464213471,-6.112047789168628,2.50523638539795,-1.7339916217833604,0.385622381807309,0,-0.9380260147867432,-0.9997778271495129,-2.9972784222118434,20.778515289833464,-0.21598056966041668,2.679834423507071,-13.250537486357056,0.5423027606163918,0,0.10283732013256401,6.000000000000007,-3.999999999999993,10.0,0.4937163375224145,0.339413909416848,0.7652528686852236,-0.05570463895087052
1689825600,2023-07-20,44.48,44.82,44.23,44.77,1550209.0,-0.006477551932097536,0.0011168192986374947,-0.012061648425284899,0.004712746858168693,0.00446727719456419,6.577448979720501,-6.5685144253313865,1.9239073784528244,-2.1904549177276635,-0.13327376963739823,0,-0.27483781601474533,-0.35610950367237165,-2.617209159968309,19.692883173391323,-1.0336119819301643,2.5708773171594124,-13.882733071179313,0.5720588520633769,0,0.09632600125726114,2.0,-4.000000000000007,6.000000000000007,0.00446727719456419,-0.11874300151175987,0.2811247568627664,-0.02044103445141951
1689912000,2023-07-21,45.4,45.41,44.52,44.77,1869463.0,0.014071923162832123,0.014295287022559666,-0.005584096493187363,0.0,0.030154121063219463,6.598848518590003,-6.5385402764635785,1.9659742387015058,-2.186359913632657,-0.11019283746557562,0,-0.27483781601474533,0.5163897620116839,-2.3009850029089502,19.09184385405048,-1.4210325999119249,2.5292388196176474,-14.41612576771502,0.6910477219019592,0,0.051884264971728766,-2.0,-4.0,2.0,0.030154121063219463,-0.10743414422492492,0.27010025659366477,0.004068296683229222
1690171200,2023-07-24,44.74,45.02,44.59,44.78,1727957.0,-0.0008932559178204125,0.005359535506922697,-0.004242965609647098,0.00022336385972754336,0.10830728003574563,6.6101470027440286,-6.3935324426725515,2.007220485335722,-2.0414619621855223,-0.017120738424893034,0,-0.24032498275312975,2.0510483135824944,-2.021297868831438,13.986511461412263,-1.828158072141406,2.416643727119357,-14.911418985926748,0.6398551219384994,0,0.005424669552887064,-6.0,-4.0,-2.0,0.10830728003574563,-0.11738521246947187,0.23799448103460463,0.02118114214699171
1690257600,2023-07-25,44.58,44.91,44.45,44.63,1317592.0,-0.001120322652924166,0.006273806856374575,-0.004033161550526576,-0.0033497096918266855,0.5276719695272334,6.984160138089607,-5.92881619903514,2.4113077899768314,-1.6308163417730839,0.39024572410187375,0,-0.7738969994953422,1.6860332649806378,-1.9800321544145905,19.44004980499676,-0.9812008884818368,2.32518962149941,-15.498765635646041,-0.48744274242516006,0,0.11865346382621916,-10.0,-4.0,-6.0,0.5276719695272334,0.19752495494887512,0.5523464170217807,0.022501827730842444
1690344000,2023-07-26,44.41,45.13,44.41,45.02,1083154.0,-0.013549533540648695,0.002443358507330018,-0.013549533540648695,0.008738516692807563,-0.3376277210128933,6.063917617085295,-6.739173059111067,1.4993336294979827,-2.3967125721901397,-0.4486894713460714,0,0.6736874292928903,0.1111852346008545,-1.393128191682651,14.43864227584902,-1.2655276702262057,2.254635664304346,-15.845760167004821,0.40238147135324576,0,-0.015276154782203488,-14.0,-4.0,-10.0,-0.3376277210128933,-0.6066137419898325,-0.30622128335450327,0.04826531317080501
1690430400,2023-07-27,45.35,45.38,44.29,44.41,1698979.0,0.021166403963071456,0.021841927493807756,-0.002702094122945198,-0.013549533540648695,0.8196352172933956,7.151795481402161,-5.5125250468153695,2.7171057569616437,-1.1311266231329,0.7929895669143576,0,-1.5982985974277781,-4.061352343918779,-1.757543656767568,5.844175673762841,0.32719426891296166,2.2976615126753344,-15.939943986300566,-0.6336097922512137,0,0.010608600078589644,-18.0,-4.0,-14.0,0.8196352172933956,0.6863691547128496,1.0214454319799273,0.024070837316494537
1690516800,2023-07-28,45.16,45.25,44.66,44.83,1756956.0,0.007361142092348727,0.009368726299353147,-0.003792103502119115,0.009457329430308636,-0.33905866607183555,5.600847906522461,-6.278965238666117,1.5540188861625381,-2.2358539668376807,-0.34091754033755706,0,0.0256278125189624,-4.106951871657757,-1.4327609632584641,14.128059840314819,-0.35845430207118056,2.247393201479958,-16.02740038993233,0.6548150790940269,0,0.04647498463345238,-21.999999999999996,-3.9999999999999964,-18.0,-0.33905866607183555,-0.23246398664250023,0.07206185899551087,0.03550932499816864
1690776000,2023-07-31,44.8,45.36,44.64,45.12,1526053.0,-0.007092198581560294,0.005319148936170359,-0.010638297872340385,0.0064688824447913795,-1.237810283687935,3.9782089246238996,-6.45382949199977,0.6150265957446805,-3.0862145390070737,-1.2355939716312037,0,1.1432138337053033,-4.910432033719716,-0.7090644511479688,13.09574238145192,-0.8199312127129588,2.187433960059689,-15.998034060741519,0.5703640321049229,0,0.022002501550005396,-26.0,-4.0000000000000036,-21.999999999999996,-1.237810283687935,-0.7904908074789887,-0.5487344754729406,0.060305010242725055
1690862400,2023-08-01,44.91,45.23,44.69,45.09,2370003.0,-0.003992015968063978,0.003104901308494057,-0.008871146595697654,-0.0006648936170211561,-1.542470614326902,1.9571791496232578,-5.042120378277076,0.26428624233014375,-3.2930435425445665,-1.51437865010719,1,1.0189728228709924,-6.896551724137924,-0.14208155781811854,4.1929110781316865,-0.7354591830985839,2.1180832994528576,-15.970765326492911,-0.8808296456288565,0,0.027988984236303856,-30.0,-4.0,-26.0,-1.542470614326902,-0.6554847547609484,-0.4636418131639459,0.07161379761588167
1690948800,2023-08-02,45.21,45.34,41.56,41.7,5962956.0,0.08417266187050365,0.08729016786570742,-0.003357314148681123,-0.07518296739853625,6.4388489208633075,10.369991439164991,2.5077064025615954,8.721822541966432,4.371702637889669,6.546762589928051,0,-10.418376839941153,-0.45356887085222664,-4.987833091899692,-11.206448326449753,6.255351055659602,2.7741639048309037,-14.499626609433571,-2.1800759216036427,-1,-0.24026705115534586,-34.0,-84.0,50.0,6.4388489208633075,6.713988415837321,7.3290192042024955,-0.14071413939120153
1691035200,2023-08-03,41.05,41.32,40.07,40.17,2897946.0,0.021906895693303285,0.02862832959920336,-0.0024894199651481763,-0.03669064748201445,10.07219317898928,16.163298705695766,3.981087652282824,12.496058418388529,8.07733798025059,10.28669819931956,0,-14.228182492211147,-7.761194029850736,-10.917523297520551,-11.226711482961761,9.281705203921106,2.9639643173811887,-12.356595887900173,-1.0638235387964585,-1,-0.23889029731693848,-38.0,-88.0,50.0,10.07219317898928,9.7519980818046,10.96925563411726,-0.3630610906752408
1691121600,2023-08-04,40.36,41.37,40.28,41.25,3329816.0,-0.02157575757575758,0.00290909090909075,-0.02351515151515149,0.026885735623599638,6.904242424242412,13.594933681132986,0.2135511673518664,9.26060606060608,4.8630303030303,7.061818181818168,0,-9.941276786963833,-5.411602843384544,-13.606501955231415,-2.3992601652826977,5.617218287697284,2.88798581156646,-10.42238599184555,1.2132060100548054,0,-0.14499157792737521,-42.0,-88.0,46.0,6.904242424242412,6.223396820751219,7.747648219751426,-0.4126403791808251
1691380800,2023-08-07,41.29,41.4,40.55,41.13,2048427.0,0.0038901045465595807,0.006564551422319376,-0.01410162898127898,-0.002909090909090861,6.930464381230237,14.323941626712624,-0.4630128642521498,9.286408947240446,4.829807926088009,7.0581084366642415,0,-10.25156991945913,-5.404783808647641,-15.821697476422328,-2.127956173583705,5.406628007196247,2.8371407583142547,-8.662027014079257,-0.751294877283959,0,-0.11100952804708984,-46.0,-88.0,42.0,6.930464381230237,5.9110917280443545,7.745853160077104,-0.42697392118182903
1691467200,2023-08-08,40.35,40.82,39.81,40.66,1732044.0,-0.007624200688637339,0.003935071323167838,-0.020905066404328432,-0.011427182105519185,7.729955730447642,16.00321946786292,-0.5433080069676635,10.101656009181852,5.603377602885715,7.852516806033776,0,-11.481656468567017,-8.02985749830356,-18.139967879987733,-7.214282057530156,6.089616836764449,2.8968287401852444,-6.650756756613902,-0.6394461644937014,0,-0.1009022959023267,-21.999999999999996,-60.0,38.0,7.729955730447642,6.455790003882186,8.638716126667163,-0.43982774654246204
1691553600,2023-08-09,40.49,41.51,40.02,41.07,2438448.0,-0.014122230338446506,0.010713416118821373,-0.025566106647187614,0.010083620265617377,6.173606038470908,14.732952169366229,-2.3857400924244416,8.627140654167675,3.9327165002840587,6.27992857722586,0,-9.782808951827192,-8.773878276321641,-19.254877227842783,-5.9331527868586775,4.431504236679643,2.9221985729714355,-5.610283682494867,0.8978855432624214,0,-0.10718525748287493,-26.0,-60.0,34.0,6.173606038470908,4.879423063525849,7.257938234484413,-0.3939182948525166
1691640000,2023-08-10,41.06,41.27,40.05,40.24,1856330.0,0.020377733598409442,0.025596421471173025,-0.0047216699801193585,-0.020209398587776928,7.703777335984114,16.863157709200948,-1.4556030372327484,10.318091451292261,5.427435387673938,7.872763419483107,0,-12.019179735785421,-11.657519209659704,-21.13567956543208,-11.851038571304336,5.9470042862905075,2.9859965920462574,-4.644130113670048,-0.6834072261207061,0,-0.12168547937408689,-30.0,-60.0,30.0,7.703777335984114,6.371958959529863,9.09888348400942,-0.39181989251894556
1691726400,2023-08-11,40.04,40.23,39.23,39.55,1844633.0,0.012389380530973604,0.017193426042983573,-0.008091024020227544,-0.017147117296222758,8.987357774968402,19.122082926268888,-1.1473673763320704,11.582385166455978,6.669616519174042,9.126000842815003,0,-13.781597105345767,-10.641662901039316,-23.436495045254357,-11.731433265134392,7.064991122239334,3.0034938364299064,-3.2703650737860706,-0.691914313057921,0,-0.13577517978589218,-34.0,-84.0,50.0,8.987357774968402,7.444157416288192,10.570791253776775,-0.4074638991521111
1691985600,2023-08-14,39.26,40.11,39.0,40.06,1808636.0,-0.01997004493260124,0.0012481278082874248,-0.026460309535696558,0.012895069532237846,7.101847229156249,17.568912249537803,-3.365217791225305,9.703777666833076,4.691296388750189,7.19753702779164,0,-11.559134759918336,-9.057888762769569,-24.326902233205505,-6.822456945395103,5.100478136092931,2.9513700092725843,-1.868857939852436,0.6843332264615244,0,-0.0739968243081329,-38.0,-84.0,46.0,7.101847229156249,5.497601324762556,8.803786922682974,-0.3558985300910067
1692072000,2023-08-15,39.56,39.76,39.27,39.55,1932429.0,0.0002528445006322322,0.005309734513274433,-0.007079646017698948,-0.012730903644533331,7.883691529709225,18.969999976007387,-3.202616916588923,10.466919511167319,5.478297513695736,7.972608512431535,0,-12.919214410853122,-10.70219011063446,-25.62023626480119,-11.181098752842907,5.849770609813689,2.918574089631527,-0.5674584583426281,-0.7378375919052963,0,-0.0864438072277015,-42.0,-84.0,42.0,7.883691529709225,6.20485735034589,9.80655189609152,-0.3291936206136905
1692158400,2023-08-16,39.13,39.46,38.3,38.66,3425197.0,0.012157268494568108,0.02069322296947762,-0.009311950336264863,-0.022503160556257895,9.604242110708753,21.562806921552706,-2.354322700135185,12.373685118123817,7.076220037937574,9.724952578030695,0,-15.18213615940823,-13.240574506283675,-27.65311686388005,-12.709897901026395,7.155165730636355,3.0034455476018955,1.1640435423659135,-1.3025311497144352,0,-0.08143662965853765,-46.0,-96.0,50.0,9.604242110708753,7.826029187196596,11.850728445589283,-0.3429710944592417
1692244800,2023-08-17,38.74,38.86,38.1,38.26,1760461.0,0.01254573967590189,0.015682174594877196,-0.004181913225300482,-0.0103466114847387,9.89937271301622,22.484320539526266,-2.6855751134938544,12.760498344659354,7.363216588255781,10.061857466457582,0,-16.159166478162717,-14.540987268260006,-29.718732866642128,-17.91274205380583,7.41932754663361,2.959957552299605,2.8707667693255026,-0.687528037745028,0,-0.08929318273961886,-2.0,-52.0,50.0,9.89937271301622,8.100629127975736,12.509511250995558,-0.349347548181445
1692331200,2023-08-18,37.86,38.55,37.71,38.46,1573693.0,-0.015600624024960985,0.002340093603744098,-0.01950078003120126,0.00522739153162588,8.507540301612067,21.212901094491116,-4.197820491266995,11.30178540474951,5.9455711561795965,8.62367828046456,0,-15.19627990052524,-14.094259548805008,-30.98836374786525,-22.53649049515998,6.079278269641392,2.890245314914897,4.6468338355638785,0.6255059129988434,0,-0.06836632908447018,-6.0,-52.0,46.0,8.507540301612067,6.820532573472349,11.456813354690581,-0.3116640896125631
1692590400,2023-08-21,38.81,38.98,38.31,38.68,1303810.0,0.0033609100310239004,0.007755946225439514,-0.00956566701137529,0.005720228809152239,7.101861427094107,19.637438156346548,-5.433715302158362,9.906066873491895,4.518269562219928,7.212168217855904,0,-14.115793734609085,-13.622152746761952,-31.573590168542086,-17.73300098605705,4.503359743763085,2.7922604013723404,5.643104368866979,0.5282195333226346,0,-0.10014550736588868,-10.0,-52.0,42.0,7.101861427094107,5.621258645712274,10.398454406922866,-0.24635346198937214
1692676800,2023-08-22,38.78,38.83,38.16,38.27,1780452.0,0.013326365299189957,0.014632871701071304,-0.0028743140841391845,-0.010599793174767225,7.418343349882377,19.96283952662499,-5.126152826860206,10.295270446825171,4.794878494904637,7.545074470864904,0,-15.245700238238754,-14.250504145193812,-32.504641449445714,-12.629817557978193,4.028510372399126,2.7456422789691066,6.656806002903846,-0.7349919210630834,0,0.03124586530478515,-14.0,-52.0,38.0,7.418343349882377,6.109691047204507,11.127027573192038,-0.20679398988393127
1692763200,2023-08-23,38.09,38.76,38.01,38.65,1242650.0,-0.014489003880983065,0.002846054333764503,-0.01655886157826647,0.009929448654298234,5.538163001293668,17.33585794794918,-6.259531945361843,8.389391979301422,2.9353169469598726,5.662354463130654,0,-13.301116416700047,-14.14926699244781,-32.4477227080805,-6.003313611830023,2.663313709607536,2.663065034577565,7.689252055563983,0.5166757476973514,0,0.15106393753183933,-18.0,-52.0,34.0,5.538163001293668,4.583921211302709,9.640938495840985,-0.13456133632189782
1692849600,2023-08-24,38.34,38.71,38.13,38.51,1404936.0,-0.004414437808361371,0.005193456245131234,-0.009867566865749078,-0.0036222509702458217,5.155803687353952,16.434018723503215,-6.122411348795296,7.906604345191724,2.5651345970743478,5.235869471133043,0,-13.720447949504127,-13.28529610448097,-32.55939297418959,-15.711863899650169,2.4394242694387884,2.589414672670359,8.647951961605536,-0.5857542122065797,0,0.0795649893452835,-21.999999999999996,-52.0,30.0,5.155803687353952,4.491353564961685,9.645822256683218,-0.07851481334685362
1692936000,2023-08-25,38.7,39.17,38.11,38.71,1101978.0,-0.0002583311805733901,0.01188323430638083,-0.015499870834409735,0.005193456245131234,3.8220098165848526,13.949520924408617,-6.305501291238912,6.602514423490916,1.167226384224577,3.8848704038577466,0,-12.644074392146436,-13.651572607628815,-32.19438855601802,-18.461367787525376,1.490247478974993,2.5876271682823972,8.744791725120919,0.4675890977838448,0,0.05868776830597593,-26.0,-52.0,26.0,3.8220098165848526,3.5751540637300536,8.723271658100543,-0.013674537953582533
1693195200,2023-08-28,39.13,39.41,38.94,39.18,1173975.0,-0.001276161306789092,0.005870342011230045,-0.006125574272588086,0.012141565486954331,1.8185298621745716,10.032979062786637,-6.395919338437494,4.543559639271734,-0.762719074357662,1.890420282457029,0,-10.131435772439488,-13.164893617021272,-30.786651068958683,-12.916821460604439,0.05435319241723846,2.5015890394055824,8.439695491673426,0.5028113578304703,0,0.013022215073093651,-30.0,-52.0,22.0,1.8185298621745716,2.1105156449267497,7.128093789532741,0.0705403929813837
1693281600,2023-08-29,39.07,39.56,38.93,39.53,1484878.0,-0.011636731596256,0.0007589172780166908,-0.015178345560333928,0.00893312914752431,0.21376169997469674,5.6820513675092315,-5.254527967559824,2.912977485454064,-2.3690867695421076,0.2719453579559854,0,-8.298472385485631,-12.330893768019521,-28.779008796050388,-15.72168107461141,-1.2431111057330355,2.4161746256565353,7.908246933544113,0.6541842001702728,0,0.02811409377533966,-34.0,-52.0,18.0,0.21376169997469674,1.091527900926792,5.937241518737693,0.15466540133968332
1693368000,2023-08-30,39.46,39.76,39.36,39.48,1052567.0,-0.0005065856129684576,0.007092198581560405,-0.003039513677811523,-0.001264862130027966,0.05952380952382441,4.969127098522691,-4.850079479475028,2.193093549476515,-2.2395305639986276,-0.023218507261063337,0,-8.488753787483319,-5.323741007194259,-27.16313781290213,-9.761075011828403,-1.3647146054174613,2.3188015240603503,7.080872818868507,-0.4745353960764475,0,0.06654518960936633,-38.0,-52.0,14.0,0.05952380952382441,1.1034084292819557,5.833312823841965,0.20844449675856147
1693454400,2023-08-31,39.5,40.42,39.42,39.64,2868803.0,-0.003531786074672083,0.019677093844601368,-0.0055499495459131465,0.004052684903748771,-0.4112008072654021,4.421028653596238,-5.243430268127042,1.6616212579885712,-2.690043726875217,-0.514211234443323,0,-7.6033959445629336,-1.3193925815285066,-25.402458552184353,0.719377576486032,-1.6366902811189732,2.3246751012842983,5.30312846439389,1.2849075440834619,0,0.024285603754435756,-42.0,-52.0,10.0,-0.4112008072654021,0.62910087330377,5.1941296788640585,0.25331079502705767
1693540800,2023-09-01,39.7,40.34,39.66,40.17,1349098.0,-0.011700273836196096,0.0042320139407519,-0.012696041822255588,0.013370332996972767,-1.859596713965658,2.540979623918929,-6.260173051850245,0.15600365114927683,-4.036179570160144,-1.9400879595054477,0,-4.715452098104265,-2.6181818181818137,-22.59004158576273,-0.23992531463811417,-2.922467110748684,2.2546171151069117,3.652365849524603,0.6129796671830346,0,-0.016643394320967463,-46.0,-52.00000000000001,6.000000000000007,-1.859596713965658,-0.6320594452891157,3.6569431499648033,0.31327394828914756
1693886400,2023-09-05,39.86,39.91,39.4,39.45,1535674.0,0.010392902408111526,0.011660329531051783,-0.0012674271229405898,-0.017923823749066425,-0.2813688212927872,3.737759094436896,-4.3004967370224705,1.7583438952260195,-2.4241656104774023,-0.3329108576257056,0,-7.744830512360821,-4.0846097738876725,-21.39284457212404,0.6229463129942943,-1.1637244269608829,2.271199716965382,2.454484653438179,-0.7046684873488093,0,-0.08244332358719214,-46.0,-48.0,2.0,-0.2813688212927872,1.0689761235705078,5.331181644857111,0.2990700557391026
1693972800,2023-09-06,39.43,40.32,39.24,39.4,1495121.0,0.0007614213197970621,0.023350253807106647,-0.004060913705583702,-0.0012674271229405898,-0.31472081218274184,3.4066626523937487,-4.0361042767592465,1.7978003384094876,-2.407783417935704,-0.304991539763094,0,-7.950456818948474,-3.098868666994585,-20.48386860935595,12.321426956988596,-0.8435136096902767,2.3074415787630462,0.7105935664184742,-0.6886201261615782,0,-0.07827974018756369,-46.0,-44.0,-2.0,-0.31472081218274184,1.0832137459780995,5.250542788191012,0.2812004808519035
1694059200,2023-09-07,38.89,39.25,38.43,38.67,1646397.0,0.005689164727178619,0.014998707008016421,-0.006206361520558645,-0.018527918781725772,1.2567882079131039,4.447075030102823,-1.9334986142766013,3.363503146280493,-0.7482113610895595,1.3076458925954597,1,-10.876406262750983,-5.843681519357192,-20.969242967953903,12.606665811829096,1.1139239065533815,2.362243852086209,0.08815274538436668,-0.760809918384226,0,-0.06268858908248229,-42.0,-36.0,-6.0,1.2567882079131039,2.70653245439334,6.953608414528944,0.21793315576261652
1694145600,2023-09-08,38.78,39.21,38.62,38.94,1274732.0,-0.00410888546481758,0.006933744221879978,-0.008217770929635382,0.006982156710628296,0.38777606574215895,3.2925112624439237,-2.5169591309595916,2.3608971066598343,-1.5605204588255361,0.40018832391712067,1,-9.27071155630371,-3.230616302186889,-20.658602456648975,19.53905465999202,0.5527137573034793,2.2865280044065206,-0.4898280170044451,0.5997261549842048,0,-0.1180679010392725,-46.0,-36.0,-10.0,0.38777606574215895,1.804449568587117,5.968410844286296,0.1928489281450546
1694404800,2023-09-11,39.51,39.54,38.97,39.08,1370790.0,0.011003070624360234,0.011770726714432023,-0.002814738996929411,0.0035952747817153963,-0.03198567041964395,2.8117688897952178,-2.8757402306344915,1.8786250426475561,-1.918713749573513,-0.020044353462992603,1,-8.429535181549994,-1.18836915297092,-20.027353936614343,19.663580838823904,0.27952519169025436,2.22526357360482,-1.5586919052592911,0.6536076918838439,0,-0.1647439449536586,-46.0,-32.0,-14.0,-0.03198567041964395,1.3026271601779769,5.369621889512175,0.18427624494181105
1694491200,2023-09-12,38.99,40.53,38.99,40.22,2355448.0,-0.030581800099452883,0.007707608155146817,-0.030581800099452883,0.029170931422722646,-2.8455992043759437,-0.006983368283457025,-5.684215040468416,-0.931957566716406,-4.728576164428972,-2.830266865572682,1,-2.0926402606214296,0.3994008986520134,-16.463860781246588,28.731437283396275,-2.2048072720162963,2.281244061117768,-2.5797950493417083,1.1240474304944448,1,-0.03842948618187521,-42.0,-24.0,-18.0,-2.8455992043759437,-1.4193048720426304,2.2895624792390095,0.2498997330950813
1694577600,2023-09-13,40.53,40.63,39.13,39.31,2821508.0,0.031035359959297848,0.03357924192317485,-0.004578987534978318,-0.02262555942317246,-0.6270669040956705,2.2384453454384072,-3.4925791536297197,1.5106419062155538,-2.6307979309760157,-0.5600780123802451,1,-6.0937744254581645,-0.6068268015170541,-15.333838350444859,17.85616816576784,0.2892498329762674,2.4398940106044193,-3.409702603670741,-1.3341428607756765,0,-0.16756372839465006,-46.0,-24.000000000000004,-21.999999999999996,-0.6270669040956705,0.7806030246543969,4.474849957270095,0.2271920694817856
1694664000,2023-09-14,39.53,39.87,38.68,39.24,3077736.0,0.007390417940876581,0.016055045871559592,-0.014271151885830835,-0.0017807173747138583,-0.37589194699286566,2.4609413652123067,-3.212725259198038,1.7537376826367534,-2.402735304111445,-0.32449881073733877,1,-6.388700349686722,1.5002586652871326,-14.572776640790105,13.186630698209697,0.5587073941284189,2.486273183775987,-4.822547632092977,-1.4727088240510937,0,-0.18124820752301937,-46.0,-20.0,-26.0,-0.37589194699286566,0.8689197042426571,4.47842899362098,0.20339954537350124
1694750400,2023-09-15,39.24,40.18,39.21,39.94,3815285.0,-0.017526289434151132,0.006009013520280382,-0.018277416124186208,0.01783893985728846,-1.911617426139216,0.8493008283329289,-4.672535680611361,0.1681689200467389,-3.9680353864129643,-1.8999332331830914,1,-2.6649150955854424,4.391008886565603,-12.184022271351227,16.906607485732437,-1.0123577875265966,2.4416941063520397,-5.736233154006861,1.8628737321808564,0,-0.09803520389852521,38.0,68.0,-30.0,-1.911617426139216,-0.8133250176512803,2.543493736572856,0.22885030758542457
1695009600,2023-09-18,39.57,39.94,39.19,39.79,2306333.0,-0.005529027393817554,0.0037697914048755443,-0.0150791656195024,-0.0037556334501752664,-1.3747172656446338,1.344744746498833,-4.094179277788086,0.7103962469632137,-3.41878193851052,-1.3541928457736532,1,-3.359657626321635,3.4581383255330165,-10.577372079170193,10.120284996630211,-0.5807170635714556,2.4104699922810937,-6.614797416474069,-1.1382417265105689,0,-0.046379428145037774,34.0,68.0,-34.0,-1.3747172656446338,-0.3975631863651614,2.815156952479583,0.22906502626366276
1695096000,2023-09-19,39.88,40.31,39.5,40.11,2579907.0,-0.005734230865120815,0.0049862877088009405,-0.015208177511842447,0.008042221663734583,-1.9832959361755087,0.7900159219239526,-4.75660779427497,0.08850660683124545,-4.042632759910234,-1.9770630765395367,1,-1.6570846636537695,3.6970010341261625,-8.484797729322716,11.643877960382923,-1.2562582738136712,2.364682503307407,-6.948107289663049,1.272198280965414,0,-0.04593256210031631,30.0,68.0,-38.0,-1.9832959361755087,-1.0786548236681597,1.9166603906995476,0.2429232423148343
1695182400,2023-09-20,40.48,41.12,39.97,40.06,1862408.0,0.010484273589615345,0.026460309535696336,-0.0022466300549176532,-0.001246571927200124,-1.637543684473286,0.9785226739986683,-4.253610042945255,0.5183890830421092,-3.7377267432185164,-1.609668830088225,1,-1.909461076248796,4.677292918735299,-6.889207481423837,12.714299105420672,-1.007695550352281,2.403566788566402,-6.356852919598193,-0.9223160278127007,0,-0.0825828797250546,26.0,68.0,-42.0,-1.637543684473286,-0.8642180236422377,1.9637138240076126,0.24044026079578495
1695268800,2023-09-21,39.58,39.58,38.92,39.01,1828636.0,0.014611638041527764,0.014611638041527764,-0.0023071007433990154,-0.02621068397403903,1.056139451422709,3.6379042912865174,-1.5256253884411137,3.301717508331194,-1.0458856703409225,1.1279159189951429,1,-6.88499874112572,0.9314359637774888,-7.8554145735952945,5.177841644463612,1.536316762537865,2.5006948990178546,-7.336964224969925,-0.9075417397704129,0,-0.07607815146042199,22.0,68.0,-46.0,1.056139451422709,1.632315393470492,4.5235522383388655,0.16347941940740507
1695355200,2023-09-22,39.01,40.18,39.01,39.65,2093154.0,-0.016141235813367016,0.013366960907944536,-0.016141235813367016,0.016406049730838257,-0.43127364438839777,1.8876524235113408,-2.7501997122881363,1.855401429171934,-2.5708280790247926,-0.35771332492643637,1,-3.343944569653665,2.960270059724748,-7.0330535939434755,6.265323335302639,-0.15253023337614025,2.4953655271823543,-7.6057270396823,1.0454892416283326,0,-0.09008701722175738,18.0,56.0,-38.0,-0.43127364438839777,-0.0073790350250533265,2.7251810538596857,0.15135096199273024
1695614400,2023-09-25,39.35,40.37,39.35,40.16,1307681.0,-0.020169322709163273,0.005229083665338585,-0.020169322709163273,0.012862547288776671,-1.5151892430278764,0.7103701436344352,-3.7407486296901737,0.7183764940239143,-3.6416832669322474,-1.4616533864541879,1,-0.696775080253083,3.74580211831567,-5.1369732812220015,11.094043946592365,-1.3797139743913078,2.4691166779064884,-7.663412712625529,0.661806753931957,0,-0.023613502259064428,14.0,56.0,-42.0,-1.5151892430278764,-1.1555670129435924,1.364941220652355,0.17185272486594022
1695700800,2023-09-26,39.82,40.06,38.74,38.78,1503638.0,0.026817947395564756,0.03300670448684895,-0.001031459515213995,-0.03436254980079667,1.937854564208365,4.368757321594501,-0.493048193177799,4.4142169503180355,-0.32018222451435463,2.0470173629018262,1,-6.802540721354525,-1.0209290454313389,-6.604195480340323,6.093569225594308,2.069994414377234,2.6358882251554903,-8.527840730403394,-0.7643133215855576,0,-0.03568257178143462,10.0,56.0,-46.0,1.937854564208365,2.1369092394748463,4.7770661709839,0.09072466963822678
1695787200,2023-09-27,39.13,39.2,38.45,38.72,1624566.0,0.010588842975206791,0.012396694214876103,-0.0069731404958676135,-0.001547189272821048,1.9912190082644656,4.591668994753235,-0.6092309782243035,4.520488980716237,-0.25223829201101466,2.134125344352597,1,-7.0459947847159015,-2.0490766506450853,-7.853951518979067,6.133287481794639,2.230610052312514,2.589759241864465,-9.687452938384427,-0.826758785719872,0,-0.028070865548007272,6.000000000000007,48.00000000000001,-42.0,1.9912190082644656,2.076590744084328,4.7457242947997855,0.03418241639990316
1695873600,2023-09-28,38.58,39.77,38.45,39.58,1337878.0,-0.02526528549772611,0.004800404244568179,-0.028549772612430413,0.022210743801652777,-0.21222839818089767,2.33354971099115,-2.758006507352988,2.3319858514401233,-2.569479535118731,-0.11874684183929674,1,-2.5754028691529243,0.25329280648429947,-6.7918768254254624,6.241425285884915,0.04463643410687723,2.590740655426436,-10.1134207648575,0.6818156267454326,0,0.00025359945770979365,2.0,48.0,-46.0,-0.21222839818089767,-0.12788291512312355,2.372939289023847,0.05464844795967194
1695960000,2023-09-29,39.87,39.94,39.13,39.27,1447514.0,0.015278838808250317,0.017061370002546372,-0.0035650623885917776,-0.00783223850429493,0.5283931754519955,3.100198671935914,-2.043412321031937,3.067226890756288,-1.8245480010185986,0.6213394448688376,1,-3.9448880898819283,-0.9334006054490349,-6.596988132743055,6.365657233437695,0.8625370095926286,2.5720100710158933,-10.324432971946672,-0.7384617977791079,0,-0.003265730805531191,-2.0,12.0,-14.0,0.5283931754519955,0.5976081222417378,3.0563299409910343,0.04751769580581183
1696219200,2023-10-02,39.2,39.58,38.45,38.78,1287647.0,0.010830324909747446,0.020629190304280565,-0.008509541000515708,-0.012477718360071388,1.6193914388860264,4.200700020736932,-0.9619171429648787,4.283135636926232,-0.7864878803506912,1.7483238782877777,1,-6.05624495893904,-3.4602937515558887,-7.433435903403645,0.30352063539198326,1.9957094117732055,2.626605874446186,-11.350813363330163,-0.6608271780353088,0,-0.0706228027560368,-6.0,12.0,-18.0,1.6193914388860264,1.6907258874827988,4.187564725274399,0.01186813814193477
1696305600,2023-10-03,38.43,38.55,37.65,37.81,1961421.0,0.016397778365511595,0.019571541920126778,-0.004231684739486985,-0.025012893243940182,4.009521290663827,7.233075018042669,0.7859675632850127,6.800670016750402,1.4978400775808893,4.149255047165639,1,-9.888100121254176,-4.157160963244615,-9.995434490441287,2.0075044392313686,4.289214039293981,2.715035866443685,-11.437440007786636,-1.0042051446577502,0,-0.04138747462221236,-10.0,-60.0,50.0,4.009521290663827,3.8900777678052947,6.591416443549505,-0.0704471741136844
1696392000,2023-10-04,37.68,38.2,37.43,38.15,1561418.0,-0.012319790301441702,0.001310615989515096,-0.01887287024901696,0.008992330071409649,2.9187418086500543,6.381756325035866,-0.5442727077357006,5.581913499344694,0.40760157273919617,2.994757536041945,1,-8.021361915322892,-3.1725888324873095,-11.188938798697784,5.077872507394055,3.1787049048863594,2.6428039307864912,-11.300339732643048,0.7974213567957248,0,0.014308723838375162,-14.0,-60.0,46.0,2.9187418086500543,2.681885998394364,5.420220147919579,-0.09393486963250791
1696478400,2023-10-05,37.91,38.25,37.19,37.61,1943894.0,0.00797660196756178,0.017016750864131902,-0.011167242754586582,-0.014154652686762748,4.255517149694228,8.208689574583786,0.30234472480465513,6.983515022600372,1.6710981122042057,4.327306567402275,1,-10.100582987181383,-2.741143004913375,-13.12884275131008,-6.164254083914948,4.137557531617105,2.690581170421166,-10.93603479268312,-0.9841012407844322,0,-0.07917389069452911,-18.0,-68.0,50.0,4.255517149694228,3.7603538394501896,6.661916435195849,-0.1352647384409541
1696564800,2023-10-06,37.46,39.65,37.18,38.8,3197573.0,-0.03453608247422668,0.021907216494845505,-0.04175257731958759,0.03164052113799509,1.039948453608261,4.888199039947267,-2.8083021327307165,3.895618556701038,-1.7384020618556661,1.0786082474226788,1,-3.9069344826859833,-0.35952747817154745,-11.848595857922465,4.796943320705765,0.6323647665224144,2.8764835266090216,-11.604733491958573,1.5945842283995297,1,-0.09156447908586644,-21.999999999999996,-68.0,46.0,1.039948453608261,0.5229642245124069,3.257620365503385,-0.07489830168497214
1696824000,2023-10-09,38.29,38.6,37.71,38.4,1615387.0,-0.0028645833333332815,0.005208333333333481,-0.017968749999999978,-0.010309278350515427,2.00390625,5.996747710905154,-1.9889352109051543,4.894531250000014,-0.8815104166666572,2.0065104166666856,1,-5.52851647296707,-1.7400204708290679,-11.58502299054906,-3.62187762727325,1.288455012853305,2.901596523105636,-12.225667998428637,-0.8067095966404575,0,-0.11210849296597052,-26.0,-68.0,42.0,2.00390625,1.4205471556430638,4.163290358912917,-0.05525447624178015
1696910400,2023-10-10,38.68,39.14,38.52,38.68,1538240.0,0.0,0.011892450879007255,-0.00413650465356763,0.007291666666666696,1.0664426059979348,4.8610964872827225,-2.728211275286867,3.869786280592919,-1.6265942778352382,1.121596001378819,1,-4.125446764842408,-3.8289408254599677,-10.745278689542289,-4.509150996606763,0.24084173770984307,2.8114880047539037,-12.24883148531083,0.7680895924499366,0,-0.07951908715283824,-30.0,-68.0,38.0,1.0664426059979348,0.6210065553222677,3.2755678261707573,-0.01864260890678382
1696996800,2023-10-11,38.78,39.21,38.41,38.88,1153803.0,-0.0025720164609054352,0.008487654320987525,-0.01208847736625529,0.005170630816959676,0.4912551440329196,4.26439189605297,-3.2818816079871453,3.1352880658435964,-2.1527777777777857,0.4912551440329196,1,-3.1163341597594894,-1.093869244467056,-9.62954950358475,1.7322523834303354,-0.3464004138919421,2.7442104429571823,-12.411086565780526,0.5832121352451777,0,-0.0168151686537567,-34.0,-68.0,34.0,0.4912551440329196,0.0935603292639513,2.636694712891341,0.02162232094775951
1697083200,2023-10-12,38.52,38.74,37.82,38.18,1811193.0,0.00890518596123635,0.014667365112624564,-0.0094290204295443,-0.01800411522633749,2.1948664222105805,6.161770465315271,-1.7720376208941246,4.857691636109649,-0.45660904487515097,2.2005412956172705,1,-6.129708566989109,-2.7013251783894043,-10.032805382974738,-6.698951382728197,1.174799991637471,2.7932233149148367,-13.287073308186718,-0.9556113942705874,0,-0.042372220163342224,-38.0,-68.0,30.0,2.1948664222105805,1.7450109586593356,4.341262662631891,0.004580986381270524
1697169600,2023-10-13,38.2,38.43,37.53,37.65,1394983.0,0.014608233731739917,0.0207171314741037,-0.0031872509960159112,-0.013881613410162363,3.3293492695883202,7.483089794608716,-0.8243912554320758,6.071270473660917,0.7007525453740442,3.3860115095174876,1,-8.267475779895541,-5.733600400600899,-11.323382545556022,-12.530661494507022,2.281022124608455,2.8009646369281533,-13.814458864485754,-0.7478740870490583,0,-0.11887252444789377,-42.0,-68.0,26.0,3.3293492695883202,2.874680136129342,5.582231083251315,-0.036646907745648716
1697428800,2023-10-16,38.02,38.45,38.02,38.39,1393811.0,-0.00963792654337059,0.0015629070070330986,-0.00963792654337059,0.019654714475431767,1.1552487626986192,5.124276160478686,-2.813778635081448,3.8087175479725346,-1.3749240253538346,1.216896761309357,1,-4.373364613876255,-3.518471977883887,-10.668512259277229,-6.333212955243461,0.1595871158804414,2.6996095366064172,-14.329764439606379,0.7630862872746341,0,-0.015547946279071481,-46.0,-68.0,22.0,1.1552487626986192,0.806760733053153,3.4079437628958544,-0.009741275733415544
1697515200,2023-10-17,37.95,38.88,37.95,38.4,1439685.0,-0.011718749999999889,0.012500000000000178,-0.011718749999999889,0.0002604845011722201,0.90625,4.592911274680603,-2.780411274680617,3.593750000000014,-1.6197916666666714,0.9869791666666856,1,-4.321722935088843,-4.263275991024685,-10.125956782793857,0.28095623761818445,0.06472270097771116,2.679118548054622,-14.828595095471117,0.7934904861004117,0,0.0020207010673899814,-14.0,-32.0,18.0,0.90625,0.7061747845936281,3.2484258026047144,0.011894000558506812
1697601600,2023-10-18,38.01,38.38,37.36,37.45,1084020.0,0.01495327102803734,0.0248331108144193,-0.0024032042723632907,-0.02473958333333326,3.117489986648849,6.825852711141152,-0.5908727378434406,5.850022251891403,0.5389408099688353,3.1944815309301333,1,-8.283766394047092,-6.515227159261107,-11.43603615571377,-5.052067050759781,2.3832595462661885,2.7492198725707935,-15.091525479988249,-0.6017622537823307,0,-0.07878933343675258,-18.0,-68.0,50.0,3.117489986648849,2.9502512846837163,5.6374449541511495,-0.03220030304325905
1697688000,2023-10-19,37.47,37.65,36.87,37.07,1484928.0,0.010790396547073033,0.015646074993255876,-0.005395198273536628,-0.010146862483311203,3.912867547882385,8.038712044620766,-0.21297694885601004,6.685100260767911,1.2872043880945796,3.9861523244312735,1,-9.753615584748445,-4.973083824660337,-13.158815960177847,-11.492834492435783,3.043523007059349,2.7293107537113013,-14.796648696402892,-0.833134577619843,0,-0.06887766110112263,-21.999999999999996,-72.0,50.0,3.912867547882385,3.624097655165542,6.456779364485371,-0.07873167829148259
1697774400,2023-10-20,37.29,37.8,37.11,37.56,2585289.0,-0.007188498402555976,0.006389776357827337,-0.01198083067092659,0.013218235770164677,2.2790202342918064,6.250288944978877,-1.692248476395278,4.946751863684739,-0.2529286474973276,2.346911608093734,1,-7.026321784162327,-5.271122320302639,-13.391663997369443,-2.918855392852933,1.3927553222219444,2.6401227470732787,-14.73392816700834,1.438735196958472,1,-0.010456889629325358,-26.0,-72.0,46.0,2.2790202342918064,2.0558353636882316,4.869222442018099,-0.06865049831183656
1698033600,2023-10-23,37.34,37.73,37.07,37.19,1574248.0,0.004033342296316356,0.014520032266738259,-0.0032266738370528847,-0.00985090521831744,2.8972842161871597,6.5337548162087415,-0.7391863838344506,5.58886797526219,0.4342565205700595,3.0115622479161175,1,-8.530764996078815,-7.395418326693225,-14.236353050812525,-2.097819167676164,2.285130779161662,2.6026949159546353,-14.628767900618412,-0.8787267957360979,0,0.00040100147149910143,-30.0,-72.0,42.0,2.8972842161871597,2.778686473504763,5.680692021989799,-0.07834086010667851
1698120000,2023-10-24,37.24,37.79,36.96,37.36,2030553.0,-0.0032119914346894207,0.0115096359743041,-0.010706638115631661,0.004571121269158374,2.2390256959314883,5.9488902870664475,-1.4708388952034852,4.798804425410424,-0.20119557458959036,2.298804425410438,1,-7.556248174363326,-3.6616812790098034,-14.511752785624331,5.273081214925909,1.6890628620301698,2.5644786460243716,-14.396143874337321,1.1306298467842497,0,-0.05866536525538948,-34.0,-72.0,38.0,2.2390256959314883,2.0909142054695593,4.9958967746736676,-0.06527556334104956
1698206400,2023-10-25,37.14,37.45,36.82,37.09,1342579.0,0.001348072256672772,0.009706120248045291,-0.0072795901860340795,-0.00722698072805128,2.7635481261795434,6.656187008900034,-1.129090756540947,5.320391839669256,0.3163476228992437,2.818369731284264,1,-8.705688956859504,-4.209710743801641,-15.222839218017182,6.714718954432485,2.364178699661764,2.519963002736812,-14.004256795253342,-0.7525027919153413,0,-0.051206422686099165,-38.0,-72.0,34.0,2.7635481261795434,2.564180487116957,5.534332742078661,-0.0665633609529575
1698292800,2023-10-26,37.54,38.03,37.04,37.22,2092811.0,0.008597528210639416,0.02176249328318125,-0.004836109618484685,0.0035049878673496515,2.0875873186458875,5.651695237283306,-1.4765205999915167,4.661472326706061,-0.23643202579258116,2.2125201504567684,1,-7.910832644355253,-5.962607377463365,-15.48265575360323,4.435348663596386,1.6530278343129794,2.521782760861305,-14.576035009445524,1.1907860455266157,0,-0.15701884904678035,-42.0,-72.0,30.0,2.0875873186458875,1.9958594087615467,4.963150566731571,-0.051101114685197624
1698379200,2023-10-27,37.2,37.36,35.62,35.68,3326112.0,0.04260089686098656,0.047085201793722,-0.0016816143497758729,-0.04137560451370226,5.990751121076229,10.314963012221838,1.666539229930649,8.856969357249625,3.487014200298958,6.17199177877427,0,-13.990493711700445,-9.141838553603268,-18.47845892997414,0.9297303188347286,5.344711702396211,2.791059030009512,-13.518149104667502,-1.85939217633251,0,-0.31030270928032094,-46.0,-96.0,50.0,5.990751121076229,5.788799723318363,9.121216225157028,-0.1324098507138688
1698638400,2023-10-30,36.35,36.55,35.4,35.71,3014799.0,0.017922150658078895,0.02352282273872852,-0.008681041725007055,0.000840807174887992,5.471856622794746,10.313487818656483,0.6302254269330092,8.341267618780918,2.970223093437866,5.655745356109392,0,-13.801513234043313,-7.916451779267664,-20.771018896028355,-7.858170243418577,4.498543299484851,2.8195479867176294,-12.339047381441109,1.6586346901216806,0,-0.3175684607765307,-38.0,-84.0,46.0,5.471856622794746,5.157076327068566,8.675443661503351,-0.16961490435427784
1698724800,2023-10-31,35.71,36.39,35.66,35.9,2567146.0,-0.005292479108635062,0.013649025069637943,-0.006685236768802283,0.005320638476617123,4.647632311977716,9.91133578783625,-0.6160711638808181,7.462859795728875,2.167595171773428,4.815227483751144,0,-12.569618136669924,-5.051573657762506,-22.11611615517284,-5.12691151497804,3.4146533126985616,2.7495399161836964,-11.244167209873742,1.3929882878540838,0,-0.3408621862155891,-42.0,-84.0,42.0,4.647632311977716,4.162388535817428,7.782623062134448,-0.1666288610263521
1698811200,2023-11-01,36.03,36.11,35.48,36.1,2234700.0,-0.0019390581717451116,0.0002770083102492382,-0.01717451523545721,0.005571030640668662,3.78393351800554,9.249143911307783,-1.6812768752967173,6.566943674976926,1.3397968605725055,3.9533702677746874,0,-11.25903171307258,-5.373525557011789,-22.669260689008688,-5.6091209283016,2.361689049288657,2.66365310424007,-10.053725493964041,1.2066475801049144,0,-0.24284705139241125,-46.0,-84.0,38.0,3.78393351800554,3.243853344256763,6.903705517680024,-0.1375903925570514
1698897600,2023-11-02,32.12,33.96,30.77,31.38,7928541.0,0.02358189929891652,0.08221797323135771,-0.019439133205863546,-0.1307479224376732,18.401848311026143,28.926835991941715,7.876860630110528,22.035797748034838,15.343637136180163,18.689717442107522,0,-24.518287914767967,-16.56474341930338,-30.55335845521497,-12.930316159710976,13.996247976302328,4.058664303514216,-6.524506526657287,-3.9928021860047087,-1,-0.30990624089750146,-46.0,-96.0,50.0,18.401848311026143,16.985278777543655,22.082233400957392,-0.4074143228760422
1698984000,2023-11-03,31.7,32.45,31.19,32.45,5499565.0,-0.023112480739599484,0.0,-0.03882896764252697,0.03409815168897401,13.519260400616332,25.2092126759686,1.8293081252640775,16.821777092963515,10.723163841807889,13.772470467385716,0,-18.891835852462222,-16.365979381443285,-33.274074077479185,-20.295289502539845,8.294675305672115,3.921839128275565,-3.247374628443872,2.659877291025906,0,-0.15895409006202385,-18.0,-64.0,46.0,13.519260400616332,11.877559487485613,17.348610968295162,-0.4799819453809324
1699246800,2023-11-06,32.55,32.65,31.89,31.94,3270411.0,0.01909830932999368,0.022229179711959812,-0.0015654351909830666,-0.015716486902927596,14.320601127113335,27.706679825948328,0.9345224282783136,17.71550824462534,11.560217073679823,14.637862659152574,0,-20.027267224373603,-16.82291666666666,-35.8085427202658,-17.777307480130403,8.893332244043009,3.869818043347005,-0.47967118049459856,-1.5492458423183035,0,-0.2214645694851668,-21.999999999999996,-64.0,42.0,14.320601127113335,12.362628294136726,18.468549406446954,-0.5248469538416809
1699333200,2023-11-07,31.66,31.9,31.16,31.74,2894440.0,-0.002520478890989275,0.00504095778197855,-0.018273471959672327,-0.0062617407639324885,13.947700063011979,28.528636408901036,-0.6332362828770783,17.34509556815796,11.113211510186915,14.229153539172444,0,-20.472159038574944,-17.942088934850055,-37.88711841349698,-18.906403066708577,8.645657112903791,3.7915785578327115,2.328498215658019,-1.3491509085261943,0,-0.15129184215098823,-26.0,-64.0,38.0,13.947700063011979,11.82582381639483,18.461511999489645,-0.5290168944720444
1699419600,2023-11-08,31.78,31.92,31.29,31.48,2284020.0,0.009529860228716602,0.013977128335451061,-0.0060355781448538925,-0.008191556395715116,13.713468869123261,29.208148950185233,-1.781211211938711,17.132570944515038,10.903218975010589,14.017894959762799,0,-21.059982093943475,-19.032921810699595,-39.736113759704416,-19.265432975112688,8.746015611044825,3.6927780553025356,4.907010897467291,-1.0567504148842604,0,-0.15274650903554343,-30.0,-64.0,34.0,13.713468869123261,11.535186831722427,18.677561322673753,-0.5100846831199028
1699506000,2023-11-09,31.48,31.82,31.11,31.15,2609706.0,0.010593900481540963,0.021508828250401235,-0.001284109149277679,-0.010482846251588351,13.789727126805772,30.309748599273263,-2.730294345661733,17.234349919743195,11.00642054574638,14.120385232744766,0,-21.80975671038256,-18.41278156102672,-41.5053122014614,-25.652956391481197,8.700462383488912,3.6281414614813343,7.362767373980141,-1.1902853020239956,0,-0.22536846574202982,-34.0,-84.0,50.0,13.789727126805772,11.505657643949888,19.15306196547428,-0.48096959856614196
1699592400,2023-11-10,31.1,31.67,30.81,31.49,2371005.0,-0.012384884090187231,0.0057161003493173546,-0.0215941568751985,0.010914927768860272,11.583042235630387,28.464322817264303,-5.298238346003558,14.92272679157405,8.774743304752846,11.84873504816342,0,-19.84719957944806,-16.361221779548472,-42.06425143438876,-25.91140000664278,6.688298835921074,3.527686532747055,9.746407977479706,1.0863469232923946,0,-0.16647584822002257,-38.0,-84.0,46.0,11.583042235630387,9.320605901452822,17.165907714868496,-0.40314428544422864
1699851600,2023-11-13,31.4,31.67,31.23,31.64,2419241.0,-0.007585335018963413,0.0009481668773705376,-0.012958280657395682,0.004763416957764388,9.987357774968373,26.751443933078775,-6.776728383142,13.309102402022745,7.187104930467768,10.248103666245271,0,-18.97181429898022,-17.582703829122167,-42.13983147011034,-25.892868193551507,5.267108854227104,3.359511097865861,11.959788537872157,1.0976834109099043,0,-0.11568480304156596,-42.0,-84.0,42.0,9.987357774968373,7.964017393441452,15.959053607446052,-0.310074584994954
1699938000,2023-11-14,32.51,33.1,32.38,32.61,2958939.0,-0.0030665440049064685,0.01502606562404174,-0.007053051211284744,0.030657395701643386,5.827966881324741,21.514188963038933,-9.858255200389422,9.03046100378208,3.154962690381268,6.092711847081688,0,-13.550252740045167,-15.078124999999998,-39.809773046352696,-20.225566873215783,1.6689141198107222,3.3465503674906603,11.84973401013233,1.325442005274284,0,-0.13085301681330097,-46.0,-84.0,38.0,5.827966881324741,4.299949907625873,12.019216017485363,-0.15929165835836145
1700024400,2023-11-15,32.62,33.28,32.6,33.2,2928372.0,-0.01746987951807244,0.00240963855421672,-0.01807228915662651,0.01809260962894821,3.307228915662648,18.246740184499657,-11.632282353174375,6.333333333333329,0.664658634538128,3.4989959839357283,0,-10.505151287986862,-11.348464619492656,-36.53326172678389,-19.379682890620288,-0.744199838715403,3.1985866981289064,11.5135068629029,1.2951198731941511,0,-0.051373283116014974,-34.0,-68.0,34.0,3.307228915662648,2.213433682251747,9.635238059402141,-0.004127144149735917
1700110800,2023-11-16,33.36,33.9,32.53,32.9,3407229.0,0.013981762917933072,0.03039513677811545,-0.011246200607902712,-0.009036144578313365,3.6155015197568474,18.281266516106015,-11.05026347659232,6.771529888551157,0.8718338399189633,3.8216818642350603,0,-11.49273251056674,-11.248988400323716,-34.25439115518229,-11.794953460453456,-0.5160860903967119,3.2946374705002954,10.423942284953888,-1.483791876078687,0,-0.018303081602386362,-38.0,-68.0,30.0,3.6155015197568474,2.8459023979800406,10.21789455571573,0.08886136983019699
1700197200,2023-11-17,33.25,33.66,33.05,33.49,2013572.0,-0.0071663183039714085,0.0050761421319796,-0.013138250223947545,0.017933130699088196,1.1824425201552629,14.793448816142146,-12.42856377583162,4.267940678809595,-1.503931521847349,1.3820045784811157,0,-8.46620632510416,-10.835995740149095,-31.037642670525738,-6.184005963616237,-2.8060414861040925,3.167505110551073,9.412203748286949,0.8712706309702783,0,0.03154296192979515,-42.0,-68.0,26.0,1.1824425201552629,0.935565113932114,7.951608506647759,0.19459974761808718
1700456400,2023-11-20,33.39,33.85,33.27,33.58,2289538.0,-0.005658129839189896,0.008040500297796349,-0.009231685527099298,0.002687369363989056,0.37373436569387763,13.176710397044928,-12.429241665657187,3.4162199722056954,-2.3163589438157715,0.5499305141949691,0,-8.007775567462204,-9.706910459801021,-28.231086188286454,-6.780589790753389,-3.494728018530168,3.0567444481847623,8.226415640952219,0.9828662490156153,0,0.054727002180810023,-46.0,-68.0,22.0,0.37373436569387763,0.6017037318786009,7.361798616995458,0.2704341484497339
1700542800,2023-11-21,33.28,33.66,33.07,33.1,2065268.0,0.005438066465256686,0.016918429003021096,-0.0009063444108761143,-0.01429422275163783,1.1858006042295983,13.1581780180924,-10.786576809633218,4.261329305135945,-1.4818731117824768,1.3897280966767482,0,-9.778309583394723,-11.402569593147746,-26.569881317534705,-6.438102607892709,-2.498772908940012,3.0068865373555798,7.308672765527135,-0.8888046840788553,0,-0.034497275400427865,-38.0,-56.0,18.0,1.1858006042295983,1.8643346497096474,8.568953664105592,0.28655750875592223
1700629200,2023-11-22,33.37,33.75,33.18,33.67,2415847.0,-0.008910008910009037,0.0023760023760022175,-0.01455301455301461,0.017220543806646615,-1.0350460350460366,9.675581505341427,-11.745673575433514,1.954756954756931,-3.6733986733986796,-0.8593208593208601,0,-6.785475285992,-9.220814235643033,-23.90293277408341,5.803699395762955,-3.7789028968153673,2.8827342632782593,6.3282855029653895,1.0433220267952084,0,0.12893959777335773,-42.0,-56.0,14.0,-1.0350460350460366,0.12655049882246772,6.467027695459905,0.3307653569474691
1700802000,2023-11-24,33.83,33.92,33.38,33.41,898999.0,0.012571086501047546,0.015264890751272242,-0.0008979347500746027,-0.007722007722007929,-0.8350793175695799,8.545326603930619,-10.21548523906975,2.10316272573084,-3.434101566397274,-0.6654694203332383,0,-7.7999173086061475,-10.236432025792592,-22.10139874140829,15.67107065946061,-2.765753579224139,2.813104747037942,5.168597973042555,-0.3956933793856971,0,-0.0348858179256442,-46.0,-56.0,10.0,-0.8350793175695799,0.819483973449195,7.009464292597983,0.3365360274823066
1701061200,2023-11-27,33.21,33.6,33.11,33.28,2197846.0,-0.0021033653846154188,0.009615384615384581,-0.005108173076923128,-0.0038910505836574627,-0.8082932692307594,7.9363042513267175,-9.552890789788265,1.880008012820511,-3.303285256410277,-0.71163862179489,0,-8.314937606058635,-6.7264573991031344,-20.814286025262177,8.011556044894512,-2.125894297058764,2.727540746868539,4.382454927681838,-0.9813521629936729,0,0.028213816715065516,-42.0,-48.00000000000001,6.000000000000007,-0.8082932692307594,1.0977567415090306,7.136196678667758,0.32544177424420284
1701147600,2023-11-28,33.23,33.32,32.74,32.77,2219526.0,0.014037229173023968,0.016783643576441687,-0.0009154714678059062,-0.015324519230769162,0.28684772657916824,8.324443918653017,-7.750748465494667,2.9295086969789423,-2.1605126640219794,0.3844980164784886,0,-10.31498729595127,-8.23298795855502,-20.534777363006988,8.995976157922698,-0.26707750115375006,2.6985553614481983,4.033939197798642,-0.9918012622106195,0,-0.08102940206957618,-46.0,-48.0,2.0,0.28684772657916824,2.4167481040890664,8.458321305257101,0.2793660327159033
1701234000,2023-11-29,33.45,33.62,33.02,33.23,2589234.0,0.006620523623232177,0.011736382786638577,-0.006319590731266755,0.014037229173023968,-1.503159795365633,5.259183966904374,-8.265503557635625,1.0798475273347492,-3.9005918346875177,-1.4103721536763913,0,-7.687121114469242,-7.437325905292484,-19.215876282135405,16.106439960514734,-1.2754605420726364,2.653823071945631,3.2252745527925235,1.1569098576737173,0,-0.07640692536388283,-42.0,-40.0,-2.0,-1.503159795365633,0.9038589227304641,6.684120933417432,0.27504634074345313
1701320400,2023-11-30,33.38,33.43,32.52,32.88,5088790.0,0.015206812652068136,0.016727493917274794,-0.010948905109488982,-0.010532651218778,-0.9443430656934453,4.034265211712466,-5.922951343099356,1.7492903487429174,-3.369322789943226,-0.8100162206001471,0,-9.113848019751835,-8.919667590027696,-18.70097987267425,11.303765725642073,0.15469056269157022,2.6881843692426846,2.9984609244548075,-2.2100307031924324,-1,-0.036182659144090266,-46.0,-40.0,-6.0,-0.9443430656934453,1.7895803036211362,7.513091928018454,0.2448057831356284
1701406800,2023-12-01,32.95,33.29,32.55,33.14,2908691.0,-0.005733252866626404,0.004526252263126196,-0.017803258901629593,0.007907542579075333,-1.4559444779722526,3.2486442436006087,-6.1605331995451,0.7257091128545454,-3.61345805672903,-1.443874471937221,0,-7.595271077428144,5.608667941363931,-17.647597799292406,18.176956058300775,-0.3000561605970802,2.6360839873892004,2.7878482695697855,1.2514864217024826,0,-0.026005613462582775,-34.0,-24.0,-10.0,-1.4559444779722526,0.8966097756677414,6.408044698704913,0.23827460214801854
1701666000,2023-12-04,32.96,33.86,32.82,33.5,3556081.0,-0.016119402985074638,0.010746268656716351,-0.020298507462686577,0.010863005431502648,-2.3582089552238727,2.411488219479182,-7.127906129926927,-0.18606965174129186,-4.412935323383081,-2.2995024875621937,0,-5.516645186513514,3.2357473035439046,-15.897603791435857,19.263372228758087,-0.9778890167134193,2.6432360414648515,1.6503229522006393,1.5110092361692562,0,-0.051728967353266334,-38.0,-24.0,-14.0,-2.3582089552238727,-0.1697806519588454,5.058102115562747,0.2527850647641128
1701752400,2023-12-05,33.06,33.12,31.94,32.19,2613740.0,0.027027027027027195,0.028890959925442772,-0.007766387076731829,-0.03910447761194036,1.6542404473439234,6.5543272671746,-3.245846372486767,3.981050015532773,-0.5483069276172614,1.716371543957763,0,-10.919188621365329,0.7827175954915355,-16.779799469222034,12.093202423167348,3.0044906516620813,2.900477735006308,1.533208589770883,-1.0984091176117903,0,-0.06397797547667655,-42.0,-24.0,-18.0,1.6542404473439234,3.5221447285140215,8.967511907056917,0.17257171264763638
1701838800,2023-12-06,32.52,32.8,31.84,31.94,2717394.0,0.018159048215403928,0.026925485284909012,-0.0031308703819662442,-0.007766387076731829,2.481214777708203,7.348681199167274,-2.3862516437508674,4.92225005218117,0.2885618868712072,2.6054059695262026,0,-11.849955437537133,0.630119722747331,-17.917190476030143,4.65989173380671,3.6213436146923925,2.929069947598375,1.5204930018520137,-1.1304369827081864,0,-0.18306673936653983,-46.0,-24.000000000000004,-21.999999999999996,2.481214777708203,3.91981831619772,9.435305294314048,0.1044456228321834
1701925200,2023-12-07,31.96,32.52,31.85,32.25,3855216.0,-0.008992248062015484,0.008372093023255811,-0.012403100775193798,0.009705698184095057,1.6155038759690115,6.155652942739792,-2.9246451908017974,4.019638242894047,-0.5819121447028408,1.718863049095603,0,-9.985209875807577,2.4459974587039377,-18.057874825127314,5.07648247826841,2.337285764133327,2.8421006060726413,1.5086856702130618,1.5745492857080603,0,-0.11903032579067879,10.0,36.0,-26.0,1.6155038759690115,2.642718262632343,8.054609456707198,0.08296671609525896
1702011600,2023-12-08,32.21,32.68,32.09,32.11,3019153.0,0.0031142946122704185,0.01775147928994092,-0.0006228589224539505,-0.004341085271317824,2.2080348800996603,6.264415268758469,-1.848345508559163,4.599813142323271,0.015571473061342544,2.307692307692321,0,-10.550619395555934,3.0818619582664555,-18.41804584654241,6.15008833475558,2.5450349756933406,2.7818451730568015,1.2071238549101295,-1.2163790568174377,0,-0.2123305227815035,6.000000000000007,36.00000000000001,-30.0,2.2080348800996603,2.7959330507155045,8.191386590190291,0.06294427314283735
1702270800,2023-12-11,32.01,32.76,31.94,32.47,2327784.0,-0.014166923313828184,0.008931321219587396,-0.016322759470280168,0.011211460604173107,1.225746843239932,4.814730113958319,-2.3632364274784834,3.598193203983186,-0.922903192690697,1.3376450056462375,1,-8.320071858769829,3.112099079072723,-17.782952969337913,6.099608714847342,1.1908038219949049,2.7348885357673023,1.1018680957649671,0.931229906890451,0,-0.1985152134997761,2.0,36.0,-34.0,1.225746843239932,1.4984832811401247,6.7176613991434095,0.07664969219725126
1702357200,2023-12-12,32.27,32.43,32.02,32.15,1977143.0,0.0037325038880249295,0.008709175738724761,-0.004043545878693489,-0.009855251000923992,2.3125972006220934,5.658187466058834,-1.032993064814633,4.731467081389312,0.17470191809229618,2.453084499740797,1,-9.708830081676119,1.611883691529703,-17.846957934866598,6.325122151978789,2.0224982826076996,2.664794045395991,1.0041306051301753,-0.7866164938452924,0,-0.1694833337962874,-2.0,36.0,-38.0,2.3125972006220934,2.269805658940655,7.474766453742632,0.06720590947715055
1702443600,2023-12-13,32.01,32.69,31.57,32.67,3235078.0,-0.020202020202020332,0.0006121824303642054,-0.03367003367003374,0.01617418351477462,0.6932966023874769,3.976916417310264,-2.5903232125352673,3.0665238240995762,-1.540148964391392,0.763187429854085,1,-6.489277923105767,0.18399264029439522,-16.52398716577455,7.12583733598175,0.13653395961870274,2.6799393748595346,1.4441493209207614,1.2741790721255484,0,-0.13069533230775718,-6.0,36.0,-42.0,0.6932966023874769,0.5808602427797211,5.538074345897144,0.09720137599943368
1702530000,2023-12-14,33.22,35.01,33.17,34.97,4519717.0,-0.05004289390906491,0.0011438375750643104,-0.0514726908778953,0.0704009794918885,-5.676293966256779,-1.6719025620666912,-9.68068537044691,-3.352397292917715,-7.987799065865985,-5.670098179391857,0,4.846455790016691,5.3313253012048065,-9.658960852354538,10.939515614187982,-5.9972443859578135,2.8028045506282786,0.6003243107733063,1.7396127071731342,1,-3.619907709857465e-05,50.0,96.0,-46.0,-5.676293966256779,-5.459703720875481,-1.348205714061578,0.26371808795907525
1702616400,2023-12-15,34.89,35.05,33.92,34.02,4057903.0,0.025573192239858766,0.030276308054085543,-0.0029394473838918467,-0.027166142407777927,-2.877718988830111,1.4435645997233166,-7.199002577383567,-0.5095042132079186,-5.2038016852831674,-2.8566529492455572,0,0.4452091831423459,3.40425531914895,-6.36577330189865,8.20837289067677,-3.0493628868473337,2.912536694299826,-0.14340117962874288,-1.5368533711926908,0,-0.059715865440518046,46.0,92.0,-46.0,-2.877718988830111,-2.551147704797316,1.351459385358126,0.29906611623151624
1702875600,2023-12-18,34.31,34.35,33.72,33.9,1931777.0,0.012094395280236148,0.013274336283185972,-0.005309734513274322,-0.003527336860670305,-2.4734513274336365,1.9677874770004422,-6.914690131867701,-0.0673549655850394,-4.784169124877067,-2.4257620452310533,0,-0.08735475723734965,1.2242460435950928,-4.118415325360289,8.504398835248516,-2.571083985706011,2.846815167343113,-1.113527613185969,-0.7387063558175133,0,-0.03393002006683804,42.0,88.0,-46.0,-2.4734513274336365,-1.9960821090418364,1.6431579421622473,0.3026341814715419
1702962000,2023-12-19,34.13,34.58,33.98,34.51,2203055.0,-0.011011301072152868,0.0020283975659229903,-0.015357867284845006,0.01799410029498527,-4.062590553462741,0.6313288897451486,-8.756509996670644,-1.7164107022119168,-6.355645706558462,-4.036028204385218,0,2.5908220139344635,2.7695056581298383,-1.097941715139177,8.204956615424209,-4.145173704507471,2.737491087983007,-1.7584759634804747,0.8386729605895754,0,0.021798022515147144,38.0,24.0,14.0,-4.062590553462741,-3.3733168942526675,-0.14747094748001643,0.3319932677579195
1703048400,2023-12-20,34.4,35.18,34.05,34.07,2765280.0,0.009685940710302265,0.03257998238919879,-0.0005870267097153326,-0.012749927557229701,-2.6812444966245863,2.2298672325313618,-7.592356225780549,-0.19812151452889282,-5.055767537422966,-2.6269445259759436,0,0.5390120840467532,2.93051359516616,0.35429705200711614,18.13459503777422,-2.5948761119736616,2.811691531724216,-1.7377900435991833,-1.0429606413836816,0,-0.015484912531553895,34.0,24.0,10.0,-2.6812444966245863,-1.9230018790341177,1.097295707523017,0.30821338774323687
1703134800,2023-12-21,34.41,35.31,34.26,35.05,2128831.0,-0.01825962910128387,0.00741797432239677,-0.022539229671897254,0.028764308776049186,-5.205420827389446,0.09002763679153247,-10.500869291570439,-2.7289586305278135,-7.587731811697566,-5.158345221112683,0,4.684046008702943,4.098604098604085,3.4183984190057943,17.62614459867443,-5.028727289216988,2.7905569519379925,-1.5917584882931628,0.7970535417412786,0,-0.03179010322695964,50.0,43.99999999999999,6.000000000000007,-5.205420827389446,-4.220931738815494,-1.6615712159043738,0.342292215693908
1703221200,2023-12-22,34.99,35.37,34.85,34.97,1554177.0,0.0005719187875321552,0.011438375750643326,-0.003431512725192931,-0.002282453637660442,-4.765513297111809,0.969702305648994,-10.500728899872598,-2.2957773329520563,-7.159946620913161,-4.727861976932616,0,4.293070089795499,4.6692607003891125,5.631809368763965,16.022893148401195,-4.636279800380393,2.7033728402927935,-1.3952875006734295,-0.5830199670300368,0,-0.08305909330029652,46.0,44.0,2.0,-4.765513297111809,-3.6206945973612363,-1.3802673915204196,0.3424224155691649
1703566800,2023-12-26,35.2,35.28,34.92,35.14,1196170.0,0.0017074558907228532,0.003984063745019917,-0.00626067159931698,0.004861309694023541,-4.961582242458746,1.1830788045454739,-11.10624328946298,-2.5332005312085073,-7.336843103775379,-4.935021817491929,0,5.012545765876332,5.588942307692306,7.7060577032650555,21.61855184821414,-4.752476323415806,2.5713072748302848,-1.2128501550265334,0.4493907638226628,0,-0.03893119613856361,50.0,52.0,-2.0,-4.961582242458746,-3.6977235430045,-1.7845311099534626,0.33644141377276715
1703653200,2023-12-27,35.14,35.29,34.91,34.98,1920538.0,0.004574042309891446,0.00886220697541451,-0.002001143510577452,-0.004553215708594349,-4.21097770154374,2.2046949919152894,-10.626650395002756,-1.8134171907756667,-6.5818562988374225,-4.19763674480653,0,4.167806330851668,6.743973146170259,9.027369308110925,22.787324800722786,-3.8085944863779417,2.476159007775813,-1.0632731163035878,-0.7186852145977035,0,-0.014204260410249426,46.0,52.0,-6.0,-4.21097770154374,-2.9470202030036035,-1.2829251095776897,0.3051169160626097
1703739600,2023-12-28,35.02,35.27,34.83,35.13,1349668.0,-0.003131226871619708,0.003985197836607002,-0.008539709649872052,0.004288164665523286,-4.349558781668108,2.333411362869356,-11.032528926205558,-2.001138627953324,-6.703672075149456,-4.352405351551397,0,4.85195059269747,5.7177249473367615,10.384267786909582,20.98168407483348,-3.596130036106345,2.3789364954576335,-1.091667880819049,0.5054002380234305,0,-0.02276992269039756,42.0,52.0,-10.0,-4.349558781668108,-3.041286876391453,-1.6375921905295172,0.2786377406430297
1703826000,2023-12-29,35.1,35.32,34.94,34.99,1483457.0,0.0031437553586739497,0.009431266076021627,-0.0014289797084882094,-0.003985197836606891,-3.665332952272095,3.1868326119184616,-10.517498516462652,-1.3789654186910525,-5.94884252643611,-3.6639039725636025,0,4.0591581637890926,6.4172749391727475,11.176998966334372,19.795880021118535,-2.6366319753648355,2.29542421939033,-1.0504880943799755,-0.5538424086710543,0,0.02888072198957405,38.0,52.0,-14.0,-3.665332952272095,-2.4006420220539297,-1.1952446183569236,0.23744140721527912
1704171600,2024-01-02,34.79,35.54,34.79,35.08,1957782.0,-0.008266818700114031,0.013112884834663552,-0.008266818700114031,0.002572163475278444,-3.6359749144811673,3.3600117667311054,-10.631961595693454,-1.3250665146332068,-5.886069935385763,-3.605568225009506,0,4.5041277035946905,5.853952926976456,12.008761498174238,19.615400982754124,-2.3567509002578078,2.2787091030177544,-0.7136420720315009,0.7283579872018088,0,-0.005640986335852294,34.0,52.0,-18.0,-3.6359749144811673,-2.398559513875327,-1.3919214627736665,0.20331710982029583
1704258000,2024-01-03,34.17,34.44,33.07,33.21,2355601.0,0.028906955736224038,0.03703703703703698,-0.0042155977115326815,-0.0533067274800455,1.746461909063541,9.167785832045922,-5.674862013918869,4.307939375690054,-0.6092542406905608,1.849342567499761,0,-5.023639450670814,-0.8656716417910422,8.192093233186084,18.657832056422208,3.3680003443981548,2.667403319439533,-1.5740881570262388,-0.8778597594362673,0,-0.040813013250773994,30.0,52.0,-21.999999999999996,1.746461909063541,2.8022427450306537,3.997377567121333,0.04986825775698561
1704344400,2024-01-04,32.6,33.77,32.5,33.49,2898974.0,-0.026575097043893714,0.00836070468796657,-0.029561063003881838,0.008431195423065363,1.089877575395633,8.132871883630315,-5.953116732839064,3.574201254105674,-1.3287548521946917,1.1227232009555053,0,-3.548272582175187,4.038521279900604,5.747431434498161,9.767801159274896,2.81907310437812,2.7270358638007712,-1.7343054111491405,1.0697952725607067,0,-0.08760860588538846,26.0,52.0,-26.0,1.089877575395633,1.7577203567331878,3.0052240008435973,-0.03323255372304598
1704430800,2024-01-05,33.73,34.65,33.6,34.15,2286764.0,-0.012298682284041074,0.014641288433382194,-0.016105417276720324,0.01970737533592115,-0.5402635431917702,5.874277916893831,-6.954805003277372,1.8696925329428922,-2.9648609077598707,-0.5475841874084892,0,-0.20797096743207533,6.9192235441452645,5.148885729246832,6.763076756482462,0.7873385528286434,2.7259351684228017,-3.1371148955379375,0.8422814562343032,0,-0.2341670409664612,22.0,52.0,-30.0,-0.5402635431917702,-0.18900503354542764,0.9747094063815069,-0.04355783841524499
1704690000,2024-01-08,33.97,34.39,33.77,34.25,2083973.0,-0.008175182481751864,0.004087591240875987,-0.014014598540145862,0.002928257686676483,-0.5386861313868536,5.435081447701307,-6.512453710475029,1.8467153284671696,-2.959124087591249,-0.5562043795620468,0,0.28661976118272037,6.2015503875969,4.877816844468284,18.115493930751754,0.4694477453052457,2.6531364296586077,-4.439723702470392,0.7634182160862596,0,-0.0911780697324582,18.0,52.0,-34.0,-0.5386861313868536,-0.4346693305748488,0.6532302763237539,-0.043366178941083744
1704776400,2024-01-09,33.79,33.97,32.99,33.16,3092075.0,0.018998793727382557,0.02442702050663459,-0.0051266586248490675,-0.03182481751824828,2.889022919179766,8.590451018067256,-2.8124051797077527,5.416164053076017,0.33474065138723574,2.875452352231605,0,-4.819882715325221,3.2700093428838275,2.230059161871022,15.571787547180122,3.5252672706353394,2.816019721061294,-4.756979809172503,-1.1244819471493503,0,-0.12825975206638515,14.0,52.0,-38.0,2.889022919179766,2.5678369422833356,3.806430917973657,-0.11243692936598021
1704862800,2024-01-10,33.16,33.16,32.74,33.08,5124528.0,0.002418379685610539,0.002418379685610539,-0.010278113663845123,-0.0024125452352231624,3.23004836759371,8.673863309012901,-2.213766573825467,5.701833937928271,0.7290407093913984,3.2154373236598275,0,-5.171576307065777,1.8786572220511226,-0.030162892868663208,3.106139487379629,3.127285427835531,2.711888455163029,-4.794982615983827,-1.839553422550762,0,-0.07055318864465951,10.0,52.0,-42.0,3.23004836759371,2.547705399775708,3.8983576432417806,-0.15658710664696104
1704949200,2024-01-11,33.04,33.27,32.76,33.25,2080751.0,-0.006315789473684275,0.0006015037593984918,-0.01473684210526327,0.005139056831922728,2.867669172932324,7.71107347260245,-1.9757351267377885,5.310776942355886,0.3333333333333144,2.8220551378446146,0,-4.227361292155102,3.4214618973561475,-1.4753682083708244,1.9531499056345254,2.3130926878463924,2.61486683406726,-5.0003397416711906,0.7519704851717381,0,0.07340681253986808,6.000000000000007,52.00000000000001,-46.0,2.867669172932324,1.8306964523695228,3.2351029757236915,-0.16649181658050444
1705035600,2024-01-12,33.36,33.36,31.73,32.0,3066007.0,0.04249999999999998,0.04249999999999998,-0.008437499999999987,-0.03759398496240607,6.78125,12.274285363080125,1.2882146369198892,9.512499999999989,4.181250000000006,6.846874999999983,0,-9.581321143487486,-2.0508111417202377,-5.256433736465338,-5.997408015814315,5.645694125004596,2.886777207646368,-4.204559899791473,-1.1040549859322615,0,-0.02500849562465098,2.0,-48.0,50.0,6.78125,5.2552715532506795,6.98271539411634,-0.24465452385741257
1705381200,2024-01-16,31.79,32.35,31.63,32.32,2936689.0,-0.016398514851485135,0.0009282178217822068,-0.02134900990099009,0.010000000000000009,5.3140470297029765,11.165039352596182,-0.536945293190243,7.901712046204622,2.969781353135332,5.435746699669977,0,-7.760706557285616,-7.577923934801254,-7.498486038484413,-12.330531650479045,3.9627437113203428,2.813161506322687,-3.3811857869839628,1.0521687627261591,0,0.08031489937045198,-2.0,-48.0,46.0,5.3140470297029765,3.8118887087111233,5.691187231832657,-0.2607512538766566
1705467600,2024-01-17,31.84,32.15,31.68,31.93,2811397.0,-0.0028186658315063617,0.006890072032571304,-0.007829627309740017,-0.012066831683168355,6.273097400563742,12.857886771087323,-0.3116919699598668,8.738908027977857,3.953439816264776,6.346173922121295,0,-9.35407398407574,-6.143445032333931,-10.041237492445047,-17.394409985058928,4.655237170815951,2.7872979698817506,-2.61662411080556,-1.0456192167774838,0,0.07421892121650787,-6.0,-56.0,50.0,6.273097400563742,4.596072686151743,6.708313771736442,-0.2818186510408005
1705554000,2024-01-18,32.21,32.21,31.46,31.96,1785210.0,0.007822277847309156,0.007822277847309156,-0.015644555694618312,0.0009395552771689353,5.869837296620759,12.978249644884187,-1.2385750516426413,8.324989570296196,3.506466416353774,5.915727993324978,0,-9.173332285688382,-5.722713864306779,-12.006214428934832,-17.104836438819277,4.033755025221538,2.7533960180543,-1.703821543678071,0.6828238489496845,0,0.12570397348445236,-10.0,-56.0,46.0,5.869837296620759,4.069520556212652,6.349006403743431,-0.2774514377867769
1705640400,2024-01-19,31.81,32.09,31.57,32.08,2220941.0,-0.008416458852867792,0.0003117206982545806,-0.015897755610972508,0.003754693366708306,5.095074812967582,12.490216588939475,-2.3000669630042836,7.526496259351617,2.750935162094777,5.138715710723218,0,-8.424236664993806,-7.0414372645609955,-13.31039950346417,-15.786128219865759,3.176527372369307,2.662943038789635,-0.856219159916833,0.8563613844494846,0,0.16813164949754747,-14.0,-56.0,42.0,5.095074812967582,3.3297346849462457,5.7178120804107095,-0.2509952823152305
1705899600,2024-01-22,32.29,32.55,32.05,32.42,2464512.0,-0.004009870450339403,0.00400987045033907,-0.011412708204811994,0.010598503740648413,3.738433066008625,11.237514410138758,-3.760648278121508,5.978819658646927,1.4476660497635407,3.7132428542052196,0,-6.2986289600655425,-4.842970355151155,-13.516762780717754,-14.30121311577112,1.6949198965212133,2.5569616746647337,-0.9608456014617239,0.9534397978991374,0,0.22493459193665172,-18.0,-56.0,38.0,3.738433066008625,2.0321669239570213,4.428362524609113,-0.19746912612279754
1705986000,2024-01-23,32.95,33.11,32.36,32.65,2192840.0,0.009188361408882129,0.014088820826952508,-0.008882082695252702,0.007094386181369483,2.6401225114854583,9.916330158882872,-4.636085135911955,4.85451761102604,0.44716692189892626,2.65084226646249,0,-4.876937836262478,-6.847360912981451,-13.09009924098146,-14.147792907900211,0.5838854320540321,2.5216737418599844,-2.0044560340261732,0.8489376266690516,0,0.22209630998438143,-21.999999999999996,-56.0,34.0,2.6401225114854583,1.1883237538380342,3.5479134848773697,-0.13635181840457455
1706072400,2024-01-24,32.87,32.92,32.35,32.47,2051845.0,0.012319063751154768,0.013858946720049392,-0.003695719125346386,-0.005513016845329233,2.8241453649522725,9.96320224265179,-4.314911512747273,5.061082024432807,0.613900010265894,2.8374910173493646,0,-5.796508424387966,-7.14898484415213,-13.103207164159855,-13.78702581344968,0.9537937514837722,2.4799252490925037,-2.960113217808903,-0.7977987458651695,0,0.2424140488800007,-26.0,-56.0,30.0,2.8241453649522725,1.582672123268992,3.960294805329241,-0.09953486302713715
1706158800,2024-01-25,32.64,32.99,32.42,32.98,1731554.0,-0.010309278350515316,0.00030321406913302873,-0.016979987871437063,0.015706806282722363,0.9066100667071169,7.511692726010267,-5.698472592596033,3.1170406306852527,-1.3250454821103688,0.8959975742874633,0,-2.599511042300051,-6.146841206602173,-11.741737886632347,-7.740307483759814,-0.7207433663683531,2.390629054176637,-3.967971342595071,0.6766277599016158,0,0.25168538064372,-30.0,-56.0,26.0,0.9066100667071169,0.01068167288738664,2.2604001498965403,-0.0356178552380122
1706245200,2024-01-26,33.18,33.86,33.08,33.32,2100964.0,-0.004201680672268893,0.016206482593037252,-0.007202881152461038,0.01030927835051565,-0.37214885954381316,5.733901018299534,-6.4781987373871885,1.878751500600245,-2.638055222088852,-0.37965186074431756,0,-0.5663040029822071,-4.7455688965122835,-9.706574854234521,-8.127726268390624,-1.8813361825461214,2.3858649903268985,-4.720233994313027,0.8230268445323051,0,0.2273397327083572,-34.0,-56.0,22.0,-0.37214885954381316,-0.9136606787505457,1.1692040641172952,0.031166482669178208
1706504400,2024-01-29,33.06,33.57,32.81,33.45,1956554.0,-0.011659192825112075,0.0035874439461882623,-0.019133034379671177,0.0039015606242498446,-1.0104633781763823,4.482434120725884,-6.503360877078663,1.261584454409558,-3.333333333333357,-1.0358744394618782,0,0.20833151671317296,-4.782237403928265,-7.679340051240732,-14.029866871013667,-2.419341046190155,2.3691250890668356,-5.84490082795838,0.7725229635145086,0,0.2336526027637581,-38.0,-56.0,18.0,-1.0104633781763823,-1.1750591536812465,0.7455881423271649,0.08277431807593416
1706590800,2024-01-30,33.52,34.07,33.29,33.59,2263016.0,-0.0020839535576064883,0.014289967252158364,-0.008931229532599061,0.004185351270552973,-1.6314379279547495,3.2573749517495116,-6.520250807659025,0.6857199563362002,-4.009129701300012,-1.6617048724819057,0,1.058249026755135,-4.001143183766786,-5.615433364078229,-6.46678853983358,-2.824445239307522,2.3565985730887458,-6.226389082879784,0.898245507520167,0,0.2822569937550384,-42.0,-56.0,14.0,-1.6314379279547495,-1.4358140108622308,0.3129177361851134,0.12261396494696442
1706677200,2024-01-31,33.49,33.92,33.03,33.09,2352594.0,0.012088244182532515,0.025083106678754907,-0.0018132366273799772,-0.014885382554331694,-0.44575400423089206,3.638877612411221,-4.530385620873005,1.957791880729303,-2.8503072428729865,-0.4462576810718275,0,-2.020632508275476,-5.672748004560989,-5.128932013541372,-2.6910173612095036,-1.3697472265406532,2.4134522706701693,-7.000319615744964,-0.941685147908589,0,0.14403001169594215,-46.0,-56.0,10.0,-0.44575400423089206,0.048423693142240154,1.7569637359574415,0.11186631223894783
1706763600,2024-02-01,33.38,33.66,32.95,33.65,2599445.0,-0.008023774145616502,0.0002971768202080227,-0.02080237741456159,0.016923541855545343,-2.037147102525992,2.0706697245211387,-6.144963929573137,0.14016840019810672,-4.391778107974233,-2.12580485388807,0,1.4321584240966914,1.3249021379102612,-3.192427986138742,-1.7979681438741864,-2.9119438458258458,2.3544783767229593,-7.848641034428738,1.035636143090039,0,0.1604425629156321,-42.0,-48.00000000000001,6.000000000000007,-2.037147102525992,-1.462613089767956,0.06104278246003503,0.13736668760115212
1706850000,2024-02-02,33.26,33.52,32.8,33.27,2362350.0,-0.00030057108506176267,0.007514277126540403,-0.014126840997896184,-0.011292719167904752,-0.9513074842200098,3.162950766394502,-5.065565734834536,1.192766255886184,-3.2256286945195853,-1.0164312193167149,0,-0.8958513748163739,-0.6569125111973689,-2.598454723555739,-0.8356563803911712,-1.5967493962904769,2.393762217994458,-8.885345667489855,-0.9406301904930329,0,0.2510805894810255,-46.0,-48.0,2.0,-0.9513074842200098,-0.30503911566712816,1.156697956623006,0.12394816244684037
1707109200,2024-02-05,32.92,32.95,32.52,32.68,2290214.0,0.007343941248470154,0.008261933904528895,-0.004895960832313251,-0.01773369401863556,0.6119951040391527,4.459152293080763,-3.235162085002443,2.7080783353733437,-1.6003671970624396,0.5538555691554308,0,-4.278198648925027,-4.304538799414345,-3.6459378780210354,0.09402601238652153,0.3589164485535008,2.4268361971165917,-9.77069810097728,-0.9102767598844732,0,0.15117125651796254,-42.0,-40.0,-2.0,0.6119951040391527,1.352473660624426,2.865987297996938,0.07315523335875301
1707195600,2024-02-06,32.29,33.46,32.21,33.25,2657732.0,-0.028872180451127827,0.006315789473684275,-0.031278195488721794,0.01744186046511631,-1.2631578947368496,2.06240185020809,-4.588717639681789,0.8671679197995275,-3.5568922305764232,-1.3448621553884692,1,-0.7249861132208082,-2.9197080291970803,-2.911888263677083,8.783687786151567,-1.0771202932854322,2.483387948406042,-10.321609791721519,1.0543245311234029,0,0.20300898702497774,-46.0,-40.0,-6.0,-1.2631578947368496,-0.3483309053276997,1.0593323190496875,0.07546115567553105
1707282000,2024-02-07,33.62,33.98,32.89,33.02,3123226.0,0.018170805572380155,0.029073288915808515,-0.003937007874015852,-0.006917293233082655,-0.5966081162931687,2.731847239675105,-3.925063472261442,1.5748031496063248,-2.913385826771659,-0.6692913385826955,1,-2.0580197350558365,-0.4221954161640334,-2.923329756683707,15.931098295959089,-0.10021196043673797,2.5578533371517507,-10.130903857551107,-1.217501086257495,0,0.1027569807722858,-34.0,-24.0,-10.0,-0.5966081162931687,0.31285793683370855,1.6941112224389911,0.059701406806838386
1707368400,2024-02-08,31.23,31.72,30.1,30.72,7453241.0,0.0166015625,0.03255208333333326,-0.02018229166666663,-0.06965475469412485,6.461588541666671,11.092161011944214,1.831016071389115,9.025607638888886,3.8107638888888857,6.418185763888886,0,-12.684320368333744,-7.13422007255139,-8.60193916351285,1.6063520627606422,6.204673718297073,3.2319199300264154,-9.242611939608304,-2.791074993254527,-1,-0.014834945054054097,-38.0,-88.0,50.0,6.461588541666671,7.078188263285483,8.942911353452956,-0.098794038378275
1707454800,2024-02-09,30.84,31.23,30.54,31.04,3319868.0,-0.006443298969072142,0.006121134020618646,-0.016108247422680466,0.01041666666666674,5.0080541237113465,10.07100620875039,-0.054897961327682765,7.58322594501719,2.364153780068733,4.973689862542969,0,-10.713487277932963,-6.646616541353385,-11.902425611412557,2.497104727860865,4.698977217826354,3.1289109518946736,-8.4177694443757,1.2330559124544223,0,-0.006480905346012602,-42.0,-88.0,46.0,5.0080541237113465,5.405309470904612,7.513130181249792,-0.17101740882693722
1707714000,2024-02-12,31.14,31.67,30.91,31.54,3179644.0,-0.012682308180088753,0.004121750158528892,-0.01997463538363975,0.016108247422680355,3.2704502219403935,8.401822249972042,-1.860921806091227,5.5828577467765825,0.7223631367575791,3.152610441767095,0,-7.728270386538476,-1.4375000000000027,-13.025637420135489,3.539355556396117,2.7149085779951747,3.03147510487485,-8.243533575197027,1.175817451401167,0,0.05931935621829342,-46.0,-88.0,42.0,3.2704502219403935,3.3786806074836306,5.580943265615829,-0.17350408302108034
1707800400,2024-02-13,30.72,30.97,30.04,30.31,4059536.0,0.013526888815572402,0.02177499175189701,-0.008907951171230555,-0.038998097653773045,7.129660178159014,13.380095004873453,0.8792253514445747,9.628285494336296,4.50126470911691,7.06477510172661,0,-12.502511945187578,-6.219059405940599,-16.326425734495814,1.2636645768896955,6.221025671605901,3.2826634832935526,-7.377838440419691,-1.5127125604073552,0,0.04403415268038993,18.0,-32.0,50.0,7.129660178159014,6.852536709306406,9.478606412999426,-0.24215989896000084
1707886800,2024-02-14,30.64,30.72,30.11,30.39,3507061.0,0.008226390259953975,0.010858835143139123,-0.009213557091148461,0.002639392939624008,6.5942744323790805,13.475405547362172,-0.28685668260398245,9.113743555994304,3.9541515849512052,6.533947570472762,0,-12.02292441685514,-4.823050422799872,-18.579853964565547,-4.684490980573834,5.384572564473956,3.183537564805525,-6.573978672412164,1.3010408516753902,0,-0.003078021225853061,14.0,-32.0,46.0,6.5942744323790805,5.945419648572468,8.830001779818346,-0.26453712872059054
1707973200,2024-02-15,30.63,31.16,30.46,30.73,2829621.0,-0.0032541490400260775,0.013992840872111945,-0.008786202408070265,0.011187890753537433,5.214773836641712,12.398999730452815,-1.9694520571694056,7.72046859746176,2.6342336479010555,5.177351122681429,0,-9.96452279405279,-3.8485607008760963,-19.405537920194565,-4.025310819796587,3.7414082983125354,3.102413150778017,-6.440842267657711,1.0554145205251164,0,0.0006425731421019248,10.0,-32.0,42.0,5.214773836641712,4.318635053820884,7.326840317212714,-0.23953925964983402
1708059600,2024-02-16,30.23,30.36,29.79,29.88,4037656.0,0.011713520749665474,0.016064257028112428,-0.003012048192771122,-0.02766026684022138,7.839692101740297,16.048232143769866,-0.36884794028928525,10.474676483712628,5.227019187862567,7.850847835787604,0,-13.180222181185329,-6.857855361596007,-21.541978614371576,-5.793952029356575,5.945022420030426,3.1874713845962668,-5.756435587209754,-1.4901683395938776,0,-0.08847702409479873,6.000000000000007,-43.99999999999999,50.0,7.839692101740297,6.592276166370908,9.972921978403406,-0.26155508755994616
1708405200,2024-02-20,29.42,29.52,28.8,29.44,3805499.0,-0.0006793478260869179,0.0027173913043476716,-0.021739130434782594,-0.014725568942436373,8.945312500000014,18.227582584503892,-0.33695758450389235,11.638926630434781,6.23811141304347,8.938519021739125,0,-14.72411959741089,-9.19185687847008,-23.930185595152178,-11.938025144971029,6.553463069944527,3.2660650830565157,-4.425451431097361,-1.3932961739260545,0,-0.012421596628330483,2.0,-48.0,50.0,8.945312500000014,7.405808464628748,11.160988469082994,-0.28512270473557755
1708491600,2024-02-21,29.27,29.54,29.1,29.54,2681242.0,-0.009140148950575466,0.0,-0.014895057549085933,0.0033967391304348116,8.050101557210553,17.97075272841377,-1.870549613992651,10.6477093206951,5.3701196118257855,8.008914466260435,0,-14.081295310241586,-9.525267993874424,-25.526531124848656,-6.667948443791623,5.4896499546620845,3.1289013168280047,-3.218483430117768,0.9901873790578295,0,0.08611891262781356,-2.0,-48.0,46.0,8.050101557210553,6.371526941314016,10.361753107093335,-0.27331610914366966
1708578000,2024-02-22,29.58,29.79,29.45,29.78,1911003.0,-0.00671591672263272,0.000335795836131636,-0.011081262592343877,0.008124576844956044,6.727669576897256,17.006034555822907,-3.5506954020283814,9.229348556077895,4.071524513096023,6.650436534586973,0,-12.512801800839355,-8.284570372651672,-26.139504667335622,-7.836725006682968,4.0197460475848175,2.9635438062177166,-2.47145139529767,0.711560771137639,0,0.07196448473090923,-6.0,-48.0,42.0,6.727669576897256,4.989099765073888,9.100872511090017,-0.23039914791848026
1708664400,2024-02-23,29.69,29.91,29.44,29.68,1848709.0,0.0003369272237196963,0.007749326145552571,-0.008086253369272156,-0.00335795836131636,6.531334231805943,17.11042574307345,-4.047757279461578,9.0549191374663,3.913409703504044,6.484164420485186,0,-12.910965919459628,-10.006064281382649,-26.79605628937586,-3.334189723400776,3.8185198471339987,2.8742451606159194,-1.9600271923518946,-0.6908302906356378,0,0.058142809078712394,-10.0,-48.0,38.0,6.531334231805943,4.833995040871059,9.09715077535067,-0.19140546968157301
1708923600,2024-02-26,29.61,29.74,29.17,29.45,2986458.0,0.005432937181663933,0.009847198641765642,-0.009507640067911605,-0.007749326145552571,6.706281833616316,17.48185097193027,-4.069287304697639,9.197509903791754,4.087153367289204,6.6423316355404864,0,-13.840793157401798,-11.61464585834334,-27.70807382892764,-3.7530139967309353,4.0261059928013765,2.8280348114771914,-1.260822058030012,-1.107632070969086,0,0.0685433988892124,-14.0,-48.0,34.0,6.706281833616316,5.114377044947858,9.55901881927359,-0.16477498677581903
1709010000,2024-02-27,29.83,30.02,29.62,29.94,2037617.0,-0.0036740146960588804,0.002672010688042681,-0.010688042752171056,0.016638370118845502,4.373747494989971,14.70525647457967,-5.9577614845997005,6.779670452015125,1.8731908260966463,4.3264306390558716,0,-10.442626251475971,-10.4932735426009,-27.03110067975415,-4.763357621628053,1.7671775384590092,2.719040766232567,-1.0623312004327445,0.7624940850695908,0,0.057862445730712087,-18.0,-48.0,30.0,4.373747494989971,3.070823671947977,7.461420951152476,-0.10096525563331027
1709096400,2024-02-28,29.68,30.36,29.57,30.04,2006534.0,-0.011984021304926706,0.010652463382157196,-0.01564580559254325,0.0033400133600534065,3.4354194407456617,13.219869785765525,-6.3490309042742155,5.816688859298708,0.9232134931202722,3.369951176209483,0,-9.759293555089599,-10.56862161357548,-26.18384485999584,-6.500239345426458,0.714531842386549,2.7042634749691827,-1.4066390616758326,0.7652563384519222,0,0.11970235337656471,-21.999999999999996,-48.0,26.0,3.4354194407456617,2.467929671587598,6.825116981670035,-0.04185607217293763
1709182800,2024-02-29,30.31,30.59,30.15,30.49,3039622.0,-0.005903574942604073,0.003279763857002349,-0.011151197113807854,0.014980026631158383,1.4824532633650307,10.656923047079232,-7.692016520349171,3.6995736306985947,-0.9740898655296633,1.3627418825844444,0,-6.721717529168529,-7.857358718646131,-24.15392812426105,5.736669172860964,-1.0851947530686346,2.602888469861232,-2.074111255535488,1.168332241703698,0,0.21508612645468522,-26.0,-48.0,22.0,1.4824532633650307,0.8646012577977871,5.0426685652891905,0.03363987878600161
1709269200,2024-03-01,30.49,30.67,30.05,30.51,2754922.0,-0.0006555227794167173,0.005244182235332628,-0.015077023926581501,0.0006559527714005142,0.9013438216977931,9.126091245411644,-7.3234036020160715,3.123566043920036,-1.5175352343494097,0.8030154047853131,0,-6.587152126312169,-9.331352154531938,-22.422692292608023,5.052797201514139,-1.3023107249507007,2.5605349599637037,-2.578888745248019,1.0522443854717658,0,0.21417679955768235,-30.0,-48.0,18.0,0.9013438216977931,0.7224362888901936,4.778759303107094,0.08793084811819396
1709528400,2024-03-04,30.41,30.61,30.07,30.2,3393505.0,0.006953642384105896,0.01357615894039732,-0.004304635761589348,-0.01016060308095712,1.4288079470198767,8.859680992366847,-6.002065098327108,3.6716335540838827,-0.9575055187637815,1.3570640176600506,0,-8.204923909351692,-9.227532311391656,-21.58020701448566,-3.2059246116370232,-0.5640848671665424,2.5297658022005765,-3.0476106999810852,-1.2844708060371546,0,0.11888665232427396,-34.0,-48.0,14.0,1.4288079470198767,1.5890714164408024,5.624722354598163,0.10482468220226582
1709614800,2024-03-05,30.11,31.19,29.93,30.68,4040222.0,-0.018578878748370276,0.016623207301173393,-0.024445893089960924,0.015894039735099286,-0.48402868318122216,6.161810948579614,-7.129868314942044,1.8399608865710633,-2.987288135593218,-0.5736636245110844,0,-4.872142458624879,-6.119951040391677,-19.423164422228517,6.857528198699988,-2.0688864936315667,2.605666916427516,-4.410949801307165,1.514640153382929,0,0.1794118051944429,-38.0,-48.0,10.0,-0.48402868318122216,-0.0002961775101937292,3.816412391245734,0.14757015147865982
1709701200,2024-03-06,30.91,31.41,30.82,31.28,3979741.0,-0.011828644501278851,0.004156010230178975,-0.014705882352941235,0.019556714471968828,-2.7078005115089354,2.5961035176055987,-8.01170454062347,-0.5072463768115938,-5.030903665814151,-2.7690750213128865,0,-1.0276494068412774,-5.924812030075185,-15.854460840651347,16.021358632209967,-3.699297747773457,2.5398342001917023,-5.764430024877402,1.4715446601937512,0,0.23814163351357778,-42.0,-48.00000000000001,6.000000000000007,-2.7078005115089354,-1.7357396294517144,1.7534784338846663,0.21159991416371549
1709787600,2024-03-07,31.28,32.3,31.27,31.62,4662472.0,-0.010752688172043001,0.021505376344086002,-0.0110689437065149,0.010869565217391353,-3.9753320683112037,0.11912563215939542,-8.069789768781774,-1.8342820999367575,-6.290322580645139,-4.0623023402909695,0,1.0193411851865477,-4.239854633555427,-11.964925524992145,17.603536179117725,-4.322904117469051,2.565731858602046,-5.895318577932226,1.6852526420148972,0,0.20842058866170649,-46.0,-48.0,2.0,-3.9753320683112037,-2.5264070006562207,0.6334979506540321,0.2685388420486863
1709874000,2024-03-08,31.89,32.25,31.24,31.38,4336766.0,0.016252390057361454,0.027724665391969383,-0.004461440407903194,-0.007590132827324569,-3.1357552581261814,1.2024030307087799,-7.473913546961128,-1.0569364775865608,-5.352666241767579,-3.2048013596770772,0,-0.4573782423439283,2.148437500000001,-9.361874885475725,16.787006380062024,-3.083728203895845,2.6305875848970164,-6.065360522367403,-1.5327279279157013,0,0.19843473024324385,-46.0,-44.0,-2.0,-3.1357552581261814,-1.61130049144775,1.3481354770644316,0.28042224001131755
1710129600,2024-03-11,31.24,31.98,31.21,31.47,3534250.0,-0.007308547823323797,0.01620591039084851,-0.008261836669844258,0.002868068833651982,-3.3444550365427546,1.1483523599142842,-7.837262432999765,-1.2292130070966891,-5.538078593369335,-3.383645800233026,0,0.11260440810596606,1.3853092783505145,-6.9740510710226165,16.777218602784075,-2.740037146374476,2.6104723305254187,-6.274866582990153,1.2350102929813074,0,0.1046322821352353,-42.0,-36.0,-6.0,-3.3444550365427546,-1.7124238942771939,1.0167916361326377,0.283863447382966
1710216000,2024-03-12,31.59,31.95,31.39,31.87,3015990.0,-0.00878569187323508,0.0025101976780670388,-0.015061186068402899,0.01271051795360667,-4.505804832130551,0.114186546443932,-9.125796210705005,-2.4432590733187,-6.635289195690831,-4.539274134504751,0,2.616728654641747,1.04629042485733,-3.8675552829386395,17.196529426068253,-3.480804195459541,2.5190961834713654,-6.469407924996993,1.0417770996655291,0,0.09172718167561361,-46.0,-36.0,-10.0,-4.505804832130551,-2.665455823666335,-0.24122310202255903,0.3009693530350656
1710302400,2024-03-13,31.83,32.38,31.76,31.8,2950291.0,0.0009433962264149276,0.01823899371069193,-0.0012578616352201255,-0.0021964229683087977,-4.061320754716974,0.9265516859667429,-9.049193195400676,-2.0351153039832184,-6.1388888888889,-4.087002096436052,0,2.134663148764403,4.915869350049496,-1.498966882979536,18.093178942813736,-2.8680721717650925,2.483573090238144,-6.090264209917532,-1.0088602844303252,0,-0.008380930501306137,-46.0,-32.0,-14.0,-4.061320754716974,-2.2177500223190805,-0.020780141084898673,0.2950630349699944
1710388800,2024-03-14,31.59,31.83,31.18,31.37,3199580.0,0.007013069811922179,0.014663691424928293,-0.006056742110296498,-0.013522012578616294,-2.590054191903107,2.6010770145017403,-7.781185398307926,-0.5180108383806044,-4.690787376474361,-2.604399107427497,0,-0.7811550451286848,3.2247449819019427,-0.7331303790386651,12.046305839668626,-1.2542472381964132,2.485789688748232,-6.793940153648045,-1.0848916694514743,0,-0.03792226604067818,42.0,60.0,-18.0,-2.590054191903107,-0.7938499984595211,1.296743100477869,0.25139585253638375
1710475200,2024-03-15,31.48,31.95,31.31,31.46,6025243.0,0.0006357279084552303,0.01557533375715181,-0.004767959313413894,0.002868983104877376,-2.752701843610936,2.5694989097359837,-8.07490259695787,-0.686586141131599,-4.828353464717097,-2.757469802924348,0,-0.16304161464215383,2.3755287992190057,0.15602749712694083,20.358156624397623,-1.0081305303723411,2.4469391812015626,-7.279084976715552,1.993391497125715,0,-0.09985529387274937,38.0,60.0,-21.999999999999996,-2.752701843610936,-0.9750225752759718,0.9674673859351657,0.21896220091095167
1710734400,2024-03-18,31.9,31.9,31.24,31.41,2867424.0,0.015600127347978221,0.015600127347978221,-0.00541228907991087,-0.0015893197711379647,-2.354345749761208,2.983740451679779,-7.692431951202167,-0.2743287700307775,-4.451342459938445,-2.3628356149846184,0,-0.5152831652540399,5.1204819277108475,0.7486181174834786,15.10869132115782,-0.614945800627666,2.42586343368312,-7.85700631478981,-0.9488566885510972,0,-0.1506513267323456,34.0,60.0,-26.0,-2.354345749761208,-0.739543054449527,1.0839495815086337,0.1858362022968524
1710820800,2024-03-19,31.38,31.58,30.97,31.13,2565459.0,0.008030838419530895,0.014455509155155699,-0.005139736588499866,-0.008914358484559126,-1.2046257629296377,3.896963315915869,-6.30621484177513,0.9219402505621304,-3.257308062961755,-1.1676839061997981,0,-2.4945174749789985,5.740489130434775,0.39342562594955777,10.463143722748917,0.4375928364274557,2.4128145011147453,-8.882012394914856,-0.8473707862431133,0,-0.18075982381058292,30.0,60.0,-30.0,-1.2046257629296377,0.13866290446371465,1.914990244203068,0.13891115261482495
1710907200,2024-03-20,31.17,32.07,31.03,32.05,3747619.0,-0.02745709828393117,0.0006240249609985593,-0.03182527301092031,0.029553485383873923,-3.648985959438363,1.2836728202160685,-8.581644739092795,-1.5189807592303595,-5.76547061882475,-3.642225689027555,0,3.884828293366347,8.496953283683135,2.87422547427725,11.115695565942438,-2.1833613218393566,2.4079382671186234,-9.079440608876947,1.2243820765199112,0,-0.14016181831115224,50.0,84.0,-34.0,-3.648985959438363,-2.475276802461707,-0.9708674137835658,0.16206160366531103
1710993600,2024-03-21,32.23,32.74,32.21,32.71,2801453.0,-0.014674411494955741,0.0009171507184346783,-0.015285845307245527,0.020592823712948682,-5.145215530418852,0.007401454149345454,-10.297832514987022,-3.036787934372768,-7.255681239172532,-5.146234586772636,0,7.761043471195855,9.838817998656815,6.758276211346735,11.295045956206451,-3.8005664065035347,2.341502115986756,-8.409189550968897,0.9170021879518824,0,-0.11751310678920206,50.0,88.0,-38.0,-5.145215530418852,-4.019914994481184,-2.852577750988445,0.21095847231947853
1711080000,2024-03-22,32.63,32.65,32.07,32.52,2884774.0,0.003382533825338152,0.003997539975399533,-0.013837638376383854,-0.005808621216753185,-4.154366543665446,1.0304271110077394,-9.339160198338632,-2.032595325953281,-6.309963099631005,-4.171279212792143,0,6.326341639306065,9.568733153638826,9.204518699710775,11.651306774336632,-2.8306655893021997,2.3275279932811634,-8.056229779787401,-0.9583275062345501,0,-0.05247994001297243,46.0,88.0,-42.0,-4.154366543665446,-3.12970328870162,-2.1953808778349355,0.2187036108075966
1711339200,2024-03-25,32.63,32.8,32.33,32.49,2868260.0,0.004309018159433631,0.009541397353031611,-0.004924592182209975,-0.0009225092250922939,-3.5980301631271345,1.276791432080742,-8.472851758334997,-1.4825074381861185,-5.733046065456051,-3.607776751821092,0,6.094765925635457,10.3225806451613,11.061932808514358,10.910784293255524,-2.3216049018465412,2.2666001284780912,-7.5403464126954844,-0.9478819772099069,0,-0.08780551988955523,42.0,88.0,-46.0,-3.5980301631271345,-2.7507087426504313,-2.022520064220302,0.209961985553959
1711425600,2024-03-26,32.63,33.04,32.05,32.96,3490284.0,-0.010012135922330079,0.0024271844660193054,-0.02760922330097093,0.014465989535241475,-4.514563106796103,0.3522519451801429,-9.381378158772364,-2.369538834951456,-6.738470873786412,-4.554004854368927,0,8.882559042892808,10.086840347361388,13.831037432838503,10.660696080723547,-3.369924871213996,2.2892334783835206,-7.6219393191910605,1.1502185148375572,0,-0.07437823382630175,50.0,84.0,-34.0,-4.514563106796103,-3.743411947996904,-3.285546454073483,0.22277531270213358
1711512000,2024-03-27,33.06,34.02,32.94,33.99,3393203.0,-0.027360988526037078,0.0008826125330980705,-0.030891438658429027,0.03125,-6.827007943512783,-1.5027584345624945,-12.151257452463057,-4.746984407178573,-9.06884377758162,-6.907914092380111,0,14.135734927141598,13.149134487350208,18.663866632313344,9.789988795882735,-5.886775018385421,2.2882586492198786,-6.54757310231458,1.1148710944086346,0,0.02218279583216946,50.0,88.0,-38.0,-6.827007943512783,-6.025966038069427,-5.972511491376835,0.28365731238224373
1711598400,2024-03-28,33.99,34.25,33.85,34.03,3562230.0,-0.0011754334410813971,0.006464883925947573,-0.005289450484866287,0.0011768167107972793,-6.416397296503078,-0.5496043663533356,-12.283190226652835,-4.330982466451161,-8.636007444411788,-6.483494955431496,0,14.32207002872417,11.610364053788137,22.51211487591779,18.45315058410327,-5.439585868656948,2.2062735597388596,-5.326076005139765,1.1646603325615728,0,0.08177962855647909,50.0,92.0,-42.0,-6.416397296503078,-5.552004711592886,-5.844484171407601,0.3076502901620908
1711944000,2024-04-01,34.19,34.6,34.02,34.32,2956432.0,-0.0037878787878788955,0.00815850815850827,-0.00874125874125864,0.008521892447840074,-6.652097902097907,-0.3304465477309009,-12.973749256464913,-4.57653457653457,-8.83352758352757,-6.705031080031077,0,15.682760928496066,12.487708947885935,26.22064543422939,25.679115330188182,-5.702679521471836,2.152084082777377,-3.8666764477654745,0.9592500430463827,0,0.10976867762683869,50.0,96.0,-46.0,-6.652097902097907,-5.7453098101545805,-6.379691725682747,0.3225174108441111
1712030400,2024-04-02,34.02,34.16,33.48,34.03,2323526.0,-0.00029385836027029377,0.003820158683514485,-0.016162209814869377,-0.0084498834498834,-5.293858360270349,1.0632230901844082,-11.650939810725092,-3.214320697423844,-7.548731511411518,-5.381526104417674,0,13.14766991138822,12.68211920529802,28.062587073568462,20.08847460922152,-4.548992636051807,2.1917086486124737,-3.5626551045836585,-0.7533945190703241,0,0.09567559667083163,46.0,92.0,-46.0,-5.293858360270349,-4.4714070512091695,-5.362972683414398,0.2931359346294222
1712116800,2024-04-03,33.77,34.18,33.66,34.09,2314626.0,-0.009386916984452931,0.0026400704018771926,-0.01261366969785882,0.0017631501616222067,-4.960398943971839,1.4510456319887908,-11.371843519932483,-2.9979466119096685,-7.107656204165451,-5.052801408037553,0,13.454855955940026,11.114732724902227,29.67046352567805,19.768134664070885,-4.394927468895361,2.140531343627525,-3.2581160662090447,0.7512389314969512,0,0.18776059268345716,42.0,88.0,-46.0,-4.960398943971839,-4.197680729023062,-5.312693654290541,0.25922858689726525
1712203200,2024-04-04,34.5,35.01,33.64,33.72,2525710.0,0.02313167259786475,0.03825622775800719,-0.0023724792408066353,-0.01085362276327384,-3.5557532621589587,2.9524739572532894,-10.063980481571164,-1.3799920917358577,-5.766113088177136,-3.5730525899564896,0,10.197666257506462,7.800511508951399,29.499120931642718,26.39848362846776,-2.8448050748623785,2.2996510666738903,-2.141313543364909,-0.8179812693426931,0,0.17027311847863502,38.0,76.0,-38.0,-3.5557532621589587,-2.846805322537861,-4.106119953866568,0.1962295599483297
1712289600,2024-04-05,33.71,34.05,33.52,33.9,2092011.0,-0.0056047197640117785,0.004424778761061843,-0.011209439528023446,0.005338078291814874,-3.731563421828909,2.8527161870466102,-10.315843030704428,-1.6686332350049184,-5.883972468043268,-3.7763028515240933,0,11.217115191414372,7.210626185958247,29.75399267969711,18.973046658710416,-2.675857759342861,2.235724908527531,-1.3386486073984614,0.6773464603682234,0,0.2885729860542064,34.0,76.0,-42.0,-3.731563421828909,-3.0424093749733885,-4.434299194502074,0.15295141339885387
1712548800,2024-04-08,34.25,34.73,34.13,34.41,2153821.0,-0.0046498111014239285,0.009299622202848079,-0.008137169427491875,0.015044247787610487,-4.718105201976158,1.9123677650489128,-11.348578169001215,-2.7787464884238915,-6.812457618909207,-4.795602053666556,0,13.96945373133935,9.655831739961751,31.07515776560621,25.455317853776904,-3.582655143061146,2.217552968796618,0.0055260474274057,0.6954574908417362,0,0.32518151266626466,50.0,96.0,-46.0,-4.718105201976158,-4.0528305426445,-5.621265131538024,0.14501386643249903
1712635200,2024-04-09,34.53,35.01,34.5,34.88,2223979.0,-0.010034403669724856,0.003727064220183429,-0.010894495412844152,0.01365882011043329,-5.513188073394488,1.2828575536535425,-12.309233700442476,-3.6611238532110377,-7.565940366972484,-5.613532110091754,0,16.290171666229398,10.835716555449647,33.135579863149864,31.502398863771546,-4.254669770856012,2.1542799179468197,1.4730810755851849,0.7175411130903545,0,0.3867219478890345,50.0,96.0,-46.0,-5.513188073394488,-4.8365826786745885,-6.622683332003831,0.1567599994642075
1712721600,2024-04-10,34.42,34.47,33.85,34.11,2412775.0,0.009088243916740124,0.01055408970976246,-0.007622398123717344,-0.02207568807339455,-3.0518909410729833,3.8848135079417716,-9.988595390087738,-1.1247923385126768,-5.135346428222405,-3.130069383367541,0,9.663032406836678,7.028553498588009,31.59157862579373,24.524228351438083,-1.4687112774187767,2.261248661879227,1.6113695528486502,-0.776169004728452,0,0.2952445405831217,46.0,56.0,-10.0,-3.0518909410729833,-2.4323268875364192,-4.3377311790541455,0.10073653919739123
1712808000,2024-04-11,34.1,34.1,33.28,33.79,2352218.0,0.009174311926605672,0.009174311926605672,-0.015093222846996102,-0.009381413075344458,-1.839301568511388,5.0000320148072745,-8.678635151830065,0.09914175791654145,-4.008582420834557,-1.9547203314590007,0,7.163099407518764,6.25786163522012,29.111455845715085,18.016343509811804,-0.28134018451071086,2.2950693234200856,0.821738312222493,-0.7562543155067317,0,0.24790021939642903,42.0,56.0,-14.0,-1.839301568511388,-1.3646848638558424,-3.2972050643590336,0.03366160289603437
1712894400,2024-04-12,33.59,33.59,32.64,32.81,2920149.0,0.023773239865894524,0.023773239865894524,-0.005181347150259086,-0.029002663509914095,1.3120999695214692,7.918853838515801,-5.294653899472863,3.371431474144046,-0.9504216194249722,1.2105049273595512,0,0.36062868054141006,4.5903729678036385,23.45303595352861,17.860888261781326,2.8355395447482863,2.445149783817522,-0.8026075452809707,-0.9354342233559306,0,0.15544255225644474,38.0,56.0,-18.0,1.3120999695214692,1.430833617154903,-0.3927636822285905,-0.07902038520580668
1713153600,2024-04-15,33.14,33.23,32.23,32.45,2777086.0,0.0212634822804314,0.02403697996918308,-0.006779661016949379,-0.010972264553489763,2.588597842835142,8.889044831075466,-3.711849145405182,4.737544940934768,0.25680534155108603,2.4971751412429057,0,-1.8547949007945306,3.1468531468531533,17.87660903052698,10.630809800325444,4.007451941960838,2.515803956178049,-2.2406605966860162,-0.8885944192469439,0,0.13875918570589044,34.0,56.0,-21.999999999999996,2.588597842835142,2.31266764780716,0.6843456030199917,-0.17463395879730537
1713240000,2024-04-16,32.14,32.47,31.76,31.77,2847234.0,0.011646207113629181,0.022033364809568745,-0.0003147623544222933,-0.0209553158705702,4.841045011016675,11.084032375861511,-1.4019423538281472,7.063267233238889,2.470884482215922,4.767075857727406,0,-5.7272380770503375,1.1461318051575913,11.368520166857046,2.5710398074256346,6.12604920065975,2.5457347428250143,-3.035806236945188,-0.9082217186445141,0,-0.01329613454790595,30.0,56.0,-26.0,4.841045011016675,4.073737185807971,2.7280291100137504,-0.27456078562698616
1713326400,2024-04-17,32.07,32.14,31.21,31.21,2500578.0,0.027555270746555616,0.029798141621275143,0.0,-0.017626691847654974,6.735020826658115,13.03446967287374,0.43557198044248935,9.082559008864706,4.305244045711845,6.693901527288261,0,-8.612943909234922,0.25698682942499795,4.720855491859678,-5.347006699335118,7.560988363233619,2.619155733359636,-3.203727446831845,-0.7965749993587461,0,-0.1722716800818992,26.0,56.0,-30.0,6.735020826658115,5.375307025326535,4.3920090697625085,-0.3636688474145937
1713412800,2024-04-18,31.43,31.62,31.07,31.45,2034962.0,-0.0006359300476946883,0.00540540540540535,-0.012082670906200299,0.007689842999038632,5.8251192368839355,12.369843613325116,-0.7196051395572596,8.118706942236372,3.533651298357185,5.826179120296771,0,-6.938685505911863,-1.8720748829953133,0.28005996755396023,-13.664150879448016,6.172942510248561,2.53842847080628,-3.2208541300059714,0.6508324042833772,0,-0.14700376188975445,22.0,56.0,-34.0,5.8251192368839355,4.135821504956311,3.4543817140790765,-0.3894417191051044
1713499200,2024-04-19,31.32,32.14,31.32,32.13,2222763.0,-0.025210084033613467,0.0003112356053531773,-0.025210084033613467,0.021621621621621623,3.4951758481170287,10.048355154690043,-3.0580034584559996,5.768233219213599,1.1899574644672555,3.4790953418404342,0,-2.4687264880588913,-1.7731580556404718,-1.2955395363041373,-15.405925634019354,3.3605085493974656,2.489521320281774,-4.002281719853361,0.7150142739207378,0,-0.08888305991032147,18.0,56.0,-38.0,3.4951758481170287,1.7478993675790804,1.2152682060511069,-0.34519887559405643
1713758400,2024-04-22,32.45,32.7,32.18,32.41,1915574.0,0.001234186979327534,0.008947855600123678,-0.007096575131132266,0.008714596949890963,2.5840789879666914,9.105909855740919,-3.9377518798075215,4.847783605882967,0.32757379409649445,2.5876786999897234,0,-0.7421320823291495,-0.3382533825338454,-1.7504107363179169,-9.250223320684668,2.182639200482072,2.417349495897418,-5.462342436342357,0.6389625604886208,0,-0.13971603039852357,14.0,56.0,-42.0,2.5840789879666914,0.7861185215115967,0.32747203753422127,-0.2841311086521832
1713844800,2024-04-23,32.42,32.66,32.25,32.66,1922768.0,-0.007348438456827755,0.0,-0.012553582363747595,0.007713668620796144,1.8248622167789534,8.263354107066718,-4.613629673508811,4.0334762196366825,-0.4337619922433049,1.7998571136966746,0,0.7801273167500753,0.5232379193597864,-1.4298662142777574,-10.128679377423772,1.1090837989534919,2.3171679273608143,-6.818113101653569,0.6473961883204632,0,-0.12893814888859492,10.0,56.0,-46.0,1.8248622167789534,0.013244575221804666,-0.4232225855890448,-0.21698601655370495
1713931200,2024-04-24,32.63,33.18,32.5,32.96,1975364.0,-0.010012135922330079,0.006674757281553312,-0.013956310679611672,0.009185548071034999,0.898058252427191,7.277947364587334,-5.481830859732952,3.069377022653711,-1.2631472491909506,0.9031148867313874,0,2.577196585257923,0.0,-0.37013381512420857,-11.327340662120129,-0.09836926507415455,2.2794364567416228,-7.504200911730862,0.670543119681969,0,-0.04062748259189355,6.000000000000007,-23.999999999999993,30.0,0.898058252427191,-0.8116348984221418,-1.277424824279933,-0.14586619324985042
1714017600,2024-04-25,32.71,32.79,31.9,32.15,1610742.0,0.017418351477449523,0.019906687402799328,-0.007776049766718529,-0.024575242718446688,3.1539657853810326,9.770360470029104,-3.4624288992670387,5.423535510627261,1.0409538621047005,3.2322446863659877,0,-2.365728393023268,-5.41335686966756,-1.658999992122632,-10.63391948122181,2.1339007432210337,2.405449751132306,-8.579971196423276,-0.5560148600356508,0,-0.09187431898801111,2.0,-24.0,26.0,3.1539657853810326,1.5266559449190709,1.162386980023129,-0.14648845236482572
1714104000,2024-04-26,32.16,32.68,32.09,32.51,1825538.0,-0.010765918179021838,0.0052291602583820485,-0.012919101814826028,0.011197511664074566,1.7779144878498983,8.257431316334547,-4.70160234063475,4.036706654362774,-0.3557879626781357,1.8404593458423193,0,-0.1595817521322047,-4.466647076109324,-1.707012003137888,-11.512421235912797,0.5966407154827067,2.3385281967872458,-9.578900746494805,0.6375620998927081,0,-0.06375410045675775,-2.0,-24.0,22.0,1.7779144878498983,0.3640752060960324,0.04051020740492106,-0.11704409553260393
1714363200,2024-04-29,32.74,33.21,32.62,33.04,3296642.0,-0.009079903147699686,0.0051452784503631666,-0.012711864406779738,0.016302676099661628,-0.04842615012105966,6.093342166821941,-6.1901944670640745,2.1640435835351184,-2.1610169491525397,0.0015133171912680154,0,2.9145582371944982,-3.729603729603733,-0.3506887927643148,-9.703204511797416,-1.3716429466782927,2.2879889566936047,-10.165682140205492,1.147595914312612,0,-0.052253561914332364,-6.0,-24.0,18.0,-0.04842615012105966,-1.1272258531456032,-1.502912479647975,-0.05918231813316052
1714449600,2024-04-30,32.58,32.75,32.07,32.1,2912331.0,0.01495327102803734,0.02024922118380057,-0.0009345794392523477,-0.028450363196125816,2.577881619937685,8.846391250082661,-3.6906280102073055,4.909138110072675,0.45742471443406885,2.683281412253379,0,-2.51825509262369,-5.671466353217748,-1.681902353036241,-10.14226724374489,1.0864743792978686,2.4026190847330593,-11.011199520661789,-1.0218188904011944,0,-0.11990178409426172,-10.0,-24.0,14.0,2.577881619937685,1.59972214571917,1.3272523437475314,-0.08021933938002232
1714536000,2024-05-01,32.02,32.91,31.92,32.19,3658081.0,-0.0052811432121775415,0.02236719478098781,-0.008387698042870317,0.002803738317756821,1.995961478720119,8.092503111076923,-4.100580153636685,4.434607020813914,-0.1506679092885861,2.1419695557626426,0,-1.9803816241480519,-5.573481959518936,-2.477447339354569,-0.9129754653544992,0.4973480859591177,2.444443580657492,-12.009331336890941,1.284801410521959,0,-0.18032920579962972,-14.0,-24.0,10.0,1.995961478720119,1.1903586394386423,1.0030122687477672,-0.08369077384551814
1714622400,2024-05-02,34.76,35.14,33.4,34.9,4894036.0,-0.0040114613180516345,0.006876790830945723,-0.04297994269340977,0.08418763591177392,-5.755014326647554,0.3467053756406955,-11.856734028935819,-3.5706781279847206,-7.905921680993316,-5.7382999044890255,0,10.758218957386354,3.4994068801897975,3.517572992104154,10.322694238631847,-6.638114327330342,2.697352241501721,-10.774181875322684,1.6925879380292155,1,-0.02164927550175767,50.0,43.99999999999999,6.000000000000007,-5.755014326647554,-6.0321527528079315,-6.5716830824099475,0.09142256691729927
1714708800,2024-05-03,35.44,35.97,35.3,35.69,4825565.0,-0.007004763239002565,0.007845334827682793,-0.010927430652843961,0.022636103151862486,-7.590361445783117,-0.8044059605328329,-14.3763169310334,-5.429158494442888,-9.70766788082561,-7.568413187634263,0,13.502799648584592,5.280235988200587,9.466050731417809,20.023874300087613,-7.635702638471429,2.663388528137795,-9.088063017031118,1.6359273875398723,1,0.040568145855820796,50.0,48.0,2.0,-7.590361445783117,-7.339551548902492,-8.300911025348583,0.2465513692945399
1714968000,2024-05-06,36.0,36.47,35.82,36.18,3017427.0,-0.00497512437810943,0.008015478164731915,-0.00995024875621886,0.013729335948444943,-8.597291321171923,-1.0417104677970883,-16.152872174546758,-6.463515754560547,-10.69789939192924,-8.580707573244894,0,15.096622788090087,5.143853530950315,14.713908832473427,27.53256359349048,-8.000567723885311,2.593643637763747,-7.230927615188779,1.0149035029275704,0,0.12046687799603482,50.0,52.0,-2.0,-8.597291321171923,-7.775965806978689,-9.168599383387985,0.36131490242960057
1715054400,2024-05-07,36.21,36.49,35.96,36.04,2683211.0,0.004716981132075526,0.012486126526082275,-0.00221975582685896,-0.003869541182974001,-8.081298557158718,0.040719366065317786,-16.20331648038274,-5.907787643359214,-10.164169441361437,-8.03597854236034,0,14.252742972973664,3.325688073394485,18.274517704602903,33.89346806671318,-6.775154103113167,2.5227809350440005,-5.494746917046918,-0.9043356230807128,0,0.1360717670929681,46.0,52.0,-6.0,-8.081298557158718,-6.71126580919784,-8.470042196501652,0.403733534809944
1715140800,2024-05-08,35.59,36.82,35.38,36.74,3101247.0,-0.03130103429504627,0.0021774632553075435,-0.03701687534022857,0.01942286348501665,-9.474686989657059,-0.48187083963149746,-18.467503139682606,-7.293594628923984,-11.692070404645264,-9.492832516784617,0,16.53595860382697,7.710348871298748,22.1527379359579,39.196707704176035,-7.668168035801585,2.577909098076862,-4.703820602567877,1.0377877933483002,0,0.182096049572047,50.0,60.0,-10.0,-9.474686989657059,-7.680232231000758,-9.813397652467287,0.45127077736212245
1715227200,2024-05-09,36.79,37.01,36.52,36.95,2162668.0,-0.004330175913396572,0.0016238159675234787,-0.011637347767253003,0.005715841045182302,-9.561569688768628,0.3765599086953415,-19.499699286232612,-7.445196211096089,-11.72936400541272,-9.587280108254404,0,17.19757731053157,9.351879254217236,25.46096058198271,39.266711373240724,-7.454625323688973,2.474890669676146,-3.831752897818081,0.7229503491065803,0,0.1689162644182282,50.0,64.0,-14.0,-9.561569688768628,-7.423497533568394,-9.921020593717401,0.46722509214494334
1715313600,2024-05-10,37.22,37.22,36.6,36.73,1770268.0,0.013340593520283273,0.013340593520283273,-0.0035393411380342243,-0.005953991880920273,-8.486251020963792,2.2160622904020357,-19.18856433232959,-6.413467646791901,-10.63345131137126,-8.52345947908158,0,15.76375358823367,11.94757695824442,27.48458116479157,39.29119966802416,-6.345501913061781,2.432448627394766,-2.8677909558910706,-0.5968415208267506,0,0.14918841889781614,46.0,64.0,-18.0,-8.486251020963792,-6.214806170435054,-9.013577529697372,0.43404099218423087
1715572800,2024-05-13,37.02,37.23,36.81,36.85,1890975.0,0.00461329715061054,0.010312075983717639,-0.0010854816824965585,0.0032670841274164975,-8.187245590230674,3.029240745307277,-19.403731925768625,-6.2098597919493415,-10.258706467661682,-8.234283129805533,0,16.17811086238109,13.5593220338983,29.274568195832305,39.34868232951057,-6.071392568369134,2.3482649643239517,-1.9650419337440077,0.6412733617770372,0,0.062150112071823777,42.0,64.0,-21.999999999999996,-8.187245590230674,-5.899239881322643,-8.944776880636113,0.39250618966497763
1715659200,2024-05-14,37.28,37.44,36.54,36.82,1837211.0,0.012493210211841355,0.016838674633351314,-0.0076045627376426506,-0.0008141112618724744,-7.426670287887006,4.019608962850356,-18.87294953862437,-5.437715009958353,-9.541462973021922,-7.489588991490123,0,15.968004803543039,15.89549889833176,30.64386250871049,34.43417946953879,-5.46619068683097,2.3569029470772653,-1.564265453877585,-0.6296874149895376,0,0.02713363561107536,38.0,64.0,-26.0,-7.426670287887006,-5.268038595623551,-8.522721227018863,0.3374474009683579
1715745600,2024-05-15,37.12,37.19,36.42,36.73,3300348.0,0.010618023414102895,0.012523822488429204,-0.008439967329158637,-0.002444323737099463,-6.448407296487886,4.843680246199881,-17.74049483917564,-4.511752427624998,-8.581994736364464,-6.546873581994731,0,15.313183629982433,17.686638897789155,31.518510895932923,30.37607652342743,-4.534903861827885,2.343656731842409,-1.3877413439417587,-1.1369305306380633,0,0.027547975584151018,34.0,64.0,-30.0,-6.448407296487886,-4.556304617642667,-7.973139007683443,0.2722001417082649
1715832000,2024-05-16,36.67,36.97,36.54,36.86,1662604.0,-0.005154639175257714,0.0029842647856754834,-0.00868149755832881,0.0035393411380344464,-6.044492674986429,4.9632404530600525,-17.052225803032925,-4.1309459215047895,-8.154277446192793,-6.142611683848784,0,15.828917131873027,17.201907790143085,32.440978756816165,30.40283088748855,-4.363284985207741,2.2519042184470814,-1.2238260990013465,0.5820392297838021,0,0.02859460105296967,30.0,64.0,-34.0,-6.044492674986429,-4.426928537211978,-7.972304528985362,0.2174068024853656
1715918400,2024-05-17,36.88,36.88,36.28,36.33,2255960.0,0.015139003578310106,0.015139003578310106,-0.0013762730525735956,-0.014378730330982137,-4.0957886044591305,6.779779867081032,-14.971357075999265,-2.124965593173698,-6.146435452793824,-4.135700522983754,0,11.880494860812753,13.071895424836589,31.630752094541652,24.23909694747232,-2.253681377256271,2.2395255070494136,-1.5282954312647519,-0.8032943857785431,0,-0.05263967562506292,26.0,64.0,-38.0,-4.0957886044591305,-2.7438364355196825,-6.36976846336772,0.12942296300006562
1716177600,2024-05-20,36.24,36.38,35.96,36.11,1965643.0,0.003600110772639331,0.007477153143173654,-0.004153973968429758,-0.006055601431323998,-2.9991692052063144,7.587040187150507,-13.585378597563107,-1.0274162281916404,-5.045693713652739,-3.0365549709221824,0,10.30016201473613,11.416229558778165,30.295939829420394,25.46344299220135,-0.9067901125785482,2.1753085843343114,-2.349346821910739,-0.7119411748944116,0,-0.00026550000954070433,22.0,64.0,-42.0,-2.9991692052063144,-1.9464176607801278,-5.5719021537857145,0.044736713880580314
1716264000,2024-05-21,35.92,36.37,35.74,35.75,2136535.0,0.004755244755244803,0.017342657342657164,-0.0002797202797202303,-0.009969537524231464,-1.5902097902097978,8.687906634791247,-11.868326215210828,0.47972027972026865,-3.6405594405594286,-1.580419580419587,0,7.759345707071475,9.461114513165963,28.09153899533473,19.04284704898086,1.0575421393462818,2.1661440734146957,-3.468530897867936,-0.7817520909449396,0,-0.011100388121958623,18.0,64.0,-46.0,-1.5902097902097978,-0.867689234611575,-4.4398014270598765,-0.04247971332103018
1716350400,2024-05-22,35.39,35.52,35.01,35.11,2225917.0,0.007974935915693537,0.01167758473369429,-0.002848191398462041,-0.017902097902097958,0.5098262603247008,10.567288166641745,-9.54763564599233,2.6193866894521847,-1.5275799867084316,0.5459033513718623,0,3.537820882400652,6.52305825242718,24.33762244433158,10.63239554283426,3.392647165660506,2.1986317657148557,-4.45462091504805,-0.8191930470955303,0,-0.1525242649133521,14.0,60.0,-46.0,0.5098262603247008,0.8498760187574987,-2.5920899301646614,-0.1444821039041253
1716436800,2024-05-23,35.15,35.33,34.17,34.36,2507832.0,0.02299185098952261,0.028230500582072215,-0.00552968568102441,-0.02136143548846481,3.0253201396973424,12.510730098314909,-6.4600898189202525,5.239134652696947,0.9230694606131351,3.0811020566550127,0,-0.8898565076205713,6.874027993779164,19.092718926501963,0.425657496493308,5.551921374878589,2.3272939814261417,-4.410832405179146,-0.9259604008291784,0,-0.23961700438862776,10.0,28.0,-18.0,3.0253201396973424,2.7606072860925366,-0.4476281100664323,-0.2570955550971241
1716523200,2024-05-24,34.63,34.98,34.38,34.96,1751606.0,-0.009439359267734537,0.0005720823798625041,-0.01659038901601828,0.017462165308498312,1.6075514874141845,10.155859786061882,-6.940756811233513,3.770022883295198,-0.4748283752860516,1.647597254004566,0,2.423542677990433,7.536142725315297,16.08739099726921,-1.6863732427932732,3.5314710578531816,2.2506449730782707,-4.370171646015166,0.6537311153865653,0,-0.20740896815317125,6.000000000000007,28.000000000000004,-21.999999999999996,1.6075514874141845,0.9020307026433443,-2.071636262861915,-0.28371661138456317
1716868800,2024-05-28,35.05,35.21,34.74,35.2,2291401.0,-0.0042613636363637575,0.00028409090909087276,-0.013068181818181812,0.006864988558352492,1.2215909090909065,9.091001394276361,-6.647819576094548,3.3428030303030027,-0.8390151515151416,1.2518939393939092,0,3.693021230284778,6.537530266343837,14.181537713865028,-2.4618419857807154,2.591855675039227,2.17100878117819,-4.7147880563069755,0.8797105901613893,0,-0.07825190607852663,2.0,28.0,-26.0,1.2215909090909065,0.19367542468047816,-2.631904959744304,-0.277371492161979
1716955200,2024-05-29,34.64,34.73,34.04,34.08,2129412.0,0.016431924882629234,0.019072769953051516,-0.0011737089201877549,-0.03181818181818197,4.838615023474176,11.796118064368287,-2.118888017419934,7.0305164319248945,2.7083333333333286,4.869424882629119,0,-2.5291689137135407,6.16822429906541,9.655842203369456,-11.187498344610347,5.519862840606777,2.325313586240653,-4.274046072852986,-0.8221791248792317,0,-0.23601340380164673,-2.0,28.0,-30.0,4.838615023474176,3.1543848144789592,0.5457115468983318,-0.3368562714800162
1717041600,2024-05-30,34.18,34.6,33.82,34.5,3868764.0,-0.00927536231884063,0.0028985507246377384,-0.0197101449275362,0.012323943661971981,3.897101449275368,9.214989449908927,-1.4207865513581908,5.982125603864731,1.7734299516908294,3.87777777777778,0,-0.23138971842277556,7.176141658900287,7.03762630786903,-8.307933708523521,3.4763198022460102,2.294424288298259,-3.6491082987067287,1.4788699105528436,1,-0.1839030369598801,-6.0,28.0,-34.0,3.897101449275368,1.7177739890564823,-0.6517222924714616,-0.3354366995795487
1717128000,2024-05-31,34.39,35.14,34.06,34.93,19780229.0,-0.015459490409390209,0.006012024048096309,-0.024906956770684108,0.012463768115942075,2.62238763240768,7.866093900666556,-2.6213186358512104,4.615898463593851,0.6479625918503871,2.631930527722105,0,2.0299882063306143,0.08595988538682275,5.9281446025505655,12.403300247492595,0.9555137271098033,2.3251590800003457,-3.97422989092394,6.735576445922361,1,0.14727503475250114,-10.0,28.0,-38.0,2.62238763240768,0.42125182313814946,-1.8012139323032699,-0.29451517182503945
1717387200,2024-06-03,35.08,35.35,34.79,35.28,2969428.0,-0.005668934240362855,0.001984126984126977,-0.01388888888888895,0.010020040080160442,1.5462018140589606,6.7822068291348785,-3.689803201017,3.489701436129991,-0.40769085411942285,1.5410052910052912,0,3.8115754214380786,-1.148781171196404,5.824304074464653,13.129417849741039,-0.24631783330461587,2.2510355657542864,-4.6047250045871735,1.009996139642993,0,0.21828580550097956,-14.0,28.0,-42.0,1.5462018140589606,-0.5202297302368919,-2.666568699764511,-0.23541391098030956
1717473600,2024-06-04,34.77,35.21,34.09,34.11,2217851.0,0.019349164467898028,0.03224860744649671,-0.0005863383172088898,-0.03316326530612246,4.72588683670476,10.539944977412063,-1.088171304002529,6.861135541874333,2.6922701065181087,4.776702824196249,0,-2.408059423745051,-5.721393034825872,2.9066769686602565,12.826677037291788,2.8996799249268577,2.4111382331899853,-4.4133060194949145,-0.7577990983361639,0,0.18836870310262768,-18.0,28.0,-46.0,4.72588683670476,2.6165760735263035,0.6456903313633973,-0.2644824244686648
1717560000,2024-06-05,34.18,34.18,33.35,34.0,2097227.0,0.0052941176470588935,0.0052941176470588935,-0.01911764705882346,-0.0032248607446496713,4.764705882352942,10.979015744186043,-1.4496039794801874,6.90980392156861,2.639215686274497,4.774509803921575,0,-2.9462874328066775,-5.660377358490564,0.3917380793341695,14.644875052215525,2.749995937383389,2.4205273671080567,-3.556446134185986,-0.7203797351202075,0,0.2296267210824737,-21.999999999999996,24.000000000000004,-46.0,4.764705882352942,2.667754604330071,0.9332182023861009,-0.2790406922747345
1717646400,2024-06-06,33.99,34.41,33.78,34.27,2317150.0,-0.008170411438575997,0.004085205719287721,-0.014298220017508134,0.00794117647058834,3.5789320105047864,9.780504932897841,-2.6226409118882543,5.634179554518042,1.6335959537009899,3.633887754109537,0,-1.4431190009966173,-6.722917800762109,-0.9758034393085322,15.005914817661235,1.6576869814119277,2.361234516365335,-3.137007608465492,0.8023880570056589,0,0.23606115041986706,-26.0,-72.0,46.0,3.5789320105047864,1.6818395575711094,0.13259268964181103,-0.2588543483099904
1717732800,2024-06-07,33.97,34.54,33.9,34.0,2216913.0,-0.0008823529411765563,0.01588235294117646,-0.002941176470588225,-0.007878611030055493,3.9676470588235304,10.175658959968459,-2.2403648423213696,6.10098039215687,2.024509803921589,4.0627450980392155,0,-2.8521180995137243,-7.98376184032477,-2.6777835405536727,15.251922614595742,2.1576287457498893,2.3444403138359675,-2.96224123544339,-0.7739830629520874,0,0.243293441494396,-30.0,-72.0,42.0,3.9676470588235304,2.252235561794521,0.8913804049753367,-0.25182051335015837
1717992000,2024-06-10,33.57,33.79,33.39,33.72,2631738.0,-0.004448398576512469,0.0020759193357058336,-0.009786476868327343,-0.008235294117647118,4.3846381969157875,10.685298182777885,-1.9160217889463098,6.472419928825616,2.427342823250328,4.449881376037965,0,-4.299721004741926,-8.1949360196025,-4.674517171168267,14.608635870162303,2.6765582115007476,2.324272620563247,-2.3095785696330964,-0.9248181785289873,0,0.28455473978187384,-34.0,-84.0,50.0,4.3846381969157875,2.8059427398170698,1.661340075529111,-0.25346336822982285
1718078400,2024-06-11,33.5,33.58,33.02,33.13,2974323.0,0.011168125565952147,0.013582855418049933,-0.003320253546634455,-0.017497034400948852,5.68216118321763,12.215971150373093,-0.851648783937847,7.82825233926954,3.668880169031084,5.748566254150319,0,-7.213548918973231,-10.09497964721845,-7.582951367748324,13.813577799062486,4.101770019136495,2.347609300914373,-1.3782081359644494,-1.045074450727726,0,0.28502555701631443,-38.0,-88.0,50.0,5.68216118321763,4.1951782940882225,3.335640927300787,-0.27966426453489196
1718164800,2024-06-12,33.59,33.92,33.39,33.64,1807990.0,-0.0014863258026158732,0.00832342449464929,-0.007431629013079699,0.015393902807123494,3.6073127229488477,9.77721637417244,-2.562590928274716,5.650515259611581,1.6641894569956293,3.657352358303598,0,-4.076316402373422,-8.63661053775122,-8.621712152806914,17.871396968121232,2.343125095187858,2.314616633707345,-1.1092475686434078,0.637575114645491,0,0.31159149326548485,-42.0,-88.0,46.0,3.6073127229488477,2.366427270227774,1.6996452706583511,-0.24904732952927433
1718251200,2024-06-13,33.42,33.52,32.68,33.12,2126390.0,0.009057971014492905,0.012077294685990614,-0.01328502415458932,-0.015457788347205792,4.68900966183574,10.783530759837717,-1.405511436166222,6.765297906602271,2.695249597423526,4.7302737520128915,0,-6.628777024951226,-9.828478083310644,-10.555125176252576,18.505186130264462,3.7558081212267354,2.390071053858041,-0.2296492728693913,-0.7508534978147144,0,0.3488403376893748,-46.0,-96.0,50.0,4.68900966183574,3.595188713536345,3.1671090735663654,-0.24958763341861517
1718337600,2024-06-14,32.59,32.71,31.39,31.79,2742553.0,0.025165146272412953,0.028939918213274574,-0.012582573136206365,-0.040157004830917775,8.271469015413672,14.96146101652593,1.5814770143013988,10.612876166509366,6.092586767327248,8.352731466918328,0,-12.274075606376371,-13.754747693977212,-14.780270049738565,14.067486819375333,7.6564437633381885,2.7009144675978916,1.4619856088716077,-0.9669471724148183,0,0.2901699543332157,-30.0,-80.0,50.0,8.271469015413672,7.17413435440038,7.189853741964342,-0.3207518143979554
1718596800,2024-06-17,31.88,32.64,31.83,32.61,2035501.0,-0.022385771235817198,0.0009199632014720294,-0.023919043238270543,0.025794274929223038,4.97853419196565,11.344498593852961,-1.3874302099216322,7.229377491567007,2.7583563324133706,4.993866911990196,0,-7.423291591234658,-10.239471511147809,-15.880747397139485,13.774421891655685,4.613438871307068,2.6311099181324327,3.0327894276311085,0.7179465774362442,0,0.2856449651627222,-34.0,-80.0,46.0,4.97853419196565,4.052582309547731,4.31823936624474,-0.29451209389086774
1718683200,2024-06-18,32.78,32.98,32.21,32.43,2161723.0,0.010792476102374327,0.016959605303731085,-0.006783842121492412,-0.005519779208831621,4.9938328707986415,11.25307329886462,-1.2654075572673236,7.321924144310827,2.71816219549801,5.020043169904412,0,-8.176065539778513,-10.19108280254777,-17.058441572791928,17.848113546757475,4.9707106449999685,2.626330178392762,3.9035843339950453,-0.7624241507668634,0,0.3038717587507991,-38.0,-80.0,42.0,4.9938328707986415,4.1891538892158735,4.705200039257292,-0.2717434356493087
1718856000,2024-06-20,32.5,32.86,32.39,32.55,2091362.0,-0.001536098310291778,0.00952380952380949,-0.004915514592933823,0.0037002775208139216,4.115207373271886,10.174011413400535,-1.9435966668567346,6.386584741423462,1.8489503328213033,4.117767537122404,0,-7.463103007174702,-8.951048951048959,-17.66938680562873,16.630129069734664,4.336351306714661,2.5328824663344403,4.71217960419013,0.7382989823199917,0,0.24399325999862975,-42.0,-80.0,38.0,4.115207373271886,3.4426610371123445,4.149810081854511,-0.23257928527539434
1718942400,2024-06-21,32.53,32.63,32.14,32.55,3852342.0,-0.0006144393241166446,0.0024577572964672445,-0.012596006144393157,0.0,3.7219662058371767,9.777180015934547,-2.333247604260208,5.957501280081928,1.4260112647209553,3.6917562724014346,0,-7.463103007174702,-7.291369980062667,-18.15815182089907,-10.717071700733896,2.482121165312037,2.459489171888125,5.65574600168631,1.3462818869589857,0,0.08024389258142871,-46.0,-80.0,34.0,3.7219662058371767,3.114788557387385,3.9870724315856876,-0.19231983196570646
1719201600,2024-06-24,32.79,33.18,32.67,33.01,2232197.0,-0.006664647076643382,0.005149954559224623,-0.010299909118448802,0.014132104454685157,2.072099363829153,8.060647282804823,-3.916448555146488,4.130061597495697,-0.1413713016257674,1.9943451479349932,0,-4.61993256369292,-3.928987194412111,-17.324252014869433,-12.39891350495062,0.4939050177657123,2.388308398070845,5.5456382318640465,0.7807431093661814,0,0.03774766816288503,-46.0,-76.0,30.0,2.072099363829153,1.5180695363832228,2.4384655717860824,-0.12368986990802139
1719288000,2024-06-25,32.8,32.86,32.0,32.29,2272074.0,0.015794363580055704,0.017652524001238845,-0.008981108702384666,-0.021811572250833078,3.934654691855073,10.05861681351658,-2.1893074298064334,6.122122432125536,1.6749251574274666,3.8985237947765086,0,-8.040478359815523,-7.6372997711670525,-18.005319343244658,-12.301502196972372,2.3036860315232843,2.490587052303105,6.012943165705085,-0.7983097802608651,0,0.07937078317474883,-46.0,-72.0,26.0,3.934654691855073,3.4215488099281544,4.537429591938434,-0.11589844768331653
1719374400,2024-06-26,31.93,32.06,31.47,32.02,3370363.0,-0.0028107432854467262,0.0012492192379762734,-0.01717676452217376,-0.00836172189532347,4.314490943160521,10.359126932540065,-1.7301450462190502,6.536019154694969,2.0138455132209003,4.274932333957949,0,-9.2528483846542,-9.034090909090907,-19.05403566701218,-13.498961886039396,2.656383431707681,2.515110482165776,6.839830083251737,-1.1792851433962306,0,0.12601466178223206,-46.0,-68.0,22.0,4.314490943160521,3.8847065976309665,5.206406825795696,-0.1176657780912157
1719460800,2024-06-27,31.86,32.0,31.38,31.44,2097550.0,0.013358778625954137,0.01781170483460559,-0.001908396946564972,-0.018113678950655854,5.819020356234091,12.455757890642545,-0.8177171781743482,8.064567430025434,3.4812340966921056,5.772900763358763,0,-11.75179157474588,-7.746478873239428,-20.966167354470702,-20.07517083129953,4.033420852844529,2.523945586392054,7.672199565586887,-0.7378004118878828,0,0.04075179244184413,-18.0,-68.0,50.0,5.819020356234091,5.248663819015405,6.866953663084956,-0.14484699475892782
1719547200,2024-06-28,31.52,31.93,31.47,31.67,4669766.0,-0.004736343542785071,0.00820966214082719,-0.006315124723713428,0.0073155216284988,4.603725923586978,11.28898269608294,-2.081530848908983,6.816124618461217,2.367119250605171,4.591621934533194,0,-10.210421120992251,-8.202898550724633,-21.854426843185898,-9.584249665008166,2.601200778085925,2.4371578331682984,8.445114084898101,1.6178729946247548,0,0.06274155213534893,-21.999999999999996,-68.0,46.0,4.603725923586978,4.057229793746586,5.851987181041125,-0.13450981540004736
1719806400,2024-07-01,31.92,32.1,30.84,30.94,2616184.0,0.03167420814479649,0.03749191984486111,-0.003232062055591567,-0.023050205241553545,6.426955397543637,13.382613513792236,-0.5287027187049773,8.813294548588658,4.201141995259633,6.50721827192416,0,-13.273176129909693,-11.422845691382761,-23.880381370828452,-9.36002991693438,4.4863951080719175,2.6073558303945887,9.62014086667245,-0.9027594456003085,0,-0.04280600392910302,-26.0,-76.0,50.0,6.426955397543637,5.892136675887485,8.022034593935786,-0.16215710647430503
1719892800,2024-07-02,30.79,31.49,30.79,31.2,1642418.0,-0.013141025641025594,0.009294871794871762,-0.013141025641025594,0.008403361344537785,4.886217948717956,11.261619181405223,-1.489183283969325,7.291132478632491,2.6725427350427395,4.981837606837615,0,-11.498439573840677,-11.564625850340141,-24.745659141674654,-7.674500523411098,3.1992483581311006,2.5611965707447606,10.745563213353634,0.569023711385024,0,0.014038145475045826,-30.0,-76.0,46.0,4.886217948717956,4.5325877080085775,6.842562698895378,-0.14861393502533915
1719979200,2024-07-03,31.31,31.49,31.08,31.33,1280013.0,-0.0006383657835939971,0.005106926268751977,-0.007979572294924964,0.004166666666666652,4.007341206511342,10.298029522381455,-2.283347109358772,6.226726247473138,1.853920629854258,4.040323438663691,0,-10.603774807134087,-8.150102609205515,-25.061540828916463,-8.735479823761928,2.428676546463919,2.4618606746023324,11.790598249557597,0.44542834080442467,0,0.025141427569984606,-34.0,-76.0,42.0,4.007341206511342,3.7084765754829476,6.1482822666186365,-0.11792091016192296
1720152000,2024-07-05,31.1,31.26,30.67,30.77,3369043.0,0.010724731881702976,0.015924601884953038,-0.003249918752031178,-0.01787424194063192,5.375365615859607,11.906858244162606,-1.1561270124433776,7.642725598526724,3.268334958292712,5.455530278409682,0,-13.041746967530145,-9.500000000000002,-26.310576219583158,-9.931398092347301,3.7422644397834546,2.480828344302855,13.057274419516204,-1.1607010906165174,0,-0.03962094441786751,-38.0,-88.0,50.0,5.375365615859607,5.062978552219576,7.76326475829201,-0.12185309093434182
1720411200,2024-07-08,31.07,31.27,30.81,30.88,1598155.0,0.006152849740932664,0.012629533678756522,-0.00226683937823835,0.0035749106272342512,4.451101036269449,10.696467482932917,-1.794265410394047,6.719019861830745,2.4152633851468153,4.567141623488766,0,-12.245291154534257,-9.8920338488474,-26.98726643875391,-4.170363563413019,3.225086331788134,2.41107546725709,14.209293234336648,0.5520303915829485,0,-0.04179451506358074,-42.0,-88.0,46.0,4.451101036269449,4.24218040800659,7.0900050632553615,-0.10424598578347366
1720497600,2024-07-09,30.74,31.21,30.53,31.1,2622817.0,-0.011575562700964714,0.0035369774919613572,-0.018327974276527326,0.007124352331606243,3.2459807073955034,9.080464487488783,-2.588503072697776,5.45605573419077,1.1698821007502573,3.3129689174705277,0,-10.632618718504162,-8.529411764705879,-26.856809150338208,-10.562472519670713,2.1881218092094628,2.379196452861015,15.481808433475464,0.8996760542321814,0,-0.044189374723283895,-46.0,-88.0,42.0,3.2459807073955034,3.170987733862532,6.08412361220158,-0.06680392633922616
1720584000,2024-07-10,31.29,31.59,31.05,31.53,1699958.0,-0.007611798287345484,0.0019029495718363432,-0.015223596574690745,0.013826366559485548,1.4906438312717967,6.791040681216032,-3.8097530186724384,3.684321809916497,-0.5877999788561254,1.5482609155301787,0,-7.564202148187874,-6.494661921708178,-25.396321900813273,-11.478088166051343,0.5880128491000676,2.301456947786028,15.731988625433296,0.583620691229685,0,0.01872986446930366,-38.0,-76.0,38.0,1.4906438312717967,1.595965523295078,4.455511385132141,-0.005338507374065715
1720670400,2024-07-11,32.13,32.58,31.78,32.56,2457072.0,-0.013206388206388198,0.0006142506142505777,-0.023955773955773974,0.032667300983190595,-1.8074324324324351,3.1420050495532053,-6.7568699144180755,0.29739967239963505,-3.9132882882882853,-1.8079443079443251,0,-1.0501639806747178,-1.7204950196196809,-21.031012554690754,-10.871023508658844,-2.62807645511829,2.299807362951945,14.020832235081919,0.848440143787364,0,0.10243105721298845,-42.0,-76.0,34.0,-1.8074324324324351,-1.4638249297408805,1.1060313536924724,0.1062649349288114
1720756800,2024-07-12,32.65,32.75,32.19,32.54,2328399.0,0.0033804548248310695,0.006453595574677395,-0.010755992624462252,-0.0006142506142506887,-1.916103257529187,2.529671504246295,-6.361878019304655,0.18592501536569728,-4.036570374923173,-1.9253226797787306,0,-1.1631214289328753,-3.269916765755058,-17.598425033387148,-2.120131346173011,-2.65766955371825,2.259773598626525,12.150260403987993,-0.8072641181831849,0,0.04824390524380103,-46.0,-76.0,30.0,-1.916103257529187,-1.2696178396331135,1.1223632229021945,0.17619273577295358
1721016000,2024-07-15,32.52,33.2,32.39,32.6,2580179.0,-0.0024539877300613355,0.01840490797546024,-0.006441717791411117,0.0018438844499077955,-2.176380368098151,2.0450168635901065,-6.397777599786423,-0.0608384458077893,-4.266359918200408,-2.1635991820040914,0,-0.7929823036769719,-1.5700483091787323,-14.636762461540187,-1.6021943193258537,-2.8484814819903903,2.2719750825832445,9.705655933755558,0.9012936215236566,0,-0.009644275478145172,-46.0,-72.0,26.0,-2.176380368098151,-1.3131082756815147,0.8995328187108527,0.22103715529210288
1721102400,2024-07-16,32.68,34.01,32.46,33.9,2367614.0,-0.03598820058997043,0.003244837758112018,-0.04247787610619458,0.039877300613496924,-5.616519174041301,-0.8100370659662417,-10.423001282116346,-3.6391347099311844,-7.751229105211394,-5.695181907571296,0,6.400767121278911,6.63730732934885,-8.532217148660974,5.340957053429456,-6.352239536715842,2.355379351029876,8.086997113104353,0.8419014326008195,0,0.07024821640093305,50.0,28.0,22.0,-5.616519174041301,-4.612079317259628,-2.85330919971733,0.32643909351528555
1721188800,2024-07-17,33.4,33.73,33.12,33.58,3161380.0,-0.005360333531864159,0.004466944609886836,-0.013698630136986356,-0.00943952802359882,-4.572662298987481,0.6467980414799115,-9.792122639454874,-2.584375620408963,-6.676096883065313,-4.630236251737159,0,4.404274820983346,2.9745476847592727,-4.49823058344418,15.037549730199544,-5.017679039249714,2.3738953458667287,6.5839567796425165,-1.1376213843830778,0,0.032786329935955615,46.0,28.0,18.0,-4.572662298987481,-3.350407397043199,-1.851961316639489,0.36014333138737886
1721275200,2024-07-18,33.69,34.32,33.06,33.25,2402199.0,0.013233082706766819,0.03218045112781964,-0.005714285714285672,-0.009827278141750995,-3.502255639097754,1.9827685557260395,-8.987279833921548,-1.3929824561403734,-5.672681704260654,-3.5328320802004924,0,2.391104410863697,2.5285229725562757,-2.1097933968920173,21.434913063412594,-3.680474065440748,2.4968856590433113,5.875735774554478,-0.8682749318860045,0,0.03289720651188632,42.0,28.0,14.0,-3.502255639097754,-2.1634470855159407,-0.8434345803479175,0.3456829917119096
1721361600,2024-07-19,31.93,32.38,31.57,32.05,2709105.0,-0.0037441497659905787,0.010296411856474341,-0.014976599063962426,-0.03609022556390984,0.032761310452443126,5.68418420712095,-5.618661586216092,2.2584503380135317,-2.2875715028601036,-0.014560582423300161,0,-4.108979052917242,-1.5360983102918588,-3.138721778637252,11.540004325215023,0.06832435398931125,2.7797611458022544,4.1157082118027795,-0.9790228577040118,0,0.06869141703373778,38.0,28.0,10.0,0.032761310452443126,1.3568714118198102,2.756620605040027,0.24548281384895643
1721620800,2024-07-22,32.28,32.39,31.69,32.08,2897316.0,0.006234413965087393,0.009663341645885337,-0.012157107231920095,0.0009360374414977279,-0.13403990024939105,5.4688602225032525,-5.736940023002035,2.135286783042403,-2.471945137157107,-0.16832917705735895,0,-3.9328903564315993,-1.4439324116743437,-3.857872897327473,19.63156819870221,0.16141338516806059,2.7346532806343715,2.4688391935157945,1.0485845522188315,0,0.1445687078536171,34.0,27.999999999999993,6.000000000000007,-0.13403990024939105,1.1418876116667604,2.556192135583288,0.1747314468702067
1721707200,2024-07-23,31.74,32.12,31.63,31.98,2042904.0,-0.0075046904315198,0.004377736085052986,-0.010944340212632908,-0.0031172069825435855,0.01719824890555799,5.461493373657717,-5.42709687584663,2.2884094225557448,-2.3269751928288542,-0.019282885136533423,0,-4.452978864292497,-3.120266585883059,-4.662616992479421,18.726595220464617,0.5812513063656439,2.6567046461086354,1.0105958848105097,-0.7400008151620607,0,0.16056323905049216,30.0,28.0,2.0,0.01719824890555799,1.3192818980063663,2.7640618166783923,0.11745238299526661
1721793600,2024-07-24,31.36,32.02,31.14,31.41,2462183.0,-0.0015918497293855305,0.019420566698503672,-0.008595988538681931,-0.017823639774859346,1.6921362623368452,7.271637461150206,-3.88736493647653,4.01093070147509,-0.6945770985885531,1.6581768014432612,0,-7.342544038876099,-2.7253019510684395,-6.636735590938531,12.822077342498147,2.3630411017901025,2.7118260553354356,0.2216851801789197,-0.887427824627625,0,0.11957885360882971,26.0,28.0,-2.0,1.6921362623368452,2.8571763115577795,4.4474035045485465,0.04135816114807006
1721880000,2024-07-25,31.36,32.02,31.14,31.41,2462183.0,-0.0015918497293855305,0.019420566698503672,-0.008595988538681931,0.0,1.5950334288443315,7.221159162465554,-4.031092304776919,4.0050939191340404,-0.7927411652340055,1.6061763769500033,0,-7.342544038876099,-1.9050593379138132,-8.218198147539898,19.287555661506218,2.6146318858632895,2.718242445934231,-0.5108747598361276,0.8837887959200852,0,0.16054002141543083,22.0,28.0,-6.0,1.5950334288443315,2.585064281885579,4.2729955239780395,-0.006258247596057975
1721966400,2024-07-26,31.85,32.25,31.47,32.23,2159756.0,-0.011790257524045833,0.0006205398696867981,-0.023580515048091777,0.026106335561922878,-0.8672044678870634,4.5891541230693775,-6.323563058843462,1.4422380804633548,-3.28317302720032,-0.9204674733684755,0,-2.076262097922239,2.5127226463104186,-7.2804920127178745,19.87002524835613,0.1351822979848123,2.6460261911004044,-1.5548093940717074,0.7734431498392382,0,0.24992359884831306,18.0,28.0,-10.0,-0.8672044678870634,-0.022545524302259423,1.5565358550366284,0.01881556417731095
1722225600,2024-07-29,32.18,32.25,31.91,32.15,2526696.0,0.0009331259720062324,0.0031104199066873672,-0.007465007776049748,-0.002482159478746415,-0.5458786936236351,4.915135593229365,-6.006892980476621,1.7402799377915983,-2.959564541213055,-0.6096423017107213,0,-2.524030579348249,1.5156299336911805,-6.717808287411486,27.740982519863408,0.6612904339150703,2.538676991355606,-2.524177268719029,-0.9098920718720733,0,0.22920279499363944,14.0,28.0,-14.0,-0.5458786936236351,0.20468606573803072,1.7382919402211883,0.030657005369137263
1722312000,2024-07-30,32.21,32.23,31.53,31.88,4246772.0,0.01035131744040152,0.010978670012546932,-0.010978670012546932,-0.00839813374805598,0.44385194479296786,5.749944778151317,-4.862240888565395,2.6061271434546285,-1.9578628189042036,0.32413216227521957,0,-4.049295159632877,3.038138332255972,-6.901731600591421,17.217761556287144,1.4800555069714534,2.5341460130334186,-2.9207178073080833,-1.501367962118046,0,0.17741660395617814,10.0,28.0,-18.0,0.44385194479296786,0.9530269511502496,2.497981528789012,0.02138867547786949
1722398400,2024-07-31,35.37,36.11,34.15,34.69,6383717.0,0.019602190833093003,0.040933986739694506,-0.015566445661573947,0.08814303638644905,-7.189391755549153,-1.4032832624099854,-12.975500248688292,-4.972614586336121,-9.530123955030263,-7.251369270683185,0,10.021455636557349,11.18589743589743,0.20070369934672166,20.971790347139063,-5.543374978113192,3.033503837337994,-1.8447160308746682,2.192845424344465,0,0.03263460722752408,50.0,72.0,-21.999999999999996,-7.189391755549153,-6.536441838802531,-5.5770454808404395,0.19588466664454557
1722484800,2024-08-01,34.71,35.28,33.08,33.43,3403463.0,0.03828896201017051,0.05533951540532467,-0.01046963804965606,-0.036321706543672505,-3.3772061023033046,2.708737374110754,-9.463149578717363,-0.7298833383188992,-5.994615614717318,-3.362249476518116,0,3.453314230545395,6.702840727736999,2.376898725934464,12.958346436154642,-1.6544201591775334,3.3930584708437994,-2.028418538012289,-1.1576746315297752,0,-0.03763675216023022,46.0,72.0,-26.0,-3.3772061023033046,-2.726712790583221,-1.9390342587598326,0.21622885342935683
1722571200,2024-08-02,32.57,32.6,31.73,32.46,3296852.0,0.0033887861983981082,0.004313000616142926,-0.022489217498459668,-0.029015854023332288,-0.22951324707332788,5.653780020767769,-6.112806514914411,2.489730950913909,-3.0185869788457467,-0.26442801396591165,0,-0.9006908896340065,5.492362690932731,1.7740681454868328,5.508145178507839,1.1653392834448937,3.61893601101137,-3.4129444116599963,-1.1126287308821419,0,0.04479272658652094,42.0,72.0,-30.0,-0.22951324707332788,0.16294609747563982,0.9524398969188468,0.15690149296746103
1722830400,2024-08-05,31.15,31.96,30.93,31.8,3031351.0,-0.020440251572327095,0.005031446540880502,-0.027358490566037785,-0.020332717190388205,1.9858490566037688,7.658277702139273,-3.686579588931721,4.797169811320742,-1.004716981132077,1.8962264150943327,0,-3.6072234670240633,2.9792746113989694,-0.04972011546865672,-1.1090470550395395,2.876963895160742,3.773851343051613,-4.6005770325498005,-1.0174953763529662,0,0.04544747529723967,38.0,72.0,-34.0,1.9858490566037688,2.0282949627989524,2.9281623835524186,0.0701734539980045
1722916800,2024-08-06,31.74,32.07,31.27,31.3,2952155.0,0.014057507987220275,0.02460063897763587,-0.000958466453674145,-0.01572327044025157,3.6469648562300137,9.321729340702063,-2.0277996282419934,6.58626198083067,0.6533546325878632,3.619808306709274,0,-5.560697209087621,0.6430868167202549,-2.3896163367614562,-8.641919388509102,4.084952613362191,3.742834653622859,-5.793886251729202,-0.9879657432431794,0,-0.05525458911207291,34.0,72.0,-38.0,3.6469648562300137,3.3097456511838317,4.393073122878775,-0.01913148559201941
1723003200,2024-08-07,31.93,32.09,31.02,31.09,2180423.0,0.027018333869411437,0.0321646831778708,-0.0022515278224509716,-0.006709265175718904,4.276294628497908,10.165242312918181,-1.6126530559223369,7.3930524284335775,1.2495979414602658,4.321325184946929,0,-6.372853671643668,-1.3954963526799913,-4.553395036045741,-14.408772811354126,4.420327092799155,3.7447948825050354,-6.704533712520885,-0.7276102013157792,0,-0.060626183813608715,30.0,72.0,-42.0,4.276294628497908,3.625887574873275,4.8982752467909165,-0.0868193370327558
1723089600,2024-08-08,31.35,31.73,31.22,31.57,3548749.0,-0.006968641114982521,0.005068102629078197,-0.011086474501108667,0.015439047925377869,2.534051314539127,8.445340474418401,-3.3772378453401615,5.587583148558764,-0.37060500475135427,2.608489071903719,0,-3.998462863250353,-3.0405405405405466,-5.238040422603817,-6.706123980885316,2.6771569015471783,3.5692423812436322,-7.550134926113163,1.174367703703935,0,-0.040639697870989526,26.0,72.0,-46.0,2.534051314539127,1.8550583727067362,3.173825668271405,-0.09317764052767508
1723176000,2024-08-09,31.61,31.61,31.08,31.23,2939897.0,0.012167787383925655,0.012167787383925655,-0.004803073967339144,-0.01076971808679128,3.440601985270561,9.61620797323583,-2.7350040026947084,6.542320418401104,0.5288718112925466,3.5355961148468396,0,-5.39914453412495,-4.025814382298706,-6.392766510612743,-13.637324366410432,3.632793121583177,3.471599573867159,-8.213073469270466,-0.9676928249982009,0,-0.07742481125620063,22.0,68.0,-46.0,3.440601985270561,2.6816700420851447,4.128562996251148,-0.11288057238495872
1723435200,2024-08-12,31.3,31.42,30.58,30.64,3456030.0,0.021540469973890364,0.025456919060052208,-0.001958224543081033,-0.018892090938200434,5.112597911227155,11.81543887630174,-1.5902430538474306,8.296888598781578,2.1578546562227956,5.22737162750218,0,-7.749063726841463,-6.0122699386503085,-8.359486574456575,-14.734726072262106,5.3239147260821085,3.481524410188195,-8.39737602455164,-1.1406818655792947,0,-0.16018645195680106,18.0,-32.0,50.0,5.112597911227155,4.215191086771199,5.893114278575524,-0.15561193682241245
1723521600,2024-08-13,30.66,31.44,30.66,31.31,2207803.0,-0.020760140530182047,0.004152028106036543,-0.020760140530182047,0.02186684073107048,2.4496965825614865,8.624661429747178,-3.7252682646242192,5.486000212924537,-0.2757372511444771,2.605131480890037,0,-4.327470259622096,-7.6401179941002955,-8.510659738631867,-9.478340490438562,3.022795932848183,3.3461714720677147,-8.591553972759048,0.8243162770985394,0,-0.10700253929876792,14.0,-32.0,46.0,2.4496965825614865,1.796042102895342,3.484876756334316,-0.12977210044086468
1723608000,2024-08-14,31.43,31.55,30.98,31.17,2180347.0,0.008341353865896739,0.012191209496310584,-0.006095604748155292,-0.00447141488342373,2.523259544433728,8.432480518919846,-3.38596143005239,5.5935194096887955,-0.1812640359319886,2.7061276868784176,0,-4.915020441916177,-7.176891006551508,-8.87601970380917,-6.656591099284654,3.4548426403040935,3.251735125981304,-8.90570449157017,-0.818890319406987,0,-0.10263630781552542,10.0,-32.0,42.0,2.523259544433728,2.0386627657720453,3.794789529147863,-0.11370426157751379
1723694400,2024-08-15,31.91,32.26,31.69,31.97,1962736.0,-0.001876759461995614,0.009071004066312227,-0.008758210822646162,0.025665704202759043,-0.24241476384109717,5.21278818516555,-5.69761771284773,2.5977478886456424,-2.8167031592117695,-0.10947763528308485,0,-0.9708968170139016,-3.8496240601503793,-7.495414906804754,-6.907183215625615,0.8683240218528425,3.187442670358113,-10.018541955224839,0.7385757610963206,0,-0.1501046626126588,6.000000000000007,-31.999999999999993,38.0,-0.24241476384109717,-0.4656787616765854,1.1505246288207758,-0.044355865106834425
1723780800,2024-08-16,31.97,32.17,31.77,32.07,1548169.0,-0.003118178983473663,0.003118178983473774,-0.009354536950420989,0.0031279324366593197,-0.5503585905831017,4.889028257052615,-5.989745438218819,2.214426774763538,-3.0552957073069393,-0.42043446627170056,0,-0.4937158543868634,0.06240249609985375,-6.187837787767,-8.192642671750704,0.5528167870239429,3.039629935025024,-11.05189102861846,0.5849918820076541,0,-0.15963894607241594,2.0,-32.0,34.0,-0.5503585905831017,-0.7021355816965951,0.8023694166477924,0.010181126436884236
1724040000,2024-08-19,32.42,32.66,32.31,32.5,1483528.0,-0.002461538461538404,0.004923076923076808,-0.005846153846153723,0.013408169628936761,-1.8015384615384562,3.6227714910331343,-7.225848414110018,0.8753846153846041,-4.216923076923081,-1.6707692307692241,0,1.5589544190665805,1.3092269326683346,-4.244461184707942,-1.7325497959196525,-0.6319864620163145,2.9148398158489726,-11.539932629640637,0.5641204805970896,0,-0.16737671846265256,-2.0,-32.0,30.0,-1.8015384615384562,-1.8239300717878137,-0.5104872564688776,0.07361232131540657
1724126400,2024-08-20,32.41,32.48,31.88,31.94,1964773.0,0.014715090795240915,0.016906700062617297,-0.0018785222291798354,-0.01723076923076916,-0.08609893550406866,5.43265405793187,-5.604851928939993,2.690983093299934,-2.5250469630557433,0.08296806512208832,0,-1.1626791823878904,-0.125078173858659,-3.7352404015749636,-14.424677384765033,-0.40917343372845494,2.89274492842873,-12.497472487150388,-0.7485521880513899,0,-0.15203465427244062,-6.0,-32.0,26.0,-0.08609893550406866,-0.09284792815248011,1.1854635800418407,0.07594579793421416
1724212800,2024-08-21,32.3,32.55,32.12,32.49,1759436.0,-0.005847953216374435,0.0018467220683284769,-0.011388119421360532,0.017219787100813955,-1.6112650046168255,3.8180237207319294,-7.040553729965566,1.01621011593312,-3.9730173386683134,-1.478403611367625,0,1.4849265168278123,3.438395415472785,-2.198765997045822,-7.2982384072231525,-2.6481701396369175,2.774756076995508,-13.311509324088055,0.6748067855684571,0,-0.05528568602533806,-10.0,-32.0,22.0,-1.6112650046168255,-1.6141899979167391,-0.5067492075508966,0.11052659470894388
1724299200,2024-08-22,32.42,32.57,32.21,32.31,1644333.0,0.003404518724853034,0.008047044258743252,-0.003095017022593627,-0.005540166204986097,-0.9238625812442081,4.494778633656011,-6.342503796144413,1.628494790054674,-3.227586918394721,-0.7995460641700447,0,0.5831638961396379,2.8653295128939895,-1.313016306513998,-5.112635722928317,-2.1889706358201835,2.670499456693179,-14.042280206045202,-0.637160959809958,0,-0.14834705619361396,-14.0,-32.0,18.0,-0.9238625812442081,-0.9645482419035574,0.045666790520087375,0.11666779746053946
1724385600,2024-08-23,32.61,33.43,32.47,33.39,1822167.0,-0.02336028751123098,0.0011979634621144264,-0.027553159628631363,0.03342618384401108,-3.954776879305186,1.5855766771367854,-9.495130435747186,-1.4650094838774237,-6.217929519816323,-3.8414695018468734,0,5.505243278925306,3.5991312441824506,1.5843134796490435,2.48244410058998,-5.083781346643363,2.6391346570719114,-13.725614368039576,0.7059921133262853,0,-0.16726082739175077,-18.0,-32.0,14.0,-3.954776879305186,-3.7709130481355686,-3.0652013893536747,0.1848060285492064
1724644800,2024-08-26,33.51,33.75,33.17,33.22,1536909.0,0.008729680915111393,0.015954244431065634,-0.001505117399157041,-0.005091344713986312,-3.3022275737507414,2.467854687219173,-9.072309834720656,-0.7324904675897841,-5.581978727674098,-3.1572345976319554,0,4.604086439111619,3.3281493001555225,3.5429194081774593,10.103163667919588,-4.296977686748164,2.5878755925759105,-13.107509849869013,-0.5982024140239404,0,-0.12684107073572493,-21.999999999999996,-31.999999999999996,10.0,-3.3022275737507414,-2.966235123516654,-2.46839645685651,0.20803758715720932
1724731200,2024-08-27,33.13,33.21,32.87,33.06,1881782.0,0.0021173623714458856,0.00453720508166966,-0.005747126436781769,-0.004816375677302753,-2.6557773744706594,3.2592904230012323,-8.570845171942537,-0.1300665456745378,-4.894131881427711,-2.5120992135511386,0,3.7396978028614214,3.7013801756587306,4.7862345219238085,10.49832160414065,-3.508870527460573,2.4902773170206394,-12.97348721392441,-0.7373762933440577,0,-0.057406462725950076,-26.0,-32.00000000000001,6.000000000000007,-2.6557773744706594,-2.2588486809858637,-1.918084993738006,0.20206869364595423
1724817600,2024-08-28,32.9,33.2,32.77,33.06,1805491.0,-0.00483968542044777,0.004234724742891771,-0.00877192982456143,0.0,-2.9022988505747094,2.062120488387137,-7.86671818953657,-0.6599112724339591,-4.961181689856815,-2.8105464811454084,0,3.7396978028614214,-4.698760449697306,5.80524434480066,1.6119807502884882,-3.144105492304135,2.4053050412866877,-12.99613947814699,0.7087592655573375,0,-0.08551001767920219,-30.0,-32.0,2.0,-2.9022988505747094,-2.0437202351777017,-1.8428659743757265,0.18786069249780907
1724904000,2024-08-29,33.44,33.61,33.14,33.3,1574687.0,0.004204204204204309,0.009309309309309288,-0.004804804804804719,0.007259528130671322,-3.621621621621614,1.2463342421488903,-8.48957748539209,-1.7227227227227075,-5.473473473473462,-3.5980980980980917,0,4.925624032390154,-0.38887227041580186,7.132116716913442,10.058495299055501,-3.372911159937132,2.33537537675717,-12.55042429622979,0.6210176083982624,0,-0.06103928290608095,-34.0,-32.0,-2.0,-3.621621621621614,-2.4878341606242174,-2.450292826079135,0.18412145199642543
1724990400,2024-08-30,33.57,33.57,33.09,33.47,1867031.0,0.002987750224081376,0.002987750224081376,-0.011353450851508629,0.005105105105105201,-3.9602629220196945,1.1882289229784533,-9.108754767017842,-2.113833283537474,-5.729011054675823,-3.9214221691066626,0,5.771039168652237,3.111521873074547,8.58275256117,20.92576144268382,-3.0679640490038054,2.259985489346917,-12.21785100281215,0.7376159984618019,0,0.09563853331480215,-38.0,-32.0,-6.0,-3.9602629220196945,-2.699009309583488,-2.830244705128578,0.18225295852044499
1725336000,2024-09-03,32.98,33.27,32.49,32.62,2401321.0,0.011036174126302756,0.019926425505824907,-0.003985285101164804,-0.025395876904690806,-1.3320049049662543,3.96375732972443,-6.627767139656939,0.5870631514408586,-3.0456774984671853,-1.2293071735131775,0,0.7602046585146525,2.5786163522012475,7.724531502878077,11.775795232477705,-0.09309775576386414,2.3678336828189037,-12.834498901624261,-0.959703469608036,0,-0.02590797553240143,-42.0,-32.0,-10.0,-1.3320049049662543,-0.14799712452689562,-0.28653552118392156,0.11614555410067284
1725422400,2024-09-04,32.6,32.84,32.47,32.6,1999110.0,0.0,0.007361963190184007,-0.003987730061349781,-0.0006131207847944742,-1.0720858895705447,4.101715103776954,-6.245886882918043,0.7499999999999858,-2.75306748466258,-1.00153374233129,0,0.6474987225528182,4.153354632587861,6.971821871360535,3.7447200980767192,0.3388503680654651,2.281120840350974,-13.436529838425372,-0.8004485532534344,0,-0.020848593468956313,-46.0,-32.0,-14.0,-1.0720858895705447,-0.07847744352802977,-0.21652390614097783,0.06594384594987765
1725508800,2024-09-05,32.69,32.77,32.12,32.38,2279374.0,0.009573810994440768,0.012044471896232256,-0.008029647930821615,-0.006748466257668673,-0.20074119827052073,4.742684079774648,-5.144166476315718,1.527691990940923,-1.869466749022024,-0.17088737904057894,0,-0.6219821386613518,4.149244129945329,5.800479736598694,-4.46750472762222,1.1162865959218067,2.275961819775751,-14.015319170600062,-0.9126135968453141,0,-0.037073467420296345,38.0,56.0,-18.0,-0.20074119827052073,0.5432381415317167,0.4433411524485109,0.015429344444063686
1725595200,2024-09-06,32.3,32.66,31.81,31.83,2114511.0,0.014765944077913984,0.026076028903549986,-0.0006283380458687038,-0.01698579369981479,1.564561734213001,6.529569537705314,-3.4004460692793117,3.428631270290097,-0.13404544978531874,1.6472929102524034,0,-3.6774453653713906,0.8235666772252076,3.456099170233975,-11.234845852057198,2.837824361250256,2.340656542382309,-14.124738373217284,-0.8552061463995134,0,-0.142990849288371,34.0,56.0,-21.999999999999996,1.564561734213001,2.063358869938739,2.093483111442467,-0.05372815189353017
1725854400,2024-09-09,31.91,32.8,31.79,32.41,2733356.0,-0.015427337241591954,0.012033323048441957,-0.019129898179574112,0.01822180333019152,-0.07096575131131999,4.550899705368039,-4.6928312079906505,1.810140903013476,-1.836881620898879,-0.013370358942694338,0,-0.22739257019439663,3.778418187640077,2.8892552217884804,-8.487847287403213,0.9149598440810252,2.3571654927323475,-14.455443418076888,1.0998392560701753,0,-0.11837812236419784,30.0,56.0,-26.0,-0.07096575131131999,0.21430414447756618,0.2559986958899714,-0.058708948541266154
1725940800,2024-09-10,31.84,32.02,30.74,31.11,2998027.0,0.023465123754419892,0.02925104468016726,-0.011893281902925157,-0.040111076828139414,4.1803278688524586,8.677478673815699,-0.31682293611078194,6.201114325511654,2.2602592949748157,4.230686810243228,0,-6.781261374286423,1.5339425587467326,-0.7281158984268133,-9.865293437912051,4.786340603360401,2.663692283264269,-13.480846476629774,-1.222787373123493,0,-0.1032698299728881,26.0,56.0,-30.0,4.1803278688524586,3.9827437956373473,4.271086762944805,-0.14304732994992264
1726027200,2024-09-11,31.04,31.25,30.57,31.19,2654602.0,-0.004809233728759299,0.0019236934915036752,-0.019878166078871495,0.002571520411443373,3.8938762423853746,8.442708607388738,-0.654956122617989,5.891311317730015,1.992625841615876,3.9419685796729738,0,-6.301034176848212,-0.38326413286489125,-3.3680078018599993,-16.920440646926707,4.0951220030316335,2.6228119592373202,-12.40099649736541,1.0823774663680386,0,-0.06880845913245513,22.0,56.0,-34.0,3.8938762423853746,3.362127712122742,3.8466338196414256,-0.18430994088998318
1726113600,2024-09-12,31.29,31.53,30.86,31.52,2584550.0,-0.007296954314720772,0.00031725888324873885,-0.02093908629441621,0.010580314203270325,2.861675126903563,7.1924436564627,-1.4690934026555453,4.8096446700507585,0.9200507614212938,2.8648477157360333,0,-4.3067108718826645,1.122874558870702,-4.653214268969168,-9.594912828693204,2.7077445496709487,2.5618010449418884,-11.888328538872226,1.0457801779493774,0,0.04036807727365695,18.0,56.0,-38.0,2.861675126903563,2.0628331270864635,2.6511949667165737,-0.1800359435761959
1726200000,2024-09-13,32.01,32.32,31.62,31.75,2788209.0,0.008188976377952795,0.01795275590551193,-0.004094488188976397,0.007296954314720772,2.0818897637795146,6.437416076551969,-2.2736365489929256,4.058792650918619,0.15643044619422142,2.1076115485564344,0,-2.93114691660778,-0.6881451360650575,-5.104880041844597,-7.902466118863998,1.6966479233626757,2.541560396345081,-12.621549213261767,1.1145825721454234,0,-0.070523045377172,14.0,56.0,-42.0,2.0818897637795146,1.197434575402383,1.8327729517952207,-0.15341596045006076
1726459200,2024-09-16,31.94,32.04,31.55,31.74,3470165.0,0.006301197227473354,0.00945179584120992,-0.005986137366099542,-0.0003149606299213126,2.062066792690615,6.493178495646305,-2.3690449102650604,4.070048309178745,0.13810123923545348,2.104074774207106,0,-2.9856481460152793,-1.0289990645463107,-5.49468519813513,-15.03715207353369,1.4004359539795388,2.471034867205491,-13.210044777559565,-1.3860729158556662,0,-0.05154249947291654,10.0,56.0,-46.0,2.062066792690615,1.1122399370052705,1.7917247487276882,-0.12915198314285525
1726545600,2024-09-17,32.06,32.78,31.95,32.43,2354656.0,-0.01140918902250998,0.010792476102374327,-0.014801110083256241,0.021739130434782705,-0.1202590194264559,4.214355461582443,-4.454873500435383,1.9138657621543729,-2.082433960324792,-0.08428409908520962,0,1.1247785407802056,-0.21538461538461623,-4.020784703337356,-8.438149594934991,-0.8621477125868182,2.4747773377964184,-13.369149192832264,0.9348603483430898,0,-0.04643356051045321,6.000000000000007,-23.999999999999993,30.0,-0.1202590194264559,-0.940123905833218,-0.3593877414968034,-0.06266993425759954
1726632000,2024-09-18,32.53,32.98,32.05,32.26,2892764.0,0.008369497830130301,0.022318660880347174,-0.0065096094234345925,-0.005242059821153333,0.45567265964041326,4.7707251056355915,-3.8593797863547508,2.553213473858264,-1.5664393469725013,0.4933870634428814,0,0.11648841587411596,1.0018785222291695,-3.2360339779574745,-1.3015361834115495,-0.40608937429661296,2.5160335174953325,-13.278629076234841,-1.1460467984969676,0,-0.10882317474779209,2.0,-24.0,26.0,0.45567265964041326,-0.37828971017810886,0.15918925982501264,-0.027951868292320145
1726718400,2024-09-19,33.26,33.82,33.1,33.62,3308466.0,-0.010707911957168359,0.005948839976204656,-0.01546698393813195,0.042157470551766885,-3.439916716240333,0.9897636536268806,-7.869597086107547,-1.3845925044616223,-5.423854848304572,-3.4042236763831113,0,7.221236492450245,3.477993228685735,0.8426129027259647,1.2495594084705743,-4.218004636401801,2.5732432577700197,-12.305050675679407,1.2942431706876154,0,-0.04951197661671307,50.0,28.0,22.0,-3.439916716240333,-3.9883698690639875,-3.7398159180601027,0.0827419037654973
1726804800,2024-09-20,34.04,34.04,32.82,32.92,11094472.0,0.03402187120291611,0.03402187120291611,-0.0030376670716889542,-0.020820939916716075,-1.2940461725394954,3.263604553109829,-5.85169689818882,0.9791413527743913,-3.4072498987444533,-1.2140542729850239,0,3.122011966658796,1.8879603837821088,2.269778878334254,-13.57768218871707,-1.546462636860639,2.704959421630283,-11.838119244572637,-4.065335807442111,-1,-0.26644128281988916,46.0,28.0,18.0,-1.2940461725394954,-1.7613997930924938,-1.6265801509862854,0.10360005306399868
1727064000,2024-09-23,32.89,33.92,32.89,33.86,2904296.0,-0.028647371529828658,0.0017720023626699444,-0.028647371529828658,0.028554070473876036,-3.964855286473721,0.6687370103924337,-8.59844758333989,-1.7459145501082816,-6.031206930498129,-3.888560740303191,0,7.432521427416681,1.407607067984423,5.529363817722505,-7.530888606552594,-4.125575063903582,2.6592997090559782,-11.404540058544923,1.0597454921528993,0,-0.17330256537003627,50.0,36.0,14.0,-3.964855286473721,-4.06114862681558,-4.186676343162105,0.17148239895340042
1727150400,2024-09-24,34.39,34.67,34.1,34.6,2342347.0,-0.006069364161849777,0.002023121387283222,-0.014450867052023142,0.021854695806261093,-5.819364161849734,-0.6402484070739405,-10.998479916625513,-3.6931599229287286,-7.8839113680154185,-5.7885356454720664,0,10.446401070706308,4.154124021673698,9.59965090438352,-2.635436790689532,-5.907511553225561,2.5837542236421562,-10.24222321976205,0.856182545816544,0,-0.12126348062376235,50.0,40.0,10.0,-5.819364161849734,-5.530827632226178,-5.99131938569306,0.2521257196760581
1727236800,2024-09-25,34.15,34.42,33.92,34.02,2644352.0,0.0038212815990592564,0.011757789535567165,-0.0029394473838918467,-0.01676300578034673,-4.072604350382122,1.4798390295051718,-9.625047730269415,-1.869978444052549,-6.179208308837943,-4.024593376445225,0,7.110329832340753,2.903811252268605,11.237731973809357,-3.1404005218608475,-4.025096767475645,2.582876983694973,-9.46825895585049,-0.9646209189481857,0,-0.14443684433758275,46.0,39.99999999999999,6.000000000000007,-4.072604350382122,-3.5468857050831417,-4.2164833180620604,0.2517259543197265
1727323200,2024-09-26,34.74,35.46,34.6,35.3,3109403.0,-0.015864022662889332,0.004532577903682888,-0.019830028328611804,0.03762492651381533,-7.233711048158639,-0.9611838140791917,-13.506238282238087,-5.068460812086855,-9.34324834749765,-7.205854579792259,0,11.984333457605352,6.775559588626723,14.943908134515807,2.5738825714766023,-6.982026004152161,2.6027988158821103,-7.846118891098985,1.134695005925048,0,-0.058573263250580924,50.0,48.0,2.0,-7.233711048158639,-6.373446623568896,-7.388098295585763,0.3186780293671707
1727409600,2024-09-27,35.83,36.76,35.73,36.23,4615749.0,-0.011040574109853707,0.014628760695556187,-0.013800717637317161,0.026345609065155706,-9.210598951145457,-1.8133504437503802,-16.60784745854052,-7.0291655166068665,-11.348790137087136,-9.188977826846994,0,15.024172015897818,8.7987987987988,19.346293226990696,4.840174434711294,-8.42196218648516,2.642688333678286,-5.518372889289342,1.6576167458389295,0,-0.07156767751842887,50.0,52.0,-2.0,-9.210598951145457,-7.940894352782706,-9.382427963974536,0.40127268072362804
1727668800,2024-09-30,35.37,36.06,35.3,35.77,2665416.0,-0.011182555213866574,0.008107352530053014,-0.013139502376293133,-0.012696660226331646,-7.7215543751747475,0.5331409644287533,-15.976249714778263,-5.468269499580657,-9.921722113502952,-7.694995806541812,0,12.425214208585821,6.871825515386927,21.49542197017048,4.7945828869737,-6.542424259680985,2.6711924962640996,-4.022258219340927,-0.9575098312649618,0,-0.0336900297939855,46.0,52.0,-6.0,-7.7215543751747475,-6.113494209865976,-7.89485267619655,0.3997209134431776
1727755200,2024-10-01,35.63,35.81,34.84,34.98,2933085.0,0.018582046883933945,0.02372784448256171,-0.004002287021154793,-0.02208554654738626,-5.30017152658661,3.4695258300428975,-14.069868883216145,-2.960739470173422,-7.569087097388987,-5.264913283781198,0,8.218607897578373,7.234825260576333,21.189051075741972,4.107847481828806,-3.761002995357515,2.734483424585006,-3.303789153700155,-1.053395104288983,0,-0.11945465551109212,42.0,52.0,-10.0,-5.30017152658661,-3.612831917355763,-5.586691067809042,0.3235382734763691
1727841600,2024-10-02,35.2,35.37,34.82,34.91,1364948.0,0.008307075336579928,0.013176740189057679,-0.0025780578630764106,-0.002001143510577452,-4.779432827270099,4.250928580143437,-13.80979423468365,-2.3971163945383296,-7.0662656354435,-4.731691014990915,0,7.854977733445466,7.0858895705521325,20.786775596828583,0.2669241312988504,-3.097142657003232,2.656788870351895,-2.66585523557589,-0.4926095005090059,0,-0.19310793008794558,38.0,52.0,-14.0,-4.779432827270099,-3.093888159911856,-5.185715775605644,0.24978337700131537
1727928000,2024-10-03,34.48,34.67,34.11,34.33,2473617.0,0.004369356248179468,0.009903874162540127,-0.006408389163996442,-0.016614150673159522,-2.886688027963885,6.319543628425976,-12.092919684353717,-0.47771628313428494,-5.19953393533352,-2.8386251092339023,0,4.866097553992802,6.022235948116108,19.09655994243688,-5.047591808063743,-1.0532908273500965,2.6751497920015814,-3.068239891591066,-0.8926542823380268,0,-0.16899152112541066,34.0,52.0,-18.0,-2.886688027963885,-1.3179435972812001,-3.443300348173878,0.14830018127193012
1728014400,2024-10-04,35.0,35.02,34.55,34.63,1898438.0,0.010684377707190329,0.01126191163730872,-0.0023101357204737827,0.008738712496358936,-3.3237077678313796,5.710719205627086,-12.358134741289817,-1.0145346039079897,-5.585715660795074,-3.300125132351525,0,6.100887737126449,8.796732642161496,18.248882674484243,0.3458830122828829,-1.3492012022987154,2.604869024942012,-3.123164942946648,0.6878882714404384,0,-0.18484390933282274,30.0,52.0,-21.999999999999996,-3.3237077678313796,-1.9658912176321337,-4.11193770939154,0.0905788796178928
1728273600,2024-10-07,34.4,34.78,34.33,34.52,1344044.0,-0.0034762456546930665,0.007531865585167941,-0.0055040556199306145,-0.003176436615651146,-2.7100231749710275,6.327072954939013,-11.747119304881082,-0.4601197373503254,-4.883642332947119,-2.671881035148729,0,5.514687477246127,6.510336315951888,17.316605763066796,-3.5742015260777364,-0.7366134310558721,2.51962834451797,-3.477001092115213,-0.48990273890041214,0,-0.20161638345065738,26.0,52.0,-26.0,-2.7100231749710275,-1.4960236225589227,-3.6571147961597887,0.03694084162003053
1728360000,2024-10-08,34.36,34.59,33.91,34.19,1207860.0,0.004972214097689331,0.011699327288681172,-0.00818952910207671,-0.00955967555040571,-1.320561567709845,7.199574939905645,-9.84069807532532,0.8428390367553931,-3.4478892463683337,-1.3025251048064632,0,3.741385172192608,9.900353584056568,15.791049902023898,-8.174549785417057,0.5723433914093476,2.50430037163307,-4.366064607848326,-0.4445377165847959,0,-0.1780777593121851,22.0,52.0,-30.0,-1.320561567709845,-0.4933383105112199,-2.6202688180859752,-0.02545017292990759
1728446400,2024-10-09,33.92,34.7,33.89,34.57,1036921.0,-0.018802429852473157,0.0037604859704947202,-0.019670234307202716,0.011114360924247002,-1.9164015041943827,5.8513155830026875,-9.684118591391481,0.24250313373832455,-4.038665509594054,-1.898081187927886,0,5.465696171183161,10.8368066688041,15.20415407009155,-11.225001715127043,-0.3325748323251645,2.4672225839492348,-5.070970529133202,0.39086058966260606,0,-0.20619977874202278,18.0,52.0,-34.0,-1.9164015041943827,-1.4359787593029978,-3.5459525450649068,-0.04468819612768571
1728532800,2024-10-10,34.4,34.48,34.15,34.39,960803.0,0.00029078220412914746,0.002617039837161883,-0.006978772899098651,-0.005206826728377245,-0.9857516719976758,6.157670500677497,-8.129173844672849,1.1592517204613557,-3.0454589512455215,-0.9431036153920616,0,4.45361580358712,9.105329949238582,14.299298965223311,0.635187111079965,1.4027306090524263,2.3902182973717974,-5.725526027469158,-0.37760593460108866,0,0.03578640947209351,14.0,52.0,-38.0,-0.9857516719976758,-0.8324595030019566,-2.9218453806463174,-0.07150630969236882
1728619200,2024-10-11,34.39,34.82,34.33,34.55,1071787.0,-0.0046309696092617925,0.007814761215629629,-0.006367583212735117,0.004652515266065693,-1.0390738060781501,5.398819817616939,-7.476967429773254,1.046792088760256,-3.077665219488651,-1.0154365653642117,0,5.218183786679909,8.818897637795267,13.843718171484676,-2.2374697357808557,1.273957688693244,2.3105124957742604,-5.9353576565207575,0.4290879417395438,0,-0.052175394149984226,10.0,52.0,-42.0,-1.0390738060781501,-1.1686821912431924,-3.2391991540426943,-0.07980864417834965
1728878400,2024-10-14,34.56,34.95,34.36,34.92,1283172.0,-0.010309278350515427,0.0008591065292096189,-0.016036655211912998,0.01070911722141843,-1.6323024054982938,3.9140640339591783,-7.178668844955737,0.4152348224513105,-3.694158075601379,-1.6394616265750415,0,6.9762242232924265,10.018903591682431,14.152202367532023,-4.120951999763939,0.2942732848825216,2.243427195788352,-5.9804139097279645,0.5221341448855235,0,-0.07558071123503238,6.000000000000007,52.00000000000001,-46.0,-1.6323024054982938,-2.004829302953169,-4.097209424250707,-0.0624868155099193
1728964800,2024-10-15,34.82,35.17,34.39,34.48,1085612.0,0.009860788863109038,0.020011600928074413,-0.0026102088167052617,-0.012600229095074633,-0.07975638051043177,4.922815988454147,-5.0823287494750105,2.0219450889404413,-2.1253866976024653,-0.051720804330997794,0,4.307437813074351,6.321307431390679,13.307769255597263,-1.580271781430504,1.7901788560161833,2.2713502854658603,-5.767735428040684,-0.4488526966491606,0,-0.052153933474280406,2.0,48.0,-46.0,-0.07975638051043177,-0.6824717516342957,-2.76070987537355,-0.08156218428057294
1729051200,2024-10-16,34.73,35.08,34.5,34.54,1102125.0,0.005500868558193428,0.015634047481181135,-0.0011580775911985697,0.0017401392111369152,0.0767226404169179,4.133478318932873,-3.980033038099023,2.1236247828604604,-1.9151708164447143,0.10422698320789436,0,4.612599795582533,7.067575945443277,12.727085553052998,-5.74629106578093,1.5554152457781356,2.22952695003147,-5.570248266473925,0.4627594420372159,0,-0.17223306750159423,-2.0,44.0,-46.0,0.0767226404169179,-0.7735694900745358,-2.8147385518586816,-0.09035592029850514
1729137600,2024-10-17,34.49,34.99,33.98,34.41,1498223.0,0.0023249055507121863,0.016855565242662074,-0.012496367335076974,-0.0037637521713955735,0.5696018599244468,4.449974741864196,-3.310771022015274,2.6891407536569147,-1.4491911266104722,0.6199748135231999,0,3.7932279848727006,2.3497917906008303,11.905165717793654,-20.96588205108884,1.1051622489684547,2.287753126381723,-6.318797554571205,-0.6326973992971888,0,-0.20073843497841326,-6.0,36.0,-42.0,0.5696018599244468,-0.3607239223873364,-2.351592052856688,-0.10416376262821136
1729224000,2024-10-18,35.33,35.48,34.57,34.7,1299548.0,0.01815561959654155,0.022478386167146702,-0.0037463976945245614,0.008427782621331259,-0.01440922190202798,3.1219326150647504,-3.150751058868778,2.02497598463016,-1.9894332372718537,0.017771373679153157,1,5.365717524650883,5.407047387606322,11.82283382867043,-12.573732646962824,-0.06039467226186446,2.326843569420206,-6.377164761169556,0.5594244457843158,0,-0.2899260415759704,-10.0,36.0,-46.0,-0.01440922190202798,-1.079782754518476,-3.0434513445223246,-0.09334969065484444
1729483200,2024-10-21,34.72,34.77,33.84,33.85,1043584.0,0.025701624815361868,0.027178729689808057,-0.00029542097488910457,-0.02449567723342938,2.494830132939427,5.714483729243327,-0.7248234633644586,4.660265878877382,0.5745937961594905,2.617429837518472,1,0.10482962900567117,-0.02953337271115774,9.475491669019686,-8.651650820578183,2.1159462496800074,2.411139764012354,-7.574232387709866,-0.45669419316858856,0,-0.26221069567469824,-14.0,28.0,-42.0,2.494830132939427,1.2704497853921026,-0.5849221311386827,-0.1402093452487443
1729569600,2024-10-22,33.84,33.86,33.44,33.7,1372278.0,0.004154302670623222,0.004747774480712064,-0.007715133531157381,-0.004431314623338234,2.817507418397639,6.297928654864052,-0.6629138180687875,4.986646884272972,0.9272997032640831,2.9569732937685416,1,-0.764226069936413,-2.6011560693641576,7.159941646115503,-8.547685157764214,2.2730616687481415,2.3379017659042747,-8.412441376494755,-0.6116935519423161,0,-0.1954534515420389,-18.0,28.0,-46.0,2.817507418397639,1.5572838483466285,-0.13683661652017065,-0.17576938367190176
1729656000,2024-10-23,33.37,33.93,33.25,33.63,1605358.0,-0.0077311923877492195,0.008920606601248826,-0.011299435028248705,-0.002077151335311611,2.9735355337496117,6.6187553781145,-0.6716843106152908,5.1551194370105975,1.0337991872336119,3.0944593121220834,0,-1.1801820319425644,-1.1463844797178147,5.062917448980679,-6.445392400228108,2.294368888527501,2.3198563434914883,-8.944553757192512,-0.7194531102654241,0,-0.16461516791223782,-21.999999999999996,20.000000000000004,-42.0,2.9735355337496117,1.600227755966685,0.06824071361370443,-0.1968768985295779
1729742400,2024-10-24,33.91,33.96,32.8,32.97,2172455.0,0.028510767364270384,0.0300272975432212,-0.00515620260843197,-0.019625334522747617,4.681528662420391,8.87313797012726,0.4899193547135212,7.021029218481473,2.726215751693445,4.873622485087452,0,-4.956920802498132,-6.600566572237956,1.5838313296274504,-17.540464233903663,3.81445250751689,2.448585282748482,-8.885190206082832,-0.9736707172028237,0,-0.17780004914925487,-26.0,20.0,-46.0,4.681528662420391,3.2879782908416644,1.9901941900495501,-0.24502306017753062
1729828800,2024-10-25,33.28,33.46,32.98,33.12,1320319.0,0.004830917874396157,0.010265700483091944,-0.004227053140096637,0.0045495905368515555,3.7379227053140056,7.571660115874039,-0.09581470524602764,5.992351046698886,1.883051529790663,3.9377012882447815,0,-3.958295126279559,-8.584046370411262,-0.876617908834864,-17.402970960368165,3.0435633361484804,2.3690651700285263,-8.830066908623845,0.5951799600764996,0,-0.1969183687172098,-30.0,-76.0,46.0,3.7379227053140056,2.551599149890677,1.468349448145048,-0.25534185564712886
1730088000,2024-10-28,33.25,34.0,33.25,33.92,1447931.0,-0.019752358490566113,0.002358490566037652,-0.019752358490566113,0.024154589371980784,1.0185731132075233,4.271691471897526,-2.2345452454824652,3.198211477987428,-0.8112224842767404,1.1934944968553225,0,1.0366068116413345,-5.171931786413199,-0.7762975614987944,-9.966823468049526,0.4990498758115933,2.3332730365723604,-9.664645180769112,0.6532959253660827,0,-0.12044534484481811,-34.0,-76.0,42.0,1.0185731132075233,0.12026941970349014,-0.8885064324329477,-0.19934680530363177
1730174400,2024-10-29,33.57,34.02,33.22,33.73,1961150.0,-0.004743551734361029,0.008597687518529629,-0.01512007115327596,-0.005601415094339757,1.4023124814704886,4.5916180246109946,-1.786993061669989,3.5240636426524503,-0.45755509437691444,1.533254274137775,0,-0.11778824286508183,-3.5734705546026304,-1.1894187166806776,-17.274537215457954,0.8867620754388952,2.3482276866861813,-10.39657930033472,-0.8810592438674679,0,-0.12322550873977853,-38.0,-76.0,38.0,1.4023124814704886,0.6190775988741137,-0.3172650001558708,-0.16744800967009446
1730260800,2024-10-30,33.34,33.83,32.99,33.07,2907259.0,0.008164499546416737,0.022981554278802552,-0.002419110976715988,-0.01956715090423944,3.147868158451786,6.569216179955632,-0.27347986305206007,5.371434331216605,1.2226590061485467,3.297046668682597,0,-3.9282216050807364,-5.270696075623021,-3.230618299695594,-20.182840687287822,2.5534140605010407,2.405448093513809,-10.740663343058914,-1.2951371092116013,-1,-0.24369194675865424,-42.0,-76.0,34.0,3.147868158451786,2.376990022305421,1.606594405030549,-0.18193712135311996
1730347200,2024-10-31,34.58,34.78,32.11,33.15,4459262.0,0.04313725490196085,0.04917043740573157,-0.03137254901960784,0.002419110976715988,2.720965309200608,6.342563708586084,-0.9006330901848827,5.281045751634011,0.5057817998994665,2.8934137757667315,1,-3.4076807342283217,-3.4372269152344885,-4.646056763516689,-10.737693757468044,1.909071345461328,2.8035470585703983,-11.043167606444255,1.939866792619369,0,-0.2457488336001786,-46.0,-76.0,30.0,2.720965309200608,1.927076263327109,1.3080021126452408,-0.17710198875578623
1730433600,2024-11-01,33.34,33.71,32.71,32.96,2739690.0,0.011529126213592367,0.022754854368931987,-0.007584951456310662,-0.005731523378582182,3.059769417475721,6.879611216246005,-0.7600723812945631,5.7246156957928775,0.7610234627831716,3.2428195792880246,0,-4.50551676593831,-4.822408316488598,-6.280595048907596,-17.897933925628664,2.143133225152937,2.835013446798962,-11.32406442244493,-1.1805682471426455,0,-0.3289548483234057,-46.0,-96.0,50.0,3.059769417475721,2.275151676572733,1.8178024650647586,-0.17723537783111792
1730696400,2024-11-04,33.2,34.04,32.95,32.97,2652975.0,0.00697603882317277,0.03245374582954197,-0.0006066120715800816,0.00030339805825230215,2.7934485896269337,6.747698595066765,-1.160801415812898,5.604084521281976,0.4478819128500504,3.0259832170660133,1,-4.434457642606262,-4.490150637311715,-7.592675427112495,-10.115922297137324,1.8900977778067158,2.8678594429663735,-11.149356712087434,1.1350743504237295,0,-0.37264034788339995,-46.0,-92.0,46.0,2.7934485896269337,2.0304042433047584,1.7168451968683485,-0.1673084595182281
1730782800,2024-11-05,32.73,33.63,32.44,33.53,2140469.0,-0.0238592305398152,0.002982403817476831,-0.032508201610498166,0.01698513800424628,0.9782284521324272,4.870812740838289,-2.914355836573435,3.762799483050003,-1.4593896013520293,1.1517049408489726,1,-0.5497128075731368,-1.930389002632339,-6.990209905771567,-15.46706621867564,-0.027192859681974824,2.872040466639295,-11.827835079962137,0.9110933661822613,0,-0.2637057440157842,-14.0,-56.0,42.0,0.9782284521324272,0.2952666838984044,0.017318363360118383,-0.11611527597438846
1730869200,2024-11-06,34.69,34.96,33.58,34.35,2437728.0,0.009898107714701565,0.01775836972343514,-0.022416302765647877,0.024455711303310368,-1.4643377001455633,2.275226738663534,-5.203902138954646,1.3556525958272658,-3.9078117418728766,-1.2760795730227983,1,4.459698787094098,-0.6363899334683218,-4.0663205694612685,-8.1475085012884,-2.3660536643434398,2.900589975053862,-10.943992691001313,1.0327343325532934,0,-0.23823564222341723,-18.0,-56.0,38.0,-1.4643377001455633,-1.899070428625265,-2.2773333610470416,-0.024883585324051827
1730955600,2024-11-07,34.6,35.16,34.38,34.56,2561784.0,0.0011574074074074403,0.01736111111111094,-0.00520833333333337,0.006113537117903967,-2.0384837962963047,1.7258258838312344,-5.802793476423844,0.8569637345678984,-4.504726080246925,-1.8238811728395206,1,5.644637780712465,0.49432974701948734,-1.1347652944014355,-5.702330958525387,-2.847968864865294,2.8444495150469193,-9.939056621666099,1.0783799185731784,0,-0.2431173110624351,-21.999999999999996,-56.0,34.0,-2.0384837962963047,-2.2575346054374563,-2.758540785361248,0.047788889724361336
1731042000,2024-11-08,34.22,34.31,33.39,33.44,1850694.0,0.023325358851674638,0.026016746411483327,-0.0014952153110047162,-0.03240740740740755,1.0765550239234472,4.880636671138376,-2.7275266232914817,4.171650717703329,-1.4982057416267622,1.3367224880382906,1,-1.4476374738922715,-3.2127351664254693,-1.8870308174698962,-6.818552707329793,0.37301301204189485,2.9796528497100994,-10.432462948703348,-0.777241358502859,0,-0.25678081774542766,-26.0,-56.0,30.0,1.0765550239234472,0.9193615810628017,0.4788070482912872,0.020032783333763043
1731301200,2024-11-11,33.89,34.35,33.67,34.17,1601750.0,-0.008194322505121532,0.005267778753292429,-0.014632718759145402,0.021830143540670033,-1.1925665788703412,2.2566293813045917,-4.641762539045288,1.8598185542873864,-3.7152472929470264,-0.9277143693298484,1,2.6895094642086903,-2.147766323024055,-0.4600556184060382,-2.056779682537794,-1.7108201699742551,2.8979361319996126,-10.846428871114336,0.6741938705875238,0,-0.24152740297565622,-30.0,-56.0,26.0,-1.1925665788703412,-1.1188795878533568,-1.602395131006915,0.04880202798116378
1731387600,2024-11-12,34.06,34.87,33.95,34.64,2923400.0,-0.016743648960738988,0.006639722863741149,-0.019919168591224,0.013754755633596627,-2.5101039260970026,0.9539297013963619,-5.974137553590381,0.47007313317936905,-5.06976520400309,-2.299846035411875,1,5.134618695082004,0.46403712296984834,1.8698630444600766,4.958029196740341,-2.817666993245041,2.844136030178875,-10.66920487969225,1.225106316548262,0,-0.19356694721066575,-34.0,-56.0,22.0,-2.5101039260970026,-2.2261769971709384,-2.8222717926112892,0.09478831395181503
1731474000,2024-11-13,34.88,35.3,34.26,34.31,2414016.0,0.01661323229379197,0.028854561352375185,-0.0014573010784029172,-0.009526558891454928,-1.605945788399893,1.8168396875189359,-5.028731264318694,1.4913047702322046,-4.235888467890803,-1.3722918488293203,1,3.1061059152786754,-0.6658946149391919,2.7809167949183373,11.812784129103271,-1.6012664304723643,2.8828982327312964,-10.080182117568688,-1.008133503720965,0,-0.21150435351982697,-38.0,-56.0,18.0,-1.605945788399893,-1.1633157797366351,-1.8135747594920133,0.09788505797971392
1731560400,2024-11-14,34.25,34.48,33.81,33.94,1721681.0,0.009133765468473776,0.01591043017088989,-0.0038302887448437017,-0.010784027980180855,-0.6025338833235026,2.7551701710278707,-3.9602379376748615,2.4911608721272813,-3.1982911019445908,-0.3535651149086476,1,0.8960579573036043,-1.3658820110432983,2.504053836978235,11.009642830570712,-0.4151389210319252,2.8471653732324684,-10.184303887789815,-0.7223676311216611,0,-0.22388004451158774,-42.0,-56.0,14.0,-0.6025338833235026,-0.07766355705096828,-0.7140419366993314,0.07116132518738479
1731646800,2024-11-15,33.82,34.34,33.61,34.01,1762623.0,-0.005586592178770888,0.009703028521023338,-0.011761246692149285,0.002062463170300566,-0.908556306968535,2.207280749418487,-4.024393363355543,2.1170244045868714,-3.507791825933566,-0.695383710673326,1,1.2996679164344371,-1.9884726224784,2.4631098590914937,6.193404027739554,-0.582178093880799,2.791671159695951,-10.55952592193225,0.7417359402496363,0,-0.25023366478577036,-46.0,-56.0,10.0,-0.908556306968535,-0.256342142226913,-0.882378644831789,0.055065178499832404
1731906000,2024-11-18,34.16,34.34,33.8,33.89,1292912.0,0.007966951903216168,0.013278253172027243,-0.0026556506344055375,-0.003528374007644719,-0.5517851873709247,2.5788247650028637,-3.682395139744713,2.3999213140552627,-3.1297334513622417,-0.3649060686534966,1,0.549902441911648,0.11816838995568432,2.10840524263659,11.171095016848533,-0.18072199530399757,2.7152585462133194,-10.90794638220737,-0.5507519681777453,0,-0.29710098798731444,-34.0,-40.00000000000001,6.000000000000007,-0.5517851873709247,0.08761437018138452,-0.5105764253586926,0.034223122693476965
1731992400,2024-11-19,33.31,33.43,32.61,32.66,1975095.0,0.019902020820575794,0.023576240048989616,-0.0015309246785056851,-0.03629389200354094,3.034292712798532,6.568568860330572,-0.49998343473352236,6.200244947948576,0.3398652786283094,3.2700551132884215,1,-6.3356411465886,-3.086053412462926,-1.4164402959548874,12.940204007126013,3.5514929149044434,2.896206494849974,-11.097345199221012,-0.848743605755066,0,-0.2865791355172135,-38.0,-88.0,50.0,3.034292712798532,3.489656444614809,3.1093570610359507,-0.05941661025661247
1732078800,2024-11-20,32.53,32.87,32.38,32.83,1380629.0,-0.009137983551629536,0.0012183978068838197,-0.013706975327444249,0.00520514390691984,2.378921717940912,6.060313262117731,-1.3024698262358925,5.48279013097779,-0.28936947913493327,2.596710325921407,1,-5.2409310972600665,-2.378828426999715,-3.714859888477811,4.561048994969802,3.0726715599301855,2.7820185230916876,-11.030498080882424,0.5998558221245434,0,-0.24385942275278702,-42.0,-88.0,46.0,2.378921717940912,2.672456101622018,2.474439614089391,-0.10429561556321153
1732165200,2024-11-21,32.7,33.39,32.56,33.28,1541009.0,-0.01742788461538458,0.003305288461538547,-0.021634615384615308,0.013706975327444582,1.0411658653846132,4.595855905379025,-2.513524174609799,3.9818709935897374,-1.6130809294871824,1.1843950320512704,1,-2.403556890864941,0.9402487109493549,-4.323058024033697,12.155878595880885,1.7615352330456346,2.726514606521079,-11.669276015439223,0.6756646372497009,0,-0.16564508624229837,-46.0,-88.0,42.0,1.0411658653846132,1.1618560303753895,1.046118951497192,-0.09815305314429137
1732251600,2024-11-22,33.14,33.76,33.14,33.63,1681146.0,-0.01457032411537329,0.0038655961938742767,-0.01457032411537329,0.010516826923076872,0.06541778174249657,3.5146984936952776,-3.383862930210313,2.9685796411933723,-2.609773020120926,0.17940331053620184,1,-0.28880759179251214,1.5398550724637836,-3.86633213521824,10.843984831071225,0.7951278314620112,2.637099697050421,-12.519538056662592,0.7443345211603144,0,-0.04210480338911853,18.0,-20.0,38.0,0.06541778174249657,0.09864322547466031,-0.0052899217053408165,-0.06651121951846675
1732510800,2024-11-25,33.97,35.01,33.97,34.68,2370898.0,-0.020472895040369088,0.009515570934256035,-0.020472895040369088,0.031222123104371002,-2.854671280276804,0.7199463015766554,-6.4292888621302495,0.012495194156073808,-5.480584390619015,-2.734044598231449,1,5.395463758904924,2.240566037735843,-0.7612937842055749,18.89268215174306,-1.9372179164112424,2.6588268589419037,-12.022585888698826,1.0600437186023428,0,-0.0749858678175953,50.0,16.0,34.0,-2.854671280276804,-2.6527845584369203,-2.913877639415034,0.024278303288031808
1732597200,2024-11-26,34.16,34.35,33.42,33.68,2298879.0,0.014251781472683911,0.019893111638954908,-0.0077197149643705165,-0.028835063437139596,0.022268408551056496,3.7026314963292606,-3.658094679227105,3.0250395882818566,-2.669734758511453,0.17765241488518768,1,-0.24281287493132453,-0.14823599169877605,-0.8444819693282893,10.336214713796771,0.8503644779323452,2.809436505525466,-12.240902898594715,-1.0283564696044682,0,-0.12271038957624363,46.0,16.0,30.0,0.022268408551056496,0.21494627128542731,-0.030046661899035598,0.016499568993336308
1732683600,2024-11-27,33.8,34.25,33.7,33.79,1220927.0,0.00029594554601941603,0.013613495116898466,-0.0026635099141756324,0.0032660332541567527,-0.19680378810298294,3.375604654950479,-3.7692122311564447,2.7379895432573846,-2.8524218210515926,-0.057216138897103974,1,0.34241746163868214,2.177199879044448,-0.638836138294235,8.201609640258916,0.301070273929966,2.7207620166136857,-12.443625836355183,0.5544497433915834,0,-0.10759519014530129,42.0,16.0,26.0,-0.19680378810298294,-0.10069417843970996,-0.3415482055052905,0.018147935819903295
1732856400,2024-11-29,33.95,34.19,33.44,33.83,1041393.0,0.003547147502217074,0.010641442506650778,-0.011528229382205213,0.0011837821840781082,-0.2143068282589411,3.269454094742656,-3.698067751260524,2.402699773376682,-2.613557986008473,-0.10542910631589564,1,0.5628370190349514,2.0512820512820507,-0.38050798771818245,10.050865321431388,0.212410136697045,2.681789474764355,-12.960503056893563,0.4828618053021346,0,-0.044006524919988826,38.0,16.0,22.0,-0.2143068282589411,-0.1979740009572737,-0.44136761044967443,0.0211100175992151
1733115600,2024-12-02,33.95,34.14,33.52,33.94,2328139.0,0.00029463759575731885,0.005892751915144379,-0.012374779021803062,0.0032515518770321883,-0.39334119033588877,2.9124493047240776,-3.6991316853958267,2.123846002749957,-2.764191710862306,-0.32017285405616747,1,1.1900028991264122,2.973300970873777,0.09569795653540748,11.153961256083981,-0.15104445600103134,2.612644568369845,-13.440460475964914,1.1750067092006484,0,-0.03998710499278798,34.0,16.0,18.0,-0.39334119033588877,-0.4717733655965617,-0.7340761937525997,0.029159355705549526
1733202000,2024-12-03,33.81,33.92,33.43,33.47,2016628.0,0.010158350761876322,0.013444876008365858,-0.0011951000896325281,-0.013847967000589212,1.08007170600537,4.268787937589664,-2.1086445255789243,3.5111044716661866,-1.266308136639779,1.1223981675132109,1,-1.573100367189845,1.5165301789505612,-0.6796478023575281,1.6308516815566136,0.9747022088246098,2.568933877792784,-14.01045645512965,-1.0269896946279427,0,-0.16716689333855764,30.0,16.0,14.0,1.08007170600537,0.837668740252667,0.6339814087053668,0.00289462283246646
1733288400,2024-12-04,33.6,34.5,33.42,34.41,3359320.0,-0.023539668700958916,0.0026155187445511263,-0.028770706190060835,0.02808485210636391,-1.5533275210694342,1.6036187321533788,-4.710273774292261,0.7996706383803343,-3.815266879782996,-1.5077981207013238,1,3.6894720436993964,2.624515359379646,1.019828027738388,3.33997048959872,-1.8890810172792527,2.544461368303272,-13.831110299163779,1.693231521562366,1,0.030566967438239067,26.0,16.0,10.0,-1.5533275210694342,-1.7344090422373313,-2.032156332963467,0.04647564429307815
1733374800,2024-12-05,34.77,34.98,33.43,33.61,2241032.0,0.034513537637608005,0.04076167807200237,-0.005355548943766775,-0.023249055507119976,0.6798571853615272,3.861696506626913,-2.501982135903887,3.181096895765137,-1.5942675790935112,0.7934146583358057,1,-0.8074248518336589,-2.1542940320232953,0.3891958025960274,2.2945804444514977,0.44705183939379367,2.7483612527800023,-13.145586121621557,-1.1341810212491776,0,0.0048096299025915815,22.0,15.999999999999993,6.000000000000007,0.6798571853615272,0.5469754073697715,0.2879637412731171,0.02040137983660459
1733461200,2024-12-06,34.11,34.11,33.13,33.42,2294286.0,0.02064631956912022,0.02064631956912022,-0.008677438659485337,-0.005653079440642639,1.0816876122082562,4.164648942757594,-2.001273718341068,3.626072212248161,-1.2362856572910204,1.194893277478542,1,-1.8163603621629179,-3.2986111111111125,-0.5579086356089149,1.3155623304192758,0.9214278996081191,2.7760141108343293,-12.970631203951566,-1.1707924573663453,0,-0.03616392997284586,18.0,16.0,2.0,1.0816876122082562,1.012072932364788,0.8244708498288418,-0.009082336299725501
1733720400,2024-12-09,33.8,34.69,33.58,33.92,2473568.0,-0.0035377358490567,0.022700471698113178,-0.010023584905660465,0.014961101137043631,-0.33755896226415416,2.668618935139307,-3.3437368596675867,2.1781643081760933,-2.6685338050314726,-0.24518474842768967,1,0.9692792250218574,1.4354066985646052,-0.10021469468713526,3.3749607777397514,-0.5176445689518232,2.8071662116599607,-12.194552002892339,1.2904961802884884,0,-0.03806275885871766,14.0,16.0,-2.0,-0.33755896226415416,-0.4314829422268218,-0.6357883750331155,0.004897442938250888
1733806800,2024-12-10,34.08,34.24,33.54,34.23,1778903.0,-0.004382120946538115,0.0002921413964360742,-0.02015775635407535,0.009139150943396013,-1.2313759859772233,1.7610575859440871,-4.223809557898534,1.2469568604537926,-3.5616905248806887,-1.157366832213441,1,2.6312302103069314,0.17559262510973123,1.000821041148547,3.627905540741885,-1.1967387196370538,2.7291181768156108,-11.538780357662807,0.9367444190079103,0,0.08520656364304519,10.0,16.0,-6.0,-1.2313759859772233,-1.2062408728159966,-1.475446456425118,0.033249937532400325
1733893200,2024-12-11,34.19,34.76,33.72,34.7,2899269.0,-0.014697406340057784,0.0017291066282418832,-0.028242074927954053,0.013730645632486382,-2.5605187319884664,0.4202767115423711,-5.541314175519304,-0.1205571565802046,-4.898655139289161,-2.50960614793469,1,5.062172056262995,0.1732101616628241,2.9818276227390537,10.655306884788097,-2.221190475105672,2.7139363884338787,-10.407363418803525,1.5272567597281839,0,0.12853377573141692,50.0,60.0,-10.0,-2.5605187319884664,-2.302048684579873,-2.699735592455326,0.07925972992655132
1733979600,2024-12-12,34.43,34.91,34.15,34.66,3019517.0,-0.006635891517599468,0.007212925562608108,-0.014714368147720647,-0.0011527377521615145,-2.397576457010956,0.713750233034105,-5.508903147056017,-0.052894787459123904,-4.755722254279647,-2.404308520869378,1,4.810182674307612,1.020110754881942,4.465000425449162,12.645998600406365,-1.8052969039869566,2.679615664047735,-9.213833118172195,-1.5633484269256797,0,0.11919922094449033,46.0,60.0,-14.0,-2.397576457010956,-1.9807939682679319,-2.4859760518718304,0.10119720765405565
1734066000,2024-12-13,34.54,34.61,33.45,33.67,2516586.0,0.025839025839025753,0.027918027918027777,-0.006534006534006487,-0.028563185227928334,0.43213543213542494,3.6375089875841695,-2.7732381233133196,2.9338679338679157,-2.0527670527670523,0.440550440550453,1,-1.028608521209918,-0.7955215085444787,3.164641720943446,5.778507936075613,1.1349335359951453,2.8180687044563357,-9.273472169086016,-1.3023775016476467,0,0.03640555447017351,42.0,60.0,-18.0,0.43213543213542494,0.8154326164832497,0.3662814002480559,0.04603919654117798
1734325200,2024-12-16,33.21,33.52,32.46,32.61,3054215.0,0.01839926402943881,0.02790555044464904,-0.004599816007359703,-0.03148203148203155,3.4820607175712865,7.14688103017842,-0.18275959503581873,6.158131452519683,0.9082081161197948,3.533169784319739,1,-6.277998039214026,-4.116436342252275,-0.41503725725745627,-2.5792205801527146,3.9682464176181327,2.966874430778427,-10.1557064523201,-1.5619251226326636,0,-0.05826957433188801,38.0,-12.0,50.0,3.4820607175712865,3.702715655061752,3.486421248487062,-0.05912146841112251
1734411600,2024-12-17,32.52,33.24,32.52,32.87,2391076.0,-0.010648007301490514,0.011256464861576054,-0.010648007301490514,0.007973014412756774,2.5083662914511677,6.316672704309539,-1.2999401214071895,5.1734104046242635,-0.08974749011252925,2.541831457255867,1,-4.762370553829385,-3.009737385659496,-2.561309888070007,4.502657492555926,2.935585064883611,2.8896237938195886,-10.974924001037463,1.2098397087717443,0,-0.02908489813979981,34.0,-12.0,46.0,2.5083662914511677,2.6079151530846048,2.5632274788650307,-0.1057360662261672
1734498000,2024-12-18,32.99,33.3,31.59,31.6,2545518.0,0.04398734177215191,0.05379746835443022,-0.00031645569620253333,-0.03863705506540904,6.460443037974684,11.17456130037256,1.7463247755767952,9.424578059071706,3.668248945147681,6.5464135021096865,0,-10.26459435369442,-3.245560318432319,-7.0139015685055055,-1.0414200016400628,6.667118063798,3.1775884795141227,-10.714244121575772,-1.2707823996399519,0,-0.07784509226626879,30.0,-20.0,50.0,6.460443037974684,6.0905986295297225,6.423064702335822,-0.21061154089883527
1734584400,2024-12-19,31.88,31.9,31.0,31.13,3279124.0,0.024092515258592906,0.02473498233215543,-0.0041760359781560785,-0.014873417721519067,7.794731769996787,13.647895066960245,1.9415684730333567,10.925687975157942,4.950744191026899,7.938216083092399,0,-12.062147294825131,-5.178190679256776,-11.355186972084411,-3.7699443176608085,7.579325819219079,3.201673505998811,-9.932228902744141,-1.6011700257657042,0,-0.13860343847419665,26.0,-24.0,50.0,7.794731769996787,6.959747016611843,7.714942011108889,-0.2949719014460954
1734670800,2024-12-20,30.91,31.68,30.91,31.53,7655106.0,-0.019663812242308953,0.004757373929590747,-0.019663812242308953,0.012849341471249609,6.149698699651111,12.568088676982427,-0.2686912776801762,9.238820171265445,3.3587059942911566,6.298763082778322,0,-9.644927820428457,-5.258413461538462,-13.699546485364236,2.5452267231344763,4.910189453531672,3.1097033463428443,-9.12671197561905,3.5085536207002,1,-0.028190112884467027,22.0,-24.0,46.0,6.149698699651111,5.069218382969211,6.099476437308482,-0.3058578082531358
1734930000,2024-12-23,31.37,31.73,31.25,31.64,1907466.0,-0.008533501896333728,0.0028445006321111688,-0.012326169405815435,0.0034887408816999255,5.4661820480404515,12.332448874515094,-1.4000847784341914,8.525600505688999,2.7101769911504334,5.61788874841973,0,-8.979956638946476,-5.917335712161766,-15.252248413232886,7.242421585766856,4.240216458035846,2.9859046068097994,-8.45826053393819,0.8676000368860534,0,0.041264735491968824,18.0,-24.0,42.0,5.4661820480404515,4.25593982404034,5.505879943078057,-0.2879307043630197
1735016400,2024-12-24,31.63,31.87,31.46,31.82,718119.0,-0.005971087366436256,0.001571338780641085,-0.011313639220615901,0.00568900126422256,4.420175989943445,11.287204046936154,-2.446852067049278,7.366959983239042,1.7824219568405795,4.574690970039796,0,-7.868662644418393,-8.246828143021913,-16.027363928816502,4.16141827580028,3.269685440702034,2.8489770200076476,-8.069098808116888,0.3283199714008456,0,-0.014120026359290893,14.0,-24.0,38.0,4.420175989943445,3.317022514471418,4.716540360946084,-0.2477604431928846
1735189200,2024-12-26,31.75,32.05,31.57,31.9,1210039.0,-0.00470219435736674,0.004702194357366629,-0.010344827586206806,0.0025141420490257804,3.8793103448276014,10.92647940475237,-3.167858715097182,6.717345872518294,1.287878787878796,4.002612330198545,0,-7.363012257268657,-5.285035629453685,-16.44484060817902,8.92808268227298,2.6947928230965204,2.746322960359076,-8.009228236837806,0.5525943188504004,0,0.04310258774474911,10.0,-24.0,34.0,3.8793103448276014,2.766689762351305,4.279264490736921,-0.20157146364490186
1735275600,2024-12-27,31.6,32.27,31.53,31.83,1191694.0,-0.0072258875274896495,0.01382343700911104,-0.009425070688030113,-0.0021943573667712046,3.7998743323908144,11.013498178132622,-3.4137495133509788,6.661954131322645,1.1608545397424166,3.9114043355325236,0,-7.703417798738556,-5.800532701982838,-16.920412415958687,14.01937294118153,2.6742772602371616,2.7218260662917038,-8.320053771968464,-0.5437717718561808,0,0.06380422725848395,6.000000000000007,-23.999999999999993,30.0,3.7998743323908144,2.7076741991848223,4.3317860973867965,-0.16314459808449322
1735534800,2024-12-30,31.55,31.66,31.08,31.29,1546071.0,0.008309364014062126,0.011824864173857419,-0.006711409395973145,-0.016965127238454225,5.18536273569832,12.811953336952769,-2.4412278655561295,8.079791200596588,2.5380845850644533,5.308937892830514,0,-10.278593352417843,-7.5081288796925785,-18.351667054141352,8.73896710273808,3.9551728091309855,2.742237154661106,-8.062357239764829,-0.7051666124543416,0,0.08035029854261513,2.0,-24.0,26.0,5.18536273569832,4.053508842686696,5.891850946873504,-0.16121973743892126
1735621200,2024-12-31,31.37,31.67,31.24,31.44,1604158.0,-0.0022264631043257266,0.0073155216284988,-0.006361323155216425,0.004793863854266611,4.285941475826974,11.982035096881646,-3.4101521452276984,7.149597116200155,1.694762510602203,4.422179813401186,0,-9.224266780278072,-7.365939893930455,-19.104260967198254,13.631849241866448,3.0695337767123902,2.631906141860911,-7.841032103396188,0.729632823067604,0,0.028969901641894637,-2.0,-24.0,22.0,4.285941475826974,3.218301741890329,5.175400882013619,-0.13787289026113975
1735794000,2025-01-02,31.56,31.72,30.91,30.97,1988669.0,0.019050694220213105,0.024216984178236922,-0.0019373587342589316,-0.014949109414758355,5.464966096222156,13.607838350099755,-2.6779061576554284,8.438811753309665,2.7978689053923347,5.618340329351,0,-11.448286929511553,-7.469375560203168,-20.635901160606178,6.8320246814621015,3.872717533376104,2.6678183456372326,-7.240460288879245,-0.8968131300287111,0,-0.0932574233383639,-6.0,-56.0,50.0,5.464966096222156,4.329050738096171,6.505989719839533,-0.14157574860693423
1735880400,2025-01-03,30.98,31.18,30.37,31.17,2217342.0,-0.006095604748155292,0.0003208213025345241,-0.025665704202759043,0.006457862447529994,4.2685274302213685,12.185405922492862,-3.648351062050125,7.185862474601649,1.6677360710084486,4.426799272805056,0,-9.982832094926131,-9.415867480383595,-21.299271143772145,-0.9607859671974595,2.252194863554763,2.646982776793176,-6.105161621524413,0.9923721579401198,0,-0.062073811313156466,-10.0,-56.0,46.0,4.2685274302213685,3.3110948039444423,5.594264582931089,-0.11895821385511873
1736139600,2025-01-06,31.71,32.35,31.58,31.72,1666598.0,-0.00031525851197977683,0.019861286254728938,-0.004413619167717542,0.01764517163939683,2.162673392181574,9.839341801378794,-5.5139950170156595,4.869693148381657,-0.30685161832701624,2.2814207650273346,0,-6.109304685562989,-5.623326390955075,-20.184573872915973,5.629641370559774,-0.009309549361219638,2.681012184706275,-6.981644437766327,0.7454778546068096,0,-0.04846677917324296,-14.0,-56.0,42.0,2.162673392181574,1.3750220316760249,3.615760530529471,-0.05842190299753658
1736226000,2025-01-07,32.01,32.24,31.7,31.91,1600509.0,0.003133813851457168,0.01034158570980881,-0.006581009088060141,0.005989911727616759,1.3177687245377712,8.832507318855136,-6.196969869779622,3.9251018489501917,-1.0827326856784794,1.421184581635842,0,-4.821940634782294,-4.518252543387198,-18.699888657053275,13.508687098387504,-0.9156753500856212,2.5955638279211173,-7.795521338562391,0.7195978626503527,0,0.007485191050955864,-18.0,-56.0,38.0,1.3177687245377712,0.697942543836831,2.8812065044404136,-0.00013345497217986946
1736312400,2025-01-08,31.56,31.64,30.93,31.19,1543644.0,0.011862776530939367,0.014427701186277675,-0.008336005129849333,-0.022563459730492008,3.2189804424495065,10.690421494399871,-4.252460609500844,5.809554344341123,0.814363578069873,3.311958961205505,0,-8.610003441069871,-8.048349056603774,-18.98500737994187,7.369103550533495,0.9981941067055828,2.6902343762573104,-7.65939893434108,-0.6926401036916755,0,-0.0036097176787698647,-21.999999999999996,-56.0,34.0,3.2189804424495065,2.7346304293238717,5.0500258870540335,-0.00438327048750653
1736485200,2025-01-10,30.95,31.35,30.6,30.7,3843840.0,0.008143322475570036,0.021172638436482094,-0.0032573289902279035,-0.01571016351394683,4.291530944625393,11.519011096966963,-2.9359492077161775,6.998371335504899,1.907166123778481,4.45276872964169,0,-10.955268932867298,-10.31259129418638,-20.224349935161793,5.26228280782901,2.1965225256832355,2.712446097117384,-7.197140139700117,-1.6884451035491723,-1,-0.012942259510416734,-26.0,-76.0,50.0,4.291530944625393,3.9577622750451553,6.462927165768377,-0.03292002263268157
1736744400,2025-01-13,30.45,31.25,30.41,31.24,2452085.0,-0.025288092189500566,0.0003201024327785795,-0.02656850192061455,0.017589576547231145,1.9350192061459808,7.910962991170024,-4.040924578878062,4.568395219803676,-0.3707853179684122,2.098804950917639,0,-7.1957322879329695,-9.971181556195978,-19.553890930580568,14.559796336807267,0.33770952053313863,2.667224340039208,-6.57858015267912,1.0724772683813695,0,0.1384389673940703,-30.0,-76.0,46.0,1.9350192061459808,1.9550069127398473,4.441378157380797,-0.00937618731629275
1736830800,2025-01-14,31.54,31.73,31.0,31.51,2206333.0,0.0009520787051728874,0.006981910504601618,-0.016185337987940418,0.008642765685019205,0.5617264360520409,4.84667297291044,-3.723220100806344,3.1661906273140943,-1.7211467259071327,0.7225219507034808,0,-5.39744447706542,-9.088286208886311,-18.195520109697462,7.041573544047139,-0.5298853328335156,2.620966470908834,-6.785238561150923,0.9709450139570543,0,0.020065715080183323,-34.0,-76.0,42.0,0.5617264360520409,0.9783952231730666,3.4073739604558995,0.02836714549746311
1736917200,2025-01-15,32.22,32.27,31.59,31.94,2124019.0,0.008766437069505306,0.010331872260488373,-0.010958046336881688,0.013646461440812496,-1.0629304946775306,2.0981929085922957,-4.224053897947343,1.3927155082446205,-3.2785431016489213,-0.9429137967021575,1,-2.623751012249471,-5.138105138105139,-15.808586770968525,7.446578643737325,-1.7629320952122498,2.570951103583473,-7.759605668380594,0.9543358770889648,0,-0.02369745947150859,-38.0,-76.0,38.0,-1.0629304946775306,-0.34476035995842835,1.9361985838669966,0.08317805212674956
1737003600,2025-01-16,31.84,32.05,31.24,31.65,2275110.0,0.006003159557661952,0.012638230647709303,-0.012954186413902113,-0.009079524107702075,-0.3080568720378949,2.5300543796603137,-3.146168123736132,2.090047393364941,-2.5450236966824633,-0.22748815165877545,1,-4.249923083424129,-2.943882244710214,-14.532874321170716,1.5259462431506563,-0.8202885168080059,2.591988980433152,-8.24124486346113,-1.0265075099583787,0,-0.041097589943950276,-42.0,-76.0,34.0,-0.3080568720378949,0.5142236183790487,2.757653846090463,0.09967500751881342
1737090000,2025-01-17,31.8,32.14,31.69,31.93,2423084.0,-0.004071406201064831,0.006576886940181659,-0.007516442217350372,0.008846761453396468,-1.329470717193857,0.8389352014865494,-3.4978766358742632,1.0027142708006949,-3.507151059609569,-1.252218394404423,1,-2.421194852491844,-2.8597505324003585,-12.67329458208622,3.6140574139433,-1.60929559803634,2.4953556127225194,-8.821868615048423,1.0955446381663128,0,-0.04954758288312066,-46.0,-76.0,30.0,-1.329470717193857,-0.33223215529173444,1.7837472087896629,0.1274416117501445
1737435600,2025-01-21,32.21,32.37,31.67,32.36,2752175.0,-0.004635352286773697,0.00030902348578476513,-0.02132262051915934,0.013466958972752963,-2.5231767614338594,-0.09414404666163989,-4.952209476206093,-0.5001030078285993,-4.637927482488664,-2.5690152451586243,1,0.2877506952709368,2.4050632911392342,-9.908963166993509,6.0733141432901405,-2.7711069314170516,2.4408378096525474,-9.705875645562381,1.2374909179248028,0,0.04886369985638955,-46.0,-72.0,26.0,-2.5231767614338594,-1.4988452552399139,0.41433224899782317,0.17009842662928465
1737522000,2025-01-22,32.04,32.23,31.13,31.44,2913161.0,0.01908396946564883,0.02512722646310417,-0.009860050890585281,-0.028430160692212603,0.3784987277353622,2.8108960221748163,-2.0538985667041203,2.4840966921119616,-1.838422391857506,0.322837150127242,1,-4.954746010136077,0.9958239640218512,-9.880580852831097,3.6168051382297435,0.13274983043822886,2.612258382780429,-9.832588285370312,-1.304300320324365,0,0.020028669966637314,-46.0,-68.0,22.0,0.3784987277353622,1.2517417655220555,3.221188062728203,0.13331046147264125
1737608400,2025-01-23,31.57,31.99,31.3,31.87,3021315.0,-0.009413241292751784,0.003765296517100669,-0.0178851584562284,0.013676844783715003,-0.9224976466896777,1.5137684992438665,-3.358763792623236,1.1431858592197557,-3.0959104696161575,-0.976362305198208,1,-2.2736298118841063,1.0783380907072624,-8.63698632734094,5.639894316212107,-1.1450461927625213,2.5475867278004767,-9.950250022334819,1.3471802724525141,0,0.08221724542133661,-42.0,-60.0,18.0,-0.9224976466896777,-0.10348519872060535,1.7567898274956093,0.1345065378596743
1737694800,2025-01-24,32.03,32.35,31.67,32.29,2443193.0,-0.008052028491793095,0.0018581604211831415,-0.019200991018891167,0.013178537809852564,-2.1105605450603804,0.4800965056220008,-4.7012175957427615,-0.05419634561782516,-4.300092908021057,-2.177144626819455,1,0.2232311702042935,2.0543615676358993,-6.490148538275041,12.198134940078873,-2.239553613248532,2.4852688961531997,-10.646965533329775,1.0836743503472972,0,0.19178890326715578,-46.0,-60.0,14.0,-2.1105605450603804,-1.2692465489555786,0.4162374670188598,0.15850283106665242
1737954000,2025-01-27,32.57,33.03,32.31,32.53,2487754.0,0.0012296341838302638,0.015370427297878964,-0.006762988011066673,0.007432641684732122,-2.7236397171841418,0.11987437787810507,-5.567153812246389,-0.6045701403832311,-4.914437954708475,-2.7595040475458745,1,1.6134236814801568,2.2313010685103736,-4.1399460258544085,19.051811359549845,-2.588115253110331,2.4532109361429644,-11.084396736300372,1.0948342276874639,0,0.09751782533606741,50.0,40.0,10.0,-2.7236397171841418,-1.8074092050557482,-0.31188400288607454,0.18368349361985858
1738040400,2025-01-28,32.22,32.38,31.8,32.19,2045601.0,0.0009319664492077884,0.005902454178316363,-0.012115563839701693,-0.010451890562557797,-1.6511338925131724,1.2981157842962432,-4.600383569322602,0.5048151599875723,-3.8816402609506184,-1.688412550481516,1,-0.4502169505071265,0.9090909090909064,-3.114836824482999,13.339056167839502,-1.5078039131542766,2.464026922259571,-11.939527894066732,-0.9072570183188302,0,0.14817385008027467,46.0,39.99999999999999,6.000000000000007,-1.6511338925131724,-0.6969117995366645,0.7119896301492474,0.17085358714256138
1738126800,2025-01-29,32.26,32.38,31.87,32.11,1893232.0,0.004671441918405517,0.008408595453129886,-0.007474307069448738,-0.0024852438645541763,-1.3625038928682756,1.6495117046475514,-4.3745194903841025,0.7572926398837296,-3.568462576559753,-1.4055849683380046,1,-0.9360880188965339,0.8796732642161518,-2.494491891124131,8.094203253528761,-1.226802459488482,2.4071747701160358,-12.73357825484978,-0.8435758277280809,0,0.15401062086918524,42.0,40.0,2.0,-1.3625038928682756,-0.40669458515316137,0.9251460137216441,0.15107513998937494
1738213200,2025-01-30,32.41,32.74,32.09,32.49,1700839.0,-0.002462296091105154,0.007694675284702912,-0.01231148045552477,0.01183431952662728,-2.3314866112650208,0.7852197426043261,-5.448192965134368,-0.24161280393967388,-4.538319482917842,-2.389966143428751,1,1.4445181503464042,3.8350910834132406,-0.9650531235942342,12.749396563476203,-2.2088818081276997,2.35199174315072,-13.228314316028849,0.7579912046514351,0,0.17660576548988793,38.0,40.0,-2.0,-2.3314866112650208,-1.4218591793168684,-0.24525465661864132,0.1569900955909657
1738299600,2025-01-31,32.23,32.51,31.35,31.55,1871447.0,0.021553090332804947,0.030427892234548226,-0.006339144215530834,-0.028931979070483282,0.5958795562599022,3.788858107326874,-2.5970989948070837,2.9022715266772394,-1.753829899630233,0.5742208135234961,1,-4.136916786967767,0.34987277353689383,-2.1924802375330072,16.322368050467475,1.0424870934638335,2.5116838409657443,-13.423017467060408,-0.833215704787505,0,0.2361295415352126,34.0,40.0,-6.0,0.5958795562599022,1.3708733076989006,2.6199012672798005,0.09410197810568868
1738558800,2025-02-03,30.12,31.27,29.61,30.81,3473020.0,-0.022395326192794496,0.014930217461863071,-0.038948393378773094,-0.023454833597464364,2.986043492372616,6.341600727253223,-0.36951374250801905,5.408417180569103,0.3646002380179709,2.8865087092935227,1,-7.9201347574706205,-0.5166289958023899,-5.020814957181486,7.351080037727293,3.2442675473759834,2.838056121324478,-11.934432096466585,-1.5168307408328134,0,0.2038205299709325,30.0,40.0,-10.0,2.986043492372616,3.4431770827345787,4.885246300317078,0.003935181703415613
1738645200,2025-02-04,30.71,31.16,30.68,30.98,2466917.0,-0.008715300193673281,0.005810200129115595,-0.009683666881859287,0.005517689061993014,2.3902517753389105,5.803672238023722,-1.023168687345887,4.782117495158175,-0.12750161394448867,2.3273079406068433,1,-6.787360436642359,-0.6095604748155318,-6.761371952549898,7.62905258773602,2.556676380693233,2.7315471231995136,-10.55217425234375,1.07280954101498,0,0.19458879296530376,26.0,40.0,-14.0,2.3902517753389105,2.601680704082483,4.140690063877798,-0.04053756470825898
1738731600,2025-02-05,30.98,31.14,30.56,30.82,3604055.0,0.005191434133679396,0.010382868267358791,-0.008436080467229101,-0.005164622336991664,2.775794938351737,6.435691281688193,-0.8841014049847189,5.12600043261952,0.2525416396279354,2.6892710361237278,1,-7.608728348500037,-2.8373266078184067,-8.526004220651792,-0.6552709482552501,2.749524257186792,2.684025420407371,-9.171433652457663,-1.5375919977083574,0,0.17413970118763333,22.0,40.0,-18.0,2.775794938351737,2.835822897989914,4.497748044157618,-0.07500626672200753
1738818000,2025-02-06,31.51,32.61,29.65,29.9,5333737.0,0.05384615384615388,0.09063545150501673,-0.00836120401337792,-0.029850746268656803,5.602006688963229,10.15273897366744,1.05127440425899,8.559643255295441,2.7268673355629716,5.6432552954292134,1,-11.982487588687995,-6.298965841429024,-12.075230400920862,-4.395046933301984,5.475379234599373,3.2761147275213025,-9.89509836412147,-2.2041919466971507,-1,0.04420097745709662,18.0,-32.0,50.0,5.602006688963229,5.428573296074134,7.410590295315075,-0.14972819124864517
1738904400,2025-02-07,30.14,30.14,29.0,29.69,4101397.0,0.015156618390030241,0.015156618390030241,-0.02324014819804654,-0.007023411371237409,6.096328730212193,11.432376907372728,0.7602805530516576,9.123161558324938,3.1042999887728797,6.113730773548866,0,-12.902163627882196,-4.809233728759218,-15.324419798125078,-12.153903177639222,5.479758925598873,3.337886240166314,-9.95496473421939,-1.6616820086396344,0,0.059852030833059386,14.0,-36.0,50.0,6.096328730212193,5.586252368922857,7.849910408644973,-0.20011120691074508
1739163600,2025-02-10,29.98,30.08,28.95,29.01,3392923.0,0.0334367459496725,0.036883833160978874,-0.0020682523267839814,-0.022903334456045754,8.29196828679764,14.826339215531533,1.7575973580637339,11.481672986326558,5.190738825692293,8.336205906009411,0,-15.72805786583595,-5.504885993485335,-19.33375087612953,-19.465399377166946,7.196644285680648,3.450347053028493,-9.96480008056192,-1.3633530202816242,-1,-0.08112226912602398,10.0,-40.0,50.0,8.29196828679764,7.293479791587586,9.970955357923089,-0.2621361131599975
1739250000,2025-02-11,28.93,29.52,28.91,29.11,2418118.0,-0.006183442116111326,0.014084507042253502,-0.006870491240123622,0.0034470872113063766,7.554105118515977,14.925822058852106,0.18238817817982067,10.752318790793524,4.562006183442108,7.6571624871178585,0,-14.962047739477327,-6.818181818181815,-22.18377150372308,-18.938506414781273,6.307781107559165,3.3425660894848006,-9.935058105342732,0.9707241708984977,0,-0.0712207403629262,6.000000000000007,-39.99999999999999,46.0,7.554105118515977,6.265386017446417,9.216975051854774,-0.27783124380714297
1739336400,2025-02-12,28.87,28.87,28.33,28.57,2924640.0,0.010500525026251317,0.010500525026251317,-0.008400420021001165,-0.018550326348333868,9.072453622681124,17.653826345719565,0.49108089964271073,12.318282580795682,6.077470540193673,9.197876560494663,0,-17.138932941517638,-9.330371310695021,-25.510872458077888,-26.400376853112178,7.512681596457256,3.357486087413704,-9.359048886191223,-1.158218370069493,0,-0.12855259713278855,2.0,-48.0,50.0,9.072453622681124,7.485911549559859,10.838875993751259,-0.30387507521947765
